{"loss": [], "acc": [], "test_loss": [3.901083750152588, 3.5846616931915283, 3.3162942535400393, 2.98930514755249, 2.724841722869873, 2.687748544692993, 2.435807884597778, 2.329701324462891, 2.311177487182617, 2.253407143783569, 2.2762179832458496, 2.3016874425888063, 2.0496878471374513, 2.0259024845123292, 2.0858485008239747, 2.034193073272705, 2.093977484703064, 1.9470635149002076, 1.9118814504623414, 2.027684806442261, 2.0453894260406495, 1.9150305429458618, 1.885156616973877, 1.9065569370269775, 1.9168257831573485, 1.8692789073944092, 1.9331573402404785, 1.9676752161026, 2.0262823291778567, 1.8968603393554688, 1.7717824645996094, 2.1048068305969236, 1.924281575012207, 1.9632193775177003, 2.0454163648605346, 1.8492413906097411, 1.7356532794952393, 1.7616725090026855, 1.7980346099853515, 1.7671406141281127, 1.765277600479126, 1.8416173641204834, 1.6636805366516114, 1.774117304801941, 1.6680304370880128, 1.6559264770507813, 1.6139511056900024, 1.6158094139099122, 1.574256399154663, 1.723932513809204, 1.8010374980926513, 1.558932303237915, 1.6625226524353027, 1.62536641330719, 1.6857295795440674, 1.6355519189834595, 1.4938515930175782, 1.5945019062042236, 1.5824723241806031, 1.5602753005981445, 1.474251272392273, 1.441998913192749, 1.6809335311889648, 1.4609603706359864, 1.4260219223022461, 1.4108210781097412, 1.4280259784698486, 1.3963342512130736, 1.3945628713607787, 1.4059804758071899, 1.3557516506195069, 1.3955804857254028, 1.4166410652160644, 1.3332426836013793, 1.3316040513992309, 1.3614101526260376, 1.3294723823547363, 1.3389864643096925, 1.298039952850342, 1.3268204595565796, 1.3386993537902832, 1.2955518089294433, 1.3217980959892273, 1.314695230102539, 1.3194592239379883, 1.316801406097412, 1.3029476161956788, 1.3177955692291259, 1.3000831802368165, 1.2978442947387696, 1.308260111618042, 1.3077230346679687, 1.3054971685409547, 1.3086189735412597, 1.3071517417907714, 1.3078615695953368, 1.3047339561462403, 1.307815874862671, 1.3131149112701417, 1.3114826745986938], "test_acc": [8.679999351501465, 13.729999542236328, 18.81999969482422, 25.689998626708984, 29.189998626708984, 31.119998931884766, 36.16999816894531, 38.65999984741211, 39.04999923706055, 40.32999801635742, 40.09000015258789, 40.37999725341797, 43.96999740600586, 45.619998931884766, 43.62999725341797, 45.13999938964844, 43.75, 47.15999984741211, 48.86000061035156, 45.06999969482422, 45.65999984741211, 48.63999938964844, 48.36000061035156, 48.62999725341797, 48.16999816894531, 48.68000030517578, 48.2599983215332, 47.05999755859375, 46.28999710083008, 48.709999084472656, 50.96999740600586, 45.40999984741211, 48.61000061035156, 47.43000030517578, 47.84000015258789, 50.77000045776367, 52.779998779296875, 52.23999786376953, 50.849998474121094, 52.1099967956543, 51.90999984741211, 51.30999755859375, 54.80999755859375, 52.19999694824219, 54.54999923706055, 54.75, 55.369998931884766, 55.7599983215332, 56.869998931884766, 52.94999694824219, 52.209999084472656, 57.78999710083008, 55.29999923706055, 55.91999816894531, 54.2599983215332, 55.63999938964844, 58.69999694824219, 57.19999694824219, 56.81999969482422, 57.71999740600586, 60.019996643066406, 60.519996643066406, 55.63999938964844, 59.88999938964844, 61.72999954223633, 60.97999954223633, 61.19999694824219, 61.619998931884766, 61.709999084472656, 61.619998931884766, 62.769996643066406, 62.619998931884766, 62.19999694824219, 64.36000061035156, 64.48999786376953, 63.87999725341797, 65.19999694824219, 64.18999481201172, 66.26000213623047, 65.29000091552734, 65.01000213623047, 66.47000122070312, 65.63999938964844, 66.18000030517578, 66.20999908447266, 66.54999542236328, 66.75999450683594, 66.63999938964844, 66.83999633789062, 66.94999694824219, 66.8699951171875, 67.18999481201172, 67.50999450683594, 67.3499984741211, 67.33999633789062, 67.36000061035156, 67.2699966430664, 67.43999481201172, 67.16999816894531, 67.43000030517578], "wall_time": [73.24019455909729, 104.03511691093445, 125.44554090499878, 146.3146002292633, 168.06396865844727, 188.83966660499573, 210.40470671653748, 231.53231573104858, 252.7024474143982, 273.74344515800476, 294.02686166763306, 315.47265100479126, 336.3528492450714, 357.2308089733124, 378.4540512561798, 399.21701169013977, 420.7405939102173, 442.25797295570374, 463.64653611183167, 485.06666803359985, 505.4845690727234, 527.0341031551361, 548.2544553279877, 568.9478530883789, 590.3343253135681, 610.6025550365448, 632.0293533802032, 653.076858997345, 675.3181641101837, 696.8949060440063, 717.7353978157043, 739.0766367912292, 760.1037013530731, 781.402069568634, 802.7152187824249, 824.0512409210205, 844.8474736213684, 866.4654307365417, 888.0496084690094, 908.6109309196472, 929.9207656383514, 950.7414565086365, 972.0086598396301, 993.6638300418854, 1015.0428423881531, 1036.1183462142944, 1057.8715262413025, 1079.5318307876587, 1100.872294664383, 1122.0166728496552, 1143.6546692848206, 1165.5988874435425, 1186.576844215393, 1208.2664859294891, 1229.7283399105072, 1251.6190915107727, 1272.858507156372, 1294.1145458221436, 1314.9509935379028, 1337.3996255397797, 1358.2789018154144, 1380.1596276760101, 1402.4511241912842, 1423.311904668808, 1444.8253011703491, 1467.5665535926819, 1488.9709956645966, 1511.6291644573212, 1532.3361847400665, 1553.5765826702118, 1574.5457224845886, 1595.1505422592163, 1615.8329842090607, 1636.5451827049255, 1657.127123594284, 1677.8404445648193, 1698.780808210373, 1719.435182094574, 1740.3941481113434, 1760.8047935962677, 1781.4080655574799, 1802.6083416938782, 1823.6908802986145, 1845.149445772171, 1866.0146832466125, 1886.8383312225342, 1908.3327476978302, 1929.8796966075897, 1952.424295425415, 1974.658071756363, 1995.5985658168793, 2016.4846827983856, 2038.477816104889, 2058.8682131767273, 2079.4766640663147, 2100.594024181366, 2121.196175098419, 2142.770877122879, 2163.9945209026337, 2185.507797718048], "val_loss": [3.9148417572021486, 3.5977124801635743, 3.335754936981201, 3.0098692279815675, 2.7368254055023193, 2.733801154327393, 2.480438633346558, 2.350570349884033, 2.3610912063598635, 2.2927717895507813, 2.332373811340332, 2.337567011642456, 2.0913034744262697, 2.0401889263153077, 2.118713594055176, 2.052478927230835, 2.1095291919708252, 1.9945840789794922, 1.9553119300842285, 2.0408858448028564, 2.071295273590088, 1.9411483531951905, 1.9074099937438964, 1.902135817718506, 1.928715892791748, 1.91707262840271, 1.9449931674957275, 1.9672358289718628, 2.0459360538482665, 1.9158738397598267, 1.7984151817321776, 2.1115164443969725, 1.910303885269165, 1.9890224197387696, 2.0321683757781983, 1.8617048484802246, 1.7553139545440675, 1.7736808193206788, 1.8306822616577147, 1.7703927154541015, 1.7799912799835205, 1.863541972732544, 1.6630005332946778, 1.7870346321105957, 1.6821026943206787, 1.6616915199279785, 1.6351961925506593, 1.6287685131072998, 1.595076043701172, 1.747622478866577, 1.7993917764663696, 1.5822390365600585, 1.673370708847046, 1.650543090057373, 1.7300709754943848, 1.6270859272003173, 1.518597532081604, 1.6124112960815429, 1.5895051261901856, 1.554256394958496, 1.4738242950439453, 1.4469509658813478, 1.691488391494751, 1.4525453079223634, 1.4343081432342528, 1.4055274040222168, 1.43747688331604, 1.4032222259521485, 1.4130056625366212, 1.4345942405700685, 1.372479096031189, 1.3947879837036132, 1.4322972570419312, 1.336614342880249, 1.320271848487854, 1.3637465194702147, 1.3215221549987792, 1.3277283401489257, 1.3115484769821166, 1.310747460746765, 1.33426976852417, 1.2849433469772338, 1.3074438627243041, 1.2960747404098512, 1.2860592886924744, 1.305796711730957, 1.3040962327957153, 1.3092377939224242, 1.2937942552566528, 1.2949982448577881, 1.2978336780548096, 1.300620266342163, 1.2975408445358276, 1.3050200353622436, 1.3050035018920898, 1.3035242610931397, 1.2992513429641723, 1.30192761592865, 1.3011551418304443, 1.3005889612197876],