{"loss": [], "acc": [], "test_loss": [3.593445276260376, 3.3043779178619386, 2.897192200469971, 2.721808798599243, 2.635474282836914, 2.6019440952301025, 2.4063367626190186, 2.7053172309875486, 2.4391846996307374, 2.313938829040527, 2.299479713630676, 2.0712424615859986, 2.258976328277588, 2.5499914417266845, 2.0868971683502195, 2.0597075675964356, 2.2133444927215575, 2.2626783100128174, 2.141336061859131, 2.0319392667770386, 1.8573462606430053, 1.983406882095337, 1.9506373268127442, 2.0134739906311037, 2.0541861862182618, 2.017107347869873, 1.9314324325561523, 2.022216735839844, 2.2233017391204832, 2.13551499710083, 1.8354221500396728, 1.9507752086639405, 1.9422645336151123, 1.9079403312683105, 2.0657109355926515, 1.9874611064910888, 1.8136475656509399, 2.5095516584396362, 1.8730045761108398, 1.904784239768982, 1.7706082080841063, 1.6448841075897216, 1.7325811813354492, 1.7789674171447754, 1.7388984298706054, 1.7517389266967773, 1.7652877082824707, 1.7005567136764526, 1.7285001216888427, 1.666002912902832, 1.533218531036377, 1.7726970962524413, 1.6362125556945801, 1.6601138521194458, 1.6213625385284425, 1.7204527084350585, 1.5840377849578857, 1.656791485595703, 1.6913345909118653, 1.5711489702224732, 1.5974741550445557, 1.569041424369812, 1.6644984521865844, 1.564397687149048, 1.5724318027496338, 1.4856664419174195, 1.433378490447998, 1.5585856079101563, 1.4744752029418946, 1.4942418321609496, 1.51444372215271, 1.4612396907806398, 1.409286706161499, 1.4853822269439698, 1.4130781170845033, 1.407202896118164, 1.4485881065368653, 1.4203765607833863, 1.3759893703460693, 1.4043026134490966, 1.3739016901016234, 1.3777916528701781, 1.3775738548278809, 1.3698425004959107, 1.3573899782180787, 1.3667753915786742, 1.3588272533416748, 1.3457130310058594, 1.3627621368408203, 1.3580192041397094, 1.3540034603118896, 1.35068528175354, 1.3447280746459962, 1.3506552967071532, 1.3470659469604491, 1.3514084812164306, 1.3552032054901122, 1.3524739492416382, 1.3505351501464844, 1.349101605796814], "test_acc": [13.09999942779541, 19.40999984741211, 26.75, 30.549999237060547, 32.47999954223633, 33.43000030517578, 37.25, 32.23999786376953, 37.349998474121094, 39.57999801635742, 40.779998779296875, 44.959999084472656, 41.36000061035156, 37.81999969482422, 44.55999755859375, 44.959999084472656, 43.54999923706055, 41.59000015258789, 43.68000030517578, 45.89999771118164, 49.75, 47.46999740600586, 47.959999084472656, 47.18000030517578, 46.03999710083008, 46.37999725341797, 48.55999755859375, 46.439998626708984, 43.21999740600586, 44.52000045776367, 51.03999710083008, 48.66999816894531, 48.31999969482422, 49.439998626708984, 47.02000045776367, 49.03999710083008, 51.0, 39.40999984741211, 50.97999954223633, 49.709999084472656, 53.03999710083008, 55.21999740600586, 53.21999740600586, 52.439998626708984, 52.599998474121094, 53.79999923706055, 53.16999816894531, 54.05999755859375, 53.599998474121094, 55.04999923706055, 58.03999710083008, 53.02000045776367, 55.71999740600586, 55.56999969482422, 56.06999969482422, 54.709999084472656, 56.619998931884766, 55.98999786376953, 56.12999725341797, 58.28999710083008, 57.119998931884766, 58.19999694824219, 55.56999969482422, 58.64999771118164, 58.5, 60.19999694824219, 60.97999954223633, 59.0099983215332, 60.869998931884766, 60.279998779296875, 59.46999740600586, 61.43000030517578, 62.34000015258789, 61.029998779296875, 62.09000015258789, 62.709999084472656, 62.14999771118164, 62.71999740600586, 64.26000213623047, 64.08000183105469, 64.61000061035156, 64.76000213623047, 64.68999481201172, 64.95999908447266, 65.31999969482422, 65.38999938964844, 65.69999694824219, 65.72000122070312, 65.13999938964844, 65.2699966430664, 65.48999786376953, 65.58999633789062, 66.04000091552734, 66.01000213623047, 65.66999816894531, 65.95999908447266, 65.90999603271484, 66.0, 65.98999786376953, 65.87999725341797], "wall_time": [53.08824896812439, 73.76177382469177, 87.46590542793274, 101.48398923873901, 115.4490418434143, 129.07214212417603, 142.91898584365845, 156.66414856910706, 170.1285810470581, 184.00445771217346, 198.33136320114136, 211.70382380485535, 225.31050634384155, 238.7101309299469, 252.34121966362, 266.7461395263672, 280.1724212169647, 293.6006681919098, 307.15037202835083, 321.4450123310089, 335.07185435295105, 348.5227720737457, 362.2616865634918, 375.80292296409607, 389.44276309013367, 403.2172849178314, 416.7019109725952, 430.6809024810791, 445.9152648448944, 459.5163719654083, 474.0883455276489, 487.7726275920868, 501.68762826919556, 515.874044418335, 529.8326902389526, 543.8963687419891, 557.9196512699127, 571.8076982498169, 585.9716746807098, 599.9502167701721, 613.7195618152618, 627.7442345619202, 641.5761675834656, 655.3316879272461, 669.2825622558594, 683.1830790042877, 697.0919263362885, 711.1997740268707, 724.8600239753723, 738.6943047046661, 753.7151188850403, 767.5250000953674, 781.7223227024078, 795.5383884906769, 810.6257162094116, 824.8150322437286, 838.6013607978821, 852.4881076812744, 866.5035972595215, 880.3265328407288, 894.2588589191437, 908.1669149398804, 921.9617550373077, 936.6657016277313, 950.7321836948395, 964.4484722614288, 978.8407330513, 992.6843395233154, 1006.5377016067505, 1021.8683850765228, 1035.7079539299011, 1049.8283977508545, 1065.2844564914703, 1079.0005111694336, 1093.50217461586, 1108.4377722740173, 1122.3085944652557, 1136.4291067123413, 1150.237886428833, 1164.0939927101135, 1178.1387712955475, 1191.82830286026, 1205.8529813289642, 1219.8248038291931, 1233.6025710105896, 1247.810239315033, 1261.5697627067566, 1275.4652395248413, 1289.6207513809204, 1303.2818684577942, 1317.2507054805756, 1331.4248809814453, 1345.1232459545135, 1359.1669557094574, 1373.3436098098755, 1387.5462200641632, 1402.347987651825, 1416.2465901374817, 1430.1779808998108, 1444.139943599701], "val_loss": [3.6129063663482666, 3.34188305015564, 2.9144186599731445, 2.733188122177124, 2.658124494934082, 2.6415113231658935, 2.420379970932007, 2.724739806365967, 2.4662442569732668, 2.325663264846802, 2.3519627742767333, 2.117475914001465, 2.3067884426116945, 2.5882491306304933, 2.136313346862793, 2.0634392303466798, 2.256187584686279, 2.265131074142456, 2.1772322425842283, 2.0531154371261597, 1.881868567276001, 2.0109575019836425, 1.9786469385147094, 2.053506053543091, 2.078923234176636, 2.0407805980682374, 1.9362200775146485, 2.056008193969727, 2.2547961154937743, 2.16077654876709, 1.8380464485168457, 1.9746190437316895, 1.9531065731048585, 1.9752039974212647, 2.0843778297424316, 2.0197791843414308, 1.814337366104126, 2.539534309387207, 1.899147694015503, 1.936707578277588, 1.7820900718688966, 1.6812927333831786, 1.7652359577178955, 1.8020606285095215, 1.7827050521850587, 1.7699600730895997, 1.806182757949829, 1.7277623096466064, 1.7281744003295898, 1.6832401359558105, 1.546165839767456, 1.7711888568878174, 1.658244021987915, 1.6482279792785643, 1.6483566551208495, 1.7346942630767823, 1.5887639019012452, 1.673041407394409, 1.7145776008605957, 1.6172591453552245, 1.6288786933898927, 1.5820645683288574, 1.6675492450714111, 1.5664669353485108, 1.6054439266204834, 1.5053245456695556, 1.4546510448455812, 1.568695388031006, 1.484432381439209, 1.5021177045822143, 1.5290345447540283, 1.4556595087051392, 1.4133826930999756, 1.4739233177185058, 1.4217864013671875, 1.412000703048706, 1.4404490785598756, 1.4241119771957398, 1.357288310623169, 1.3901362316131591, 1.3692014881134034, 1.3973858627319335, 1.4022068752288819, 1.3809925951004027, 1.3639102716445923, 1.3790907495498657, 1.3563354892730712, 1.350148114013672, 1.3618663105010986, 1.3645658298492431, 1.3578335886001587, 1.355697707939148, 1.348714539527893, 1.352022700881958, 1.3501343816757203, 1.354100645828247, 1.3580673416137696, 1.3555311742782592, 1.3542942787170411, 1.351869083213806],