{"loss": [], "acc": [], "test_loss": [3.8158293075561525, 3.4909727642059325, 3.1807177799224853, 3.100912580490112, 2.9823180419921873, 2.8045056480407715, 2.6105027320861818, 2.6296000576019285, 2.5264568717956544, 2.719984629058838, 2.386173120880127, 2.3555174655914306, 2.2644264358520507, 2.328331848526001, 2.451897521209717, 2.193693978881836, 2.2940659978866575, 2.379452342224121, 2.356507912826538, 2.151561279296875, 2.160141849899292, 2.1486461936950683, 2.2191670852661134, 2.0298083366394044, 2.2531761127471923, 2.088783166885376, 2.2511114730834962, 2.105633599472046, 2.2270814262390135, 2.0653158702850343, 2.088609190750122, 2.0560299758911134, 1.9296792194366454, 2.0295036169052123, 1.8545420221328734, 1.9616948417663573, 1.7934673652648925, 1.8846751810073852, 1.8793301483154297, 1.9466588743209838, 1.9116260921478272, 2.0307447950363158, 1.952141163444519, 1.8930721736907958, 1.881655246925354, 1.845077359199524, 1.9344290315628052, 1.7638677257537843, 1.8122766771316527, 1.8209619552612304, 1.7016448986053467, 1.7508953449249267, 1.8710948486328125, 1.682408493423462, 1.7246355628967285, 1.7871442657470704, 1.6622148719787597, 1.8627822105407714, 1.8218154621124267, 1.6885320503234864, 1.6935886688232422, 1.619750888633728, 1.6141588691711426, 1.5581522296905517, 1.7283332387924195, 1.5957773561477662, 1.5756898111343385, 1.5148482646942139, 1.5561143253326417, 1.5478901762008668, 1.5296632736206055, 1.5750635875701904, 1.5494108779907227, 1.5591109350204468, 1.5039972038269043, 1.577158823776245, 1.5430111587524413, 1.4604258689880372, 1.4833856954574585, 1.4716159133911133, 1.4834819202423095, 1.4797034261703492, 1.4678624057769776, 1.4545891540527345, 1.4859461290359497, 1.4767726699829102, 1.4763930444717408, 1.458414807510376, 1.466326894569397, 1.4681737376213073, 1.4651209451675415, 1.4701148956298828, 1.4641903945922852, 1.4614730960845947, 1.4681620864868163, 1.4718287288665772, 1.469156155395508, 1.4731215417861938, 1.4705897785186768, 1.4693898429870607], "test_acc": [10.34999942779541, 15.960000038146973, 22.239999771118164, 23.09000015258789, 26.739999771118164, 29.0, 32.779998779296875, 32.91999816894531, 35.029998779296875, 32.88999938964844, 37.369998931884766, 39.20000076293945, 40.61000061035156, 39.30999755859375, 37.459999084472656, 42.30999755859375, 40.619998931884766, 39.5, 39.84000015258789, 44.32999801635742, 44.21999740600586, 43.65999984741211, 42.79999923706055, 45.88999938964844, 41.599998474121094, 45.44999694824219, 43.189998626708984, 46.029998779296875, 42.439998626708984, 45.62999725341797, 45.82999801635742, 46.68000030517578, 48.57999801635742, 47.15999984741211, 50.47999954223633, 47.90999984741211, 51.73999786376953, 49.369998931884766, 49.72999954223633, 49.869998931884766, 49.73999786376953, 47.43000030517578, 49.30999755859375, 50.04999923706055, 49.80999755859375, 51.21999740600586, 49.64999771118164, 52.34000015258789, 51.09000015258789, 52.279998779296875, 53.91999816894531, 53.28999710083008, 51.55999755859375, 54.79999923706055, 54.12999725341797, 52.37999725341797, 56.189998626708984, 52.5099983215332, 52.48999786376953, 56.15999984741211, 54.709999084472656, 56.56999969482422, 56.87999725341797, 58.269996643066406, 55.65999984741211, 57.25, 58.28999710083008, 59.56999969482422, 59.19999694824219, 58.71999740600586, 59.31999969482422, 58.939998626708984, 59.349998474121094, 59.57999801635742, 60.87999725341797, 59.37999725341797, 60.44999694824219, 62.25, 62.03999710083008, 62.19999694824219, 62.279998779296875, 62.44999694824219, 62.619998931884766, 63.09000015258789, 62.57999801635742, 63.209999084472656, 63.19999694824219, 63.529998779296875, 63.849998474121094, 64.0, 64.0, 63.57999801635742, 63.88999938964844, 64.11000061035156, 64.22000122070312, 63.87999725341797, 64.05999755859375, 64.11000061035156, 64.08000183105469, 63.959999084472656], "wall_time": [67.07747673988342, 89.70496916770935, 108.7552375793457, 126.03001523017883, 143.04859328269958, 160.04300022125244, 177.33868598937988, 194.60464453697205, 211.6540424823761, 228.80264735221863, 246.77944946289062, 264.27880358695984, 282.7865514755249, 300.78952503204346, 318.1397020816803, 335.5613169670105, 353.02303647994995, 370.2239439487457, 387.4541940689087, 404.9259853363037, 422.68075013160706, 439.84738087654114, 457.28877115249634, 474.7172200679779, 493.4904866218567, 512.0031733512878, 529.1572878360748, 546.610743522644, 564.1261868476868, 582.9608001708984, 600.359897851944, 618.5488290786743, 637.1475775241852, 654.5139713287354, 671.9916279315948, 690.329920053482, 707.3780071735382, 724.6708807945251, 742.0144708156586, 759.3532311916351, 776.5475447177887, 795.0676097869873, 813.9710609912872, 831.5272278785706, 848.5650038719177, 866.7278418540955, 884.6308441162109, 902.1536631584167, 919.6297972202301, 936.7649540901184, 954.2340483665466, 971.7022886276245, 989.142030954361, 1006.9740662574768, 1023.9847674369812, 1041.3318343162537, 1058.7717232704163, 1075.9324638843536, 1092.9933171272278, 1111.5947206020355, 1130.4763746261597, 1147.947734594345, 1165.9995341300964, 1183.154352903366, 1200.5370247364044, 1218.1245665550232, 1236.5139920711517, 1253.5768852233887, 1270.7417497634888, 1288.611498594284, 1305.7063221931458, 1322.6484167575836, 1339.4535608291626, 1357.8458933830261, 1374.9152722358704, 1391.5459666252136, 1408.2432644367218, 1425.4449880123138, 1443.3838648796082, 1461.4427025318146, 1478.21129322052, 1495.8297877311707, 1513.089516878128, 1530.3786265850067, 1547.5264291763306, 1564.4943413734436, 1581.8126311302185, 1600.5236201286316, 1617.5370483398438, 1634.6051170825958, 1651.9278662204742, 1669.2469537258148, 1686.4741241931915, 1703.744280576706, 1721.9073786735535, 1740.8455274105072, 1758.8901753425598, 1776.2482767105103, 1793.2824943065643, 1810.810394525528], "val_loss": [3.8384866138458253, 3.511274346923828, 3.2037008853912354, 3.105370846557617, 2.9945112815856936, 2.8262587242126465, 2.65437431678772, 2.6455883884429934, 2.5443483810424805, 2.7403710510253907, 2.4109239585876465, 2.3699394527435302, 2.2638139953613283, 2.3405840797424315, 2.490663916015625, 2.217796969604492, 2.332275246429443, 2.4218683731079103, 2.3733890171051026, 2.1963637825012206, 2.1973909290313722, 2.2049515533447264, 2.2402578193664553, 2.067646869659424, 2.257536109542847, 2.101066767883301, 2.2450634113311767, 2.113833539581299, 2.242825619888306, 2.118097194290161, 2.14344951171875, 2.047473645019531, 1.9550709907531738, 2.064770217132568, 1.8593073078155518, 1.9739885345458985, 1.8068238098144531, 1.9013685508728027, 1.8928267375946044, 1.9946546863555907, 1.9155708030700684, 2.025546230697632, 1.9776952077865602, 1.8951780181884765, 1.9351766773223877, 1.881822615814209, 1.968689094734192, 1.774282015991211, 1.8229064880371093, 1.8171349411010742, 1.7405728826522826, 1.764745178604126, 1.890977995300293, 1.6921382125854492, 1.7231260219573974, 1.8212157918930054, 1.691315320968628, 1.8867032196044922, 1.8859360050201417, 1.7093578523635864, 1.7314577209472657, 1.640885492324829, 1.6409989177703856, 1.5799652061462401, 1.7539300329208374, 1.608593452835083, 1.5917463399887084, 1.535293600654602, 1.5771191942214966, 1.565777582168579, 1.5585953742980958, 1.605878813934326, 1.5628182544708251, 1.5794862836837769, 1.5169259616851807, 1.6203684949874877, 1.5598416667938233, 1.472136198425293, 1.5277924995422363, 1.4989537475585937, 1.5094011199951172, 1.4886806291580201, 1.499899034500122, 1.4861781064987183, 1.5118772888183594, 1.4803799506187438, 1.4797660474777221, 1.4719040027618409, 1.4789204458236693, 1.4813531566619873, 1.4830883923530578, 1.4819839844703675, 1.475543335723877, 1.4757897026062012, 1.4797838157653809, 1.4814595067977905, 1.4803666625976561, 1.4843509048461914, 1.484382950782776, 1.4811336688041687],