{"loss": [], "acc": [], "test_loss": [4.009606524658203, 3.609993475341797, 3.325558596801758, 3.1226162883758546, 3.0178240768432616, 2.748448087692261, 2.6910857543945315, 2.575196862030029, 2.5495452053070067, 2.400056867980957, 2.5798575328826905, 2.2613293647766115, 2.5927072322845457, 2.2914226417541506, 2.285604095840454, 2.308322596359253, 2.232762161254883, 2.3899068954467775, 2.2554343128204346, 2.43129870223999, 2.052760218811035, 2.199084961128235, 2.134880347442627, 2.069488217163086, 2.0834396575927734, 2.2898091588974, 2.1245272596359253, 1.9454054035186767, 2.2435463897705077, 1.928954557800293, 1.9049205505371094, 2.3189568786621093, 2.080703994560242, 1.9955247131347655, 2.0291189937591554, 1.9785995639801026, 2.0413719818115235, 1.854203630065918, 1.8446770183563233, 1.9759680770874024, 1.8054185035705566, 1.9245393398284911, 1.82511223487854, 1.8776562404632569, 1.8801320024490356, 1.7940498264312743, 2.1950652481079103, 1.8661931678771972, 1.7150917253494262, 1.8693012855529785, 1.8348981088638305, 1.8290375007629394, 1.734295820236206, 1.6342157188415527, 1.7323005689620972, 1.6882448322296142, 1.6729053554534912, 1.6159361141204833, 1.615216572189331, 1.5492754497528076, 1.6602689987182617, 1.5474270175933837, 1.638073567199707, 1.5603151197433471, 1.5110445793151857, 1.534687519454956, 1.5881112331390381, 1.5690234655380249, 1.5089395503997802, 1.4847376178741456, 1.4761796180725097, 1.4410942066192627, 1.4726528274536133, 1.5539566410064698, 1.4185674785614013, 1.429549658203125, 1.419169841003418, 1.4309939191818237, 1.4846014894485473, 1.3970454013824463, 1.423925874710083, 1.3905106960296632, 1.3838553089141845, 1.3671920547485352, 1.3550783602714538, 1.3906890947341919, 1.3776249376296996, 1.3548598403930665, 1.357858549118042, 1.3615773288726807, 1.363928515625, 1.3581030307769775, 1.3654330101013183, 1.354691536140442, 1.3547396091461181, 1.3556709461212157, 1.3545184755325317, 1.36030396194458, 1.355118575668335, 1.3531811981201172], "test_acc": [6.839999675750732, 12.929999351501465, 18.439998626708984, 22.760000228881836, 24.68000030517578, 30.01999855041504, 31.51999855041504, 33.709999084472656, 34.540000915527344, 37.64999771118164, 33.70000076293945, 40.63999938964844, 34.70000076293945, 39.209999084472656, 40.65999984741211, 40.55999755859375, 41.869998931884766, 38.13999938964844, 41.779998779296875, 39.869998931884766, 44.71999740600586, 43.099998474121094, 43.529998779296875, 44.599998474121094, 44.7599983215332, 39.98999786376953, 43.96999740600586, 47.189998626708984, 41.709999084472656, 48.48999786376953, 48.82999801635742, 41.939998626708984, 44.599998474121094, 46.87999725341797, 46.53999710083008, 48.09000015258789, 46.619998931884766, 50.07999801635742, 50.39999771118164, 47.47999954223633, 50.779998779296875, 48.02000045776367, 51.09000015258789, 49.87999725341797, 49.52000045776367, 51.29999923706055, 44.12999725341797, 50.78999710083008, 52.93000030517578, 51.3599967956543, 50.849998474121094, 51.32999801635742, 53.46999740600586, 55.63999938964844, 53.02000045776367, 54.619998931884766, 54.15999984741211, 55.88999938964844, 56.64999771118164, 57.46999740600586, 55.75, 57.2599983215332, 55.82999801635742, 58.06999969482422, 58.90999984741211, 58.73999786376953, 57.19999694824219, 57.93000030517578, 59.029998779296875, 59.62999725341797, 60.19999694824219, 61.5099983215332, 60.57999801635742, 59.029998779296875, 61.34000015258789, 62.019996643066406, 62.2599983215332, 62.269996643066406, 61.34000015258789, 63.439998626708984, 62.97999954223633, 64.04000091552734, 63.94999694824219, 64.5, 64.9000015258789, 64.75, 64.90999603271484, 65.44999694824219, 65.55999755859375, 65.54000091552734, 65.54999542236328, 65.75, 65.62999725341797, 65.5999984741211, 65.95999908447266, 65.93000030517578, 65.8499984741211, 65.79999542236328, 65.91999816894531, 65.9000015258789], "wall_time": [77.67436623573303, 107.66993641853333, 126.9425151348114, 146.2346751689911, 165.50367045402527, 184.84446096420288, 204.18802857398987, 224.08162260055542, 243.53845930099487, 263.49261379241943, 283.61924481391907, 303.4729833602905, 323.66685032844543, 344.08165192604065, 364.06941533088684, 385.52595114707947, 405.1528248786926, 425.1192650794983, 446.3962650299072, 466.6422402858734, 487.80443358421326, 507.7771224975586, 527.4582333564758, 547.2358863353729, 566.9643354415894, 586.4987149238586, 606.8763554096222, 626.7647104263306, 646.6093096733093, 666.4367163181305, 686.6474375724792, 706.3866112232208, 725.910884141922, 745.3600833415985, 764.796222448349, 784.6827867031097, 805.805764913559, 825.8886704444885, 845.4238653182983, 865.4133005142212, 885.1031224727631, 904.3548893928528, 924.1354179382324, 943.8087503910065, 963.2718186378479, 982.6971900463104, 1003.6063642501831, 1022.702086687088, 1042.067911863327, 1062.9039652347565, 1082.075632095337, 1102.725787639618, 1123.0935912132263, 1142.882871389389, 1162.2352204322815, 1181.4841446876526, 1200.8420174121857, 1220.2913579940796, 1239.7695288658142, 1259.0760617256165, 1279.5283560752869, 1298.7596864700317, 1319.8583574295044, 1339.2533400058746, 1358.6650640964508, 1378.0412955284119, 1397.586121082306, 1416.9610981941223, 1436.2414243221283, 1455.2638339996338, 1475.8508622646332, 1495.2467765808105, 1514.9497601985931, 1536.2305855751038, 1556.6849358081818, 1578.0610845088959, 1599.2145438194275, 1619.262124300003, 1638.8110296726227, 1658.7625653743744, 1678.6883208751678, 1699.1934158802032, 1719.1294412612915, 1739.7724068164825, 1759.3402552604675, 1780.3239850997925, 1800.231558084488, 1821.4596238136292, 1843.1176335811615, 1864.5773169994354, 1884.7687764167786, 1904.4653203487396, 1924.4138927459717, 1943.982500553131, 1963.5434448719025, 1983.3756680488586, 2003.2110011577606, 2023.0808837413788, 2042.9151318073273, 2062.988201856613], "val_loss": [4.019919751739502, 3.6194917869567873, 3.3590815326690673, 3.176692268753052, 3.0396520946502688, 2.7570967094421386, 2.715224083328247, 2.616323776626587, 2.5620763427734374, 2.4245307399749754, 2.569726327896118, 2.286669306564331, 2.6367158958435057, 2.308533695220947, 2.3033268215179445, 2.317353841781616, 2.2780035217285155, 2.4300316265106203, 2.287707761001587, 2.4564026638031007, 2.061678154563904, 2.225973692703247, 2.1335885734558104, 2.0678606742858885, 2.079876770782471, 2.317787322616577, 2.1283764293670653, 2.0013630584716795, 2.255820757293701, 1.9884117992401122, 1.936917802619934, 2.3646185821533203, 2.1393200912475585, 2.0383551959991455, 2.062577802658081, 1.9971322814941406, 2.0435032958984376, 1.8471543103218078, 1.8617615577697755, 1.9782555830001831, 1.8095976682662964, 1.9303960609436035, 1.8329358444213868, 1.914345333480835, 1.8972522277832031, 1.8063056175231933, 2.224927368927002, 1.8826113195419312, 1.716800070953369, 1.8895143028259278, 1.836237141418457, 1.8394058116912841, 1.7588971309661865, 1.6445456424713134, 1.7421614994049073, 1.6830285404205323, 1.6880178693771362, 1.6185565586090087, 1.6207386484146118, 1.5376173320770263, 1.6490206254959106, 1.5340953762054443, 1.6507255187988281, 1.5262242286682128, 1.4881932207107544, 1.518977544593811, 1.5800765686035156, 1.5620064308166504, 1.5111776960372925, 1.4959793342590333, 1.4740591321945191, 1.4564781169891357, 1.4652544864654542, 1.5256387630462647, 1.4110329223632812, 1.419140195465088, 1.397170044708252, 1.4126932918548585, 1.4688938957214355, 1.4035824507713317, 1.4059137218475342, 1.379761057472229, 1.3752145942687988, 1.3532735117912293, 1.3395362044334411, 1.3845680037498473, 1.3563516778945923, 1.3575723265647888, 1.3585241587638854, 1.3686270975112915, 1.3604155327796936, 1.35508862285614, 1.3525689445495606, 1.3495755434036254, 1.3596929850578308, 1.3534035514831544, 1.3536624605178833, 1.3583714522361756, 1.354924042034149, 1.3522574068069457],