{"loss": [], "acc": [], "test_loss": [3.7464394386291504, 3.315905264663696, 3.3051225944519045, 2.828468817138672, 2.6928468158721923, 2.696589916229248, 2.390780792236328, 2.5960836429595946, 2.314669839477539, 2.4060805572509767, 2.3494062397003175, 2.1919637880325316, 2.1977365543365477, 2.279866935348511, 2.134413035583496, 2.174167769241333, 2.145997122001648, 2.0421303100585937, 2.028237865447998, 2.062065713119507, 2.223749980735779, 1.9788567827224732, 2.0044760601043703, 2.3051396980285643, 2.121504744720459, 2.054168141555786, 2.1151218437194825, 1.9493812797546386, 2.135942922782898, 1.9709074531555175, 1.9762076564788817, 1.9108940593719483, 1.8703143463134766, 1.844567467880249, 1.8695399864196778, 2.1709204963684083, 1.888638875389099, 1.7842427539825438, 1.993215714263916, 1.940280881690979, 1.7782159660339356, 1.7968807819366455, 1.9220391368865968, 1.70937381401062, 1.619745531463623, 1.801657063293457, 1.7802836051940918, 1.7136861583709717, 1.7519419935226441, 1.7137164138793946, 1.6956452068328858, 1.775608190536499, 1.6516680160522461, 1.620221146774292, 1.6423292510986327, 1.6182825553894042, 1.624521626663208, 1.6985992137908936, 1.5204216121673584, 1.5401944107055665, 1.9346601505279541, 1.5778006519317627, 1.5825545654296875, 1.532019174003601, 1.5797013019561768, 1.490094122314453, 1.4396910160064698, 1.4563918926239015, 1.4348139715194703, 1.4295638927459717, 1.444779648590088, 1.4452741033554077, 1.4234733779907227, 1.3818630840301513, 1.3762957982063293, 1.3879844095230103, 1.3833991429328918, 1.3555681169509888, 1.3430171409606935, 1.339825672340393, 1.3191701736450194, 1.3252073036193848, 1.326908073425293, 1.3317426509857178, 1.3211334126472474, 1.3191625661849975, 1.3092223682403565, 1.3077577518463135, 1.3152565670013427, 1.3043682540893555, 1.317013560295105, 1.3148757335662842, 1.3151525985717774, 1.3103813667297364, 1.309609390068054, 1.3031499681472778, 1.3075061447143554, 1.3097390213012696, 1.3056282594680786, 1.3074958229064941], "test_acc": [11.420000076293945, 18.469999313354492, 20.869998931884766, 27.979999542236328, 31.349998474121094, 32.209999084472656, 37.07999801635742, 33.40999984741211, 39.05999755859375, 37.13999938964844, 38.790000915527344, 41.79999923706055, 41.72999954223633, 40.02000045776367, 43.41999816894531, 43.099998474121094, 43.93000030517578, 45.48999786376953, 46.0099983215332, 45.02000045776367, 42.07999801635742, 46.40999984741211, 46.79999923706055, 41.63999938964844, 44.09000015258789, 46.18000030517578, 45.189998626708984, 47.81999969482422, 44.099998474121094, 48.029998779296875, 48.189998626708984, 49.0099983215332, 49.63999938964844, 49.79999923706055, 49.21999740600586, 43.71999740600586, 48.68000030517578, 51.05999755859375, 47.599998474121094, 47.529998779296875, 51.63999938964844, 51.57999801635742, 48.959999084472656, 53.69999694824219, 56.0, 51.19999694824219, 52.29999923706055, 53.52000045776367, 52.57999801635742, 53.98999786376953, 53.63999938964844, 52.40999984741211, 54.68000030517578, 56.279998779296875, 54.91999816894531, 55.84000015258789, 56.53999710083008, 54.689998626708984, 58.189998626708984, 58.06999969482422, 50.54999923706055, 57.599998474121094, 56.91999816894531, 58.5099983215332, 56.97999954223633, 59.2599983215332, 60.64999771118164, 60.439998626708984, 61.07999801635742, 61.25, 60.98999786376953, 60.8599967956543, 61.2599983215332, 62.41999816894531, 62.6099967956543, 62.40999984741211, 63.16999816894531, 63.30999755859375, 63.37999725341797, 63.98999786376953, 64.12999725341797, 64.5199966430664, 64.9000015258789, 65.18999481201172, 65.52999877929688, 65.5199966430664, 65.98999786376953, 66.1199951171875, 65.97000122070312, 66.1199951171875, 65.72000122070312, 66.15999603271484, 66.0999984741211, 66.37999725341797, 66.44999694824219, 66.50999450683594, 66.29999542236328, 66.3699951171875, 66.3699951171875, 66.22999572753906], "wall_time": [17.37558627128601, 33.28804135322571, 49.150081634521484, 64.95698523521423, 80.74293780326843, 96.48192763328552, 112.27841997146606, 128.05601811408997, 143.8684904575348, 159.67772221565247, 175.4027624130249, 191.11867666244507, 206.85514378547668, 222.6735441684723, 238.52238702774048, 254.3406858444214, 270.1459150314331, 285.9305696487427, 301.7324209213257, 317.74977231025696, 333.5072658061981, 349.31813406944275, 365.1251366138458, 380.9041452407837, 396.68617606163025, 412.4403738975525, 428.22979187965393, 444.081827878952, 459.90854358673096, 475.66215205192566, 491.42845153808594, 507.25526094436646, 523.107626914978, 538.9643287658691, 554.8073434829712, 570.5483448505402, 586.2638902664185, 602.121372461319, 617.9596371650696, 633.8256361484528, 649.5997574329376, 665.3935995101929, 681.161211013794, 697.0704064369202, 712.9354465007782, 728.7317209243774, 744.5683982372284, 760.4031853675842, 776.23033618927, 792.0501177310944, 807.9006760120392, 823.7264726161957, 839.6142280101776, 855.4298810958862, 871.1716620922089, 886.9180731773376, 902.7207415103912, 918.5524342060089, 934.4141728878021, 950.1934442520142, 965.9040341377258, 981.6950607299805, 997.4799163341522, 1013.3715274333954, 1029.2083337306976, 1045.004597902298, 1060.7640981674194, 1076.5554122924805, 1092.3662445545197, 1108.1673836708069, 1123.9204316139221, 1139.7152180671692, 1155.5037002563477, 1171.277582168579, 1187.069808959961, 1202.8420715332031, 1218.6425170898438, 1234.4386098384857, 1250.2268035411835, 1265.9970355033875, 1281.7101514339447, 1297.514727115631, 1313.4056832790375, 1329.2197270393372, 1344.9932987689972, 1360.6862890720367, 1376.4399156570435, 1392.2947146892548, 1408.1353199481964, 1423.938716173172, 1439.6743533611298, 1455.4087402820587, 1471.2292878627777, 1487.0471818447113, 1502.852313041687, 1518.6319782733917, 1534.47496175766, 1550.2479507923126, 1566.0514249801636, 1581.8241333961487], "val_loss": [3.7659467266082762, 3.3452232551574705, 3.31843113861084, 2.849064418411255, 2.7110218578338623, 2.7243200416564943, 2.426072188949585, 2.6131148445129395, 2.3235115758895875, 2.4252110305786134, 2.3572112968444823, 2.182526871681213, 2.1913520168304443, 2.3131094985961913, 2.146188285064697, 2.181932516860962, 2.1642179336547853, 2.0608877426147463, 2.033185050582886, 2.052025375366211, 2.2049352088928225, 1.9901962184906006, 2.000269019699097, 2.3320574565887453, 2.148585649108887, 2.0548568256378172, 2.106129864883423, 1.9760025230407714, 2.1566527919769287, 1.9862119678497314, 2.009689855194092, 1.9309261463165284, 1.895445986175537, 1.8298523931503297, 1.9143254425048828, 2.216365086364746, 1.9208431350708008, 1.8192943130493164, 2.0134402267456055, 1.9388812326431275, 1.77750403175354, 1.8286783023834228, 1.9619021606445313, 1.727542214202881, 1.6571565139770508, 1.820646506881714, 1.7949594562530518, 1.7305593740463256, 1.782124778366089, 1.7255974323272705, 1.7405044620513916, 1.7979156730651855, 1.696015001296997, 1.628804439163208, 1.6739039085388183, 1.6182996398925782, 1.6146581680297851, 1.7131334579467774, 1.5372602298736573, 1.5548104063034058, 1.9470538551330567, 1.6041576446533203, 1.6107017475128174, 1.556547498512268, 1.5844068981170654, 1.5323659255981446, 1.460225869369507, 1.4791483976364135, 1.450020401763916, 1.4416139986038208, 1.4615414470672607, 1.448333401298523, 1.4386645626068115, 1.3998725128173828, 1.3990350028991698, 1.3837328050613404, 1.398161831855774, 1.3681201263427734, 1.3544130142211914, 1.3514912036895752, 1.3443795053482055, 1.3261233993530273, 1.3336753116607667, 1.3364982444763183, 1.3334348606109618, 1.32592219581604, 1.3176224998474122, 1.3223108894348146, 1.324618627166748, 1.3102759197235108, 1.3207248538970948, 1.317513779258728, 1.3122405202865601, 1.3135312004089355, 1.3095604057312011, 1.309023307800293, 1.308195662689209, 1.31185087890625, 1.3096285778045653, 1.3087461126327515],