{"loss": [], "acc": [], "test_loss": [3.8381701038360596, 3.643507448196411, 3.2390233402252195, 3.2868481239318847, 2.8912182933807373, 2.4957694534301758, 2.4553995555877686, 2.4661849132537843, 2.549681628417969, 2.803317325210571, 2.4467866958618165, 2.657079742050171, 2.380793381500244, 2.255140287399292, 2.2004766288757325, 2.2704186378479005, 2.048921142959595, 2.071610835647583, 1.9868675041198731, 2.3606898204803466, 2.1256486473083496, 2.2177614250183106, 2.0600155082702636, 2.167448265838623, 2.1583389148712158, 1.8901415044784546, 2.1028141052246094, 2.057574556732178, 2.2102440856933594, 1.9214645048141479, 3.6893446311950684, 2.47111729888916, 1.898756742477417, 1.8271133205413819, 1.9093862392425538, 1.851675075340271, 1.7661390739440919, 2.60809887008667, 1.9164437074661256, 1.798147188949585, 1.7873770259857178, 1.73170495967865, 1.795765380859375, 1.805082820892334, 1.748019571685791, 1.7831150352478027, 1.882385192489624, 1.706539859199524, 1.771553821182251, 1.7047221389770508, 2.0263505989074706, 1.9703046390533447, 1.611838809967041, 1.813264204788208, 1.65006196269989, 1.5756751388549806, 1.594324908065796, 1.574902297973633, 1.807162663269043, 1.5461481544494629, 1.6705759439468384, 1.9401983856201173, 1.5027120628356934, 1.5763306636810304, 1.5006545360565187, 1.5529097019195557, 1.6406066261291503, 1.952787904548645, 1.4663085176467896, 1.5389254482269288, 1.4982323249816893, 1.401090544128418, 1.3901290336608887, 1.385287366104126, 1.359512822151184, 1.38960916595459, 1.3721681886672974, 1.3440589303970336, 1.336593798828125, 1.3594369270324707, 1.362363646697998, 1.3129401489257813, 1.315908589553833, 1.3025191053390504, 1.3163943765640258, 1.2818182479858398, 1.2860118549346924, 1.2742241222381592, 1.279944246864319, 1.280329543876648, 1.264882848739624, 1.267436024093628, 1.2608164737701415, 1.255324084854126, 1.2540785190582275, 1.2630259010314941, 1.2606517671585082, 1.2598658805847167, 1.262393043899536, 1.2576743509292603], "test_acc": [9.789999961853027, 14.130000114440918, 20.389999389648438, 22.19999885559082, 26.69999885559082, 34.45000076293945, 35.37999725341797, 36.119998931884766, 35.21999740600586, 31.729999542236328, 37.88999938964844, 35.91999816894531, 39.040000915527344, 39.84000015258789, 41.75, 41.099998474121094, 45.31999969482422, 45.02000045776367, 46.64999771118164, 40.59000015258789, 43.47999954223633, 43.65999984741211, 46.19999694824219, 44.04999923706055, 43.91999816894531, 48.91999816894531, 45.86000061035156, 45.209999084472656, 43.369998931884766, 49.02000045776367, 25.369998931884766, 38.04999923706055, 49.57999801635742, 50.55999755859375, 49.79999923706055, 50.099998474121094, 51.59000015258789, 38.02000045776367, 48.71999740600586, 52.03999710083008, 51.88999938964844, 52.599998474121094, 51.279998779296875, 51.68000030517578, 53.05999755859375, 52.0, 51.099998474121094, 53.6099967956543, 52.65999984741211, 54.709999084472656, 46.88999938964844, 48.62999725341797, 55.96999740600586, 52.47999954223633, 54.91999816894531, 57.12999725341797, 56.25, 56.29999923706055, 51.96999740600586, 58.31999969482422, 54.849998474121094, 50.88999938964844, 59.88999938964844, 57.72999954223633, 58.75, 58.099998474121094, 56.349998474121094, 50.56999969482422, 60.34000015258789, 58.80999755859375, 58.97999954223633, 62.099998474121094, 62.5099983215332, 62.88999938964844, 63.05999755859375, 62.769996643066406, 62.519996643066406, 63.5, 63.65999984741211, 63.62999725341797, 63.0099983215332, 64.36000061035156, 64.77999877929688, 64.79999542236328, 64.90999603271484, 65.27999877929688, 65.54000091552734, 65.93999481201172, 65.87999725341797, 66.29000091552734, 66.43999481201172, 66.30999755859375, 66.6199951171875, 66.72999572753906, 66.80999755859375, 66.58999633789062, 66.68999481201172, 66.83000183105469, 66.8499984741211, 66.7699966430664], "wall_time": [18.56047224998474, 35.63438558578491, 52.643606424331665, 69.65526103973389, 86.6130063533783, 103.63068318367004, 120.69427680969238, 137.73157334327698, 154.70655155181885, 171.66944980621338, 188.67251443862915, 205.6463484764099, 222.63565754890442, 239.63720655441284, 256.6426930427551, 273.6157479286194, 290.57986402511597, 307.54988980293274, 324.518522977829, 341.5528361797333, 358.5718138217926, 375.5633280277252, 392.5450794696808, 409.52619767189026, 426.46556186676025, 443.38107085227966, 460.3660726547241, 477.38387084007263, 494.37881207466125, 511.389452457428, 528.4038321971893, 545.363941192627, 562.3671398162842, 579.3529391288757, 596.3402383327484, 613.3033127784729, 630.2544360160828, 647.2354538440704, 664.1453018188477, 681.0577335357666, 698.0131742954254, 714.9823868274689, 731.9796597957611, 748.9675302505493, 765.9503140449524, 782.9449536800385, 800.4466373920441, 817.796656370163, 835.1790781021118, 852.4971475601196, 869.8258545398712, 887.1915621757507, 904.5635528564453, 921.9575700759888, 939.3132944107056, 956.717054605484, 974.123286485672, 991.5493381023407, 1008.9347705841064, 1026.3270139694214, 1043.7272584438324, 1061.1504991054535, 1078.5172312259674, 1095.8859748840332, 1113.266391992569, 1130.6233608722687, 1148.163446187973, 1165.5849559307098, 1183.0022020339966, 1200.4265575408936, 1217.869616508484, 1235.2876925468445, 1252.6915171146393, 1270.0790359973907, 1287.5630359649658, 1304.9920649528503, 1322.4500334262848, 1339.747257232666, 1357.0105106830597, 1374.2695362567902, 1391.4931225776672, 1408.7444140911102, 1425.9611039161682, 1443.8552105426788, 1461.618622303009, 1479.4252235889435, 1497.1346626281738, 1514.9090149402618, 1532.6844923496246, 1550.424510717392, 1568.271277666092, 1586.0191938877106, 1603.8618867397308, 1621.7637729644775, 1639.5352230072021, 1657.2648468017578, 1675.0283074378967, 1692.7733509540558, 1710.579247713089, 1728.3164627552032], "val_loss": [3.8517519184112547, 3.659082614517212, 3.268390383911133, 3.312383765029907, 2.9459273880004884, 2.5318407997131347, 2.491163823699951, 2.4954665287017823, 2.5924834228515623, 2.8290639587402344, 2.413599582672119, 2.6532328315734865, 2.3717852108001707, 2.276299708557129, 2.2356277919769285, 2.297984755706787, 2.086715320587158, 2.1088983028411867, 2.0137263875961304, 2.3364198528289797, 2.1482854221343994, 2.2567426208496095, 2.059167467498779, 2.1950649379730223, 2.179975762939453, 1.9189657947540284, 2.133558795928955, 2.079434008026123, 2.2354439029693602, 1.9190968196868896, 3.6893286270141603, 2.5039535205841066, 1.9431140327453613, 1.8446689361572266, 1.9247018592834473, 1.8677653068542481, 1.7877471725463867, 2.6029928649902345, 1.9384679740905761, 1.81457626953125, 1.819210171699524, 1.745894249534607, 1.8216436645507812, 1.8486339012145996, 1.7619574264526368, 1.7841412071228027, 1.8674288661956786, 1.7368910484313964, 1.7704001682281494, 1.6992438995361328, 2.02972379322052, 1.991578363609314, 1.6427762287139893, 1.802134770011902, 1.6658199703216552, 1.581249792098999, 1.618838337135315, 1.5859189990997316, 1.8059990734100342, 1.5645159852981567, 1.6784173370361328, 1.956080490875244, 1.5210673210144043, 1.5930401226043702, 1.5144170724868775, 1.5739410007476806, 1.6625878875732423, 1.9538972246170043, 1.4922654640197754, 1.5435755130767823, 1.5186877066612243, 1.4155417531967163, 1.4352375282287597, 1.402040189743042, 1.3610246585845946, 1.399620528793335, 1.3897436754226684, 1.3476961860656738, 1.3571812799453735, 1.3562677760124207, 1.3639258568763732, 1.333682696914673, 1.3080129549980164, 1.2974302417755128, 1.307988538455963, 1.3086534816741944, 1.2960363850593566, 1.2856049575805664, 1.2807099243164062, 1.2799165460586548, 1.2774945553779602, 1.2725170172691345, 1.2726635111808777, 1.267349914264679, 1.2706744705200195, 1.2696597281455995, 1.2704177587509156, 1.2702051609039307, 1.2699155672073363, 1.2635986789703368],