{"loss": [], "acc": [], "test_loss": [3.7352212532043456, 3.4172140590667723, 3.0240566898345946, 2.666506924057007, 2.4492123138427733, 2.4433057258605957, 2.481719481277466, 2.0948835897445677, 2.0144040924072266, 1.9831727821350098, 2.1882705051422118, 2.0515239738464355, 1.939490360069275, 1.9242612567901611, 1.8761581609725952, 1.8574083431243897, 1.971369562149048, 1.9358862655639648, 1.7912872528076171, 1.9445868656158447, 1.9434107475280762, 1.8070348722457885, 1.9738496189117432, 1.8511184352874757, 1.8148800399780274, 1.7385889471054077, 2.0002997303009034, 1.8008785640716554, 1.835130332183838, 1.7325717266082763, 1.6603277568817139, 1.8227184438705444, 1.6200252338409424, 1.7445853672027587, 1.6200557216644287, 1.685343956375122, 1.7234189825057984, 1.6194339069366455, 1.692120025062561, 1.6825482345581055, 1.5767349571228026, 1.5818014133453369, 1.5358658422470093, 1.5637571081161499, 1.5544417861938478, 1.5480895896911622, 1.5754721698760987, 1.5467579578399657, 1.474642851638794, 1.5031830219268798, 1.5152345016479492, 1.5768352571487427, 1.4225580402374267, 1.6473272605895997, 1.458317407989502, 1.4704728923797608, 1.438379492378235, 1.4696144186019897, 1.5001829956054689, 1.4182009365081787, 1.402802014541626, 1.4131704219818115, 1.4006213821411133, 1.4086372297286986, 1.3934206697463989, 1.4031413331985474, 1.3407990201950073, 1.4115026403427124, 1.3159868335723877, 1.3276871171951294, 1.3116513622283936, 1.315121743965149, 1.3200196838378906, 1.2813174743652345, 1.2701421726226807, 1.2684421900749208, 1.2770412574768066, 1.274070919418335, 1.2592889921188355, 1.224310474395752, 1.2112307317733764, 1.2221784866333008, 1.232040913772583, 1.209735941696167, 1.2187886535644532, 1.2031952236175538, 1.2036339378356933, 1.2189535606384276, 1.2104298416137695, 1.2175049531936646, 1.2117754989624023, 1.2075664127349854, 1.2048746250152589, 1.2002455486297607, 1.2045913078308106, 1.2045073825836181, 1.2055693588256835, 1.2047639228820801, 1.204147276687622, 1.1999777969360352], "test_acc": [11.019999504089355, 17.299999237060547, 25.439998626708984, 31.78999900817871, 36.40999984741211, 37.189998626708984, 37.59000015258789, 43.82999801635742, 45.38999938964844, 46.619998931884766, 43.29999923706055, 46.16999816894531, 48.06999969482422, 48.37999725341797, 49.77000045776367, 50.47999954223633, 47.29999923706055, 48.19999694824219, 51.38999938964844, 49.529998779296875, 48.77000045776367, 51.82999801635742, 49.09000015258789, 51.31999969482422, 51.44999694824219, 53.28999710083008, 48.209999084472656, 51.38999938964844, 51.54999923706055, 52.90999984741211, 54.90999984741211, 52.119998931884766, 54.91999816894531, 52.29999923706055, 56.1099967956543, 54.81999969482422, 54.15999984741211, 56.15999984741211, 54.27000045776367, 54.939998626708984, 57.66999816894531, 57.47999954223633, 58.1099967956543, 57.349998474121094, 57.69999694824219, 57.09000015258789, 57.7599983215332, 58.47999954223633, 59.65999984741211, 59.459999084472656, 58.3599967956543, 57.93000030517578, 60.69999694824219, 56.53999710083008, 59.93000030517578, 60.57999801635742, 61.73999786376953, 60.29999923706055, 60.47999954223633, 61.5, 62.53999710083008, 62.37999725341797, 61.849998474121094, 62.09000015258789, 62.63999938964844, 62.57999801635742, 64.26000213623047, 62.439998626708984, 65.05999755859375, 65.18000030517578, 65.45999908447266, 65.26000213623047, 65.05999755859375, 66.1199951171875, 66.83000183105469, 67.0, 67.13999938964844, 67.11000061035156, 67.75, 68.63999938964844, 68.77999877929688, 68.4000015258789, 69.25999450683594, 69.3699951171875, 69.41999816894531, 69.9000015258789, 69.80999755859375, 69.37999725341797, 70.20999908447266, 70.1500015258789, 70.20999908447266, 70.08999633789062, 70.25, 70.72000122070312, 70.40999603271484, 70.72999572753906, 70.58999633789062, 70.47999572753906, 70.62999725341797, 70.73999786376953], "wall_time": [75.98187375068665, 102.26313304901123, 120.01779317855835, 137.78025794029236, 156.30158519744873, 174.7860972881317, 192.61893224716187, 210.90823340415955, 228.90873837471008, 247.53183913230896, 265.96144342422485, 284.5020523071289, 302.86594462394714, 321.6001694202423, 340.1979765892029, 358.01504015922546, 376.4811029434204, 394.76498770713806, 413.49722123146057, 431.47033882141113, 450.1239643096924, 468.4119243621826, 487.08702754974365, 505.6172385215759, 525.0029418468475, 543.7041308879852, 562.9048235416412, 581.9647464752197, 599.72895860672, 618.8423717021942, 637.0461304187775, 655.078723192215, 672.8577342033386, 690.5528497695923, 708.5722858905792, 726.8671052455902, 744.8199453353882, 762.6849627494812, 780.607409954071, 799.3476374149323, 817.532963514328, 836.8446061611176, 854.8373625278473, 872.9569323062897, 890.393892288208, 909.350100517273, 926.9158954620361, 945.6483800411224, 963.7385447025299, 983.3291473388672, 1002.0153656005859, 1020.3357331752777, 1038.72571849823, 1056.6292252540588, 1075.0374801158905, 1092.8293714523315, 1111.4917056560516, 1129.3256328105927, 1147.8666524887085, 1166.8230624198914, 1185.5463943481445, 1204.6082451343536, 1223.8269019126892, 1241.9266526699066, 1259.7514460086823, 1277.6590282917023, 1295.5076689720154, 1313.467297077179, 1331.3996608257294, 1349.276665687561, 1366.9094977378845, 1384.5394501686096, 1403.1372427940369, 1422.66055727005, 1440.7032890319824, 1458.657488822937, 1476.6471364498138, 1496.0134992599487, 1513.588295698166, 1533.5803408622742, 1551.7211899757385, 1569.6764211654663, 1588.1876320838928, 1606.8872730731964, 1625.8004653453827, 1643.9882621765137, 1662.1114628314972, 1680.7931005954742, 1700.2875986099243, 1719.0317883491516, 1737.5681293010712, 1755.558024406433, 1774.1385734081268, 1791.8890359401703, 1810.4038698673248, 1828.8574113845825, 1848.2232120037079, 1867.7108345031738, 1886.0095307826996, 1904.2412586212158], "val_loss": [3.7458665874481203, 3.453425566101074, 3.025107490539551, 2.667688542175293, 2.4689062355041504, 2.454022876358032, 2.5170420211791993, 2.1182864547729494, 2.0205969203948975, 1.9992759197235108, 2.195887455749512, 2.0412503131866453, 1.947586098098755, 1.947405188560486, 1.8906033699035645, 1.8633871688842774, 1.969622208404541, 1.944766674232483, 1.7933385192871094, 1.9640828567504882, 1.935493002319336, 1.8268488834381102, 1.9676654525756836, 1.852167966079712, 1.8309311157226562, 1.751655510520935, 2.0099956026077272, 1.8376119701385498, 1.8779429683685303, 1.722954356765747, 1.670432371520996, 1.8014747581481934, 1.6407842853546142, 1.7211259288787841, 1.6457282272338867, 1.7010267837524413, 1.7052160041809081, 1.622228210067749, 1.6863596809387207, 1.6916091075897217, 1.5793625360488892, 1.5571631896972655, 1.5511189126968383, 1.5887508544921876, 1.5736216594696044, 1.5380942552566528, 1.5885388973236083, 1.534578310585022, 1.490643337059021, 1.5086224941253663, 1.535712943458557, 1.6056516063690185, 1.4129591506958008, 1.6176634819030762, 1.4394987230300904, 1.45691291847229, 1.4245807151794434, 1.4541692686080934, 1.4830656581878663, 1.4433555351257323, 1.4057378904342652, 1.391828108024597, 1.4156155292510986, 1.405731953048706, 1.3747055059432984, 1.3819892742156983, 1.3178927242279053, 1.38750126953125, 1.3083710330963134, 1.297759267807007, 1.3365090467453002, 1.3043538383483886, 1.2774327548980713, 1.2624826847076416, 1.2418363569259643, 1.269744890499115, 1.254578401184082, 1.252520737838745, 1.2323790615081787, 1.2023337440490722, 1.18880717792511, 1.2045816158294678, 1.1988786232948303, 1.2024316635131835, 1.1964430313110352, 1.1898118921279908, 1.1907821053504943, 1.1942551332473754, 1.1938812622070312, 1.1974794372558595, 1.185871711921692, 1.1806309436798095, 1.1853775537490845, 1.181781004524231, 1.1824884307861327, 1.1871383573532104, 1.1869152332305908, 1.185655023574829, 1.1871210090637208, 1.1820476244926452],