{"loss": [], "acc": [], "test_loss": [3.7791787380218507, 3.364837058639526, 3.1271973262786865, 2.9061593772888186, 2.9445406066894533, 2.556014909744263, 2.461051370239258, 2.416580237197876, 2.208179002380371, 2.1338840297698973, 2.1724922788619994, 2.1768389671325683, 2.1760189964294434, 2.07809324798584, 2.1067316818237303, 2.0272483074188234, 2.111944009590149, 2.2881454280853273, 1.9968533823013306, 3.49096307144165, 1.9301465133666993, 1.9729786777496339, 1.9472518062591553, 1.9515656671524049, 1.9149398094177246, 1.967909688949585, 1.8302440406799316, 1.9128434719085694, 1.9432265625, 1.7434490257263184, 1.994344514465332, 1.915084073448181, 1.8872383274078368, 1.6682036739349366, 2.2634884662628174, 1.8187276540756225, 1.818954620361328, 2.2337989711761477, 1.797733724975586, 1.8358539516448975, 1.7257858074188233, 1.6475511093139648, 1.6699635320663453, 1.7647376010894775, 1.730617657470703, 1.7816702285766601, 1.9751012805938721, 1.655398751449585, 1.638075306892395, 1.662862760925293, 1.620165277481079, 1.5835761926651002, 1.559247751235962, 1.6903849613189696, 1.5960899824142456, 1.8372902812957763, 1.536338547515869, 1.573773355102539, 1.5230488668441773, 1.4480286657333374, 1.5344758632659912, 1.526442973423004, 1.555477543449402, 1.496612034034729, 1.4138659332275392, 1.4977554759979248, 1.4022475805282593, 1.416504485321045, 1.4683748056411743, 1.444487586402893, 1.4106551082611083, 1.3960888385772705, 1.425785421180725, 1.3822445468902589, 1.4465201921463013, 1.3574737327575683, 1.3659209550857543, 1.3991678407669068, 1.3734294279098511, 1.3930255224227905, 1.3588078527450562, 1.3522987690925599, 1.3533926782608032, 1.374813006401062, 1.3617464099884034, 1.363654987335205, 1.353830725479126, 1.3471749811172484, 1.3580889688491822, 1.3563581127166748, 1.3485926021575927, 1.3473373252868652, 1.351310919380188, 1.3516078109741212, 1.3465136383056642, 1.3530336364746094, 1.3501884761810303, 1.35095092086792, 1.346010192489624, 1.3488634510040283], "test_acc": [9.84000015258789, 17.270000457763672, 22.170000076293945, 27.67999839782715, 27.510000228881836, 33.57999801635742, 36.06999969482422, 37.40999984741211, 41.119998931884766, 43.099998474121094, 42.21999740600586, 42.619998931884766, 42.47999954223633, 44.189998626708984, 43.16999816894531, 45.55999755859375, 44.82999801635742, 41.31999969482422, 46.44999694824219, 24.599998474121094, 47.90999984741211, 47.0099983215332, 47.68000030517578, 47.57999801635742, 48.369998931884766, 46.63999938964844, 49.959999084472656, 49.38999938964844, 47.959999084472656, 52.34000015258789, 46.029998779296875, 49.05999755859375, 49.31999969482422, 54.30999755859375, 42.869998931884766, 50.709999084472656, 50.91999816894531, 43.78999710083008, 51.78999710083008, 50.47999954223633, 53.72999954223633, 54.57999801635742, 54.099998474121094, 53.599998474121094, 53.30999755859375, 52.65999984741211, 48.30999755859375, 54.779998779296875, 55.66999816894531, 54.87999725341797, 56.31999969482422, 56.62999725341797, 57.91999816894531, 54.48999786376953, 57.31999969482422, 51.72999954223633, 58.34000015258789, 57.459999084472656, 58.41999816894531, 59.959999084472656, 58.68000030517578, 59.43000030517578, 58.849998474121094, 60.269996643066406, 61.529998779296875, 60.41999816894531, 62.31999969482422, 61.37999725341797, 60.69999694824219, 61.78999710083008, 62.59000015258789, 62.78999710083008, 62.91999816894531, 63.679996490478516, 62.959999084472656, 64.3699951171875, 64.94999694824219, 64.30999755859375, 65.12999725341797, 64.43000030517578, 65.36000061035156, 65.51000213623047, 66.08999633789062, 65.93999481201172, 66.43999481201172, 66.33000183105469, 66.6199951171875, 66.98999786376953, 67.2699966430664, 66.98999786376953, 67.25999450683594, 67.38999938964844, 67.3499984741211, 67.43999481201172, 67.75, 67.58000183105469, 67.63999938964844, 67.54999542236328, 67.58999633789062, 67.4000015258789], "wall_time": [79.66746091842651, 112.72783350944519, 130.4372489452362, 147.84607887268066, 165.31411695480347, 182.57937836647034, 200.2102324962616, 217.90358424186707, 235.04171109199524, 253.70339465141296, 272.9685277938843, 290.8382170200348, 308.9750418663025, 327.91854596138, 345.68973660469055, 363.54830408096313, 381.4497916698456, 399.25010681152344, 418.025919675827, 435.9292514324188, 455.19222354888916, 473.0281021595001, 490.75171971321106, 508.63378167152405, 526.5337750911713, 544.6057388782501, 562.6272087097168, 581.0314950942993, 598.7501170635223, 616.7265784740448, 634.674934387207, 652.8732905387878, 671.1149687767029, 689.0937526226044, 707.1150541305542, 725.3363046646118, 742.8720881938934, 762.4184367656708, 779.9806773662567, 797.463406085968, 815.4393708705902, 834.9395742416382, 852.6298894882202, 870.395213842392, 888.0746595859528, 906.0376598834991, 924.2267217636108, 941.9418864250183, 960.0304939746857, 978.2706310749054, 996.31605052948, 1014.9160490036011, 1033.11297249794, 1050.7836999893188, 1068.778980731964, 1086.433436870575, 1104.5306696891785, 1122.3962757587433, 1141.058109998703, 1158.8148202896118, 1177.7446808815002, 1195.3672437667847, 1213.113350868225, 1232.4464633464813, 1250.4653770923615, 1268.2695116996765, 1286.3958098888397, 1304.2098743915558, 1321.808427810669, 1340.6587290763855, 1358.5181865692139, 1376.248993396759, 1393.9025332927704, 1411.5352218151093, 1428.7809932231903, 1446.0713963508606, 1463.1968219280243, 1481.036726474762, 1498.432344675064, 1516.1027135849, 1533.5216388702393, 1550.4946777820587, 1567.712824344635, 1584.9232976436615, 1601.9944710731506, 1618.9838032722473, 1636.1433734893799, 1653.3085761070251, 1670.4803998470306, 1687.448012828827, 1704.7066361904144, 1721.844090461731, 1738.9518737792969, 1756.0368957519531, 1772.9515235424042, 1790.1455698013306, 1807.572071313858, 1825.318627357483, 1842.6519858837128, 1860.4355442523956], "val_loss": [3.7930755912780763, 3.3718126106262205, 3.146552991104126, 2.9376829639434816, 2.95568282623291, 2.5797049346923826, 2.4511793159484863, 2.442853485870361, 2.2326040599823, 2.1340059143066408, 2.1978562232971193, 2.183726226043701, 2.1632266956329347, 2.1021917572021485, 2.1424855617523195, 2.0364464328765868, 2.1564232639312744, 2.307378702926636, 1.9982168693542481, 3.522980374145508, 1.9424742988586425, 2.00935764503479, 1.9882509696960449, 1.969288648223877, 1.943561470413208, 1.9704835468292237, 1.8413402235031129, 1.920719287109375, 1.9430734729766845, 1.77226743144989, 2.020832033157349, 1.937405736541748, 1.9223646768569946, 1.6833901268005371, 2.2692300273895265, 1.824221170425415, 1.8356583953857422, 2.2405359298706053, 1.8153469665527344, 1.8525870407104492, 1.7557131351470947, 1.6853083293914795, 1.687864684867859, 1.783963030433655, 1.7161575761795045, 1.8107704040527344, 2.0067098628997804, 1.6797446624755858, 1.6385161684036256, 1.6920890731811524, 1.6215492782592773, 1.598187043952942, 1.586066488838196, 1.7027776220321655, 1.614395213508606, 1.8487824008941651, 1.5393313789367675, 1.5840086799621582, 1.5336893371582032, 1.4754036304473876, 1.528994045639038, 1.538033578491211, 1.5581413055419921, 1.509274552345276, 1.4163002311706543, 1.5016899503707886, 1.394897184753418, 1.4117934789657594, 1.485706442451477, 1.4579272672653198, 1.412322141265869, 1.3838621353149414, 1.4119789642333984, 1.3720929098129273, 1.4777752098083496, 1.3838245037078858, 1.3934161973953247, 1.4141933809280396, 1.358375765991211, 1.3801476169586182, 1.3409684627532958, 1.3796911865234376, 1.355572444152832, 1.3575374368667603, 1.3504027925491333, 1.3459533561706543, 1.3362663585662842, 1.3412173391342164, 1.3419256532669068, 1.3467617071151734, 1.332468042564392, 1.3395739093780517, 1.3453298460006713, 1.346515699005127, 1.345275136947632, 1.347654223060608, 1.3446122917175294, 1.3450349822998047, 1.3417175371170045, 1.3403922407150268],