{"loss": [], "acc": [], "test_loss": [3.76228770904541, 3.4151168071746825, 3.060912268447876, 2.73658183631897, 2.5016466388702394, 2.409666941833496, 2.426418183517456, 2.258087116241455, 2.1045222606658935, 2.107816390609741, 2.4156661769866945, 2.1027158946990965, 2.085372874069214, 2.12314370803833, 2.1222559211730956, 2.168404774093628, 2.0311069105148314, 2.0686379594802857, 1.9222430961608887, 1.995242511177063, 2.0268235916137693, 1.8424552047729492, 1.947800495147705, 1.8888011766433717, 1.9439603519439697, 1.832599836540222, 2.6495947519302367, 1.7234322521209717, 1.8398891609191894, 1.859582292175293, 1.7868850467681885, 1.8460587711334229, 1.819619134902954, 1.8460663860321045, 1.7336566204071044, 1.6773072406768799, 1.7940715126037599, 1.6888239810943604, 1.7389470603942871, 1.7067377170562743, 1.8151274063110352, 1.7560684299468994, 1.7385022136688233, 1.6387197940826417, 1.721472022628784, 1.5737799406051636, 1.6191116954803466, 1.6206576023101806, 1.5876570465087891, 1.597767273902893, 1.8627693780899048, 1.6167739322662353, 1.5743922924041749, 1.550561293411255, 1.5368386783599854, 1.4638814758300782, 1.4743696447372436, 1.501286242389679, 1.4483293621063233, 1.4814982454299928, 1.4382140335083007, 1.4081667572021483, 1.4517464088439942, 1.392126634979248, 1.3377149713516234, 1.364940530014038, 1.374203071975708, 1.3530521785736085, 1.3548453142166137, 1.3382779052734375, 1.309373079586029, 1.3381432132720947, 1.3159750499725342, 1.2661498126983644, 1.294040969467163, 1.2790300680160522, 1.3635832778930663, 1.2487741044044494, 1.325396457862854, 1.2882151714324952, 1.2455777653694153, 1.2548186632156373, 1.231154195022583, 1.226492875957489, 1.2201571817398071, 1.228142769241333, 1.2245552161216735, 1.2338984250068665, 1.2303830103874207, 1.2226388823509216, 1.2251523047447204, 1.2270209487915038, 1.228619394493103, 1.2290097249984742, 1.22430394821167, 1.227374938583374, 1.224625399017334, 1.2288307003974914, 1.2296116765022278, 1.2272325558662414], "test_acc": [10.25999927520752, 16.59000015258789, 23.459999084472656, 29.34000015258789, 34.369998931884766, 36.30999755859375, 36.099998474121094, 40.09000015258789, 43.32999801635742, 43.64999771118164, 37.98999786376953, 43.21999740600586, 44.72999954223633, 43.41999816894531, 43.27000045776367, 43.11000061035156, 45.7599983215332, 44.65999984741211, 47.459999084472656, 46.48999786376953, 46.06999969482422, 49.46999740600586, 47.59000015258789, 48.79999923706055, 48.11000061035156, 50.07999801635742, 34.869998931884766, 53.0, 49.84000015258789, 50.369998931884766, 51.57999801635742, 50.64999771118164, 50.89999771118164, 49.619998931884766, 52.54999923706055, 54.18000030517578, 50.869998931884766, 54.099998474121094, 52.09000015258789, 53.73999786376953, 51.52000045776367, 52.46999740600586, 52.43000030517578, 55.28999710083008, 53.64999771118164, 56.62999725341797, 55.59000015258789, 55.47999954223633, 56.78999710083008, 56.32999801635742, 50.32999801635742, 56.709999084472656, 57.099998474121094, 57.43000030517578, 57.939998626708984, 59.269996643066406, 58.82999801635742, 58.90999984741211, 59.939998626708984, 59.25, 60.519996643066406, 60.63999938964844, 59.81999969482422, 61.75, 62.96999740600586, 62.30999755859375, 62.439998626708984, 62.869998931884766, 63.189998626708984, 63.05999755859375, 64.29999542236328, 63.30999755859375, 64.47999572753906, 65.26000213623047, 64.69999694824219, 65.38999938964844, 63.97999954223633, 66.3699951171875, 65.3499984741211, 66.04000091552734, 66.79999542236328, 66.86000061035156, 67.58999633789062, 68.02999877929688, 67.80999755859375, 67.73999786376953, 67.79999542236328, 68.02999877929688, 68.1500015258789, 68.40999603271484, 68.37999725341797, 68.5199966430664, 68.65999603271484, 68.91999816894531, 68.9000015258789, 68.58000183105469, 68.75999450683594, 68.73999786376953, 68.70999908447266, 68.62999725341797], "wall_time": [78.09850907325745, 101.80827569961548, 114.92913222312927, 128.4935953617096, 141.81986236572266, 153.89127588272095, 166.67828130722046, 178.27056217193604, 190.83001852035522, 203.69790077209473, 216.0197696685791, 229.78698754310608, 241.33511018753052, 253.4866704940796, 267.04138684272766, 278.68104887008667, 291.7056245803833, 305.2524082660675, 317.26759338378906, 328.8579511642456, 341.46611976623535, 353.01259303092957, 366.25648975372314, 378.7451820373535, 391.4639084339142, 403.77384209632874, 416.89827704429626, 429.6390006542206, 442.45245909690857, 454.38257217407227, 467.5349631309509, 481.01550579071045, 493.45566987991333, 505.4799942970276, 518.1494762897491, 529.6441872119904, 542.7002708911896, 554.7612936496735, 566.4051623344421, 577.9705154895782, 590.7026674747467, 603.1672780513763, 615.916314125061, 628.0073974132538, 640.7292799949646, 653.7985229492188, 665.5010373592377, 677.1899235248566, 689.9197838306427, 701.7108616828918, 713.2781231403351, 725.5518474578857, 738.4271998405457, 751.342476606369, 764.3946199417114, 777.4114446640015, 789.5610249042511, 801.058290719986, 812.922910451889, 824.4253041744232, 836.2473092079163, 847.7160198688507, 859.5968925952911, 873.5469069480896, 885.7074925899506, 898.7412521839142, 910.7728078365326, 923.3934774398804, 937.1513295173645, 948.9578821659088, 960.8347072601318, 973.3764982223511, 987.1585803031921, 998.827033996582, 1011.0136845111847, 1024.4856598377228, 1037.4915499687195, 1050.3510098457336, 1061.97909116745, 1075.2186453342438, 1087.5124275684357, 1099.5293145179749, 1112.359144449234, 1125.123895406723, 1137.0981566905975, 1149.0905938148499, 1161.4611585140228, 1172.892457485199, 1184.9286532402039, 1197.583482503891, 1208.941789150238, 1221.9411644935608, 1234.5140039920807, 1245.9192838668823, 1258.9566028118134, 1272.1639683246613, 1284.3414702415466, 1296.566454410553, 1309.0979149341583, 1320.270967245102], "val_loss": [3.7686737396240235, 3.4390126487731933, 3.089981105041504, 2.735799275970459, 2.528435418701172, 2.4362935234069822, 2.4516178226470946, 2.263756233596802, 2.135444598388672, 2.146557173919678, 2.418042392349243, 2.175863758468628, 2.11427695274353, 2.141703214263916, 2.1247943305969237, 2.1868304498672484, 2.0451802997589112, 2.0926689670562744, 1.9517721475601195, 2.0182348766326905, 2.063861164474487, 1.8868501834869384, 1.9699816555023193, 1.8891047082901, 1.9552226222991944, 1.8584500011444092, 2.674409140396118, 1.7238114749908446, 1.8599223052978515, 1.8687923625946046, 1.813748171043396, 1.8641941984176635, 1.8496693311691284, 1.8669715553283692, 1.7315503517150879, 1.7015104373931884, 1.8271452806472779, 1.7052037017822266, 1.7688756191253663, 1.7498374794006348, 1.8107353485107422, 1.7487889801025391, 1.752076125717163, 1.6181454135894775, 1.7575140058517456, 1.5973203216552734, 1.6103846237182617, 1.6488313627243043, 1.601286894607544, 1.612677492904663, 1.8688336683273314, 1.6455003982543945, 1.5940021574020387, 1.5693325311660766, 1.562704632282257, 1.4701410621643067, 1.4815039768218994, 1.532623113822937, 1.4715394944190978, 1.5001365684509278, 1.4555170993804931, 1.4207164409637452, 1.4715093118667602, 1.410284383392334, 1.3508226593017578, 1.392244909286499, 1.4069225219726562, 1.3697538835525513, 1.376885177230835, 1.3531090297698976, 1.388059856414795, 1.3746970283508302, 1.3308339599609376, 1.306435326576233, 1.3064930326461792, 1.3124342473983766, 1.3668692043304442, 1.2807257835388184, 1.3530026462554932, 1.3040133335113526, 1.270520837020874, 1.2746658546447753, 1.2529205631256104, 1.2570039665222168, 1.2345076694488526, 1.2383245609283446, 1.2350713706970216, 1.245641487121582, 1.2449046436309814, 1.2282969848632812, 1.246633655166626, 1.2364191904067994, 1.244437080001831, 1.2449176986694337, 1.2399313362121582, 1.2459155687332153, 1.2439771520614624, 1.2447760433197022, 1.2456170309066772, 1.2436315914154052],