{"loss": [], "acc": [], "test_loss": [3.817318615722656, 3.4643337547302244, 3.181149122619629, 2.8259161525726317, 2.6674811546325685, 2.4922677238464357, 2.4353003437042235, 2.6354096199035646, 2.2222645652771, 2.8646436965942383, 2.2161251262664794, 3.008125824165344, 2.280812285232544, 2.1574079364776613, 2.175070107269287, 2.085305668258667, 2.018469435501099, 2.180376761436462, 2.0029045398712157, 2.00789340133667, 3.2699336008071898, 1.8981199466705323, 1.89745634765625, 1.892383024406433, 2.0525125415802004, 2.0951309707641603, 1.9450866989135742, 2.0410506763458254, 1.8916229328155518, 1.9888279104232789, 1.876030039024353, 1.899456202697754, 1.807989875793457, 1.94363331489563, 1.8974908489227296, 1.858652672958374, 1.7963419143676758, 1.8555088697433473, 1.8088773509979248, 1.72404860496521, 1.7952206718444825, 1.7526223014831543, 1.6928102245330812, 1.7935055099487305, 1.7090972848892212, 1.6522965982437134, 1.6521965366363525, 1.614626786994934, 1.631458070373535, 1.59649129447937, 1.6316318508148193, 1.6711761791229247, 1.5655725193023682, 1.7377500789642335, 1.6383327434539794, 1.6222652614593507, 1.6039121318817138, 1.5630011604309082, 1.6196267833709717, 1.5457099075317382, 1.5090615926742554, 1.530714398765564, 1.4716187307357789, 1.566151382637024, 1.5699909435272217, 1.4617227603912353, 1.4684718769073486, 1.4563001724243163, 1.497940004348755, 1.5321274574279786, 1.471622306060791, 1.4951574310302735, 1.3947501377105713, 1.4897346492767334, 1.441539191055298, 1.4425624713897705, 1.4309786661148072, 1.441695639038086, 1.401445528793335, 1.411399977874756, 1.391007611656189, 1.3951896255493164, 1.3950914463043214, 1.3909444202423096, 1.3945318422317505, 1.376287317085266, 1.388941550064087, 1.3898852455139161, 1.3821954460144044, 1.384320545578003, 1.3855746490478515, 1.3788954582214354, 1.3888325485229491, 1.3863445550918578, 1.3822673377990722, 1.3877957565307617, 1.381567726135254, 1.3825434803009033, 1.3836971504211426, 1.3850392284393311], "test_acc": [9.710000038146973, 15.339999198913574, 22.65999984741211, 28.149999618530273, 31.78999900817871, 34.38999938964844, 36.84000015258789, 33.40999984741211, 41.439998626708984, 31.389999389648438, 41.52000045776367, 30.329999923706055, 41.459999084472656, 43.82999801635742, 43.77000045776367, 45.189998626708984, 46.029998779296875, 43.56999969482422, 47.21999740600586, 46.59000015258789, 29.849998474121094, 49.56999969482422, 49.09000015258789, 49.47999954223633, 46.57999801635742, 45.90999984741211, 48.44999694824219, 47.39999771118164, 49.82999801635742, 46.939998626708984, 50.73999786376953, 49.47999954223633, 51.599998474121094, 50.19999694824219, 49.78999710083008, 51.03999710083008, 51.87999725341797, 50.30999755859375, 51.869998931884766, 53.34000015258789, 52.62999725341797, 53.0, 54.1099967956543, 53.32999801635742, 53.8599967956543, 55.279998779296875, 55.64999771118164, 56.48999786376953, 56.32999801635742, 57.029998779296875, 56.40999984741211, 55.689998626708984, 58.3599967956543, 54.189998626708984, 56.79999923706055, 57.66999816894531, 57.34000015258789, 57.939998626708984, 57.709999084472656, 58.939998626708984, 59.81999969482422, 59.22999954223633, 60.349998474121094, 58.64999771118164, 59.06999969482422, 61.39999771118164, 61.5, 61.54999923706055, 61.15999984741211, 60.25, 61.959999084472656, 62.05999755859375, 63.6099967956543, 63.099998474121094, 62.98999786376953, 63.46999740600586, 64.76000213623047, 64.0999984741211, 64.68000030517578, 64.90999603271484, 65.37999725341797, 65.9000015258789, 65.31999969482422, 65.8499984741211, 66.04000091552734, 66.16999816894531, 66.31999969482422, 66.15999603271484, 66.54000091552734, 66.6500015258789, 66.8499984741211, 66.72999572753906, 66.80999755859375, 66.6199951171875, 66.68000030517578, 66.63999938964844, 66.65999603271484, 66.69999694824219, 66.56999969482422, 66.70999908447266], "wall_time": [63.01232123374939, 85.22053408622742, 102.10782885551453, 119.43476915359497, 135.6367154121399, 152.05720353126526, 168.1839096546173, 184.28331971168518, 202.51139903068542, 218.80888390541077, 235.5429127216339, 252.18633651733398, 268.9353537559509, 286.5810639858246, 303.0256178379059, 320.5588414669037, 337.474173784256, 354.2333445549011, 370.85245013237, 387.3343949317932, 405.48025369644165, 422.55384731292725, 438.94455003738403, 455.4007239341736, 472.30594301223755, 489.1173961162567, 505.5347955226898, 523.2964508533478, 541.5653743743896, 558.3315095901489, 576.4770925045013, 592.9864630699158, 609.6864211559296, 628.1254777908325, 644.7361550331116, 661.0036225318909, 679.1078217029572, 697.3268253803253, 715.0288641452789, 731.9515306949615, 748.9861216545105, 765.2253663539886, 781.6531388759613, 798.729629278183, 815.1383221149445, 831.6116585731506, 848.1287708282471, 864.3111624717712, 880.8641922473907, 897.7167401313782, 916.3239512443542, 934.1784365177155, 950.6336889266968, 967.699643611908, 986.2847781181335, 1002.9526171684265, 1019.4851520061493, 1036.172693490982, 1053.5643219947815, 1070.193326473236, 1086.556621313095, 1103.3506886959076, 1121.4741446971893, 1139.3591270446777, 1155.9010226726532, 1172.384173154831, 1189.0407271385193, 1205.818904876709, 1222.3631587028503, 1239.0565626621246, 1257.0161418914795, 1273.7462797164917, 1290.0634288787842, 1306.5789217948914, 1324.8915734291077, 1341.7011892795563, 1358.2360618114471, 1376.0086154937744, 1393.9094669818878, 1410.5476315021515, 1426.8630073070526, 1444.4465699195862, 1462.5958452224731, 1480.7960698604584, 1497.2061326503754, 1513.5003082752228, 1530.020940065384, 1546.8302118778229, 1563.1217980384827, 1579.6463031768799, 1596.551661491394, 1614.896285533905, 1632.028217792511, 1648.4021911621094, 1664.8985867500305, 1681.7154150009155, 1698.021445274353, 1714.2449116706848, 1731.1330997943878, 1749.0855658054352], "val_loss": [3.8423313793182374, 3.4788756217956545, 3.193087479400635, 2.82907166595459, 2.677470471572876, 2.5148390670776366, 2.4491827430725097, 2.6696396942138674, 2.270603579711914, 2.8905031257629394, 2.266984051513672, 3.041230403137207, 2.3395774677276613, 2.1795843128204346, 2.1733541313171387, 2.137493733215332, 2.042065535736084, 2.2029009220123292, 2.0138332984924316, 2.032262426376343, 3.349233645629883, 1.9010493938446045, 1.9514736000061035, 1.878809916305542, 2.0776328773498536, 2.1437315727233885, 1.9822009853363036, 2.076950811767578, 1.9234463649749756, 2.013767956542969, 1.9130856914520264, 1.890276350402832, 1.8232262176513672, 1.9456946266174315, 1.8870409229278564, 1.8648174991607667, 1.7930913028717042, 1.8782950998306274, 1.8229972984313965, 1.779302214050293, 1.8437556991577149, 1.7584973253250122, 1.7217589538574218, 1.834594871520996, 1.7210035926818847, 1.6686025012969972, 1.659540693283081, 1.6382695457458496, 1.6193803802490234, 1.6125137071609497, 1.6169176105499268, 1.673106618309021, 1.582712517929077, 1.7401756099700927, 1.6530390991210937, 1.629530516242981, 1.609128495979309, 1.5795623889923096, 1.605727886390686, 1.5377600755691527, 1.4982680320739745, 1.5457791193008423, 1.4749811237335204, 1.575151985168457, 1.578440071296692, 1.482000216293335, 1.474134365081787, 1.45124582195282, 1.5027669576644898, 1.5379462453842163, 1.4688965181350708, 1.4897591520309448, 1.4064664999008178, 1.5241780912399292, 1.430497301673889, 1.4608976037979127, 1.4447638654708863, 1.426903416442871, 1.4075828132629395, 1.4237617881774902, 1.409326517677307, 1.4076891719818114, 1.4021150596618652, 1.4033622728347779, 1.3921393501281738, 1.3883973459243775, 1.3879731497764587, 1.384764121055603, 1.3914582122802734, 1.3932050495147705, 1.3923677472114564, 1.375321870613098, 1.3879371649742127, 1.3883107434272766, 1.3850623916625977, 1.3853732267379761, 1.3837408033370973, 1.3866986206054688, 1.383433953475952, 1.3892224460601807],