{"loss": [], "acc": [], "test_loss": [3.771651125717163, 3.3765744522094727, 3.1573918464660644, 2.8137445331573487, 2.7002181678771975, 2.981860342025757, 2.693966541671753, 2.5629059902191162, 2.323487839126587, 2.565165255355835, 2.2696065105438232, 2.1776139709472657, 2.232407598876953, 2.3417305618286135, 2.372824045944214, 1.9887370370864867, 2.1356114715576173, 2.0500255153656006, 2.0614674549102783, 1.9667691349029541, 2.3269008205413817, 1.9857256057739259, 2.047895246505737, 2.0452380054473878, 1.9579326374053956, 2.0194422117233275, 1.9877553829193115, 1.9316124732971192, 2.1260372535705567, 1.987171815109253, 1.8205727180480957, 1.836774245262146, 1.903465308380127, 2.1539788486480713, 1.801768433380127, 1.9841475399017334, 1.899220319366455, 1.9232452348709106, 1.7033737953186034, 2.09310968170166, 1.894841020011902, 1.7552520668029785, 1.737082234954834, 1.936849387550354, 2.0657401584625243, 1.7245034824371337, 1.7842878135681153, 1.7119616403579712, 2.1084355113983153, 1.7872347995758056, 1.7823683235168457, 1.8686549278259277, 1.7411243606567384, 1.5655725830078124, 1.6898080177307129, 1.7244373197555543, 1.6591289226531982, 1.506883493041992, 1.611703504371643, 1.7332032424926758, 1.639896537590027, 1.5684725513458253, 1.6437625297546388, 1.6789465091705322, 1.5252055122375487, 1.481637642288208, 1.5285553337097169, 1.4824082353591919, 1.5474421257019042, 1.505816079711914, 1.447237458229065, 1.581770249557495, 1.540613180923462, 1.4357379734039306, 1.3973342611312867, 1.4579171529769896, 1.4089219478607178, 1.3881456943511963, 1.385814115333557, 1.4041622676849366, 1.4129888376235962, 1.4254106132507325, 1.392694577407837, 1.3826308401107787, 1.3945992206573485, 1.3824680541992187, 1.3804638738632202, 1.3770198251724244, 1.3790784898757935, 1.3704334074020386, 1.3767760746002198, 1.3788884876251222, 1.371540048599243, 1.3701835931777955, 1.3723945518493652, 1.3755744632720948, 1.3756509014129639, 1.3764359155654908, 1.3805919593811036, 1.3809923175811767], "test_acc": [10.710000038146973, 17.53999900817871, 21.170000076293945, 28.619998931884766, 31.849998474121094, 26.979999542236328, 31.709999084472656, 34.96999740600586, 39.96999740600586, 35.64999771118164, 40.38999938964844, 42.30999755859375, 41.66999816894531, 39.71999740600586, 38.91999816894531, 47.02000045776367, 44.5, 44.939998626708984, 45.63999938964844, 47.13999938964844, 41.209999084472656, 47.23999786376953, 45.72999954223633, 45.57999801635742, 48.16999816894531, 46.029998779296875, 48.06999969482422, 48.73999786376953, 45.11000061035156, 48.02000045776367, 51.40999984741211, 51.37999725341797, 50.11000061035156, 45.52000045776367, 51.27000045776367, 47.599998474121094, 49.48999786376953, 49.36000061035156, 53.84000015258789, 46.869998931884766, 50.779998779296875, 53.04999923706055, 53.78999710083008, 50.37999725341797, 47.12999725341797, 53.62999725341797, 53.02000045776367, 54.05999755859375, 48.90999984741211, 53.0099983215332, 53.63999938964844, 51.37999725341797, 53.21999740600586, 57.57999801635742, 55.779998779296875, 54.87999725341797, 55.82999801635742, 59.0099983215332, 56.89999771118164, 55.06999969482422, 56.56999969482422, 58.06999969482422, 57.349998474121094, 55.73999786376953, 59.28999710083008, 60.73999786376953, 59.519996643066406, 60.769996643066406, 59.63999938964844, 60.21999740600586, 61.3599967956543, 59.14999771118164, 59.63999938964844, 62.16999816894531, 62.849998474121094, 62.62999725341797, 63.18000030517578, 64.0999984741211, 63.80999755859375, 63.929996490478516, 63.65999984741211, 63.59000015258789, 64.93999481201172, 65.06999969482422, 64.69999694824219, 65.16999816894531, 64.95999908447266, 65.40999603271484, 65.38999938964844, 65.90999603271484, 65.5199966430664, 65.86000061035156, 66.08000183105469, 65.83999633789062, 65.97999572753906, 65.76000213623047, 65.7699966430664, 65.43999481201172, 65.88999938964844, 65.87999725341797], "wall_time": [17.77805805206299, 35.313464641571045, 52.835500955581665, 70.31395936012268, 87.77257704734802, 105.28884029388428, 122.79674172401428, 140.25978708267212, 157.73029208183289, 175.24366116523743, 192.78186535835266, 210.23565435409546, 227.69010972976685, 245.12411999702454, 262.58512902259827, 280.09119725227356, 297.61531257629395, 315.2226183414459, 332.69702887535095, 350.24276757240295, 367.7520864009857, 385.215194940567, 402.69085025787354, 420.21644735336304, 437.73090505599976, 455.2273111343384, 472.70906829833984, 490.21637058258057, 507.7296440601349, 525.211746931076, 542.6642224788666, 560.1759386062622, 577.7121105194092, 595.275454044342, 612.7986690998077, 630.2778341770172, 647.7522776126862, 665.2872712612152, 682.8169493675232, 700.2632539272308, 717.7201426029205, 735.212290763855, 752.7212355136871, 770.1915655136108, 787.8324282169342, 805.3367373943329, 822.8324925899506, 840.3136515617371, 857.8382225036621, 875.332622051239, 892.8131129741669, 910.3206856250763, 927.8379759788513, 945.3099629878998, 962.8099007606506, 980.336149930954, 997.8061907291412, 1015.2862782478333, 1032.8085453510284, 1050.3109040260315, 1067.835292816162, 1085.3416244983673, 1102.8424463272095, 1120.3436305522919, 1137.8606839179993, 1155.3277187347412, 1172.8038380146027, 1190.2917256355286, 1207.7688598632812, 1225.2489404678345, 1242.7454302310944, 1260.2392208576202, 1277.7257480621338, 1295.2303378582, 1312.7127802371979, 1330.198902130127, 1347.681655406952, 1365.1644463539124, 1382.6813321113586, 1400.1669392585754, 1417.7740008831024, 1435.263738155365, 1452.7524075508118, 1470.2462451457977, 1487.7426249980927, 1505.2343950271606, 1522.7383089065552, 1540.2552444934845, 1557.7854311466217, 1575.29945063591, 1592.8191475868225, 1610.2775716781616, 1627.5650804042816, 1644.8888354301453, 1662.2307379245758, 1679.51478266716, 1696.8523256778717, 1714.1667318344116, 1731.4934051036835, 1748.808334827423], "val_loss": [3.781381605911255, 3.3812796577453614, 3.1779915508270262, 2.8445519760131837, 2.723665908432007, 3.001679067993164, 2.7057297019958497, 2.5960995059967042, 2.3583166679382326, 2.617086856842041, 2.282579349899292, 2.2018505126953123, 2.2554446069717407, 2.3511724864959715, 2.381703992462158, 2.002850826263428, 2.1670491813659667, 2.055752493286133, 2.0744067642211914, 1.9853252891540527, 2.3216123081207276, 1.9929150150299073, 2.0746077812194823, 2.05844423828125, 2.018477767562866, 2.0455876510620117, 2.0333895292282103, 1.9621278106689453, 2.157145386886597, 1.98435464553833, 1.841123098373413, 1.8405472461700438, 1.915912557220459, 2.1462531047821045, 1.8283083992004394, 2.017993511199951, 1.92817486038208, 1.9723272186279297, 1.7216720352172852, 2.1306716346740724, 1.9167627994537353, 1.7891812355041503, 1.760694719696045, 1.9886013488769532, 2.088940581512451, 1.7248344875335693, 1.7862289501190185, 1.721441410255432, 2.1555692218780518, 1.8081241165161133, 1.842544535446167, 1.8999291164398193, 1.733596369934082, 1.5894585872650147, 1.720525295639038, 1.7476394241333009, 1.6956525493621826, 1.5377695705413819, 1.6490546699523925, 1.76045051612854, 1.6732338249206542, 1.5726201221466065, 1.6554606960296632, 1.696182592010498, 1.5443544115066528, 1.5067580047607423, 1.5485255493164063, 1.499033451461792, 1.5478983949661256, 1.535908208847046, 1.4627120721817017, 1.5885621841430664, 1.565992001914978, 1.4910774543762206, 1.4340384552001952, 1.472382731628418, 1.4431730388641357, 1.4188804153442383, 1.424268540763855, 1.4326869140625, 1.430662952041626, 1.4461672874450684, 1.4117800296783447, 1.41192195854187, 1.4143548063278197, 1.4084047103881836, 1.4093599113464355, 1.4056394554138183, 1.3954358505249023, 1.4044166829109193, 1.3997511932373048, 1.4013681686401367, 1.4014991191864015, 1.399552049255371, 1.4010006487846374, 1.4084214099884034, 1.4033215106964112, 1.403285140991211, 1.4071246025085449, 1.4113914703369141],