{"loss": [], "acc": [], "test_loss": [3.6529178413391112, 3.2793425647735597, 3.020624644088745, 2.8034538837432863, 2.6618315731048585, 2.5126724895477297, 2.4463611320495606, 2.4880146667480467, 2.585498067855835, 2.297366644668579, 2.4337903873443603, 2.1800889167785646, 2.086535272026062, 2.211073679733276, 2.1451829891204834, 2.218504633140564, 2.049226100540161, 2.0776968044281006, 1.9292195064544677, 2.093355488204956, 1.962596745109558, 2.120508094596863, 2.2286115741729735, 2.052218653488159, 1.9881822769165038, 1.971530823135376, 1.9733839454650879, 2.206896154785156, 1.882579598045349, 2.0116860599517823, 1.9099264724731446, 1.8594232444763183, 1.9013673538208007, 1.8739081859588622, 1.8906203884124755, 1.951708327293396, 1.8136916423797607, 1.9832247150421143, 1.8055435689926147, 2.047333871078491, 1.865196793937683, 1.8495679973602295, 1.8431727268218994, 2.0756952699661255, 1.7068886291503906, 1.6507307334899903, 1.7142229148864747, 1.842773743057251, 1.8706564025878907, 1.7559040977478027, 1.5913038249969482, 1.9887558715820313, 1.6806507789611815, 1.6021970039367677, 1.8151096168518066, 1.7141170370101928, 1.6452014965057373, 1.5583762023925782, 1.5696242696762086, 1.54100569190979, 1.6027831367492675, 1.5761594329833983, 1.5467498540878295, 1.5654546459197998, 1.4494441221237182, 1.4683140888214112, 1.5014136346817017, 1.4895033065795897, 1.5059837644577025, 1.5604327083587646, 1.4302836124420166, 1.451872954559326, 1.4422853645324707, 1.4210626068115235, 1.4276718030929565, 1.420280424118042, 1.3818828294754029, 1.396861922454834, 1.392623405456543, 1.3731845449447633, 1.412040846824646, 1.3591661026000976, 1.3429698350906372, 1.3408395616531372, 1.3415331005096436, 1.3261183961868286, 1.3307391216278077, 1.3122581882476807, 1.323481317138672, 1.3144966388702393, 1.328815623474121, 1.3200488189697266, 1.3233408699035645, 1.3232660621643066, 1.3195484706878662, 1.3183674377441406, 1.3252641645431518, 1.3192380268096924, 1.3166194969177245, 1.3210512550354003], "test_acc": [13.299999237060547, 20.439998626708984, 24.93000030517578, 29.009998321533203, 31.799999237060547, 34.77000045776367, 36.540000915527344, 36.59000015258789, 34.71999740600586, 40.54999923706055, 37.63999938964844, 42.68000030517578, 43.63999938964844, 42.459999084472656, 43.459999084472656, 42.54999923706055, 45.32999801635742, 45.40999984741211, 47.459999084472656, 45.62999725341797, 47.27000045776367, 44.79999923706055, 42.68000030517578, 46.13999938964844, 47.099998474121094, 47.439998626708984, 47.86000061035156, 43.029998779296875, 50.07999801635742, 47.0099983215332, 48.849998474121094, 50.57999801635742, 48.54999923706055, 49.709999084472656, 50.71999740600586, 48.709999084472656, 51.529998779296875, 48.07999801635742, 52.1099967956543, 46.78999710083008, 50.93000030517578, 51.16999816894531, 51.369998931884766, 48.69999694824219, 54.03999710083008, 55.39999771118164, 53.7599983215332, 51.0, 50.47999954223633, 53.07999801635742, 56.84000015258789, 48.869998931884766, 55.22999954223633, 56.869998931884766, 52.22999954223633, 53.77000045776367, 56.5099983215332, 57.939998626708984, 57.81999969482422, 57.41999816894531, 56.52000045776367, 57.959999084472656, 58.16999816894531, 57.89999771118164, 60.38999938964844, 59.88999938964844, 59.68000030517578, 60.09000015258789, 59.62999725341797, 58.599998474121094, 61.71999740600586, 61.519996643066406, 61.14999771118164, 62.029998779296875, 61.78999710083008, 62.3599967956543, 63.119998931884766, 63.119998931884766, 63.30999755859375, 64.01000213623047, 63.209999084472656, 64.08000183105469, 64.20999908447266, 65.18000030517578, 64.97999572753906, 65.26000213623047, 65.52999877929688, 65.72000122070312, 65.40999603271484, 65.63999938964844, 65.72000122070312, 66.18000030517578, 66.18999481201172, 66.0, 65.98999786376953, 66.43000030517578, 66.13999938964844, 66.26000213623047, 66.33000183105469, 66.22000122070312], "wall_time": [13.176931142807007, 26.250499963760376, 39.26189208030701, 52.28559398651123, 65.34122633934021, 78.39126205444336, 91.39398336410522, 104.39224886894226, 117.4499294757843, 130.534907579422, 143.54301714897156, 156.58601021766663, 169.68343591690063, 182.7823667526245, 195.8456585407257, 208.94228839874268, 222.01059556007385, 235.0002465248108, 248.0658700466156, 261.16060185432434, 274.1818027496338, 287.222354888916, 300.2614121437073, 313.3550033569336, 326.45610761642456, 339.4573063850403, 352.54988956451416, 365.6222584247589, 378.63992285728455, 391.6958239078522, 404.7562463283539, 417.83967304229736, 430.8799784183502, 443.92233419418335, 456.9926278591156, 470.0429162979126, 483.0711109638214, 496.181024312973, 509.23039531707764, 522.2261829376221, 535.254322052002, 548.3466558456421, 561.419894695282, 574.4759242534637, 587.522251367569, 600.5652279853821, 613.6142926216125, 626.6976594924927, 639.8284583091736, 652.8766088485718, 665.8940563201904, 678.9500415325165, 692.0313291549683, 705.0707833766937, 718.0520408153534, 731.0968883037567, 744.169163942337, 757.2656481266022, 770.3424100875854, 783.3497848510742, 796.41921043396, 809.5025126934052, 822.600346326828, 835.6265380382538, 848.6106350421906, 861.7112257480621, 874.7936403751373, 887.8528881072998, 900.8778111934662, 913.9287242889404, 927.0160908699036, 940.0500750541687, 953.0528726577759, 966.0890560150146, 979.1424446105957, 992.2767543792725, 1005.3094358444214, 1018.347410440445, 1031.433232307434, 1044.4715282917023, 1057.5242364406586, 1070.6175909042358, 1083.6722168922424, 1096.800925731659, 1109.9057846069336, 1122.9431898593903, 1136.0643351078033, 1149.1466825008392, 1162.1943044662476, 1175.2688655853271, 1188.2925567626953, 1201.3878118991852, 1214.5104143619537, 1227.5328526496887, 1240.568187713623, 1253.6840269565582, 1266.7040405273438, 1279.7511122226715, 1292.773851633072, 1305.823476076126], "val_loss": [3.6693651271820067, 3.3105907150268554, 3.0329274559020996, 2.832487330245972, 2.679289961242676, 2.5380767028808595, 2.5007654220581053, 2.5288155517578126, 2.5890740482330323, 2.3211139976501465, 2.474018592071533, 2.2118951499938966, 2.1304478019714357, 2.2260142143249513, 2.141884079360962, 2.2552621803283692, 2.0946294719696046, 2.0956440692901612, 1.9727575244903564, 2.130641209030151, 2.015082553100586, 2.125146504211426, 2.2753210868835447, 2.048299877166748, 1.9958840965270996, 1.996039956474304, 1.9958305114746093, 2.2490360328674317, 1.8788870819091796, 2.0187706382751465, 1.9607355461120606, 1.8867960597991944, 1.9271084636688232, 1.8898195556640625, 1.9040929016113282, 1.9677231919288636, 1.8347677600860595, 1.9917357999801635, 1.8526932331085204, 2.0666692403793334, 1.9095875379562377, 1.8582861738204957, 1.8828871793746949, 2.085178304672241, 1.7387367235183715, 1.6736567920684815, 1.7574612079620362, 1.883443768310547, 1.8997003736495972, 1.7766296459197999, 1.6067753547668457, 2.016420118713379, 1.7116788200378419, 1.6445259035110473, 1.8318089372634887, 1.7247642028808594, 1.666523399734497, 1.5793930721282958, 1.595653882408142, 1.5685959257125854, 1.5986815725326537, 1.6192379217147828, 1.567546301651001, 1.5878277158737182, 1.4814650239944458, 1.5095151893615724, 1.5360210893630981, 1.5116824062347411, 1.5320810440063477, 1.6131599082946777, 1.44574736328125, 1.4704257228851318, 1.458304517364502, 1.4437455730438233, 1.460405947303772, 1.424197367477417, 1.4065821071624756, 1.4163959131240844, 1.3994491981506347, 1.3934768009185792, 1.4301678310394288, 1.379888377761841, 1.3661063495635986, 1.349693071746826, 1.3507825386047363, 1.3541207460403442, 1.348972124862671, 1.3322336896896363, 1.341283707046509, 1.332508134651184, 1.3447722608566284, 1.3343610208511352, 1.337814017868042, 1.3335819301605225, 1.3346669330596923, 1.328762537765503, 1.3353071111679078, 1.3361222875595093, 1.3296224739074707, 1.3319763465881347],