{"loss": [], "acc": [], "test_loss": [3.945150619506836, 3.6386356060028078, 3.387701546096802, 3.1720420932769775, 3.049441281890869, 2.8182508960723878, 2.76472537689209, 2.6831249565124513, 2.755717226791382, 2.5888775981903076, 2.431583480834961, 2.332604570388794, 2.3091770721435547, 2.2537730167388914, 2.2108532543182373, 2.4352905548095705, 2.189229943847656, 2.2206231773376466, 2.175845501327515, 2.2361622817993165, 2.104037321472168, 2.413298764419556, 2.3414769273757936, 2.0197957763671877, 2.0427993041992187, 1.8617358131408692, 2.1993610036849978, 1.9402748069763183, 2.034632781791687, 1.9442209266662598, 2.0412981620788573, 1.9523710063934325, 2.4459251722335815, 1.9530330940246583, 1.9286630531311035, 1.9945395515441895, 1.9557041229248047, 1.8427867027282714, 1.828168661880493, 1.8672655296325684, 1.7525718837738038, 1.7817370250701905, 1.9048268402099608, 1.7989505558013916, 1.759620816040039, 1.7490807340621948, 1.891104708480835, 1.823923567390442, 1.6821221933364867, 1.6762600881576537, 1.6607415241241454, 1.758983953857422, 1.7754327453613281, 1.7270987888336182, 1.6862569265365601, 2.1405590351104737, 1.7397120292663575, 1.6456835891723633, 1.5823037560462951, 1.6352965305328369, 1.5803859806060792, 1.535600323677063, 1.5202509983062744, 1.5280455089569092, 1.722147308921814, 1.6234277042388916, 1.522069340133667, 1.5432686841964722, 1.4095935287475585, 1.540823779296875, 1.4388937106132507, 1.4829175212860108, 1.4421585048675538, 1.3977794725418091, 1.376398163986206, 1.3597956781387328, 1.3620577439308166, 1.321971438217163, 1.3382030682563781, 1.3161599987030028, 1.3386200976371765, 1.307166449356079, 1.2741758847236633, 1.2966928909301758, 1.2705753240585327, 1.296445859336853, 1.2756628406524657, 1.2672741802215577, 1.2725025259017944, 1.2620145018577575, 1.2644079036712645, 1.2668322872161866, 1.2631533464431763, 1.266319273853302, 1.2638357128143312, 1.2609615342140197, 1.2614104990959167, 1.2612100617408752, 1.2586558448791505, 1.2629273977279662], "test_acc": [7.659999847412109, 12.569999694824219, 17.8799991607666, 20.889999389648438, 25.059999465942383, 28.06999969482422, 29.84000015258789, 31.439998626708984, 32.29999923706055, 33.47999954223633, 37.16999816894531, 38.48999786376953, 39.46999740600586, 40.15999984741211, 40.98999786376953, 38.75, 41.709999084472656, 42.52000045776367, 42.869998931884766, 41.97999954223633, 43.66999816894531, 38.59000015258789, 40.79999923706055, 46.40999984741211, 45.779998779296875, 48.94999694824219, 43.689998626708984, 47.87999725341797, 46.14999771118164, 48.029998779296875, 45.189998626708984, 47.94999694824219, 40.16999816894531, 48.09000015258789, 48.89999771118164, 47.66999816894531, 48.32999801635742, 50.369998931884766, 50.59000015258789, 50.06999969482422, 52.73999786376953, 51.64999771118164, 49.959999084472656, 51.38999938964844, 53.14999771118164, 52.349998474121094, 50.41999816894531, 50.80999755859375, 54.099998474121094, 54.44999694824219, 54.80999755859375, 52.78999710083008, 52.75, 53.59000015258789, 53.599998474121094, 46.82999801635742, 53.0099983215332, 55.98999786376953, 57.38999938964844, 55.84000015258789, 56.62999725341797, 57.939998626708984, 58.55999755859375, 58.91999816894531, 54.6099967956543, 57.18000030517578, 59.019996643066406, 58.3599967956543, 61.30999755859375, 59.189998626708984, 61.1099967956543, 60.769996643066406, 61.7599983215332, 62.209999084472656, 62.80999755859375, 63.21999740600586, 63.209999084472656, 64.45999908447266, 64.02999877929688, 65.04000091552734, 64.47000122070312, 65.31999969482422, 65.79000091552734, 65.62999725341797, 66.25, 65.90999603271484, 66.56999969482422, 67.18000030517578, 67.0199966430664, 67.05999755859375, 67.06999969482422, 66.88999938964844, 67.23999786376953, 67.06999969482422, 67.25, 67.47999572753906, 67.37999725341797, 67.47999572753906, 67.41999816894531, 67.29000091552734], "wall_time": [81.06571435928345, 115.64632940292358, 136.2362515926361, 157.99661302566528, 178.56731271743774, 199.50412797927856, 220.30623745918274, 241.21384644508362, 262.0768258571625, 283.60464572906494, 304.65141558647156, 325.4759247303009, 347.6838595867157, 368.30294370651245, 388.9895088672638, 409.61536502838135, 430.36004543304443, 451.2236633300781, 472.04594707489014, 492.9953842163086, 514.1922605037689, 535.1230638027191, 557.0251562595367, 578.2422697544098, 598.9978883266449, 619.8464884757996, 640.3876559734344, 661.284702539444, 683.2742302417755, 704.2061092853546, 724.9768235683441, 745.971964597702, 767.2131190299988, 787.9921915531158, 809.5710861682892, 830.4832458496094, 851.2323265075684, 872.691339969635, 893.2805895805359, 913.8889360427856, 934.8591027259827, 956.6154689788818, 977.572190284729, 998.8150119781494, 1019.9742286205292, 1040.9464201927185, 1061.7696180343628, 1082.8813784122467, 1103.7363855838776, 1124.1810677051544, 1144.752860069275, 1165.6098368167877, 1186.3222382068634, 1207.1076381206512, 1228.0801870822906, 1249.6370241641998, 1270.717099905014, 1292.7881326675415, 1313.9076521396637, 1334.4960279464722, 1355.3130049705505, 1376.9985094070435, 1397.6771178245544, 1419.6505703926086, 1440.412227153778, 1462.4427428245544, 1483.4270663261414, 1504.758786201477, 1526.0243587493896, 1548.4141869544983, 1569.2897651195526, 1591.348576784134, 1613.2788162231445, 1635.8438296318054, 1655.9364783763885, 1676.1506736278534, 1697.500456571579, 1717.8307864665985, 1738.0591049194336, 1758.345984697342, 1778.5014944076538, 1798.7936668395996, 1819.532342672348, 1839.7872841358185, 1860.5060856342316, 1882.0887198448181, 1903.9197018146515, 1924.833414554596, 1945.700129032135, 1966.7729144096375, 1987.8116602897644, 2010.3416402339935, 2031.285385608673, 2052.48078250885, 2073.875683069229, 2094.935604095459, 2115.923677444458, 2138.070534467697, 2158.966742038727, 2180.0280907154083], "val_loss": [3.9532878883361815, 3.6604760780334473, 3.417655514526367, 3.1908684787750246, 3.063592552947998, 2.8519421142578123, 2.7827349700927733, 2.7089077743530274, 2.7872447273254393, 2.6052920139312743, 2.4312042291641234, 2.3830441764831543, 2.31312518157959, 2.2779028060913085, 2.231145072555542, 2.4730442859649657, 2.1975186820983885, 2.249918482208252, 2.1966423011779783, 2.2603152015686034, 2.1137947463989257, 2.4100320701599123, 2.368334881973267, 2.003674013519287, 2.066993729019165, 1.894558038711548, 2.238549955368042, 1.9442361766815186, 2.046975481414795, 1.9526695743560791, 2.04445633392334, 1.9685996505737304, 2.4481541442871095, 1.95098719291687, 1.9240475154876708, 2.0277865375518798, 1.9960394302368165, 1.822344387435913, 1.8438625049591064, 1.8558515830993652, 1.778483449935913, 1.8184602844238282, 1.9074685873031616, 1.7919699563980103, 1.77749469871521, 1.728279511642456, 1.8955318576812745, 1.844015906906128, 1.7061813852310181, 1.6822731046676636, 1.6867884544372558, 1.7688741685867309, 1.7846488672256469, 1.7643015460968017, 1.691208445739746, 2.1468846641540527, 1.7282181037902833, 1.6282026092529296, 1.5710163200378418, 1.6527929382324218, 1.5833096504211426, 1.5458949035644531, 1.5295171188354493, 1.5534440822601319, 1.7354346012115478, 1.6297664604187012, 1.5223034917831422, 1.5306198413848877, 1.42372741355896, 1.54728657913208, 1.4403345363616944, 1.4840170495986937, 1.459451234436035, 1.3985885688781738, 1.375237792778015, 1.3888832611083985, 1.3689268798828125, 1.333861336517334, 1.3470500659942628, 1.3325200325012208, 1.3500858310699464, 1.3169721321105956, 1.2975809610366822, 1.3103278484344483, 1.2917672233581543, 1.3067275398254394, 1.3014128925323487, 1.2895579418182372, 1.2928944917678833, 1.2835503890991211, 1.2845775672912598, 1.2894483827590943, 1.2883372816085816, 1.2847866828918457, 1.2832605573654174, 1.2892903005599976, 1.2860881181716919, 1.2872989042282104, 1.284912167930603, 1.2863952369689942],