{"loss": [], "acc": [], "test_loss": [3.8419602230072023, 3.377362199783325, 3.060672904586792, 2.7470539810180665, 2.5980155101776123, 2.339052300262451, 2.355274845504761, 2.1580051246643066, 2.2595825748443605, 2.086754056549072, 2.0103096145629884, 1.9574771133422852, 1.9898473136901855, 2.0602340549468994, 1.8664183952331543, 1.841461141204834, 1.901132430267334, 1.9500570203781127, 1.9141052562713623, 2.0238048862457276, 1.8247672359466554, 1.7732116191864014, 1.8079735954284668, 1.9817553768157958, 1.8427666912078857, 1.7996195161819457, 1.8364588283538819, 1.709437452316284, 1.6572585496902466, 1.700547945022583, 1.8144566036224365, 1.732891752243042, 1.6851896354675293, 2.001569767189026, 1.7542654375076294, 1.5854680103302001, 1.6269034004211427, 1.55100272731781, 1.5706702194213866, 1.6136522262573243, 1.6334107360839845, 1.6566161500930787, 1.5685059737205505, 1.575159175682068, 1.578859514427185, 1.5787489475250245, 1.5373800457000733, 1.7279008045196533, 1.5551167148590088, 1.5637603563308715, 1.5778795015335083, 1.7044722675323487, 1.5019496818542482, 1.4743254703521729, 1.4494825511932372, 1.5003556476593018, 1.4641390684127809, 1.4429510303497315, 1.454321284866333, 1.6085327957153321, 1.4299838497161865, 1.4292132598876952, 1.5224378681182862, 1.3482885324478149, 1.4639843238830565, 1.455506637954712, 1.3695784385681153, 1.403565216445923, 1.3683031391143798, 1.3765326099395752, 1.3618446455001831, 1.3752001518249513, 1.394250620651245, 1.3626495456695558, 1.3575553386688233, 1.312700912475586, 1.3146718784332276, 1.2850703758239745, 1.3006456027984619, 1.279082869720459, 1.2945837661743165, 1.2782147659301757, 1.2689906240463258, 1.255949026298523, 1.2562899221420287, 1.253278967475891, 1.255143611907959, 1.2500616960525512, 1.2453872104644776, 1.2400304313659667, 1.2389501304626465, 1.2374731479644776, 1.227449979019165, 1.2286907249450683, 1.2293215587615967, 1.231209909439087, 1.230940685272217, 1.2299229862213135, 1.2292211891174316, 1.2286345762252808], "test_acc": [9.179999351501465, 16.85999870300293, 23.75, 29.34000015258789, 33.57999801635742, 38.29999923706055, 39.25, 42.62999725341797, 40.529998779296875, 43.97999954223633, 46.34000015258789, 47.52000045776367, 46.28999710083008, 45.529998779296875, 49.37999725341797, 50.30999755859375, 48.98999786376953, 48.0099983215332, 49.529998779296875, 47.11000061035156, 51.869998931884766, 51.28999710083008, 51.5099983215332, 47.65999984741211, 51.82999801635742, 51.14999771118164, 50.91999816894531, 53.2599983215332, 54.689998626708984, 53.209999084472656, 52.12999725341797, 53.38999938964844, 54.59000015258789, 48.46999740600586, 53.119998931884766, 57.34000015258789, 55.44999694824219, 57.34000015258789, 57.209999084472656, 56.27000045776367, 55.96999740600586, 56.029998779296875, 57.5, 57.2599983215332, 56.57999801635742, 57.3599967956543, 58.68000030517578, 55.55999755859375, 58.16999816894531, 58.44999694824219, 58.09000015258789, 55.3599967956543, 59.6099967956543, 59.79999923706055, 61.209999084472656, 60.43000030517578, 60.939998626708984, 61.779998779296875, 61.14999771118164, 58.0099983215332, 61.959999084472656, 62.119998931884766, 60.709999084472656, 64.1199951171875, 62.3599967956543, 62.80999755859375, 64.44999694824219, 64.13999938964844, 64.77999877929688, 64.65999603271484, 64.8499984741211, 65.86000061035156, 64.86000061035156, 65.6199951171875, 66.2699966430664, 67.1199951171875, 67.70999908447266, 68.13999938964844, 68.0999984741211, 68.19999694824219, 68.69999694824219, 68.98999786376953, 69.13999938964844, 69.62999725341797, 69.7699966430664, 69.70999908447266, 69.61000061035156, 69.75, 70.19999694824219, 70.0999984741211, 69.86000061035156, 70.11000061035156, 70.22999572753906, 70.25, 70.16999816894531, 70.3499984741211, 70.22999572753906, 70.02999877929688, 70.3499984741211, 70.19999694824219], "wall_time": [82.80841302871704, 107.83299994468689, 124.50313067436218, 141.31930994987488, 158.37145352363586, 175.13164401054382, 191.7108860015869, 208.80968284606934, 225.6467080116272, 242.52988576889038, 259.2318665981293, 275.9769718647003, 292.913143157959, 309.65155267715454, 326.674054145813, 343.57416701316833, 360.27633452415466, 377.0270285606384, 393.84180760383606, 410.60107922554016, 427.56251978874207, 444.3952729701996, 461.0754044055939, 477.82410287857056, 494.44044733047485, 511.1667037010193, 527.955498456955, 544.5513100624084, 561.2613887786865, 578.0754852294922, 594.6644484996796, 611.5004639625549, 628.1742861270905, 644.7071530818939, 661.3782873153687, 677.9852373600006, 694.5055909156799, 711.2652051448822, 727.9577717781067, 744.527726650238, 761.0251047611237, 777.8987855911255, 794.6984512805939, 811.1578817367554, 827.6959450244904, 844.5065157413483, 861.0999405384064, 878.009738445282, 895.0213754177094, 911.5632166862488, 928.4387776851654, 945.1012871265411, 961.7680466175079, 978.6512455940247, 995.2187240123749, 1011.8501522541046, 1028.6255068778992, 1045.8186266422272, 1062.7135355472565, 1079.4733526706696, 1095.8414633274078, 1112.4255752563477, 1128.7726836204529, 1145.2923398017883, 1161.9349415302277, 1178.4915871620178, 1195.2153425216675, 1211.9602465629578, 1228.6059880256653, 1245.2121918201447, 1261.8554730415344, 1278.4293251037598, 1295.0633108615875, 1311.6112878322601, 1328.2373986244202, 1345.1305072307587, 1361.7770669460297, 1378.5873289108276, 1395.3727865219116, 1411.9746072292328, 1428.771733045578, 1445.5466301441193, 1462.2928230762482, 1479.2979543209076, 1496.366297006607, 1513.2740128040314, 1530.0023682117462, 1546.6355457305908, 1563.5371220111847, 1580.3681604862213, 1596.931396484375, 1613.6462478637695, 1630.421379327774, 1646.9019827842712, 1663.8580884933472, 1680.493057012558, 1697.0850670337677, 1713.823399066925, 1730.2451045513153, 1747.0358746051788], "val_loss": [3.842975800704956, 3.4121606285095214, 3.065777555847168, 2.802351170730591, 2.6385361793518065, 2.3568910774230956, 2.3540300785064696, 2.165297413635254, 2.301084364128113, 2.108724913406372, 2.0173605136871338, 1.9401186683654785, 2.0360728954315186, 2.080842094421387, 1.9230152191162109, 1.854818564605713, 1.8896812858581542, 1.933345612335205, 1.9350783878326416, 2.0265097343444824, 1.8698957607269286, 1.7876248626708984, 1.825661058807373, 1.9994143405914306, 1.8414114528656005, 1.79669820022583, 1.8928177574157714, 1.7406484481811524, 1.682062373161316, 1.721321445083618, 1.839736417388916, 1.7785039398193359, 1.7005481033325196, 1.9990579662322998, 1.7736307537078857, 1.6155291805267333, 1.6470768474578859, 1.5680953525543213, 1.5898932258605958, 1.6244585441589356, 1.6462647659301757, 1.6908728187561035, 1.5867670124053954, 1.5823422218322754, 1.6095636123657227, 1.6067121280670167, 1.5589271644592284, 1.7480822170257568, 1.5649056541442872, 1.5532995429992675, 1.595668475341797, 1.7594632480621337, 1.5158895895004272, 1.5031424697875977, 1.4644442276000977, 1.494743755722046, 1.4890137939453125, 1.489943355178833, 1.4594876552581788, 1.6296320972442626, 1.460106582069397, 1.4313641731262208, 1.5705185249328613, 1.356391388130188, 1.4834825283050537, 1.5117175666809082, 1.3977977809906006, 1.4250963710784912, 1.3694541748046876, 1.4027909490585326, 1.39578701171875, 1.3979252605438233, 1.425815343284607, 1.3735075580596925, 1.3652142133712768, 1.3321990606307983, 1.3160289875030518, 1.316161753463745, 1.302349882888794, 1.2923258102416992, 1.3022175315856934, 1.3000724853515624, 1.2774867736816407, 1.2648951480865478, 1.2621922735214233, 1.259538477897644, 1.2621997100830078, 1.2602506790161132, 1.2638015312194824, 1.2551630125045776, 1.2586246086120605, 1.2493936950683593, 1.2474997241973877, 1.2474391817092896, 1.2481343055725098, 1.2500564484596253, 1.2479315391540526, 1.2478832605361938, 1.2463751113891601, 1.2448050916671753],