{"loss": [], "acc": [], "test_loss": [4.07356668548584, 3.609861042022705, 3.2968286334991457, 3.0577090606689454, 2.8086610412597657, 2.728309670639038, 2.522526187133789, 2.54655193939209, 2.5407599578857423, 2.440029744338989, 2.2952165367126467, 2.3379557388305665, 2.365323015594482, 2.1006417224884033, 2.159058341217041, 2.5243174808502196, 2.1798940586090088, 2.3240931604385375, 2.1124602325439454, 2.288585265350342, 1.9180833930969239, 1.9451418952941895, 1.9233924423217774, 2.2116349143981933, 1.9376548694610596, 2.1895186389923094, 1.8963349182128906, 2.2668307525634765, 1.9412119384765625, 2.084842702484131, 1.999988904571533, 2.4638096843719484, 1.9261556468963623, 1.8110500926971436, 1.8123324462890624, 1.8501435791015626, 1.8557518699645996, 1.8707591627120972, 2.103350268936157, 1.8287426048278808, 1.7958458206176757, 1.7146127862930298, 1.7704742528915405, 1.7881740631103515, 1.7255657093048096, 1.720336093711853, 1.6782203357696532, 1.7537953569412232, 1.7350514957427978, 1.7026446243286133, 1.6920845043182373, 1.6267789388656617, 1.672787979888916, 1.6232385803222655, 1.6253158853530885, 1.5703886627197265, 1.5765893102645874, 1.64947100982666, 1.5453792514801026, 1.6013771850585938, 1.6058209596633912, 1.5145253973007202, 1.522106802368164, 1.5102546928405762, 1.5199278213500977, 1.5066705574035644, 1.5130388591766357, 1.4888582622528077, 1.496177647781372, 1.4696124864578246, 1.4184513732910156, 1.4689209581375122, 1.4732240200042725, 1.4574803256988524, 1.435921245765686, 1.3943890544891357, 1.4488406698226928, 1.40977464427948, 1.410975910949707, 1.403427321624756, 1.3951245498657228, 1.3779624187469481, 1.4103483530044556, 1.4041446117401124, 1.3905387355804444, 1.4071180660247802, 1.4096620391845702, 1.4156549633026123, 1.4025290184020995, 1.422946922683716, 1.4120412349700928, 1.4068196800231934, 1.4172559337615966, 1.414431683731079, 1.415722381591797, 1.416683723449707, 1.4144249496459962, 1.4118710437774658, 1.4120254531860352, 1.4149843770980834], "test_acc": [5.940000057220459, 13.489999771118164, 19.079999923706055, 23.56999969482422, 28.969999313354492, 31.119998931884766, 33.349998474121094, 34.779998779296875, 34.62999725341797, 36.61000061035156, 39.05999755859375, 38.80999755859375, 39.369998931884766, 43.80999755859375, 43.16999816894531, 37.55999755859375, 42.73999786376953, 39.529998779296875, 44.18000030517578, 41.25, 47.439998626708984, 47.55999755859375, 47.349998474121094, 43.07999801635742, 47.13999938964844, 43.099998474121094, 48.40999984741211, 40.89999771118164, 47.77000045776367, 45.529998779296875, 47.16999816894531, 39.39999771118164, 48.39999771118164, 50.79999923706055, 51.06999969482422, 50.09000015258789, 49.59000015258789, 50.029998779296875, 45.5, 50.88999938964844, 51.43000030517578, 53.099998474121094, 51.939998626708984, 50.96999740600586, 53.099998474121094, 53.029998779296875, 54.78999710083008, 52.5, 53.05999755859375, 53.59000015258789, 53.91999816894531, 55.349998474121094, 54.869998931884766, 56.12999725341797, 55.3599967956543, 57.189998626708984, 57.119998931884766, 55.099998474121094, 57.81999969482422, 56.57999801635742, 57.30999755859375, 58.88999938964844, 58.98999786376953, 58.779998779296875, 59.06999969482422, 59.39999771118164, 59.59000015258789, 60.119998931884766, 60.06999969482422, 60.709999084472656, 61.89999771118164, 61.43000030517578, 61.06999969482422, 61.32999801635742, 62.38999938964844, 62.80999755859375, 61.93000030517578, 63.209999084472656, 63.13999938964844, 64.25, 64.5, 64.4000015258789, 64.66999816894531, 64.8699951171875, 65.30999755859375, 64.68999481201172, 64.91999816894531, 65.1500015258789, 65.36000061035156, 65.43000030517578, 65.55999755859375, 65.68999481201172, 65.9000015258789, 65.81999969482422, 65.79000091552734, 65.93999481201172, 65.81999969482422, 66.15999603271484, 65.86000061035156, 65.8499984741211], "wall_time": [83.69792127609253, 119.51192283630371, 138.8712718486786, 158.5514531135559, 177.73626518249512, 197.45653438568115, 216.44890213012695, 235.7657699584961, 254.9734811782837, 274.16278624534607, 293.5802764892578, 312.62256622314453, 331.81070590019226, 350.9860816001892, 370.92175483703613, 390.2949151992798, 409.6314172744751, 428.9093499183655, 447.9597198963165, 467.0908498764038, 486.5476460456848, 506.82659459114075, 526.4224863052368, 545.6744439601898, 565.1988892555237, 584.3897395133972, 603.4022114276886, 622.9932470321655, 644.2351632118225, 663.7911241054535, 683.0784533023834, 702.3718223571777, 723.3291716575623, 742.6501226425171, 763.54940366745, 783.0817987918854, 802.5029003620148, 821.8676896095276, 841.6343760490417, 860.9651482105255, 880.3496749401093, 899.5684552192688, 919.308819770813, 938.9602484703064, 958.4527463912964, 977.7768266201019, 996.9102120399475, 1016.1540424823761, 1035.5368030071259, 1054.9487571716309, 1075.6128549575806, 1095.8458218574524, 1116.522364616394, 1135.839326620102, 1154.8022644519806, 1173.90163230896, 1193.9766027927399, 1213.6453483104706, 1233.029512643814, 1252.3841307163239, 1271.4480714797974, 1290.9420733451843, 1311.4349184036255, 1331.0210075378418, 1350.8219785690308, 1370.4538989067078, 1390.0158939361572, 1409.3202829360962, 1428.6365401744843, 1448.0256237983704, 1467.5049686431885, 1487.6914429664612, 1507.0016219615936, 1526.6929533481598, 1547.090603351593, 1566.2851963043213, 1585.7248039245605, 1605.1882140636444, 1624.9012882709503, 1644.27299284935, 1663.8757560253143, 1684.009293794632, 1703.476380109787, 1724.370659828186, 1744.1947672367096, 1765.3381142616272, 1785.2859137058258, 1804.930226802826, 1825.6187772750854, 1845.3326134681702, 1865.5992584228516, 1884.840440750122, 1904.2718291282654, 1923.8310050964355, 1943.420129776001, 1963.0758831501007, 1982.6038982868195, 2002.1597230434418, 2021.3487317562103, 2040.815378189087], "val_loss": [4.089444736099243, 3.6298614574432375, 3.31189704246521, 3.0918294322967528, 2.843155080413818, 2.746391599273682, 2.5367476203918455, 2.5630337200164797, 2.5413759712219237, 2.4609567924499514, 2.3023718070983885, 2.3610107181549074, 2.3733148281097414, 2.112190944290161, 2.1674314617156982, 2.515704670333862, 2.188917003631592, 2.3536579162597655, 2.121949849319458, 2.3004762491226196, 1.9425416454315185, 1.9652490360260009, 1.9488621353149413, 2.197421067237854, 1.9460028755187988, 2.208092604827881, 1.9100354476928711, 2.2810872856140136, 1.9527097583770752, 2.0835422538757324, 2.0054528997421266, 2.4686145629882814, 1.9142458965301514, 1.8139007091522217, 1.8249973106384276, 1.8612511074066163, 1.8887078685760499, 1.9117974855422974, 2.1364318531036375, 1.8592924337387084, 1.8172613189697266, 1.7367117959976197, 1.7864582052230835, 1.8239536325454713, 1.7393065784454347, 1.7472285980224609, 1.6680752265930177, 1.7617648693084718, 1.7378243659973145, 1.7113609886169434, 1.7130314008712768, 1.620654037284851, 1.65505370426178, 1.6466395393371582, 1.6226308294296266, 1.587378709793091, 1.5873259340286254, 1.6540936389923095, 1.5747288362503051, 1.5880517768859863, 1.6017910793304444, 1.5226659124374389, 1.533628182220459, 1.5048660680770873, 1.5201267631530762, 1.4944623220443725, 1.5060210384368897, 1.4844851348876953, 1.511342329788208, 1.4545107219696045, 1.4459500610351563, 1.4594746086120605, 1.4626699352264405, 1.4624467726707457, 1.4251194139480592, 1.4116707822799683, 1.4382273536682129, 1.399766347694397, 1.4160403213500976, 1.3951462591171264, 1.41383452835083, 1.4007015417098998, 1.3975265659332274, 1.3923826053619386, 1.4025864097595215, 1.4023579849243164, 1.399121796989441, 1.4024798952102662, 1.3967780959129334, 1.4048960470199585, 1.4021452154159546, 1.3927128131866455, 1.403177013683319, 1.4067085531234742, 1.4044206420898437, 1.4060820316314697, 1.4066460025787353, 1.4059245176315307, 1.402184481239319, 1.405985788822174],