{"loss": [], "acc": [], "test_loss": [3.6580017127990723, 3.2165283283233643, 2.828261998748779, 2.8456653617858887, 2.4597480239868164, 2.3602816944122313, 2.2617906154632568, 2.2723547065734864, 2.2377429332733154, 2.1297826751708984, 2.0072633567810056, 2.1900117904663086, 2.0750820587158203, 2.1244506504058838, 2.1011797105789185, 2.0734887519836427, 2.2431714780807495, 1.8946475608825684, 1.9243625228881835, 1.924577307510376, 2.0173435092926026, 2.0401320697784424, 1.9593427318572998, 1.82020643119812, 1.9962396760940553, 1.9696934314727783, 1.7671721870422363, 1.7983506233215332, 1.8878518272399902, 2.0220391479492186, 1.922836157989502, 1.7853160919189452, 1.6921490716934204, 1.8313250499725342, 1.8347893016815187, 1.7712642789840698, 1.6973114801406861, 1.6698188833236693, 1.6755541120529174, 1.6670719282150268, 1.6976641933441161, 1.8115150661468506, 1.5586920791625976, 1.6848444528579711, 1.8125366254806519, 1.8074107421875, 1.6244795930862426, 1.8141867065429687, 1.6458270753860473, 1.709847705078125, 1.6223491104125976, 1.6257939060211182, 1.5615448223114015, 1.690371195602417, 1.6710726186752318, 1.504434118270874, 1.5656192920684815, 1.5961602968215942, 1.6494642951965333, 1.4401886083602906, 1.6222725694656372, 1.579953974533081, 1.453352542114258, 1.477558430480957, 1.4393648015975953, 1.4485408515930176, 1.874456707572937, 1.453519554901123, 1.3640526271820068, 1.38900902633667, 1.4678908260345458, 1.388023854637146, 1.4181742868423461, 1.4155517581939698, 1.4285103742599488, 1.4656486022949218, 1.357761957168579, 1.3573951965332032, 1.3352154666900635, 1.3589945545196533, 1.341436880493164, 1.3449539779663087, 1.3214740257263184, 1.3169974990844726, 1.3531448722839357, 1.3165543968200684, 1.299009475517273, 1.2962154680252076, 1.310381254005432, 1.2997484523773193, 1.3002728775024415, 1.3028781673431395, 1.2994928852081298, 1.3008376560211181, 1.298823091316223, 1.2998451261520385, 1.2991633388519288, 1.2982087268829345, 1.2988070373535157, 1.2999162008285523], "test_acc": [13.649999618530273, 21.350000381469727, 27.84000015258789, 29.299999237060547, 35.5, 37.80999755859375, 39.86000061035156, 40.73999786376953, 41.59000015258789, 43.43000030517578, 46.25, 42.13999938964844, 44.59000015258789, 44.61000061035156, 44.05999755859375, 45.03999710083008, 42.56999969482422, 48.81999969482422, 47.869998931884766, 48.43000030517578, 46.939998626708984, 46.63999938964844, 48.62999725341797, 50.88999938964844, 47.46999740600586, 48.5099983215332, 51.869998931884766, 51.779998779296875, 49.619998931884766, 47.349998474121094, 49.86000061035156, 51.89999771118164, 54.04999923706055, 51.16999816894531, 50.88999938964844, 52.599998474121094, 53.80999755859375, 55.32999801635742, 55.39999771118164, 54.41999816894531, 54.23999786376953, 52.68000030517578, 56.689998626708984, 54.82999801635742, 52.07999801635742, 52.88999938964844, 55.55999755859375, 52.71999740600586, 55.7599983215332, 54.21999740600586, 56.82999801635742, 56.3599967956543, 57.44999694824219, 54.7599983215332, 55.349998474121094, 58.8599967956543, 58.90999984741211, 57.39999771118164, 57.07999801635742, 60.8599967956543, 57.02000045776367, 58.62999725341797, 60.32999801635742, 60.37999725341797, 61.04999923706055, 61.519996643066406, 53.73999786376953, 60.90999984741211, 63.8599967956543, 62.72999954223633, 61.189998626708984, 63.25, 62.5, 63.14999771118164, 62.59000015258789, 61.47999954223633, 64.55999755859375, 64.97999572753906, 65.29000091552734, 65.0999984741211, 65.56999969482422, 65.27999877929688, 65.88999938964844, 66.6199951171875, 65.41999816894531, 66.55999755859375, 66.47000122070312, 67.40999603271484, 66.95999908447266, 67.06999969482422, 67.15999603271484, 67.19999694824219, 67.33999633789062, 67.5, 67.38999938964844, 67.29000091552734, 67.30999755859375, 67.5, 67.41999816894531, 67.58000183105469], "wall_time": [16.166964292526245, 30.580660581588745, 44.83672499656677, 59.181318521499634, 73.52492713928223, 87.78815722465515, 102.09124755859375, 116.47628426551819, 130.77321457862854, 145.01683807373047, 159.34767985343933, 173.660630941391, 187.95581698417664, 202.35870242118835, 216.63836240768433, 231.14099431037903, 245.57738256454468, 259.8775405883789, 274.1963379383087, 288.53104758262634, 302.90964698791504, 317.21200013160706, 331.58821296691895, 345.9677231311798, 360.2790927886963, 374.6363139152527, 389.04412841796875, 403.3627061843872, 417.70182728767395, 432.0601918697357, 446.42803621292114, 460.7407958507538, 475.2665183544159, 489.58339047431946, 503.8724727630615, 518.2226850986481, 532.5004458427429, 546.7336781024933, 561.0690891742706, 575.3897275924683, 589.5938496589661, 603.9543399810791, 618.3170609474182, 632.6208415031433, 646.9310169219971, 661.2622859477997, 675.5795142650604, 689.9274599552155, 704.2629852294922, 718.5730719566345, 732.8994858264923, 747.1858153343201, 761.4837820529938, 775.8209037780762, 790.1950242519379, 804.5061964988708, 818.819263458252, 833.1482949256897, 847.4301977157593, 861.741940498352, 876.1064183712006, 890.4059548377991, 904.6421568393707, 919.0160629749298, 933.354460477829, 947.5921928882599, 962.0653929710388, 976.3686158657074, 990.6983916759491, 1005.2408771514893, 1019.7220516204834, 1034.2592191696167, 1048.7747631072998, 1063.275059223175, 1077.8077580928802, 1092.3498923778534, 1106.8264241218567, 1121.306887626648, 1135.8334395885468, 1150.3121786117554, 1164.7705383300781, 1179.28369307518, 1193.7833967208862, 1208.2330288887024, 1222.732115983963, 1237.2323808670044, 1251.7135150432587, 1266.257295370102, 1280.8097789287567, 1295.3354029655457, 1309.8578941822052, 1324.3838911056519, 1338.9438033103943, 1353.4357442855835, 1368.0362162590027, 1382.6282896995544, 1397.1222698688507, 1411.5777568817139, 1426.1675884723663, 1440.7063994407654], "val_loss": [3.6725612506866456, 3.2507680980682374, 2.854581202316284, 2.8645059844970704, 2.4918261436462403, 2.4228171634674074, 2.2952038415908813, 2.287726734161377, 2.2744130214691163, 2.134739948272705, 2.0496307167053223, 2.2109574386596678, 2.082032779502869, 2.1466737674713134, 2.126253620529175, 2.0961558879852293, 2.2508244426727293, 1.9120712306976317, 1.9292135528564454, 1.910845004272461, 2.0495333797454833, 2.0499500465393066, 1.9634405460357667, 1.8563527145385743, 2.024612077331543, 1.955119665145874, 1.7898620010375976, 1.8045660678863524, 1.9164268144607544, 2.039066877365112, 1.9491867248535155, 1.7863307373046875, 1.7024208297729493, 1.8450830745697022, 1.8890263385772705, 1.7894331523895264, 1.6919389024734497, 1.7044459461212158, 1.6820474117279052, 1.6601478981018067, 1.7383147331237794, 1.8297553623199463, 1.5518694492340088, 1.6849856758117676, 1.8104358821868896, 1.8407293617248535, 1.6499928634643555, 1.8042021739959717, 1.6583724613189696, 1.737469464302063, 1.6531113222122193, 1.6402635633468627, 1.5703288345336914, 1.691771332168579, 1.692354376602173, 1.5341518850326539, 1.5574642707824706, 1.5968829650878906, 1.654755774307251, 1.460506707763672, 1.636304915046692, 1.561936961364746, 1.490079774093628, 1.4983771389007567, 1.4573714599609375, 1.4874178190231324, 1.8941799606323242, 1.455343402862549, 1.3791542057037354, 1.4085500928878785, 1.4709085371017456, 1.3956227695465089, 1.4466424533843993, 1.4355040676116944, 1.4438772680282592, 1.4738858030319213, 1.37636646900177, 1.355267971420288, 1.338539255142212, 1.3580759050369262, 1.3460380725860597, 1.3428287973403932, 1.3233145935058594, 1.3118052585601807, 1.3588217481613158, 1.328229714012146, 1.320500263786316, 1.2991235206604004, 1.3166729152679444, 1.2991658973693847, 1.3028717262268066, 1.3087632581710815, 1.2991039707183838, 1.3031560792922974, 1.3034028162002564, 1.307818618774414, 1.3037173383712768, 1.3022217458724976, 1.3039641904830932, 1.302796321105957],