{"loss": [], "acc": [], "test_loss": [3.799852233886719, 3.2724577419281005, 2.906251891708374, 2.8799325775146483, 2.935230862426758, 2.599348886489868, 2.4437923038482667, 2.37531375541687, 2.5035107807159425, 2.3813322052001955, 2.250502777862549, 2.435983241271973, 2.1457352388381956, 2.2841415241241454, 2.1268154777526855, 1.9843185831069947, 2.000724887084961, 2.1678761291503905, 2.20809154586792, 1.9756709609985352, 2.1986268142700194, 2.1764648506164552, 2.1592090898513794, 2.0457046449661256, 2.0764767990112305, 1.9253342624664307, 1.9674234476089478, 1.9492706523895265, 2.0431363613128664, 1.8115806716918945, 2.0109620944976805, 1.998460743713379, 1.9281348373413085, 1.9255604957580565, 1.7951901081085204, 1.853690976715088, 1.929697661781311, 1.837809002685547, 1.8154937570571898, 2.1271275959014893, 1.8608748010635376, 1.8591086637496947, 1.9514599617004396, 1.7579630922317504, 1.7724416835784913, 1.8537707151412963, 1.8256590406417847, 1.8648253273010253, 1.7645795631408692, 1.705882688140869, 1.6388612325668335, 1.6468976133346558, 1.7737373649597168, 1.6539125858306885, 1.6582185424804687, 1.6223947217941284, 1.6843781387329102, 1.604600136947632, 1.6500531616210938, 1.6452423503875733, 1.6519233570098877, 1.5838049451828002, 1.57994998588562, 1.5652285751342774, 1.5561045431137086, 1.5009345104217529, 1.5110403133392334, 1.5431845697402955, 1.4949133827209473, 1.5495454441070557, 1.4642719612121582, 1.4829794775009155, 1.4918447246551514, 1.4604882122039795, 1.5103448959350585, 1.4749032196044922, 1.4336368457794189, 1.4534041137695313, 1.4275531314849854, 1.4458297931671142, 1.4201864124298096, 1.4178053546905518, 1.4213468967437743, 1.4149117065429688, 1.4182574653625488, 1.3941964317321778, 1.3926287717819215, 1.401725369644165, 1.3876772766113281, 1.397783635520935, 1.3855167394638062, 1.381923408126831, 1.387683060836792, 1.3806703453063964, 1.38490289478302, 1.3805809041976929, 1.3825893243789673, 1.3804585647583008, 1.3817313581466675, 1.3818428792953492], "test_acc": [10.389999389648438, 20.309999465942383, 26.639999389648438, 27.599998474121094, 28.479999542236328, 33.07999801635742, 36.849998474121094, 38.64999771118164, 35.37999725341797, 39.41999816894531, 40.779998779296875, 39.11000061035156, 43.61000061035156, 41.43000030517578, 43.62999725341797, 46.869998931884766, 47.5, 43.31999969482422, 43.189998626708984, 46.80999755859375, 42.89999771118164, 43.66999816894531, 44.09000015258789, 46.16999816894531, 45.7599983215332, 49.2599983215332, 47.54999923706055, 48.21999740600586, 46.61000061035156, 51.34000015258789, 48.099998474121094, 47.959999084472656, 50.099998474121094, 49.56999969482422, 51.47999954223633, 50.75, 49.94999694824219, 51.68000030517578, 51.32999801635742, 46.34000015258789, 51.59000015258789, 50.68000030517578, 50.14999771118164, 53.29999923706055, 52.96999740600586, 52.77000045776367, 52.52000045776367, 52.43000030517578, 52.89999771118164, 55.19999694824219, 55.73999786376953, 55.599998474121094, 53.73999786376953, 55.96999740600586, 55.23999786376953, 56.529998779296875, 55.94999694824219, 57.64999771118164, 56.029998779296875, 56.77000045776367, 56.02000045776367, 58.06999969482422, 58.07999801635742, 58.39999771118164, 58.56999969482422, 59.63999938964844, 60.22999954223633, 59.939998626708984, 61.19999694824219, 60.22999954223633, 61.19999694824219, 60.54999923706055, 60.57999801635742, 62.12999725341797, 61.38999938964844, 61.89999771118164, 62.30999755859375, 62.619998931884766, 63.1099967956543, 63.119998931884766, 63.679996490478516, 63.72999954223633, 63.72999954223633, 63.709999084472656, 63.88999938964844, 64.3699951171875, 64.56999969482422, 64.83000183105469, 65.20999908447266, 65.08000183105469, 65.0, 65.43999481201172, 65.15999603271484, 65.52999877929688, 65.33000183105469, 65.5, 65.41999816894531, 65.6199951171875, 65.43999481201172, 65.54000091552734], "wall_time": [15.531523704528809, 30.898918390274048, 46.444865465164185, 62.118096351623535, 77.73820662498474, 93.34343528747559, 108.94088673591614, 124.57592535018921, 140.14167046546936, 155.66159462928772, 171.29133462905884, 186.9220004081726, 202.42462134361267, 218.026611328125, 233.6830859184265, 249.27527332305908, 264.9101119041443, 280.53224539756775, 296.11990785598755, 311.73551058769226, 327.27631092071533, 342.7829213142395, 358.4179997444153, 373.9675908088684, 389.53373098373413, 405.1941316127777, 420.8065073490143, 436.3559274673462, 451.9114863872528, 467.5478301048279, 483.11920380592346, 498.6583409309387, 514.2428486347198, 529.8591215610504, 545.4124369621277, 560.9369132518768, 576.59996509552, 592.2098863124847, 607.7693574428558, 623.389975309372, 639.053706407547, 654.6473309993744, 670.2350029945374, 685.7942001819611, 701.4114153385162, 716.9991536140442, 732.5219886302948, 748.1599998474121, 763.8208212852478, 779.3768398761749, 794.9758760929108, 810.5714547634125, 826.1254842281342, 841.6761345863342, 857.2739007472992, 872.9240520000458, 888.4863979816437, 904.0372865200043, 919.6609139442444, 935.2681486606598, 950.7549231052399, 966.222644329071, 981.8099646568298, 997.3714244365692, 1012.8859534263611, 1028.423671245575, 1044.0103271007538, 1059.522125005722, 1075.03804063797, 1090.847160577774, 1106.4030978679657, 1122.0117061138153, 1137.557184457779, 1153.2020280361176, 1168.8434565067291, 1184.4280083179474, 1200.0336332321167, 1215.59397149086, 1231.1872248649597, 1246.7301242351532, 1262.2566957473755, 1277.7447128295898, 1293.2603521347046, 1308.7958886623383, 1324.3150129318237, 1339.9359240531921, 1355.5855565071106, 1371.2013971805573, 1386.8831417560577, 1402.5480020046234, 1418.1347799301147, 1433.7824292182922, 1449.431209564209, 1465.0745694637299, 1480.6851043701172, 1496.257720708847, 1511.827155828476, 1527.4370603561401, 1543.0726687908173, 1558.6942541599274], "val_loss": [3.7996689918518065, 3.312132997131348, 2.947001469039917, 2.9127345695495603, 2.9532525585174563, 2.638961689376831, 2.475165518951416, 2.3916445865631104, 2.537250780105591, 2.4281755531311036, 2.272008740234375, 2.4383441459655764, 2.1917807399749756, 2.3107373821258546, 2.1745050727844237, 2.04162798538208, 2.029784204864502, 2.1856231410980222, 2.236301137161255, 2.013077265357971, 2.2115106073379516, 2.173711835861206, 2.150035736846924, 2.066031430053711, 2.111190631103516, 1.9491162601470948, 1.9595969249725342, 1.967212347793579, 2.0579143810272216, 1.85533090133667, 2.001960813522339, 2.01332529296875, 1.9469848503112792, 1.9553731239318848, 1.8106556241989136, 1.8626171974182129, 1.9587494787216186, 1.8558079320907592, 1.8144530490875244, 2.1160527332305907, 1.9162770610809325, 1.8919805532455445, 1.967796266937256, 1.764022472000122, 1.8021640842437745, 1.9098664344787597, 1.8280163711547852, 1.8915960952758788, 1.7784499937057494, 1.7168603353500367, 1.6753251203536987, 1.6713636837005614, 1.7492043830871582, 1.678214797782898, 1.6868204326629639, 1.6330320037841797, 1.6613144104003905, 1.612249143218994, 1.6871683834075928, 1.6514367671966552, 1.7002251037597655, 1.569407430267334, 1.5745374114990234, 1.5601303762435914, 1.5661504978179932, 1.506717374229431, 1.5364767335891725, 1.5479512142181397, 1.489673339653015, 1.5344981647491456, 1.468219582748413, 1.4730355083465576, 1.495854341506958, 1.4767041330337525, 1.4982352800369263, 1.4750757568359374, 1.4408325286865233, 1.433775184059143, 1.4168445281982422, 1.4531883697509766, 1.4138450944900514, 1.4096121757507325, 1.438422469520569, 1.403722568511963, 1.4128219272613525, 1.3940232809066773, 1.3953154575347901, 1.3959729671478271, 1.398213604927063, 1.393299172592163, 1.386340033340454, 1.3900033638000489, 1.3872953046798706, 1.3809535476684571, 1.3836566228866578, 1.380590068435669, 1.3825037511825562, 1.383986737060547, 1.3810422031402587, 1.3807886409759522],