{"loss": [], "acc": [], "test_loss": [3.987327798461914, 3.6629966899871826, 3.303534309387207, 3.0508237033843995, 2.9138191986083983, 2.8859749950408937, 2.7691927310943605, 3.375837184906006, 2.3703206634521483, 2.663270881843567, 2.4049693496704103, 2.1806825046539307, 2.2229759872436525, 2.59613472366333, 2.1702141532897947, 2.16917409362793, 2.399619585800171, 2.011434047317505, 2.5785827602386475, 1.9514982749938965, 2.948082271575928, 1.962815859222412, 1.9819235786437988, 2.307309962844849, 2.0213188861846922, 2.060347871017456, 1.9021165967941285, 2.035414129066467, 1.9175505479812622, 1.8324412536621093, 1.9082520935058593, 1.866937048149109, 1.7968659006118775, 1.8273074277877808, 2.042106970024109, 1.7152230739593506, 1.7896623908996583, 1.7924553357124329, 3.0199006366729737, 1.740720059967041, 1.7708727281570436, 1.7252491020202636, 1.8965552835464476, 1.760857794570923, 2.1143378757476805, 1.8148217372894286, 1.8046437507629394, 1.6434024940490723, 1.6725081962585449, 1.834072890663147, 1.6182943687438964, 2.1570222311019895, 1.818555894470215, 1.5822228427886962, 1.7024274677276612, 1.5462415920257568, 1.6065413162231446, 1.5116815244674682, 1.5406363721847534, 1.5956644784927367, 1.4645624406814575, 1.4689705617904663, 1.5518629704475402, 1.650096594429016, 1.477597595024109, 1.49942407913208, 1.8985985870361328, 1.473717984008789, 1.4792765769958496, 1.390033977127075, 1.3414633712768556, 1.407449909210205, 1.3725649719238282, 1.3862632385253906, 1.4473628719329834, 1.3418621009826661, 1.3116620811462403, 1.3389966316223145, 1.3078869146347045, 1.4287620643615722, 1.2941430337905884, 1.3038742167472839, 1.2812562175750732, 1.3117538675308227, 1.3052617581367492, 1.3022360589027404, 1.3036691427230835, 1.2863819326400756, 1.2857553484916686, 1.3030073707580567, 1.2818127394676209, 1.2799101722717285, 1.2838725532531738, 1.2902772966384888, 1.2838650138854981, 1.286367195892334, 1.291402470779419, 1.2919027339935303, 1.296431450653076, 1.2927676864624023], "test_acc": [6.940000057220459, 12.219999313354492, 19.639999389648438, 23.510000228881836, 26.469999313354492, 27.94999885559082, 29.44999885559082, 24.59000015258789, 38.119998931884766, 33.11000061035156, 39.02000045776367, 41.21999740600586, 41.5099983215332, 35.29999923706055, 42.48999786376953, 42.73999786376953, 38.77000045776367, 45.66999816894531, 35.09000015258789, 46.30999755859375, 32.119998931884766, 47.779998779296875, 47.16999816894531, 42.54999923706055, 46.73999786376953, 45.349998474121094, 48.14999771118164, 46.189998626708984, 48.38999938964844, 50.39999771118164, 48.30999755859375, 49.5099983215332, 51.27000045776367, 50.72999954223633, 46.57999801635742, 52.55999755859375, 51.7599983215332, 51.29999923706055, 33.20000076293945, 52.82999801635742, 51.71999740600586, 52.71999740600586, 48.80999755859375, 52.96999740600586, 46.11000061035156, 51.3599967956543, 51.96999740600586, 54.77000045776367, 54.37999725341797, 51.28999710083008, 55.5099983215332, 45.869998931884766, 52.099998474121094, 56.43000030517578, 54.369998931884766, 57.89999771118164, 56.80999755859375, 57.709999084472656, 57.90999984741211, 56.88999938964844, 59.94999694824219, 59.769996643066406, 58.279998779296875, 56.12999725341797, 60.18000030517578, 59.8599967956543, 52.77000045776367, 60.519996643066406, 60.06999969482422, 62.68000030517578, 63.40999984741211, 62.47999954223633, 63.25, 62.41999816894531, 61.32999801635742, 64.02999877929688, 64.68000030517578, 64.72000122070312, 64.98999786376953, 62.40999984741211, 65.75, 65.37999725341797, 66.01000213623047, 66.33999633789062, 65.98999786376953, 66.37999725341797, 66.47000122070312, 66.93000030517578, 67.38999938964844, 67.0999984741211, 67.58999633789062, 67.47000122070312, 67.70999908447266, 67.47000122070312, 67.50999450683594, 67.45999908447266, 67.48999786376953, 67.72999572753906, 67.44999694824219, 67.38999938964844], "wall_time": [19.313141345977783, 38.23023533821106, 57.100547313690186, 75.95008277893066, 94.8347556591034, 113.58155059814453, 132.37614631652832, 151.11186289787292, 169.86572813987732, 188.7186074256897, 207.52384305000305, 226.39157700538635, 245.24575877189636, 264.13027787208557, 283.06357741355896, 301.9389297962189, 320.86627101898193, 339.73826265335083, 358.6462345123291, 377.50968956947327, 396.32485723495483, 415.2181987762451, 434.10678815841675, 452.9741814136505, 471.91056203842163, 490.76644229888916, 509.6190574169159, 528.4720573425293, 547.3416781425476, 566.2140934467316, 585.0219485759735, 603.8634750843048, 622.6024527549744, 641.4354383945465, 660.232185125351, 678.9874248504639, 697.7853276729584, 716.5778601169586, 735.4740347862244, 754.3411333560944, 773.1484799385071, 791.9704120159149, 810.7566072940826, 829.5836429595947, 848.382303237915, 867.1656284332275, 885.9656703472137, 904.7104911804199, 923.5470867156982, 942.3511919975281, 961.1691040992737, 979.967930316925, 998.7937648296356, 1017.612601518631, 1036.4013559818268, 1055.1950328350067, 1074.0348105430603, 1092.8029050827026, 1111.6331679821014, 1130.4412298202515, 1149.2478761672974, 1168.0863635540009, 1186.820722103119, 1205.6460795402527, 1224.4108600616455, 1243.2206771373749, 1262.0283875465393, 1280.7833151817322, 1299.6361820697784, 1318.462424993515, 1337.276128768921, 1356.0769023895264, 1374.898232460022, 1393.7833340168, 1412.5718080997467, 1431.3960161209106, 1450.2379064559937, 1469.004700422287, 1487.8383979797363, 1506.6180362701416, 1525.4425876140594, 1544.2205584049225, 1563.0570242404938, 1581.8736817836761, 1600.6493916511536, 1619.528383731842, 1638.3661799430847, 1657.1800997257233, 1676.0033061504364, 1694.7825009822845, 1713.6208636760712, 1732.3782410621643, 1751.1699607372284, 1770.0614838600159, 1788.841569185257, 1807.7272312641144, 1826.5405910015106, 1845.3230967521667, 1864.2286291122437, 1883.0081491470337], "val_loss": [3.990365771484375, 3.6845990840911864, 3.3149175983428956, 3.075311791229248, 2.95006495513916, 2.904862308502197, 2.7766705978393555, 3.4078889854431154, 2.398090675354004, 2.695086561203003, 2.4288452575683595, 2.2071610111236573, 2.2544840030670166, 2.616495653152466, 2.177656256866455, 2.199979805755615, 2.39664345741272, 2.026529313278198, 2.5978135356903076, 1.9769122127532959, 2.9633717163085938, 2.0001678308486937, 1.9989719596862794, 2.312614933013916, 2.0364217025756837, 2.0774186988830565, 1.9107899269104003, 2.042618009185791, 1.9269954067230224, 1.8440592016220092, 1.9120902881622315, 1.884458232498169, 1.8212141334533691, 1.864384265899658, 2.066923566436768, 1.7367272239685059, 1.7891865329742431, 1.8005961700439452, 3.03622257270813, 1.7468377876281738, 1.7834209058761596, 1.7190788661956786, 1.9180111965179443, 1.7722353569030762, 2.110336724090576, 1.8284609436035155, 1.8350432250976563, 1.685689089012146, 1.6871523902893066, 1.8457390670776368, 1.6520300045013427, 2.1797263366699218, 1.8284786128997803, 1.6108395458221436, 1.7299388488769532, 1.5488422176361083, 1.6119809846878053, 1.5452062076568605, 1.5600696495056152, 1.6080293167114257, 1.463402976989746, 1.4613019981384276, 1.5692160614013673, 1.6351542633056642, 1.4714538959503174, 1.5004981300354003, 1.9036499141693115, 1.477382799911499, 1.495518769454956, 1.385794206047058, 1.3493694114685058, 1.3839218475341797, 1.3769153076171874, 1.3854851413726808, 1.438694744873047, 1.3401460712432862, 1.3105167095184327, 1.334865995979309, 1.3154254653930664, 1.422198035621643, 1.297037897872925, 1.2960681480407714, 1.2904958406448364, 1.305050891494751, 1.302786678123474, 1.3013545700073241, 1.2965000577926635, 1.282949120903015, 1.287789451789856, 1.2998086839675904, 1.2878733764648438, 1.2872808464050294, 1.2851783550262452, 1.291912876701355, 1.2878307632446289, 1.2898079614639282, 1.2931872360229493, 1.2940917596817016, 1.2999837827682494, 1.2920089393615724],