{"loss": [], "acc": [], "test_loss": [4.109063700866699, 3.7274893363952635, 3.4320005878448487, 3.376087285614014, 3.0133262672424315, 3.1021494583129883, 2.754463027191162, 3.349928914642334, 2.494312491989136, 2.4356892723083496, 2.511251700592041, 2.4849407554626466, 2.3296400503158567, 2.4347982791900633, 2.236780000305176, 2.2630609592437745, 2.217971192932129, 2.418655620574951, 2.171914554595947, 2.3055552577972414, 2.3598171562194823, 2.2439028656005857, 2.1687440322875977, 2.1899757678985594, 2.0898447021484374, 2.2867370807647704, 2.1059499183654786, 2.411385828590393, 2.1648446788787843, 2.0189280658721924, 1.9891929012298584, 1.8922485094070434, 2.0650759941101073, 2.349795527267456, 1.8905161964416504, 1.9019915439605712, 1.9719219635009766, 1.8908527687072754, 2.0622601642608642, 1.7996978141784667, 1.8649744066238403, 2.0356529317855836, 1.9680648849487306, 1.846209295272827, 2.0208721210479736, 1.80975260181427, 1.7697354177474975, 1.7807358333587646, 1.8131170881271361, 1.707472977256775, 1.7206204524993896, 1.8250221284866333, 1.7471016319274901, 1.8551376934051513, 1.7232795093536377, 1.7377485004425048, 1.818459299659729, 1.670104187965393, 1.7151711206436158, 1.6837539066314697, 1.6108756586074828, 1.6255781557083129, 1.7488056270599366, 1.6559881715774536, 1.6596087802886963, 1.7074018125534058, 1.6248749982833863, 1.664616077041626, 1.6513504152297973, 1.5768948297500611, 1.673190651512146, 1.582087311553955, 1.6472030290603639, 1.5849424617767334, 1.5818751152038575, 1.5816331804275512, 1.5679494022369385, 1.535130837059021, 1.5502613513946533, 1.5118323431015015, 1.5768883768081665, 1.537113088798523, 1.5205260709762574, 1.5272530626296996, 1.5287878568649291, 1.5414559997558595, 1.5187896713256837, 1.535409779548645, 1.5290203578948975, 1.5345323230743408, 1.5475005102157593, 1.5377321300506592, 1.530884700870514, 1.5314825853347778, 1.5265384901046752, 1.5283205932617188, 1.5246315698623658, 1.5270652612686157, 1.5267855211257935, 1.5323607540130615], "test_acc": [5.400000095367432, 12.039999961853027, 16.809999465942383, 19.219999313354492, 24.69999885559082, 24.149999618530273, 29.94999885559082, 25.18000030517578, 35.869998931884766, 36.63999938964844, 36.099998474121094, 36.84000015258789, 38.790000915527344, 37.39999771118164, 40.18000030517578, 40.62999725341797, 41.709999084472656, 38.07999801635742, 43.52000045776367, 41.32999801635742, 40.029998779296875, 41.59000015258789, 43.63999938964844, 43.15999984741211, 44.70000076293945, 41.84000015258789, 45.03999710083008, 39.09000015258789, 44.20000076293945, 46.209999084472656, 47.39999771118164, 49.06999969482422, 45.27000045776367, 41.71999740600586, 49.54999923706055, 48.78999710083008, 47.52000045776367, 50.09000015258789, 47.369998931884766, 51.71999740600586, 49.39999771118164, 47.25, 48.75, 50.709999084472656, 48.03999710083008, 51.709999084472656, 52.23999786376953, 52.599998474121094, 51.91999816894531, 53.959999084472656, 54.13999938964844, 52.30999755859375, 54.12999725341797, 51.31999969482422, 54.31999969482422, 53.96999740600586, 52.66999816894531, 55.78999710083008, 54.72999954223633, 55.2599983215332, 57.64999771118164, 57.0, 54.37999725341797, 56.03999710083008, 56.439998626708984, 55.91999816894531, 57.47999954223633, 57.07999801635742, 57.38999938964844, 58.78999710083008, 58.0099983215332, 59.029998779296875, 58.48999786376953, 60.06999969482422, 60.14999771118164, 60.59000015258789, 60.619998931884766, 61.56999969482422, 61.6099967956543, 61.54999923706055, 61.21999740600586, 61.87999725341797, 62.7599983215332, 62.37999725341797, 63.099998474121094, 62.849998474121094, 63.40999984741211, 63.37999725341797, 63.369998931884766, 63.2599983215332, 63.37999725341797, 63.69999694824219, 63.849998474121094, 63.81999969482422, 64.04999542236328, 63.94999694824219, 64.33999633789062, 64.11000061035156, 64.11000061035156, 64.1199951171875], "wall_time": [22.207470893859863, 43.019232511520386, 63.825063705444336, 84.59545397758484, 105.36333465576172, 126.15880036354065, 146.90170431137085, 167.66725182533264, 188.4744429588318, 209.21820998191833, 230.0054829120636, 250.79699873924255, 271.6146161556244, 292.38577365875244, 313.17362546920776, 333.9421091079712, 354.7488775253296, 375.5332000255585, 396.3099145889282, 417.0578861236572, 437.8452136516571, 458.61572194099426, 479.4198000431061, 500.27642464637756, 521.0571222305298, 541.9161508083344, 562.7110393047333, 583.4966740608215, 604.3086669445038, 625.0547249317169, 645.8089516162872, 666.5813865661621, 687.4141342639923, 708.16383934021, 729.1434297561646, 749.8867213726044, 770.6407170295715, 791.3721752166748, 812.1579806804657, 832.8775806427002, 853.6104187965393, 874.3513655662537, 895.1185412406921, 915.8363552093506, 936.5999188423157, 957.3808841705322, 978.1239049434662, 998.9295771121979, 1019.6854481697083, 1040.4089150428772, 1061.1387956142426, 1081.845844745636, 1102.6244745254517, 1123.376915693283, 1144.133667230606, 1164.887534379959, 1185.6276154518127, 1206.375823020935, 1227.1312692165375, 1247.8874306678772, 1268.6523015499115, 1289.4352004528046, 1310.2100183963776, 1330.9482989311218, 1351.6870665550232, 1372.4433670043945, 1393.204681634903, 1413.9905996322632, 1434.7482650279999, 1455.4792506694794, 1476.247667312622, 1496.9605386257172, 1517.722941160202, 1538.5006222724915, 1559.2265679836273, 1579.9837186336517, 1600.7198395729065, 1621.4898891448975, 1642.2999196052551, 1663.0301051139832, 1683.748636007309, 1704.4336025714874, 1725.212857246399, 1745.9171514511108, 1766.643543958664, 1787.3663249015808, 1808.1311275959015, 1829.1384634971619, 1849.9354677200317, 1870.7269287109375, 1891.4908587932587, 1912.1982035636902, 1932.873722076416, 1953.6047852039337, 1974.4032771587372, 1995.181473493576, 2015.9476580619812, 2036.7380805015564, 2057.533616065979, 2078.348694086075], "val_loss": [4.115337355422974, 3.747279979324341, 3.438043141555786, 3.4136587047576903, 3.0242885120391847, 3.1564856758117674, 2.7634969341278075, 3.3939911682128905, 2.5149554611206053, 2.468767788696289, 2.543255458831787, 2.4836215110778808, 2.361472992706299, 2.4880726444244385, 2.275190796279907, 2.266929702377319, 2.2427764739990232, 2.4317748764038085, 2.2182942405700685, 2.287611698913574, 2.362077378845215, 2.2134658351898193, 2.1892027938842773, 2.2154101474761965, 2.1157343952178955, 2.3032055711746215, 2.104387632751465, 2.487760962677002, 2.193762540435791, 2.027309711265564, 2.018223723602295, 1.9197039724349976, 2.1054329668045044, 2.3717150482177733, 1.9000260982513428, 1.940359149169922, 1.987151979637146, 1.9347886116027833, 2.0766067052841186, 1.8210811782836913, 1.8764879329681396, 2.0455461973190308, 1.993272399520874, 1.874448530960083, 2.04515152053833, 1.8274385789871215, 1.7842319650650025, 1.8046942821502685, 1.810850541305542, 1.7114040252685547, 1.755620561981201, 1.8285783580780028, 1.7673783931732179, 1.9019324562072755, 1.744595445251465, 1.733505377960205, 1.801598913192749, 1.6616807588577271, 1.7103515243530274, 1.7057363945007324, 1.5878171485900878, 1.614523717880249, 1.746953894996643, 1.690709295463562, 1.6633716693878173, 1.7143797660827638, 1.6326906028747559, 1.6733439029693604, 1.676620174407959, 1.5900642238616944, 1.6740379592895507, 1.5817780326843263, 1.6706946418762207, 1.5992388513565063, 1.5891621528625488, 1.623077904701233, 1.5891352689743041, 1.5580288946151732, 1.5765217903137208, 1.5331829162597657, 1.6185391418457031, 1.552037147808075, 1.5566821720123292, 1.5498918392181396, 1.5510065265655517, 1.565472190093994, 1.5423855087280274, 1.548717862701416, 1.556804932975769, 1.559788807106018, 1.5691873556137086, 1.556439015007019, 1.5556908712387085, 1.5554782634735107, 1.5524005891799926, 1.5553871299743651, 1.5522041938781739, 1.5543080518722534, 1.556309069442749, 1.5579791349411012],