{"loss": [], "acc": [], "test_loss": [3.606994105529785, 3.252535922241211, 2.9498073978424073, 2.824262900543213, 2.592096760177612, 2.483447101211548, 2.510650881385803, 2.4717753303527834, 2.403311873626709, 2.4210553276062012, 2.426272452545166, 2.207467934417725, 2.2766934143066404, 2.5561245792388916, 2.1584169692993163, 2.18384722366333, 2.1348542366027834, 2.1922196428298952, 2.0521157947540285, 2.2657404293060304, 2.1411359420776366, 2.341779409599304, 2.1056112682342527, 2.130034287643433, 2.1950198181152345, 1.890454024887085, 2.0505743675231933, 1.969957130050659, 2.2163699350357056, 1.9863407161712647, 1.888608646774292, 1.9427506702423096, 3.322321389770508, 2.0360327585220337, 1.9729305143356324, 1.8309534782409669, 1.8947858560562134, 1.770500204849243, 2.5914104766845703, 1.880609177017212, 1.8216474590301515, 2.0653744100570677, 1.8442914274215698, 1.8955803709030152, 1.8092046966552735, 2.1626962913513186, 1.728200366783142, 1.668962205505371, 1.6774668395996093, 2.3692739070892332, 1.744242572402954, 1.6885883499145509, 1.901372534942627, 1.7258797250747682, 1.6547317779541015, 1.6087992765426635, 1.5762850975036622, 1.7403123666763305, 1.5856076038360596, 1.690476448249817, 1.6012230972290038, 1.5143771320343018, 1.6237706546783448, 1.501530441093445, 1.527515263748169, 1.5052337172508239, 1.4723684837341309, 1.4739428682327271, 1.4492799785614014, 1.5051449528694152, 1.5491686225891113, 2.171972325706482, 1.4450774953842163, 1.440131322479248, 1.3825032725334168, 1.3813791053771973, 1.4049501607894896, 1.4106900754928589, 1.3670586513519287, 1.339681261062622, 1.347625238800049, 1.490359467315674, 1.3418198219299315, 1.3620011682510376, 1.3585218111038209, 1.3425710384368896, 1.3213155257225038, 1.327325076007843, 1.3291515562057494, 1.3235010382652284, 1.3221009365081786, 1.3280369519233703, 1.319732352733612, 1.3309324730873109, 1.325988676071167, 1.327914635658264, 1.3238331461906434, 1.3240312626838684, 1.3230629893302916, 1.3264330523490906], "test_acc": [13.269999504089355, 20.34000015258789, 26.1299991607666, 28.44999885559082, 32.73999786376953, 35.05999755859375, 35.2599983215332, 36.36000061035156, 36.97999954223633, 36.96999740600586, 37.20000076293945, 41.79999923706055, 39.91999816894531, 36.21999740600586, 42.72999954223633, 41.77000045776367, 43.41999816894531, 43.23999786376953, 45.21999740600586, 42.119998931884766, 43.28999710083008, 41.0, 44.65999984741211, 44.5099983215332, 42.63999938964844, 48.72999954223633, 45.47999954223633, 46.89999771118164, 42.80999755859375, 47.07999801635742, 49.369998931884766, 47.88999938964844, 28.719999313354492, 46.22999954223633, 48.209999084472656, 50.61000061035156, 49.43000030517578, 51.689998626708984, 36.70000076293945, 49.029998779296875, 50.81999969482422, 46.779998779296875, 50.37999725341797, 49.23999786376953, 51.189998626708984, 44.41999816894531, 52.82999801635742, 54.5099983215332, 54.28999710083008, 41.47999954223633, 53.0099983215332, 55.18000030517578, 49.81999969482422, 53.05999755859375, 54.459999084472656, 55.90999984741211, 56.68000030517578, 53.21999740600586, 56.849998474121094, 54.39999771118164, 57.05999755859375, 58.64999771118164, 56.709999084472656, 58.959999084472656, 58.96999740600586, 59.23999786376953, 59.84000015258789, 59.869998931884766, 60.07999801635742, 58.79999923706055, 58.44999694824219, 48.5, 61.32999801635742, 61.16999816894531, 62.459999084472656, 62.709999084472656, 62.62999725341797, 62.25, 63.12999725341797, 63.71999740600586, 64.02999877929688, 61.16999816894531, 64.62999725341797, 64.30999755859375, 64.38999938964844, 64.76000213623047, 65.19999694824219, 65.15999603271484, 65.2699966430664, 65.41999816894531, 65.72000122070312, 65.72999572753906, 65.9000015258789, 65.5999984741211, 65.68000030517578, 65.66999816894531, 65.8699951171875, 65.97000122070312, 66.0, 65.90999603271484], "wall_time": [15.32802152633667, 30.37508249282837, 45.427826166152954, 60.437565088272095, 75.40159153938293, 90.40775656700134, 105.47513341903687, 120.50437593460083, 135.48503398895264, 150.49262762069702, 165.54560565948486, 180.55660557746887, 195.52650213241577, 210.55774450302124, 225.671377658844, 240.67089891433716, 255.72738790512085, 270.7652521133423, 285.7872688770294, 300.7836973667145, 315.7928547859192, 330.82374119758606, 345.81075835227966, 360.8720543384552, 375.89497113227844, 390.8987398147583, 405.92528796195984, 420.9148907661438, 435.95151948928833, 450.9950511455536, 465.9770460128784, 480.92816972732544, 495.95022439956665, 510.9965572357178, 525.9287238121033, 540.9427485466003, 555.9901087284088, 571.0619914531708, 586.1016082763672, 601.0861234664917, 616.1211857795715, 631.1794891357422, 646.1612002849579, 661.1859338283539, 676.3085830211639, 691.3543965816498, 706.2990815639496, 721.3617372512817, 736.4591736793518, 751.4824371337891, 766.496505022049, 781.5171947479248, 796.5560445785522, 811.6110088825226, 826.6305055618286, 841.6455779075623, 856.6844894886017, 871.7047770023346, 886.6786153316498, 901.7524576187134, 916.8283293247223, 931.8772139549255, 946.9499781131744, 962.0269672870636, 977.0651652812958, 992.0589303970337, 1007.2909667491913, 1022.3101720809937, 1037.3352394104004, 1052.3780331611633, 1067.4499735832214, 1082.555579662323, 1097.6434094905853, 1112.7043504714966, 1127.7781071662903, 1142.8752229213715, 1157.9363622665405, 1172.9847054481506, 1187.9895615577698, 1203.0105204582214, 1218.0806152820587, 1233.1599700450897, 1248.2507786750793, 1263.2881338596344, 1278.311538219452, 1293.3676517009735, 1308.463868379593, 1323.5919897556305, 1338.6879415512085, 1353.718507051468, 1368.715045452118, 1383.702290058136, 1398.7593960762024, 1413.7632865905762, 1428.7728743553162, 1443.8245306015015, 1458.8589553833008, 1473.9379651546478, 1488.9421298503876, 1503.9823849201202], "val_loss": [3.6113285751342774, 3.2700144760131837, 2.9863614387512207, 2.8607597492218018, 2.6045683685302734, 2.5066016868591308, 2.529743200302124, 2.5011743312835693, 2.422308140563965, 2.4461680183410643, 2.4599128887176516, 2.2237927337646486, 2.3000204345703126, 2.57575053730011, 2.1817102825164794, 2.239254671859741, 2.1650762393951415, 2.17227636680603, 2.080347740936279, 2.2767818378448488, 2.1566924091339112, 2.372912459945679, 2.1380530181884767, 2.139703652763367, 2.217446965789795, 1.9111930557250976, 2.0770949142456057, 1.986001121520996, 2.2760191329956054, 2.0201458808898924, 1.9197488891601562, 1.9492222537994386, 3.3324724517822264, 2.0541378437042237, 2.0026727193832397, 1.873349716567993, 1.9175377319335938, 1.7900966999053955, 2.592879734802246, 1.895903781890869, 1.820420851135254, 2.084117094039917, 1.8822375885009766, 1.9367605991363526, 1.8058563310623168, 2.1745632259368897, 1.761351568031311, 1.6965292091369628, 1.7041154903411866, 2.3798313497543333, 1.7634520347595215, 1.6888939085006713, 1.9026245882034303, 1.7201616661071777, 1.6688137393951417, 1.6480103729248048, 1.5888199333190918, 1.7407766551971435, 1.5879668430328369, 1.709584140586853, 1.617909945678711, 1.5468286254882813, 1.635000772857666, 1.4964013092041015, 1.5403502141952514, 1.5192402439117432, 1.4876340711593627, 1.4790751823425292, 1.4752879302978517, 1.5033946132659912, 1.5502019302368164, 2.1835400283813478, 1.4341984657287599, 1.4426245794296264, 1.395742230987549, 1.3858133480072021, 1.4104605783462525, 1.4028089561462402, 1.3841227281570434, 1.3540617527008056, 1.3594946599960327, 1.4928026050567627, 1.3360002005577087, 1.340699271774292, 1.3495884740829467, 1.3391838819503785, 1.3211524991989136, 1.3278237279891967, 1.3353535084724426, 1.3379095426559449, 1.3221213890075683, 1.3265208015441894, 1.3264205478668214, 1.332251202583313, 1.329943815803528, 1.3325158061981202, 1.3283842864990234, 1.3318615055084229, 1.3301503496170044, 1.3339007705688477],