{"loss": [], "acc": [], "test_loss": [3.8309114616394044, 3.503074181365967, 3.0824562335968015, 3.044753686904907, 2.8339268966674807, 2.426079493331909, 2.4220617088317873, 2.264042279434204, 2.341690697479248, 2.223804160308838, 2.1986315662384035, 2.100120085144043, 2.0543065525054933, 2.174976047515869, 2.0556724514007567, 1.9616235076904296, 2.057026591491699, 2.6533066593170167, 2.14209407119751, 1.9364439643859863, 1.8997795104980468, 2.0970435428619383, 1.9510338407516479, 2.0207531476974485, 2.1130589317321777, 1.9622695587158203, 1.9927981468200684, 1.9147178089141845, 1.8744568431854247, 1.8714857547760009, 1.8370060977935792, 1.8627223762512206, 1.9248199668884278, 1.7987682474136353, 1.8040536813735961, 1.8667517318725586, 1.7436029834747315, 1.7470978408813476, 2.092055659866333, 1.8782369441986084, 1.7698860961914062, 1.730035040664673, 1.6483506809234618, 1.7136980323791504, 1.7025279664993287, 1.6195623487472535, 1.692006749343872, 1.7052177011489869, 1.631724401473999, 1.6786869335174561, 1.5873493627548219, 1.5759039859771728, 1.5377518156051635, 1.5457793930053711, 1.566756773376465, 1.6007687147140504, 1.7102587350845337, 1.5713210502624513, 1.5402493413925171, 1.46922993888855, 1.5066211122512818, 1.5236459743499755, 1.4800141845703125, 1.4464036745071411, 1.4480128601074218, 1.4016778106689454, 1.396614363861084, 1.423801676750183, 1.4336782192230224, 1.393661410331726, 1.4084067249298096, 1.384271492767334, 1.3909283435821533, 1.3509375460624695, 1.3660484698295594, 1.3626241947174071, 1.3518376764297486, 1.3565358602523803, 1.3697921323776245, 1.306191955947876, 1.3233800638198852, 1.3376559864044189, 1.3396886761665345, 1.3118972427368165, 1.342083469581604, 1.3188361873626708, 1.3293079921722413, 1.331280075073242, 1.3386092641830445, 1.327770983695984, 1.322210842704773, 1.321410669898987, 1.3222013835906983, 1.3262183506011962, 1.3200945739746093, 1.3216811374664306, 1.3249273414611817, 1.3263633132934571, 1.3249162761688233, 1.3285963970184327], "test_acc": [9.039999961853027, 14.75999927520752, 22.59000015258789, 24.799999237060547, 29.03999900817871, 36.21999740600586, 36.37999725341797, 40.31999969482422, 38.46999740600586, 41.86000061035156, 41.90999984741211, 44.599998474121094, 43.90999984741211, 42.80999755859375, 44.96999740600586, 47.19999694824219, 45.369998931884766, 37.869998931884766, 43.02000045776367, 47.689998626708984, 48.93000030517578, 45.099998474121094, 47.89999771118164, 46.41999816894531, 45.40999984741211, 47.75, 47.31999969482422, 48.279998779296875, 49.189998626708984, 50.02000045776367, 49.88999938964844, 49.96999740600586, 48.61000061035156, 51.97999954223633, 51.55999755859375, 50.119998931884766, 53.25, 52.73999786376953, 45.63999938964844, 50.029998779296875, 52.09000015258789, 52.84000015258789, 55.1099967956543, 53.69999694824219, 54.06999969482422, 55.43000030517578, 54.13999938964844, 54.72999954223633, 55.6099967956543, 54.59000015258789, 55.96999740600586, 56.64999771118164, 58.0099983215332, 57.54999923706055, 57.12999725341797, 56.72999954223633, 53.96999740600586, 58.13999938964844, 58.43000030517578, 60.34000015258789, 59.41999816894531, 58.59000015258789, 60.209999084472656, 60.64999771118164, 61.099998474121094, 62.189998626708984, 62.69999694824219, 62.459999084472656, 61.57999801635742, 62.96999740600586, 62.84000015258789, 63.41999816894531, 63.529998779296875, 64.30999755859375, 64.20999908447266, 64.22999572753906, 64.86000061035156, 65.0, 64.93000030517578, 66.5, 66.5199966430664, 66.11000061035156, 66.08999633789062, 67.0999984741211, 66.81999969482422, 67.45999908447266, 67.72999572753906, 67.73999786376953, 67.72000122070312, 67.83000183105469, 68.0999984741211, 68.3499984741211, 68.23999786376953, 68.13999938964844, 68.3699951171875, 68.29999542236328, 68.29999542236328, 68.23999786376953, 68.33000183105469, 68.19999694824219], "wall_time": [18.55838441848755, 36.90153455734253, 55.30279326438904, 73.55835461616516, 91.79420638084412, 110.05081248283386, 128.17137670516968, 146.32246923446655, 164.40740990638733, 182.53523325920105, 200.6359362602234, 218.76264786720276, 236.87770795822144, 255.0280463695526, 273.15782141685486, 291.3040041923523, 309.4805989265442, 327.69244360923767, 345.8513205051422, 363.98941373825073, 382.17322158813477, 400.30735635757446, 418.4820191860199, 436.68017387390137, 454.9223577976227, 473.0859522819519, 491.2876605987549, 509.4659581184387, 527.6793894767761, 545.8595471382141, 564.0730423927307, 582.257435798645, 600.4361658096313, 618.6042764186859, 636.7762451171875, 654.9098987579346, 673.0229384899139, 691.1537427902222, 709.3113553524017, 727.4504544734955, 745.5754857063293, 763.6704998016357, 781.847514629364, 799.958690404892, 818.0802216529846, 836.2858908176422, 854.4459812641144, 872.6016125679016, 890.7468123435974, 908.9079804420471, 927.0493757724762, 945.2091307640076, 963.4200057983398, 981.5653994083405, 999.7261710166931, 1017.8733992576599, 1036.0212457180023, 1054.1608393192291, 1072.2866497039795, 1090.4414989948273, 1108.6045377254486, 1126.7539720535278, 1144.880539894104, 1163.0422101020813, 1181.1422190666199, 1199.2535798549652, 1217.3856401443481, 1235.5064842700958, 1253.60204911232, 1271.6985068321228, 1289.8133790493011, 1307.8591477870941, 1325.947318315506, 1344.0779242515564, 1362.169465303421, 1380.2962543964386, 1398.41605758667, 1416.5684349536896, 1434.7049124240875, 1452.8575270175934, 1470.9488604068756, 1489.118441104889, 1507.3106486797333, 1525.4819502830505, 1543.6595039367676, 1561.8381161689758, 1580.0133979320526, 1598.183403968811, 1616.3551790714264, 1634.5591518878937, 1652.7624192237854, 1670.9376204013824, 1689.0909674167633, 1707.2583861351013, 1725.3607909679413, 1743.4922077655792, 1761.644217967987, 1780.0419671535492, 1798.172476530075, 1816.3182699680328], "val_loss": [3.841531658935547, 3.5181187572479247, 3.1018838649749756, 3.0554711685180664, 2.846916276550293, 2.439905606460571, 2.4298957859039305, 2.2799317638397216, 2.3506225341796876, 2.2352818099975584, 2.2156734327316285, 2.099554848861694, 2.056444174194336, 2.166296022605896, 2.062592490005493, 1.9754436134338378, 2.057939019775391, 2.636216188430786, 2.162539055252075, 1.9663957744598388, 1.9289586185455323, 2.1062236560821535, 1.950312247467041, 2.023611803817749, 2.1306911155700683, 1.9711268690109254, 1.9889746864318847, 1.9149342567443848, 1.8940756633758544, 1.8643962991714478, 1.8562864137649535, 1.8633802680969238, 1.9441946365356446, 1.7831598007202147, 1.8139288898468018, 1.8862410903930664, 1.7479775859832765, 1.7628579608917236, 2.1130560276031494, 1.8945340606689454, 1.8064748996734619, 1.730538013458252, 1.66646209564209, 1.7464601062774658, 1.7175014652252196, 1.61438927898407, 1.7037388702392577, 1.720813003349304, 1.667597061920166, 1.6799605323791504, 1.5997915115356445, 1.5957503135681153, 1.5409678115844727, 1.5394454622268676, 1.56903133392334, 1.634131453895569, 1.7273815595626831, 1.583769831085205, 1.5606984508514403, 1.475977144241333, 1.5101712219238281, 1.5329218437194825, 1.4895589038848878, 1.4498237136840821, 1.4568496299743652, 1.438036407661438, 1.4017775886535644, 1.4428776252746582, 1.4178213819503784, 1.3820448041915894, 1.4215017177581788, 1.3757306434631347, 1.4005090358734131, 1.346293180656433, 1.3716224473953247, 1.3623611866950989, 1.333589715194702, 1.3515614236831666, 1.3400473823547363, 1.3111102924346925, 1.318167519760132, 1.3306331094741821, 1.3219691234588622, 1.3020524673461915, 1.326842797088623, 1.3074958122253417, 1.3166020360946655, 1.3267506708145143, 1.319605396938324, 1.3194074946403502, 1.3166492847442628, 1.3149733684539795, 1.3153674654960632, 1.3207927886962891, 1.3186917819976807, 1.3126897213935853, 1.3125322006225586, 1.3124035510063172, 1.3164972850799561, 1.3153776230812073],