{"loss": [], "acc": [], "test_loss": [3.7929330394744873, 3.2465976669311525, 2.9799856372833253, 2.779935005569458, 2.7344111854553224, 2.4378819263458253, 2.4115670051574707, 2.38634115486145, 2.6780430488586426, 2.293376262664795, 2.1430890716552735, 2.275629823303223, 2.193890480041504, 2.3809054866790773, 2.2762983909606933, 2.056467323112488, 2.1982909435272218, 2.3074358695983888, 2.05925591545105, 2.4059721042633058, 2.299493885803223, 2.5604051483154295, 1.9910936172485352, 1.8822300464630126, 1.962618486404419, 1.9003391315460205, 1.9629186088562012, 1.9908698196411132, 1.9035869228363038, 1.8130284133911132, 2.0943859535217286, 1.8614206840515137, 1.8590847528457641, 1.9596294357299804, 1.790843888092041, 1.8023820720672608, 1.9420333288192748, 1.8939740676879884, 1.7244303127288818, 1.7771385013580323, 1.8886999828338622, 1.709285194015503, 1.716278366470337, 1.8509228803634643, 1.758760724258423, 1.6850953950881957, 1.6800600214004517, 1.7272347282409668, 1.643457046508789, 1.7409700504302978, 1.6281040115356444, 1.839672240638733, 1.6359521236419678, 1.5786604892730713, 1.598671230316162, 1.5928136032104492, 1.6408519996643067, 1.6860310985565186, 1.7491339420318603, 1.4639719934463502, 1.7243022775650025, 1.5293653442382813, 1.480135369491577, 1.5256376014709472, 1.446568377685547, 1.453970219039917, 1.6229949672698976, 1.514530934715271, 1.4540615135192871, 1.4209369899749755, 1.4239638179779053, 1.3570698674201966, 1.4018809423446654, 1.3579768021583558, 1.3599809100151061, 1.4433624370574951, 1.37097915725708, 1.315622685623169, 1.3943730642318726, 1.3407687789916993, 1.3029205398559571, 1.3432456840515137, 1.3395106822013856, 1.3085550378799438, 1.3300683997154237, 1.2872201003074646, 1.3099504843711853, 1.3062195320129395, 1.2990262519836426, 1.3070353532791137, 1.3023917503356934, 1.3057394527435302, 1.299532921218872, 1.2945869747161864, 1.3088964666366578, 1.3040081991195678, 1.3028012370109558, 1.3027898344039917, 1.3048060128211976, 1.3005239284515382], "test_acc": [10.779999732971191, 19.68000030517578, 25.25, 29.059999465942383, 31.15999984741211, 36.459999084472656, 37.7599983215332, 37.63999938964844, 34.349998474121094, 40.78999710083008, 42.09000015258789, 42.38999938964844, 42.7599983215332, 40.02000045776367, 41.23999786376953, 45.689998626708984, 41.779998779296875, 42.599998474121094, 45.22999954223633, 38.80999755859375, 41.23999786376953, 39.22999954223633, 46.46999740600586, 48.959999084472656, 46.279998779296875, 49.32999801635742, 47.5, 47.68000030517578, 48.43000030517578, 50.529998779296875, 46.61000061035156, 49.56999969482422, 50.16999816894531, 47.82999801635742, 51.41999816894531, 50.97999954223633, 47.71999740600586, 49.11000061035156, 52.59000015258789, 51.619998931884766, 50.11000061035156, 53.62999725341797, 54.0099983215332, 50.64999771118164, 52.65999984741211, 54.03999710083008, 53.599998474121094, 53.47999954223633, 55.029998779296875, 54.279998779296875, 55.79999923706055, 52.5099983215332, 55.7599983215332, 57.1099967956543, 56.79999923706055, 56.89999771118164, 55.8599967956543, 55.599998474121094, 54.25, 59.40999984741211, 54.14999771118164, 58.41999816894531, 60.0, 58.5099983215332, 60.57999801635742, 60.62999725341797, 57.099998474121094, 60.03999710083008, 60.5, 61.529998779296875, 61.779998779296875, 63.019996643066406, 62.31999969482422, 63.39999771118164, 63.8599967956543, 61.46999740600586, 63.57999801635742, 64.79000091552734, 62.91999816894531, 64.77999877929688, 65.33999633789062, 64.69999694824219, 64.83999633789062, 66.01000213623047, 65.93999481201172, 66.47999572753906, 66.30999755859375, 66.18999481201172, 66.69999694824219, 66.69999694824219, 66.77999877929688, 66.7699966430664, 66.52999877929688, 67.15999603271484, 66.79000091552734, 67.0, 66.8699951171875, 66.93000030517578, 66.88999938964844, 66.97999572753906], "wall_time": [63.512980461120605, 88.5727162361145, 105.36121916770935, 121.5916109085083, 138.94680666923523, 155.48954033851624, 171.87099885940552, 188.43107557296753, 205.0332498550415, 221.51804399490356, 238.16837906837463, 254.52875089645386, 271.0171387195587, 287.6746904850006, 304.22014021873474, 320.6458270549774, 337.3899028301239, 354.272976398468, 370.65353751182556, 387.4097032546997, 404.0718958377838, 420.7642562389374, 437.0378646850586, 453.3559994697571, 469.9624216556549, 486.5999209880829, 504.2398693561554, 520.61075091362, 538.5321614742279, 555.1156830787659, 571.274662733078, 587.632798910141, 605.242178440094, 622.8279740810394, 639.3399498462677, 656.8949139118195, 673.6518256664276, 690.4827587604523, 706.9895462989807, 723.3794355392456, 740.2919962406158, 757.1720473766327, 773.682699918747, 790.3103759288788, 807.1770923137665, 823.8852696418762, 840.3923606872559, 856.7690029144287, 874.0192580223083, 890.246787071228, 906.8765664100647, 923.171217918396, 939.2224469184875, 955.0529692173004, 970.8590869903564, 988.0213377475739, 1004.7944600582123, 1020.5578956604004, 1036.4001026153564, 1052.262618780136, 1068.1474335193634, 1084.199875831604, 1100.9558939933777, 1117.8122334480286, 1134.2550525665283, 1150.9781575202942, 1167.756463766098, 1184.653178691864, 1201.8987402915955, 1218.309104681015, 1235.2147405147552, 1251.847309589386, 1268.6821522712708, 1285.394223690033, 1302.1550393104553, 1318.8856892585754, 1335.2931735515594, 1351.7736477851868, 1368.6047568321228, 1385.4964146614075, 1401.899976015091, 1418.418203830719, 1435.2200281620026, 1452.0225014686584, 1468.5163133144379, 1484.9001097679138, 1501.67906332016, 1518.5248045921326, 1535.0519297122955, 1551.6066524982452, 1568.289072751999, 1585.2126140594482, 1601.7579083442688, 1618.332183599472, 1635.0508160591125, 1652.02969288826, 1668.4404788017273, 1685.0960125923157, 1701.7902836799622, 1718.4695584774017], "val_loss": [3.809266640472412, 3.273775214767456, 3.0198461894989013, 2.8075231647491456, 2.7623746616363527, 2.462525103378296, 2.4330375427246094, 2.4161138458251954, 2.7016636375427248, 2.3208250762939455, 2.1532624256134034, 2.298672559738159, 2.2116255168914796, 2.4165684715270994, 2.310815866470337, 2.06600265045166, 2.2084485549926756, 2.3411282836914062, 2.060649616622925, 2.40352897567749, 2.330152163696289, 2.573360802459717, 2.0259479709625245, 1.9043486610412597, 1.9803407314300536, 1.9377988090515137, 1.9563860649108886, 2.009607033157349, 1.899494969177246, 1.8055820026397704, 2.091771783065796, 1.8836760723114014, 1.8747717903137207, 1.9740542655944824, 1.8108306343078613, 1.8366251903533934, 1.9740542848587037, 1.935996971130371, 1.7508068716049194, 1.807791385269165, 1.9007354274749755, 1.7427971050262452, 1.7526486854553223, 1.8937450273513794, 1.7675490619659424, 1.714970069885254, 1.6679777975082397, 1.716175111579895, 1.6576524822235108, 1.7787855251312257, 1.6623818321228028, 1.8464825576782227, 1.6633546489715576, 1.575241124343872, 1.5806126106262206, 1.5979647911071777, 1.6483988437652588, 1.6937895553588866, 1.7732531761169434, 1.5044321308135986, 1.72891332321167, 1.5359184337615968, 1.5060635528564452, 1.5460310129165649, 1.4598449016571045, 1.4648587493896483, 1.6133942207336425, 1.4984286727905274, 1.4547401920318603, 1.4186891288757324, 1.4210648544311524, 1.3780062282562255, 1.4054021551132203, 1.3594610420227051, 1.365728673171997, 1.4572552852630616, 1.3701174991607665, 1.323317490386963, 1.3968419990539551, 1.3464366020202636, 1.3002218196868895, 1.3280387741088868, 1.3272427265167237, 1.3021367073059082, 1.3022580904006957, 1.2940701263427734, 1.2955189979553223, 1.2893130443572998, 1.2844228694915771, 1.2837146026611328, 1.2859716255187987, 1.2857413707733154, 1.2846721809387207, 1.2856286270141601, 1.2893795093536378, 1.287058083343506, 1.2859053756713867, 1.2838229667663574, 1.2843451019287109, 1.2825956474304199],