{"loss": [], "acc": [], "test_loss": [4.039316387939453, 3.722139854812622, 3.4455710330963134, 3.5162753047943114, 3.0905471004486085, 2.9678595390319824, 3.369221422958374, 3.137694132614136, 2.6225304512023926, 2.567257706451416, 2.726792152786255, 2.6788267097473146, 2.483587738037109, 2.426818087387085, 2.625297306060791, 2.471751870727539, 2.2711981338500977, 2.594816393661499, 2.4523280096054076, 2.302690832519531, 2.4180528131484986, 2.263798717880249, 2.2292486894607544, 2.3704665544509886, 2.339970086669922, 2.0977609088897706, 3.3010538608551023, 2.434995985031128, 2.249221257400513, 2.1783281135559083, 2.003512420654297, 2.3705593544006347, 2.3433178165435793, 2.016468718147278, 2.053198064041138, 2.2393864879608154, 2.218476371383667, 2.312990048980713, 2.2096845378875734, 2.031144164276123, 2.1684850641250613, 2.1143414218902588, 1.9979578910827638, 2.0875960338592527, 2.051049376296997, 1.783451322555542, 2.0111933086395264, 2.1378490753173827, 1.8075142505645752, 2.045124341964722, 1.9328473239898682, 2.212880156707764, 1.8058854736328125, 1.8902643976211548, 1.8784415084838868, 1.814500747680664, 1.8557265155792235, 1.8074778045654296, 1.774187571334839, 1.715834825706482, 1.7319497459411621, 1.7728757061004639, 1.744737427520752, 1.77994317111969, 1.8349817737579346, 1.7206674896240235, 1.771601382446289, 1.6933650899887085, 1.6435200969696044, 1.6186114358901977, 1.6498207538604737, 1.6918459323883057, 1.8336043495178223, 1.5614650272369386, 1.5968830610275269, 1.565778447151184, 1.5297860694885255, 1.5353453367233276, 1.551782040786743, 1.5279394275665283, 1.5236435331344604, 1.5174063991546631, 1.5269521565437316, 1.5213620750427246, 1.5401832403182982, 1.5191146184921265, 1.5092961984634399, 1.5048389894485474, 1.503092844390869, 1.5125413177490235, 1.5073621341705323, 1.512179553604126, 1.5172356578826904, 1.510439863204956, 1.5166931615829469, 1.5148646102905274, 1.5137205703735352, 1.5162868881225586, 1.5131842483520508, 1.5177494619369507], "test_acc": [6.730000019073486, 11.449999809265137, 16.35999870300293, 16.75, 22.989999771118164, 25.469999313354492, 19.920000076293945, 23.619998931884766, 31.989999771118164, 34.0, 31.619998931884766, 32.099998474121094, 36.07999801635742, 37.63999938964844, 32.30999755859375, 37.37999725341797, 40.07999801635742, 36.25, 37.09000015258789, 40.349998474121094, 38.30999755859375, 40.46999740600586, 41.849998474121094, 38.64999771118164, 39.959999084472656, 43.95000076293945, 29.399999618530273, 37.97999954223633, 41.77000045776367, 41.939998626708984, 45.93000030517578, 39.55999755859375, 40.529998779296875, 46.78999710083008, 45.64999771118164, 41.89999771118164, 42.13999938964844, 41.25, 43.30999755859375, 46.09000015258789, 43.939998626708984, 45.69999694824219, 47.39999771118164, 44.599998474121094, 46.11000061035156, 51.41999816894531, 47.2599983215332, 44.16999816894531, 50.82999801635742, 47.07999801635742, 48.65999984741211, 44.78999710083008, 50.88999938964844, 49.66999816894531, 50.39999771118164, 52.15999984741211, 50.30999755859375, 51.0, 52.279998779296875, 53.94999694824219, 53.32999801635742, 52.31999969482422, 53.29999923706055, 52.40999984741211, 51.5, 54.22999954223633, 53.0099983215332, 54.439998626708984, 56.16999816894531, 56.779998779296875, 56.90999984741211, 55.459999084472656, 52.619998931884766, 58.05999755859375, 58.14999771118164, 58.369998931884766, 59.53999710083008, 59.91999816894531, 59.57999801635742, 60.03999710083008, 60.59000015258789, 60.13999938964844, 60.599998474121094, 60.769996643066406, 60.90999984741211, 61.40999984741211, 61.529998779296875, 61.599998474121094, 61.55999755859375, 61.59000015258789, 62.209999084472656, 61.769996643066406, 62.029998779296875, 62.03999710083008, 61.80999755859375, 61.82999801635742, 61.89999771118164, 62.029998779296875, 61.96999740600586, 61.97999954223633], "wall_time": [21.044244289398193, 40.64561080932617, 60.16521239280701, 79.72612738609314, 99.28936672210693, 118.85673213005066, 138.41982126235962, 158.05172848701477, 177.6122009754181, 197.21277284622192, 216.80872058868408, 236.36016821861267, 256.0615096092224, 275.6349039077759, 295.20595479011536, 314.78182458877563, 334.39095544815063, 353.9593222141266, 373.4911324977875, 393.01431131362915, 412.51013708114624, 432.0035581588745, 451.49844551086426, 471.0000228881836, 490.6023325920105, 510.14789724349976, 529.7343707084656, 549.3093926906586, 568.8806612491608, 588.4395861625671, 608.2458827495575, 627.771924495697, 647.3227734565735, 666.9627265930176, 686.5074000358582, 706.1014611721039, 725.6687335968018, 745.1886324882507, 764.7607655525208, 784.3176429271698, 803.9515995979309, 823.5481679439545, 843.0957581996918, 862.8076314926147, 882.4987001419067, 902.0984420776367, 921.6896631717682, 941.393627166748, 961.0278630256653, 980.5733115673065, 1000.1535379886627, 1019.7263207435608, 1039.3671646118164, 1058.9331364631653, 1078.4500238895416, 1097.9792520999908, 1117.5652585029602, 1137.1141743659973, 1156.5903806686401, 1176.110533952713, 1195.622356891632, 1215.1937930583954, 1234.7577469348907, 1254.3117489814758, 1273.8822374343872, 1293.4802091121674, 1313.0598306655884, 1332.5900733470917, 1352.1981480121613, 1371.746423959732, 1391.283573627472, 1410.859429359436, 1430.365051984787, 1449.9576723575592, 1469.4704537391663, 1489.0829906463623, 1509.0115599632263, 1528.6432976722717, 1548.2893650531769, 1567.9059846401215, 1587.5493397712708, 1607.1725873947144, 1626.7499630451202, 1646.3160786628723, 1665.8644285202026, 1685.4297320842743, 1704.9042263031006, 1724.506471157074, 1743.9817101955414, 1763.53267288208, 1783.1333575248718, 1802.7261621952057, 1822.3234405517578, 1841.8938550949097, 1861.44011926651, 1881.0182027816772, 1900.5751013755798, 1920.1790640354156, 1939.7116122245789, 1959.3171601295471], "val_loss": [4.043233864593506, 3.737865586090088, 3.4487186458587646, 3.5242065620422363, 3.116916692733765, 2.9879615329742433, 3.4077908962249754, 3.1413162353515625, 2.6685371253967287, 2.5957511405944826, 2.7707994689941406, 2.707081237792969, 2.509659225463867, 2.453572415161133, 2.67874829788208, 2.482639240646362, 2.290760405731201, 2.6394099632263184, 2.463829335021973, 2.3224490379333496, 2.440642481994629, 2.287314224624634, 2.276433264541626, 2.4013789573669433, 2.3552300426483153, 2.1109740539550783, 3.2824007286071777, 2.445130282974243, 2.2947980808258057, 2.2103130851745605, 2.051064703178406, 2.392829884338379, 2.3519752506256104, 2.0433358657836913, 2.0688403676986695, 2.285815277862549, 2.2471810176849365, 2.3399507537841795, 2.2560830589294434, 2.0428862941741945, 2.2063373489379883, 2.1189937637329104, 1.9952112943649292, 2.098620390701294, 2.0797831855773925, 1.8214470390319824, 2.042208987045288, 2.1843002048492433, 1.8552968799591065, 2.0756148036956787, 1.9415515216827393, 2.2344412094116213, 1.8297220863342285, 1.9327822799682617, 1.912453790283203, 1.8322252632141114, 1.8767118759155272, 1.8442860916137696, 1.8056534286499024, 1.7269853034973144, 1.750245342063904, 1.8112667415618897, 1.781228338623047, 1.7937105125427246, 1.8584763694763184, 1.7412267755508424, 1.781555889892578, 1.7162197257995606, 1.6508177618026734, 1.6389604698181153, 1.6594142265319825, 1.7066472003936768, 1.8702000888824464, 1.600460761833191, 1.6208646587371827, 1.6036895465850831, 1.5909968671798707, 1.5963599340438843, 1.5783812461853028, 1.5580380126953124, 1.5829081268310548, 1.569064800643921, 1.5634697992324829, 1.5641223976135255, 1.5750662965774536, 1.556802879333496, 1.5526418188095092, 1.539034126663208, 1.539349097442627, 1.5571635597229003, 1.5468636978149415, 1.5484489910125732, 1.551472048187256, 1.5483697959899902, 1.5544968446731566, 1.5510651668548583, 1.5537218700408935, 1.5529435554504394, 1.5534992986679077, 1.5535303789138795],