{"loss": [], "acc": [], "test_loss": [4.069822550964355, 3.6539358402252198, 3.5126548278808594, 3.1858895236968996, 3.0538402435302734, 3.0002665618896485, 2.7868729209899903, 2.4866696899414062, 2.814103076171875, 2.430261235809326, 2.4222005363464354, 2.26469440574646, 2.3448849521636963, 2.4505498142242432, 2.578556884765625, 2.298710329246521, 2.196702585220337, 2.4564264530181883, 2.6415698833465577, 2.154268956565857, 2.014487570953369, 2.0241787868499754, 1.950401794052124, 1.9500484676361085, 2.221353792953491, 1.9720106452941895, 2.0122511379241943, 1.9513934280395508, 1.9458585674285889, 2.0288548851013184, 1.9870764629364013, 2.0363515731811526, 1.86816455078125, 1.9208867824554443, 1.8687564067840576, 2.0619561145782472, 1.8885460842132569, 2.019249317932129, 1.9809498111724853, 1.9845702384948731, 1.8366445262908935, 1.8885793655395509, 1.7189301496505738, 1.811162137413025, 1.7288473278045655, 1.8394311241149903, 1.8696181762695312, 1.7436488550186158, 1.645533110809326, 1.92769638671875, 1.7771881086349488, 1.659502035522461, 1.767489416694641, 1.627171746826172, 1.6637122411727905, 1.617351134300232, 1.8059621376037598, 1.6179198078155517, 1.6634141887664795, 1.5210393518447876, 1.5483361099243165, 1.5487386306762696, 1.5346541355133057, 1.5148729511260985, 1.5075511528015137, 1.6433085218429566, 1.4942315032958984, 1.528209949874878, 1.4503302780151368, 1.4530904183387756, 1.4178049570083617, 1.4423127376556397, 1.4163946786880492, 1.4138118814468383, 1.4011251801490783, 1.4124039478302002, 1.4357583585739135, 1.3853837480545044, 1.405984140777588, 1.3829828407287597, 1.3700371250152588, 1.3662833965301513, 1.3573205341339112, 1.3669855486869813, 1.357050390625, 1.366963755607605, 1.355873930168152, 1.3688660455703736, 1.357502142715454, 1.360090823364258, 1.3680258979797364, 1.3515795289993286, 1.3612991203308105, 1.3628533905029296, 1.3577989486694335, 1.3602904331207275, 1.360957668685913, 1.3661306045532227, 1.3659102882385254, 1.36159052734375], "test_acc": [6.299999713897705, 12.469999313354492, 15.119999885559082, 21.90999984741211, 23.51999855041504, 25.34000015258789, 29.25, 35.68000030517578, 30.78999900817871, 36.540000915527344, 38.14999771118164, 40.34000015258789, 39.65999984741211, 38.32999801635742, 36.32999801635742, 40.59000015258789, 42.55999755859375, 37.40999984741211, 36.81999969482422, 42.7599983215332, 45.64999771118164, 45.91999816894531, 47.46999740600586, 47.57999801635742, 42.599998474121094, 46.98999786376953, 47.41999816894531, 48.189998626708984, 48.37999725341797, 47.40999984741211, 46.32999801635742, 46.529998779296875, 49.16999816894531, 48.11000061035156, 48.86000061035156, 46.5, 49.91999816894531, 47.04999923706055, 47.93000030517578, 48.03999710083008, 50.22999954223633, 49.87999725341797, 52.689998626708984, 51.15999984741211, 53.15999984741211, 50.52000045776367, 50.52000045776367, 52.53999710083008, 55.71999740600586, 50.439998626708984, 52.209999084472656, 54.55999755859375, 53.06999969482422, 55.91999816894531, 55.56999969482422, 55.75, 52.19999694824219, 55.88999938964844, 55.77000045776367, 58.2599983215332, 57.849998474121094, 58.349998474121094, 58.349998474121094, 58.64999771118164, 58.88999938964844, 56.849998474121094, 60.25, 59.15999984741211, 60.65999984741211, 61.34000015258789, 62.39999771118164, 62.14999771118164, 62.519996643066406, 62.81999969482422, 63.369998931884766, 63.05999755859375, 62.89999771118164, 63.849998474121094, 64.22999572753906, 64.45999908447266, 65.27999877929688, 64.94999694824219, 65.75, 66.18999481201172, 66.01000213623047, 65.97999572753906, 66.36000061035156, 66.27999877929688, 66.56999969482422, 66.18999481201172, 66.5199966430664, 66.9000015258789, 66.81999969482422, 66.83999633789062, 67.0, 66.88999938964844, 66.83999633789062, 66.95999908447266, 66.90999603271484, 67.04000091552734], "wall_time": [14.865588188171387, 29.597079515457153, 44.187246322631836, 58.89679169654846, 73.44062423706055, 88.01423525810242, 102.62940311431885, 117.13647651672363, 131.64931535720825, 146.1861777305603, 160.69387221336365, 175.2392065525055, 189.8356523513794, 204.40463781356812, 218.90538883209229, 233.35620069503784, 247.94980311393738, 262.4386456012726, 277.0103511810303, 291.53908348083496, 306.14254355430603, 320.71785402297974, 335.24599146842957, 349.84006452560425, 364.3607771396637, 378.920875787735, 393.4376401901245, 408.02431082725525, 422.65769958496094, 437.20803785324097, 451.66729950904846, 466.1886706352234, 480.7861762046814, 495.3232855796814, 509.92968249320984, 524.4779715538025, 538.980881690979, 553.5671017169952, 568.1361737251282, 582.7292633056641, 597.3476548194885, 611.9332926273346, 626.5203959941864, 641.0292131900787, 655.5208420753479, 670.0097508430481, 684.55233502388, 699.1170809268951, 713.791271686554, 728.4373826980591, 742.9565968513489, 757.4921934604645, 772.0903356075287, 786.6716301441193, 801.1536746025085, 815.6512467861176, 830.1625854969025, 844.7171976566315, 859.2840011119843, 873.8562927246094, 888.3810887336731, 902.9198987483978, 917.5374825000763, 932.0981848239899, 946.6836090087891, 961.2892081737518, 975.8863401412964, 990.364883184433, 1004.8853664398193, 1019.4109244346619, 1033.9696385860443, 1048.4736731052399, 1062.978183746338, 1077.5026643276215, 1092.0551409721375, 1106.611414194107, 1121.192669391632, 1135.6988859176636, 1150.1944167613983, 1164.7796385288239, 1179.2675065994263, 1193.761326789856, 1208.3144924640656, 1222.797120332718, 1237.327734708786, 1251.90940117836, 1266.38228225708, 1280.9631078243256, 1295.5113730430603, 1310.0453927516937, 1324.6591494083405, 1339.177766084671, 1353.6766917705536, 1368.137676000595, 1382.6308751106262, 1397.1644897460938, 1411.7710494995117, 1426.2913658618927, 1440.8842985630035, 1455.3452594280243], "val_loss": [4.072718070220947, 3.6596778442382814, 3.515866119003296, 3.2104288398742677, 3.0713625480651854, 3.032412073135376, 2.8152015686035154, 2.5005607185363767, 2.8135876373291016, 2.4402704776763917, 2.4712277713775634, 2.286644478607178, 2.3757565952301025, 2.4503600372314454, 2.6101039100646974, 2.328247024536133, 2.2391580207824706, 2.4847229427337645, 2.7030005790710447, 2.176326286315918, 2.0674308364868166, 2.026261270904541, 1.9479333572387696, 1.980051559829712, 2.262903660964966, 2.013672627258301, 2.040226358795166, 1.9734879354476929, 1.965653447341919, 2.0502249416351317, 2.021553293800354, 2.0531662532806396, 1.9131036918640136, 1.987583499145508, 1.8990196140289306, 2.0942831745147705, 1.8940818492889404, 2.0219898265838623, 2.0266008163452147, 2.027139673614502, 1.849791891860962, 1.9186282211303711, 1.733865920639038, 1.8440259687423706, 1.732660809326172, 1.8446289337158204, 1.8947645889282227, 1.739056884765625, 1.6421788721084594, 1.9379239749908448, 1.7967734577178955, 1.7002623207092284, 1.7642739358901978, 1.6548348896026612, 1.671730726623535, 1.624297980117798, 1.7980703384399415, 1.6301568254470826, 1.6704655788421632, 1.5365191606521607, 1.5604636329650878, 1.5834384384155273, 1.552808094215393, 1.5307618251800537, 1.5037435094833373, 1.6498432262420655, 1.4936789989471435, 1.5485917457580567, 1.461988236618042, 1.4434480422973632, 1.4069034357070922, 1.4489240573883058, 1.4119466346740723, 1.4207544898986817, 1.4067955640792846, 1.4050631465911865, 1.4280218957901, 1.3852705629348754, 1.400280202293396, 1.4119735832214355, 1.3785435117721558, 1.3686416805267334, 1.3565458711624145, 1.3696380878448486, 1.3711789726257324, 1.3641422538757324, 1.3603771474838258, 1.3654975240707397, 1.3525313663482665, 1.3557358087539673, 1.357519047164917, 1.350231241607666, 1.3592991704940796, 1.3607303417205812, 1.3558620414733886, 1.3550432624816895, 1.3528071193695068, 1.3615786230087281, 1.3553178421020509, 1.3541836332321167],