{"loss": [], "acc": [], "test_loss": [3.8926246917724607, 3.5344612648010254, 3.2177275329589845, 2.9216198513031006, 2.7595796642303467, 2.6796153720855713, 2.3292851455688477, 2.35063604927063, 2.3572970945358276, 2.1671762294769286, 2.0614425704956054, 2.140568221282959, 2.2145607666015623, 1.9692629280090332, 2.0275510608673097, 1.973379262161255, 1.972978059196472, 1.9461853603363037, 1.9679333938598633, 2.302515071105957, 1.8992929527282716, 1.9565800674438476, 1.862665714263916, 1.9356405284881593, 1.8447126625061034, 1.9591664028167726, 1.855737232208252, 1.9458993991851807, 2.0636779806137087, 1.7881840618133544, 1.9461148136138915, 1.8315600091934203, 1.9483493606567384, 1.732078694152832, 1.9899504989624024, 1.7255847675323486, 1.769598731994629, 1.717496590614319, 1.6079264411926268, 1.6670352653503417, 1.6570332321166992, 1.5988098480224608, 1.6579983179092408, 1.8312611751556396, 1.6333132291793824, 1.6030882061004639, 1.7235144371032716, 1.6073366889953613, 1.6666024393081664, 1.6056761377334594, 1.5280458367347718, 1.4899749256134034, 1.5694110583305358, 1.5575541511535644, 1.4732008676528932, 1.4818806648254395, 1.418104676437378, 1.5212655269622803, 1.4138640323638916, 1.43178783454895, 1.4702682443618775, 1.4909968244552612, 1.6588323078155518, 1.486026333808899, 1.4230077571868895, 1.4317446422576905, 1.3870693349838257, 1.4107714192390441, 1.5073448587417602, 1.3007538873672486, 1.3306509963989257, 1.3148287572860717, 1.3025524990081787, 1.3634387800216674, 1.288200071144104, 1.2763011054992677, 1.2735081157684327, 1.2791020761489869, 1.2710636596679687, 1.284568808364868, 1.2611228939056396, 1.243766739654541, 1.2683450107574463, 1.2825916402816773, 1.2490010766983033, 1.2541181144714355, 1.2562109203338623, 1.2615426012992859, 1.263398889541626, 1.255570042991638, 1.2566621097564696, 1.2579686700820922, 1.2602957122802734, 1.260699232673645, 1.2668789617538452, 1.2587126327514648, 1.2641970939636231, 1.2639057899475097, 1.2625843994140624, 1.2621996696472169], "test_acc": [9.059999465942383, 14.979999542236328, 21.299999237060547, 25.719999313354492, 30.35999870300293, 31.599998474121094, 39.09000015258789, 38.849998474121094, 39.22999954223633, 42.689998626708984, 44.48999786376953, 43.18000030517578, 41.87999725341797, 46.849998474121094, 45.30999755859375, 46.41999816894531, 47.66999816894531, 47.62999725341797, 47.28999710083008, 41.53999710083008, 48.7599983215332, 48.04999923706055, 49.40999984741211, 47.41999816894531, 49.89999771118164, 47.959999084472656, 50.06999969482422, 47.55999755859375, 46.099998474121094, 51.48999786376953, 48.13999938964844, 50.66999816894531, 48.19999694824219, 53.27000045776367, 46.69999694824219, 52.97999954223633, 52.0099983215332, 53.37999725341797, 55.15999984741211, 54.16999816894531, 54.80999755859375, 55.80999755859375, 54.39999771118164, 50.53999710083008, 55.46999740600586, 55.939998626708984, 53.7599983215332, 56.25, 55.30999755859375, 55.91999816894531, 57.64999771118164, 59.05999755859375, 56.77000045776367, 58.04999923706055, 59.5, 58.93000030517578, 60.69999694824219, 58.269996643066406, 60.98999786376953, 59.87999725341797, 60.22999954223633, 59.87999725341797, 55.279998779296875, 60.029998779296875, 61.3599967956543, 61.279998779296875, 61.64999771118164, 61.73999786376953, 60.0, 64.7699966430664, 63.929996490478516, 64.86000061035156, 64.87999725341797, 63.21999740600586, 65.72999572753906, 65.63999938964844, 66.27999877929688, 66.62999725341797, 67.0, 67.19999694824219, 67.40999603271484, 67.68999481201172, 68.22000122070312, 67.37999725341797, 68.79999542236328, 68.56999969482422, 68.63999938964844, 68.69999694824219, 69.02999877929688, 69.30999755859375, 69.13999938964844, 69.43999481201172, 69.44999694824219, 69.36000061035156, 69.38999938964844, 69.4000015258789, 69.29000091552734, 69.48999786376953, 69.47000122070312, 69.3499984741211], "wall_time": [98.47924065589905, 136.45172476768494, 156.48772072792053, 176.75636982917786, 196.71086835861206, 216.81873035430908, 236.81450819969177, 256.58166456222534, 276.64248967170715, 296.67329597473145, 316.7692782878876, 336.952917098999, 357.11906814575195, 377.33470273017883, 397.38667583465576, 417.39530777931213, 437.3419859409332, 457.4470512866974, 477.6601414680481, 498.06338357925415, 518.3528854846954, 538.3428621292114, 558.4320421218872, 578.1924285888672, 598.1752951145172, 618.2019920349121, 637.9496021270752, 657.5932111740112, 677.4691116809845, 697.3897323608398, 717.2248840332031, 736.7496373653412, 756.2949800491333, 775.940868139267, 795.5455150604248, 815.3347544670105, 835.3348155021667, 855.4730689525604, 875.4300832748413, 895.2511665821075, 915.3232326507568, 935.4184765815735, 956.3214778900146, 976.8274292945862, 997.2046639919281, 1017.200140953064, 1037.2301270961761, 1057.2838213443756, 1077.3628678321838, 1097.809297800064, 1118.026924610138, 1138.2241151332855, 1158.366640329361, 1178.8392083644867, 1198.8503499031067, 1218.8098328113556, 1238.9144015312195, 1259.0356838703156, 1279.165147781372, 1300.5253496170044, 1320.9578158855438, 1341.1261179447174, 1361.1715261936188, 1381.1843626499176, 1401.1231200695038, 1421.282814025879, 1441.5313892364502, 1461.5808517932892, 1481.774017572403, 1501.9965081214905, 1522.1812064647675, 1542.2133305072784, 1562.7075757980347, 1582.8372910022736, 1603.2352652549744, 1623.2272174358368, 1644.089192867279, 1664.3413484096527, 1684.6247594356537, 1704.628208398819, 1724.5272731781006, 1744.505923986435, 1764.7234861850739, 1784.827358007431, 1804.9300789833069, 1825.2053220272064, 1845.2005150318146, 1865.03457903862, 1885.2394740581512, 1905.4991796016693, 1925.7630681991577, 1945.99151968956, 1966.713888168335, 1986.870616197586, 2007.276328086853, 2027.5611062049866, 2048.3621487617493, 2068.376110315323, 2088.3568823337555, 2108.4931316375732], "val_loss": [3.8900209827423096, 3.5537293716430662, 3.2363210861206055, 2.9367975845336916, 2.7583081657409667, 2.7031531913757325, 2.3616490274429323, 2.386590453338623, 2.394882970237732, 2.1845580255508423, 2.0874622146606447, 2.1725034423828125, 2.229672848892212, 2.001087556838989, 1.9983541524887085, 1.9576735565185548, 1.9831318962097169, 1.9816877069473267, 1.978325604057312, 2.309346074295044, 1.8976730215072632, 1.9954872451782226, 1.8966916877746582, 1.9469727294921875, 1.866329933166504, 1.9479091049194337, 1.86018937664032, 1.9615471548080445, 2.0687848194122314, 1.8171768054962159, 1.9430825057983399, 1.8315382091522217, 1.9161546936035156, 1.7069854335784913, 2.0073868097305296, 1.702832892227173, 1.7597968414306642, 1.6935645263671875, 1.6240120765686035, 1.653748823928833, 1.6517889051437378, 1.6288316051483154, 1.6790509117126464, 1.8669697662353515, 1.6592700626373291, 1.624690421104431, 1.7316286029815673, 1.5993502017974854, 1.6702473960876465, 1.6009793252944946, 1.5371556854248047, 1.503693215751648, 1.5879688766479492, 1.5437383056640626, 1.4680349353790283, 1.4876509937286377, 1.4149277629852295, 1.50986017036438, 1.3998161823272706, 1.4404412857055664, 1.483001520729065, 1.4993014348983764, 1.6782019536972046, 1.4800382884979248, 1.4479834938049316, 1.4561418825149537, 1.3866892280578613, 1.408158688545227, 1.5111447719573974, 1.3260336029052735, 1.327795838546753, 1.3297289573669433, 1.3297060943603516, 1.3666025875091552, 1.2914105352401732, 1.3105706882476806, 1.309538938140869, 1.307015899658203, 1.2946893690109254, 1.3026912593841553, 1.2676646402359009, 1.2719399248123169, 1.2770972211837768, 1.282074626159668, 1.2602551448822021, 1.2555436610221862, 1.2644030358314513, 1.2768256778717042, 1.2662223358154296, 1.2672135162353515, 1.2711247431755066, 1.2670833484649657, 1.2725688369750976, 1.269040202331543, 1.2706688386917113, 1.2650737340927125, 1.270790463066101, 1.268731018447876, 1.2695948667526245, 1.266203017616272],