{"loss": [], "acc": [], "test_loss": [3.9081106494903564, 3.559484408569336, 3.8708680866241454, 2.8576211269378664, 2.8392336849212647, 2.5507160747528075, 2.359211225891113, 2.43452045211792, 2.294511045074463, 2.319063901901245, 2.2160697540283203, 2.0525246715545653, 2.0286307880401613, 2.0582208282470704, 1.9899744709014893, 2.110495846939087, 1.9501828203201295, 1.9528762390136718, 1.8989027046203613, 2.3739076599121094, 1.9972032089233398, 2.0336037729263308, 2.0099179042816164, 1.999937884902954, 1.979579020690918, 1.9115082874298095, 1.8651230476379395, 1.911920027923584, 1.906271535873413, 1.9755471351623535, 1.8514666774749755, 1.9570078601837158, 1.7726857048034668, 1.9014406185150146, 1.7929955533981323, 1.8074995136260987, 1.9331082653045655, 1.751749397277832, 2.0345940174102783, 1.8571838111877441, 1.7227524700164796, 1.7449625297546387, 1.7270412506103516, 1.683969752883911, 1.7328252786636353, 1.7671966259002685, 1.7012755321502686, 1.7002870975494384, 1.6929906730651856, 1.7485835805892944, 1.7127065963745116, 1.6484776161193848, 1.5713968017578126, 1.6157928596496582, 1.5982741359710693, 1.528960028076172, 1.5108566537857056, 1.4684550785064698, 1.5155889331817627, 1.585077226638794, 1.5311762838363647, 1.5389898002624511, 1.6135677501678467, 1.5296956787109375, 1.4998650951385497, 1.5467226593017578, 1.5001726324081421, 1.478401065826416, 1.5122536533355713, 1.4880548984527588, 1.426746427154541, 1.4543623291015626, 1.423179407119751, 1.4248551265716554, 1.4717401187896728, 1.4252174562454223, 1.4354547054290772, 1.4040372341156007, 1.3897723083496094, 1.3912875383377075, 1.3954448295593262, 1.3893467006683349, 1.3807398036003113, 1.380110846710205, 1.3722564992904662, 1.3751482398986816, 1.3577447135925294, 1.3465311210632325, 1.3523371589660644, 1.3507896896362304, 1.349490337371826, 1.3474163555145264, 1.3413340061187744, 1.3498617965698243, 1.3465903034210205, 1.3452548755645752, 1.3410306873321534, 1.3426402927398682, 1.340813317489624, 1.339191195678711], "test_acc": [7.919999599456787, 13.799999237060547, 12.359999656677246, 27.829999923706055, 27.31999969482422, 33.619998931884766, 38.11000061035156, 37.23999786376953, 39.869998931884766, 40.0099983215332, 41.70000076293945, 44.89999771118164, 45.869998931884766, 45.27000045776367, 46.25, 44.59000015258789, 47.25, 48.5099983215332, 48.25, 40.32999801635742, 47.02000045776367, 45.529998779296875, 46.2599983215332, 46.61000061035156, 47.16999816894531, 48.32999801635742, 50.16999816894531, 49.59000015258789, 49.44999694824219, 48.66999816894531, 50.07999801635742, 48.25, 52.16999816894531, 48.57999801635742, 52.0099983215332, 51.06999969482422, 49.439998626708984, 52.849998474121094, 46.96999740600586, 50.91999816894531, 53.22999954223633, 52.68000030517578, 53.21999740600586, 54.869998931884766, 53.869998931884766, 53.54999923706055, 54.46999740600586, 54.72999954223633, 55.16999816894531, 54.599998474121094, 55.04999923706055, 55.959999084472656, 57.5099983215332, 56.5, 57.97999954223633, 59.55999755859375, 58.959999084472656, 60.66999816894531, 59.32999801635742, 58.32999801635742, 60.029998779296875, 59.6099967956543, 58.04999923706055, 60.5099983215332, 60.16999816894531, 59.71999740600586, 60.90999984741211, 61.5, 61.40999984741211, 61.69999694824219, 63.03999710083008, 62.73999786376953, 63.55999755859375, 64.1199951171875, 63.37999725341797, 64.06999969482422, 64.18000030517578, 66.0199966430664, 65.18999481201172, 65.65999603271484, 65.47000122070312, 66.3699951171875, 66.87999725341797, 66.56999969482422, 66.94999694824219, 67.00999450683594, 67.2699966430664, 67.58000183105469, 67.45999908447266, 68.02999877929688, 67.70999908447266, 67.75999450683594, 67.86000061035156, 67.93000030517578, 67.9000015258789, 67.88999938964844, 68.08000183105469, 67.94999694824219, 68.04999542236328, 68.08999633789062], "wall_time": [18.38073444366455, 36.47712278366089, 54.621657371520996, 72.75783586502075, 90.90064477920532, 109.10367703437805, 127.25076103210449, 145.3915581703186, 163.58441352844238, 181.77626657485962, 199.9435679912567, 218.10591340065002, 236.2232837677002, 254.46180868148804, 272.66414523124695, 290.88660979270935, 309.0882308483124, 327.24548387527466, 345.3014178276062, 363.5019681453705, 381.6299548149109, 399.7429084777832, 417.90342712402344, 436.03009247779846, 454.16962695121765, 472.3902449607849, 490.5956435203552, 508.798645734787, 526.9887118339539, 545.1735093593597, 563.4330043792725, 581.5756573677063, 599.7531702518463, 617.9301614761353, 636.1248321533203, 654.3278079032898, 672.4938817024231, 690.6208555698395, 708.7691872119904, 726.9102251529694, 745.0440719127655, 763.1177628040314, 781.2905175685883, 799.3614275455475, 817.5353729724884, 835.6582636833191, 853.8371033668518, 872.0152781009674, 890.2200613021851, 908.4438245296478, 926.661256313324, 944.740082025528, 962.9050476551056, 981.0344941616058, 999.2019598484039, 1017.3892755508423, 1035.5450139045715, 1053.7299654483795, 1071.9461915493011, 1090.1203458309174, 1108.286078453064, 1126.4406640529633, 1144.760379076004, 1162.8164582252502, 1180.9903581142426, 1199.2956774234772, 1217.5689265727997, 1235.8002171516418, 1254.0855298042297, 1272.434939622879, 1290.6931087970734, 1308.8184144496918, 1326.9862093925476, 1345.1431589126587, 1363.330982685089, 1381.5078060626984, 1399.6468608379364, 1417.8204717636108, 1435.990672826767, 1454.2096631526947, 1472.4535143375397, 1490.6212599277496, 1508.8491084575653, 1527.0119123458862, 1545.1496367454529, 1563.3007776737213, 1581.4297318458557, 1599.5454201698303, 1617.7719383239746, 1635.954957485199, 1654.1920051574707, 1672.3020794391632, 1690.4733521938324, 1708.6080040931702, 1726.8600120544434, 1745.0073709487915, 1763.1408112049103, 1781.329549074173, 1799.4500749111176, 1817.5571789741516], "val_loss": [3.933116834259033, 3.5734844608306884, 3.8784121894836425, 2.8891920742034913, 2.8758791576385496, 2.5959190673828125, 2.3886052869796752, 2.4657762382507324, 2.2991831565856935, 2.3522516536712645, 2.248490284729004, 2.1163995296478273, 2.0737856761932374, 2.1056929790496826, 2.0363336570739747, 2.113705370140076, 1.9932171672821044, 1.9760161115646362, 1.9462683506011962, 2.390728733062744, 2.0109326723098753, 2.0649456119537355, 2.0368430870056153, 2.004376773452759, 2.0057655128479004, 1.9491177391052246, 1.8701077796936034, 1.9440557594299317, 1.9326547256469726, 1.9930616889953614, 1.8890030059814453, 1.9687523887634277, 1.8168575790405272, 1.9130486715316772, 1.8118086637496948, 1.8201690673828126, 1.9404055694580078, 1.7855969284057618, 2.0626185203552247, 1.8714312938690185, 1.7345515043258668, 1.7875698459625244, 1.7424137311935424, 1.7316633224487306, 1.7436046997070314, 1.7978740119934082, 1.7157897678375245, 1.7099194984436035, 1.7177763736724854, 1.776063339996338, 1.7257410896301268, 1.6749544399261476, 1.6007258811950684, 1.6161137880325318, 1.6308493564605713, 1.5221812480926513, 1.542989119720459, 1.4817133754730225, 1.5594078311920165, 1.6244548843383788, 1.5738914865493774, 1.5645506271362304, 1.6336990886688232, 1.5438302906036376, 1.5193418830871581, 1.5720715614318848, 1.5274017036437988, 1.50655758228302, 1.5200016988754272, 1.498625559425354, 1.453732525253296, 1.4647433883666992, 1.4637894985198974, 1.4582922672271728, 1.5111413146972656, 1.4568408290863037, 1.4666280643463134, 1.4507796062469482, 1.4391309944152832, 1.4353387153625488, 1.4352832878112793, 1.4447404560089112, 1.4115656162261963, 1.4033937572479247, 1.4169095838546752, 1.42396051902771, 1.3999485378265382, 1.4044882761001587, 1.3945738059997559, 1.3967812744140624, 1.392060138130188, 1.3913732902526856, 1.394521363067627, 1.400218906211853, 1.3968297384262085, 1.396070471572876, 1.390786336326599, 1.3928461675643922, 1.3915688570022584, 1.393292984008789],