{"loss": [], "acc": [], "test_loss": [3.978976343536377, 3.6345368019104005, 3.3983920845031736, 3.224608686065674, 2.969407446670532, 2.744696813583374, 2.5318100925445557, 2.423186647796631, 2.4324295753479004, 2.4041878021240235, 2.3518373817443847, 2.1831712100982665, 2.089179514694214, 2.3185185180664063, 2.1778992279052733, 2.1143557193756104, 2.1441282417297365, 2.065213171005249, 2.261972805786133, 2.067531376647949, 2.0580126552581786, 2.159637720870972, 2.1453392848968504, 2.0456677867889406, 1.982029221343994, 2.132580729866028, 2.0182206058502197, 1.9769325099945068, 2.054990923309326, 1.8676031883239745, 1.8797662475585937, 1.9605224494934081, 1.9996319774627687, 1.792999868965149, 1.82473713722229, 1.7564133277893066, 1.8572548461914062, 1.9046664642333984, 1.7538604482650757, 1.9585330810546875, 1.7066879608154297, 1.7715643032073976, 1.770613713645935, 1.799476615524292, 1.7349828519821167, 1.768247597503662, 1.6555562788009643, 1.6631497760772704, 1.686497472000122, 1.6890718746185303, 1.7376364246368408, 1.5804184694290162, 1.535285280227661, 1.7103603731155395, 1.561534425163269, 1.589299501991272, 1.4969759935379028, 1.540222032546997, 1.498013564300537, 1.5003360485076904, 1.5984353134155274, 1.484805507850647, 1.4514697673797607, 1.427271287727356, 1.4698641426086425, 1.4452112606048584, 1.4258489532470704, 1.3873303442001343, 1.401151905632019, 1.3846713230133056, 1.3807731302261352, 1.4228730854034424, 1.3838345945358277, 1.3629979820251465, 1.3560007665634155, 1.401281007385254, 1.3079296949386596, 1.3158404657363891, 1.3294469589233397, 1.2977181489944458, 1.3136192754745484, 1.2944962478637696, 1.2806098207473755, 1.2757652278900147, 1.3260284847259523, 1.279334810256958, 1.274931547164917, 1.281097336578369, 1.27460532913208, 1.2740556707382202, 1.27673023147583, 1.2805483165740967, 1.274650389289856, 1.274452710723877, 1.271665923690796, 1.272730511856079, 1.271961834716797, 1.2755843322753906, 1.2724080821990966, 1.2721330280303955], "test_acc": [6.599999904632568, 12.75, 17.689998626708984, 21.03999900817871, 26.029998779296875, 29.889999389648438, 34.21999740600586, 36.43000030517578, 36.91999816894531, 37.82999801635742, 38.0099983215332, 41.81999969482422, 43.75, 39.619998931884766, 41.87999725341797, 43.12999725341797, 43.029998779296875, 44.87999725341797, 42.189998626708984, 45.63999938964844, 44.71999740600586, 44.2599983215332, 43.41999816894531, 45.41999816894531, 47.19999694824219, 44.64999771118164, 46.41999816894531, 46.529998779296875, 46.82999801635742, 49.71999740600586, 49.459999084472656, 47.46999740600586, 48.0, 51.23999786376953, 49.66999816894531, 51.939998626708984, 49.87999725341797, 49.59000015258789, 52.84000015258789, 48.63999938964844, 53.19999694824219, 52.44999694824219, 51.98999786376953, 51.13999938964844, 53.19999694824219, 52.05999755859375, 55.22999954223633, 54.68000030517578, 54.05999755859375, 54.869998931884766, 53.34000015258789, 56.53999710083008, 57.46999740600586, 54.40999984741211, 57.47999954223633, 56.52000045776367, 58.5099983215332, 58.0, 58.82999801635742, 58.79999923706055, 57.16999816894531, 59.94999694824219, 60.5099983215332, 61.09000015258789, 60.53999710083008, 61.41999816894531, 61.6099967956543, 62.56999969482422, 62.5, 62.55999755859375, 62.48999786376953, 62.019996643066406, 63.48999786376953, 63.90999984741211, 63.689998626708984, 63.22999954223633, 65.12999725341797, 65.83000183105469, 65.06999969482422, 65.77999877929688, 65.55999755859375, 66.38999938964844, 66.73999786376953, 67.0, 66.1500015258789, 67.23999786376953, 67.5199966430664, 67.73999786376953, 67.66999816894531, 67.93999481201172, 68.31999969482422, 67.97000122070312, 67.93999481201172, 68.11000061035156, 68.13999938964844, 68.05999755859375, 68.04999542236328, 67.91999816894531, 68.08000183105469, 67.88999938964844], "wall_time": [20.311806201934814, 40.26150584220886, 60.19827675819397, 80.14898681640625, 100.07540607452393, 120.03746914863586, 140.0237536430359, 160.04008960723877, 179.9295814037323, 199.82073283195496, 219.73345470428467, 239.6457235813141, 259.54058718681335, 279.4362349510193, 299.31101155281067, 319.19669485092163, 339.0767982006073, 358.9791383743286, 378.87684893608093, 398.83227491378784, 418.9132444858551, 438.8761441707611, 458.84209418296814, 478.80054354667664, 498.76858043670654, 518.6878221035004, 538.628438949585, 558.5882601737976, 578.5282573699951, 598.4594016075134, 618.4341051578522, 638.394681930542, 658.3825359344482, 678.3816819190979, 698.3221614360809, 718.2759740352631, 738.37673163414, 758.3707053661346, 778.3772549629211, 798.3598523139954, 818.3676216602325, 838.3440291881561, 858.3421511650085, 878.3523049354553, 898.3995444774628, 918.3839523792267, 938.4234321117401, 958.4546382427216, 978.4409811496735, 998.4290449619293, 1018.4364016056061, 1038.4106712341309, 1058.4280450344086, 1078.4728960990906, 1098.4986715316772, 1118.5534536838531, 1138.5663659572601, 1158.5661375522614, 1178.5700294971466, 1198.6418015956879, 1218.6646883487701, 1238.693644285202, 1258.7088358402252, 1278.7054388523102, 1298.705438375473, 1318.6908502578735, 1338.737577199936, 1358.8130412101746, 1378.8871541023254, 1398.9475739002228, 1419.034093618393, 1439.11003947258, 1459.17343044281, 1479.2779331207275, 1499.322642326355, 1519.3693602085114, 1539.4348521232605, 1559.5331933498383, 1579.6061346530914, 1599.6985161304474, 1619.7619252204895, 1639.7678709030151, 1659.822410106659, 1679.862884759903, 1699.9375269412994, 1720.018827199936, 1740.0892243385315, 1760.1010763645172, 1780.1485300064087, 1800.2091047763824, 1820.262764453888, 1840.3722150325775, 1860.4585745334625, 1880.542855501175, 1900.5694296360016, 1920.60897898674, 1940.6521773338318, 1960.6863849163055, 1980.72825050354, 2000.795488357544], "val_loss": [3.9954436443328856, 3.6583511520385743, 3.417463988494873, 3.246215111160278, 2.983848641967773, 2.772396871948242, 2.5861767150878907, 2.4422431377410887, 2.4749992794036864, 2.420187265777588, 2.339099203491211, 2.2299589221954346, 2.1115800968170166, 2.34122622756958, 2.185417134666443, 2.1424025440216066, 2.2068030296325682, 2.078724366760254, 2.3102425518035887, 2.082949600791931, 2.0683948066711424, 2.1741882759094238, 2.1654309494018555, 2.0484230171203612, 2.0254136222839354, 2.181237062072754, 2.0312723779678343, 2.020400659561157, 2.091765976715088, 1.875945858001709, 1.8952757579803468, 1.9869779109954835, 2.0410360649108887, 1.835384094619751, 1.8523394180297852, 1.7730214775085449, 1.9151711376190186, 1.918713109588623, 1.78659712600708, 1.9787734935760497, 1.7699513404846192, 1.7876685886383057, 1.8260482509613036, 1.821678197479248, 1.7555954410552979, 1.814234853363037, 1.6797774257659912, 1.67393355178833, 1.747802868461609, 1.7042085290908813, 1.7588937019348145, 1.5900648790359497, 1.55878205909729, 1.7437835258483887, 1.5938255680084228, 1.6069182159423827, 1.5308285684585572, 1.5809078296661376, 1.535106127166748, 1.5286866249084472, 1.6333686748504639, 1.51132698097229, 1.4689745695114136, 1.4788359355926515, 1.5063711153030395, 1.456020036506653, 1.4611323448181153, 1.4068240690231324, 1.4308139661788941, 1.4203193410873414, 1.4154962371826172, 1.4464251132011414, 1.3836805910110475, 1.4054274053573608, 1.3945870895385741, 1.4377466928482057, 1.339079451751709, 1.3468460361480712, 1.3502180381774902, 1.336056816482544, 1.3246907316207885, 1.3307909425735474, 1.3181546421051025, 1.3101627111434937, 1.3291542896270752, 1.2984277368545531, 1.3052176654815675, 1.3036243698120118, 1.2985744413375855, 1.290040645980835, 1.2940530391693115, 1.3019141717910767, 1.2946329521179198, 1.2967916189193727, 1.2957843532562257, 1.2998448755264282, 1.2996734502792358, 1.3012818687438965, 1.2949809471130371, 1.2958098142623902],