{"loss": [], "acc": [], "test_loss": [3.841485213470459, 3.5111429656982422, 3.2158323596954346, 3.008740579223633, 2.7079122611999513, 2.5304106033325193, 3.1186426597595216, 2.4728538835525513, 2.1281406703948975, 2.1467990325927735, 2.0984441345214844, 2.1568492805480957, 2.1031539291381836, 2.1681875190734865, 1.9511429399490356, 1.9623759656906128, 2.158702499771118, 1.9285345296859742, 2.065892704772949, 2.0728352409362794, 1.9949717512130738, 1.9779208286285401, 1.8846931118011474, 1.910644906616211, 2.1047864616394043, 1.9412732242584227, 1.979249792098999, 1.8231324920654297, 1.7432197944641112, 1.8571440029144286, 1.829669081878662, 1.8570350072860717, 2.010566919326782, 1.8027278652191163, 1.6537436511993409, 1.7757626304626464, 1.8393581426620484, 1.7083040327072143, 1.823063007736206, 1.6617262962341308, 1.7601616466522216, 1.6938134651184082, 1.632431309890747, 1.6943821466445923, 1.730216453933716, 1.645773728942871, 1.6454417400360108, 1.6700255758285523, 1.7893423336029053, 1.5906633464813233, 1.6110527145385742, 1.5511821723937989, 1.6845603914260865, 1.694674337387085, 1.556477653503418, 1.5570273086547852, 1.5122253215789796, 1.4821281817436218, 1.528528783607483, 1.568334811401367, 1.4311253314971923, 1.4585207984924315, 1.4145897399902343, 1.4053683341979981, 1.3970658763885497, 1.36795316696167, 1.375250129508972, 1.3574393400192262, 1.3284725141525269, 1.3946029708862304, 1.3398804943084717, 1.3478816078186036, 1.304358421897888, 1.3365647836685182, 1.342074585723877, 1.3413288053512573, 1.2820299648284912, 1.2755811414718627, 1.2926146083831787, 1.2816704841613769, 1.3039782249450684, 1.2699566802978515, 1.262586583328247, 1.2624612796783448, 1.2584257663726806, 1.2695257257461547, 1.249639111328125, 1.2560049682617187, 1.2442447174072266, 1.2596641925811767, 1.2612512351989746, 1.2569647212982178, 1.2581217903137207, 1.2625155420303344, 1.2568698612213134, 1.261692790412903, 1.2557318187713622, 1.2565446435928345, 1.2569137769699097, 1.257953003501892], "test_acc": [9.050000190734863, 15.25, 20.670000076293945, 24.779998779296875, 30.81999969482422, 34.04999923706055, 25.8799991607666, 35.56999969482422, 42.7599983215332, 42.71999740600586, 44.15999984741211, 42.18000030517578, 45.369998931884766, 42.279998779296875, 47.43000030517578, 47.02000045776367, 44.27000045776367, 47.82999801635742, 45.619998931884766, 44.32999801635742, 47.41999816894531, 47.599998474121094, 49.099998474121094, 48.30999755859375, 44.72999954223633, 48.46999740600586, 48.279998779296875, 51.71999740600586, 52.06999969482422, 50.07999801635742, 50.89999771118164, 50.38999938964844, 46.349998474121094, 51.57999801635742, 54.0099983215332, 51.779998779296875, 51.04999923706055, 53.19999694824219, 51.16999816894531, 54.709999084472656, 52.37999725341797, 53.82999801635742, 55.06999969482422, 53.32999801635742, 54.38999938964844, 54.55999755859375, 55.209999084472656, 54.3599967956543, 52.72999954223633, 55.66999816894531, 56.22999954223633, 57.29999923706055, 54.68000030517578, 54.79999923706055, 57.47999954223633, 57.90999984741211, 58.71999740600586, 59.71999740600586, 58.80999755859375, 57.65999984741211, 60.439998626708984, 60.349998474121094, 61.40999984741211, 61.709999084472656, 61.84000015258789, 62.68000030517578, 63.269996643066406, 63.209999084472656, 63.709999084472656, 62.93000030517578, 64.19999694824219, 64.27999877929688, 64.98999786376953, 65.20999908447266, 64.26000213623047, 64.90999603271484, 66.08999633789062, 66.90999603271484, 66.41999816894531, 66.97000122070312, 67.20999908447266, 67.55999755859375, 68.20999908447266, 68.08000183105469, 68.2699966430664, 67.83999633789062, 69.04000091552734, 69.0, 69.20999908447266, 68.9000015258789, 68.95999908447266, 69.08000183105469, 69.29999542236328, 69.25, 69.11000061035156, 69.1500015258789, 69.11000061035156, 69.27999877929688, 69.22999572753906, 69.08000183105469], "wall_time": [21.740192890167236, 41.71285796165466, 61.682854413986206, 81.63086342811584, 101.55700826644897, 121.52523398399353, 141.4959602355957, 161.4734604358673, 181.41150951385498, 201.40436720848083, 221.39609217643738, 241.35212111473083, 261.3268880844116, 281.2997040748596, 301.26896262168884, 321.22876739501953, 341.20043873786926, 361.197735786438, 381.17658710479736, 401.16987586021423, 421.16548562049866, 441.1573088169098, 461.12999415397644, 481.09021615982056, 501.05736231803894, 521.0428366661072, 541.0156328678131, 560.9935691356659, 581.0429246425629, 600.9969050884247, 621.1396691799164, 641.1393749713898, 661.1363327503204, 681.1061232089996, 701.0825219154358, 721.070424079895, 741.0767257213593, 761.0513718128204, 781.0218381881714, 801.0056896209717, 820.9740300178528, 840.9173274040222, 860.8593180179596, 880.8040010929108, 900.7908933162689, 920.738439321518, 940.7529032230377, 960.75661444664, 980.7576715946198, 1000.7370493412018, 1020.7297265529633, 1040.7263402938843, 1060.6827020645142, 1080.7036731243134, 1100.6908767223358, 1120.7301778793335, 1140.6951880455017, 1160.666908979416, 1180.6247403621674, 1200.57790184021, 1220.537263393402, 1240.5082337856293, 1260.4922544956207, 1280.4261252880096, 1300.38116979599, 1320.3312203884125, 1340.3057513237, 1360.312227487564, 1380.349541425705, 1400.3883063793182, 1420.511694431305, 1440.5099093914032, 1460.4917981624603, 1480.533530473709, 1500.553742647171, 1520.5809674263, 1540.542202949524, 1560.5075206756592, 1580.4963665008545, 1600.4494359493256, 1620.4133541584015, 1640.3649680614471, 1660.3607151508331, 1680.4134657382965, 1700.3988592624664, 1720.4136273860931, 1740.4178657531738, 1760.3953630924225, 1780.3841061592102, 1800.363291978836, 1820.3191089630127, 1840.2638211250305, 1860.2467365264893, 1880.1853580474854, 1900.4786779880524, 1920.6964256763458, 1940.9144043922424, 1961.135293006897, 1981.3421730995178, 2001.557092666626], "val_loss": [3.8562704959869385, 3.5159140052795412, 3.227471794128418, 3.0211634704589843, 2.7157947238922118, 2.551658901596069, 3.1557301864624026, 2.4904124000549315, 2.164678942871094, 2.1653494773864748, 2.1596787242889404, 2.1794440448760986, 2.1239493438720705, 2.209874144363403, 1.9892744092941284, 2.025750830078125, 2.196641332626343, 1.974206000518799, 2.1121409578323362, 2.095958807182312, 2.0240421649932863, 2.000557275009155, 1.9366418256759643, 1.9599323844909669, 2.1120628633499146, 1.9521954608917236, 2.005598600578308, 1.8496748123168945, 1.7660506317138671, 1.8868038410186767, 1.8343599281311036, 1.87724404296875, 2.026272550010681, 1.8336275260925292, 1.6864760108947754, 1.7891490474700928, 1.874901720046997, 1.7306538284301758, 1.8459489879608155, 1.658514069366455, 1.7800746131896972, 1.7063756568908692, 1.6483914220809937, 1.7295624294281007, 1.7526962493896485, 1.6788983623504639, 1.6665415794372558, 1.679607173538208, 1.7975721729278564, 1.6355346662521362, 1.6388461162567138, 1.5420246547698975, 1.6832599128723145, 1.6706949661254882, 1.5567846599578858, 1.591880556869507, 1.5229672992706298, 1.4773906555175782, 1.5447027395248414, 1.5723349430084228, 1.4592917919158936, 1.4490860418319702, 1.4176674102783202, 1.415136915206909, 1.3963287601470946, 1.358989169883728, 1.3646748424530029, 1.3319620923995972, 1.3543472915649415, 1.3610592502593994, 1.343682725429535, 1.3430881434440614, 1.308363882446289, 1.3403424575805665, 1.3141917345046996, 1.337377695465088, 1.276213222026825, 1.2619909732818604, 1.2894617200851441, 1.2645040420532228, 1.2841748718261718, 1.2439592979431153, 1.251638430595398, 1.234024105834961, 1.2473208539962768, 1.2377926086425781, 1.2338966917037963, 1.2301541021347047, 1.2270020824432373, 1.2346562836647035, 1.2341128712654115, 1.229733294582367, 1.232230079650879, 1.2332601169586181, 1.231971959400177, 1.2369926369667053, 1.2326824067115785, 1.2315954702377319, 1.235555221557617, 1.2315377698898315],