{"loss": [], "acc": [], "test_loss": [3.839969589996338, 3.386791483306885, 3.0732970638275146, 2.7500414058685303, 2.6329185150146484, 2.472901567840576, 2.790173649978638, 2.4922793113708495, 2.717633455657959, 2.2587406951904296, 2.269291453552246, 2.9027277740478516, 2.210688074684143, 2.253236767959595, 2.0952034713745116, 2.231147723007202, 1.9727560440063476, 2.1937631631851198, 2.1973212516784666, 2.1756083168029785, 1.9149939542770387, 2.0972762546539307, 2.1065532779693603, 1.9998427711486817, 1.8999055282592774, 2.1287551425933837, 2.05454917678833, 1.952976858139038, 2.3675615898132323, 1.8672771598815918, 1.864081438446045, 1.8430416179656983, 2.0493426681518554, 1.996298991203308, 2.5275183952331544, 1.9259741565704345, 1.8065382823944092, 1.6782610773086548, 1.9390129753112793, 1.8959803792953491, 1.7521494728088378, 1.7453465909957886, 1.8134631532669068, 1.6813762153625489, 1.723872142791748, 1.6329829071044921, 1.70859727935791, 1.6133928035736085, 1.6595709712982178, 1.698164657974243, 1.7162114288330077, 1.5671696907043458, 1.5972230737686157, 1.687013942337036, 2.1686193561553955, 1.7707462467193604, 1.8522601169586181, 1.5525950881958008, 1.4996231441497803, 1.4943664583206178, 1.6700554552078246, 1.5431923929214477, 1.5601866897583008, 1.5097528867721557, 1.5163446292877196, 1.4965959621429443, 1.4472558410644532, 1.4497234069824219, 1.4800106159210205, 1.410539353942871, 1.4272765781402588, 1.3461536083221435, 1.457099222946167, 1.3929928508758544, 1.340589132785797, 1.3525164303779602, 1.3525380340576172, 1.4053653579711913, 1.3275626930236817, 1.31706014213562, 1.3234329763412476, 1.3006309096336364, 1.2868652366638185, 1.2777182191848755, 1.296194038772583, 1.2726131706237793, 1.2809642990112304, 1.2764715307235717, 1.2805545816421509, 1.2741026576995849, 1.2716835444450378, 1.2681149396896363, 1.2686617807388305, 1.2761388317108153, 1.2709948050498963, 1.2690363065719605, 1.2727342907905579, 1.2674893018722535, 1.2680869951248168, 1.2701628782272338], "test_acc": [9.519999504089355, 17.06999969482422, 24.09000015258789, 29.06999969482422, 31.420000076293945, 35.529998779296875, 30.979999542236328, 36.21999740600586, 34.369998931884766, 40.81999969482422, 41.29999923706055, 32.939998626708984, 42.05999755859375, 42.03999710083008, 45.09000015258789, 41.619998931884766, 47.29999923706055, 43.73999786376953, 42.709999084472656, 43.18000030517578, 48.66999816894531, 44.88999938964844, 44.25, 47.29999923706055, 48.91999816894531, 44.0099983215332, 46.13999938964844, 46.91999816894531, 41.029998779296875, 49.029998779296875, 50.28999710083008, 50.23999786376953, 46.849998474121094, 48.02000045776367, 39.91999816894531, 49.619998931884766, 51.5099983215332, 54.79999923706055, 48.209999084472656, 49.34000015258789, 52.57999801635742, 53.16999816894531, 51.75, 53.97999954223633, 53.459999084472656, 55.52000045776367, 53.97999954223633, 55.52000045776367, 55.599998474121094, 54.73999786376953, 54.23999786376953, 57.5099983215332, 57.13999938964844, 55.38999938964844, 46.64999771118164, 53.46999740600586, 52.23999786376953, 57.73999786376953, 59.029998779296875, 59.7599983215332, 56.80999755859375, 58.0, 59.04999923706055, 59.41999816894531, 59.38999938964844, 60.029998779296875, 61.06999969482422, 61.12999725341797, 60.869998931884766, 62.28999710083008, 62.04999923706055, 63.87999725341797, 61.8599967956543, 62.98999786376953, 64.5, 64.33000183105469, 64.4000015258789, 63.529998779296875, 64.98999786376953, 65.2699966430664, 65.38999938964844, 65.98999786376953, 66.93000030517578, 66.79000091552734, 66.58999633789062, 67.41999816894531, 67.05999755859375, 67.62999725341797, 67.40999603271484, 67.69999694824219, 67.7699966430664, 67.97999572753906, 68.00999450683594, 67.93000030517578, 68.08999633789062, 68.1199951171875, 68.04000091552734, 68.04000091552734, 68.0199966430664, 68.02999877929688], "wall_time": [18.679227828979492, 36.50712513923645, 54.46662878990173, 72.1436219215393, 89.88567233085632, 107.71245431900024, 125.48609590530396, 143.23321747779846, 161.05439019203186, 178.84233498573303, 196.55565428733826, 214.35719776153564, 232.11270761489868, 249.98914432525635, 267.7391679286957, 285.55658984184265, 303.25652050971985, 321.0163688659668, 338.27395701408386, 355.57083797454834, 372.8913531303406, 390.1609399318695, 407.4728696346283, 424.8023188114166, 442.06310057640076, 459.31109285354614, 476.6464717388153, 493.97424602508545, 511.27398562431335, 528.428768157959, 545.9111161231995, 563.5731761455536, 581.2656590938568, 598.9632585048676, 616.7209131717682, 634.3740873336792, 652.0854334831238, 669.8401699066162, 687.4975986480713, 705.2982666492462, 723.093875169754, 740.7759671211243, 758.5788571834564, 776.1673140525818, 793.8130970001221, 811.532497882843, 829.2237756252289, 846.9456236362457, 864.6680228710175, 882.3383271694183, 900.0208990573883, 917.3271136283875, 934.6248321533203, 951.862978219986, 969.1843392848969, 986.5160059928894, 1003.8257274627686, 1021.0876820087433, 1038.4279985427856, 1055.7091405391693, 1072.9948155879974, 1090.2727851867676, 1107.394940853119, 1124.8497731685638, 1142.6018719673157, 1160.4492568969727, 1178.1660215854645, 1195.8895800113678, 1213.6972160339355, 1231.6380960941315, 1249.3167593479156, 1267.0899126529694, 1284.865378856659, 1302.5613007545471, 1320.3134524822235, 1338.1175956726074, 1355.7925689220428, 1373.4383692741394, 1391.250722169876, 1408.9921295642853, 1426.7648975849152, 1444.5984585285187, 1461.9302577972412, 1479.1621029376984, 1496.4476323127747, 1513.760232925415, 1531.061963558197, 1548.4001474380493, 1565.67844748497, 1582.9839963912964, 1600.2913784980774, 1617.5557775497437, 1634.8681886196136, 1651.8720653057098, 1669.5137691497803, 1687.1633787155151, 1705.1414217948914, 1722.823671579361, 1740.578091621399, 1758.3547167778015], "val_loss": [3.8441588199615477, 3.411104620742798, 3.094123592376709, 2.7721978645324707, 2.6549115333557127, 2.5117847774505617, 2.787947050857544, 2.5044212985992433, 2.752513924407959, 2.260362623214722, 2.2927675903320313, 2.9260617042541504, 2.2182778694152834, 2.233866295623779, 2.1152272563934327, 2.263724708557129, 1.984420065689087, 2.2155664749145507, 2.215815179824829, 2.1855444313049315, 1.9429599700927735, 2.127670705413818, 2.141996837234497, 2.0055780277252198, 1.93718800907135, 2.122704161834717, 2.0791865562438967, 1.9789193393707276, 2.4057657073974608, 1.8813189249038695, 1.885759156036377, 1.8639117366790772, 2.067878993988037, 2.04689415473938, 2.5357437812805177, 1.949322621536255, 1.8211237865447998, 1.6974351852416991, 1.9434487365722657, 1.9125091857910157, 1.787425860977173, 1.7619344356536866, 1.817555379486084, 1.7128293483734132, 1.7142058525085448, 1.6564797981262207, 1.7279531841278075, 1.6215054294586182, 1.6885621772766113, 1.7229755222320557, 1.7245432678222656, 1.5865122440338135, 1.597056039428711, 1.688571694946289, 2.178221982383728, 1.7430489437103271, 1.8858315830230712, 1.5653558292388916, 1.495185612487793, 1.5050494466781617, 1.6834050399780274, 1.5446082290649414, 1.5378147331237793, 1.4982279518127442, 1.505232096862793, 1.5155379892349243, 1.4519379974365234, 1.4191722951889039, 1.4832582279205322, 1.4128393100738526, 1.4244232614517212, 1.3585486995697023, 1.4392166633605956, 1.3678632011413574, 1.3414253494262696, 1.3548538251876832, 1.3563197999954224, 1.4045248798370362, 1.3298572490692138, 1.3165387630462646, 1.3145133609771729, 1.2840019189834595, 1.2821957153320314, 1.2692277248382569, 1.2827668256759643, 1.2745286931991577, 1.2757405937194823, 1.2641778600692748, 1.2724762641906737, 1.276167193222046, 1.266083864593506, 1.2662007642745972, 1.2593235025405884, 1.2691653961181641, 1.2636255895614623, 1.265124966239929, 1.2646167554855348, 1.2659617601394653, 1.2640754636764526, 1.2651758911132813],