{"loss": [], "acc": [], "test_loss": [3.66846301612854, 3.211922417831421, 3.173500587463379, 2.7498883117675783, 2.5988876235961915, 2.3206317626953124, 2.3878321952819825, 2.2519958766937256, 2.214234218597412, 2.2315740089416503, 2.105711654663086, 1.9652516582489015, 2.1507107440948485, 1.8969333335876464, 2.0286902584075928, 2.252180394744873, 2.358833773803711, 2.0267797046661378, 1.9182607425689697, 1.9007624069213866, 2.1012641468048097, 1.8895791275024414, 1.883971750640869, 1.9894005599975586, 1.8401765386581421, 1.8888984954833985, 1.9296999425888062, 1.7984724182128906, 1.9677855285644532, 1.860082523727417, 2.0068320957183836, 1.8256914386749268, 1.753229853630066, 1.8165777046203613, 1.7056618524551392, 1.7293235242843628, 1.8709843427658082, 1.782998565673828, 1.7548376026153565, 1.6517818431854248, 1.7990128252029418, 1.9258103540420533, 1.6567331535339356, 1.645637598800659, 1.5586946296691895, 1.6283607208251953, 1.5753555031776427, 1.5927098251342773, 1.6350998020172118, 1.71596799659729, 1.5020782543182374, 1.5921523946762084, 1.6041451808929443, 1.4487898654937743, 1.5405792304992676, 1.4884050092697143, 1.50695, 1.510129167175293, 1.493581099319458, 1.448700758934021, 1.4609667995452882, 1.3631735389709472, 1.3997189178466798, 1.3592350826263428, 1.4195627437591554, 1.36430548286438, 1.3544764307022095, 1.3539078345298767, 1.389204704284668, 1.2951563995361328, 1.2756750087738038, 1.3889520182609558, 1.3687877813339233, 1.30656532497406, 1.2775811469078064, 1.3429071084022521, 1.2940338309288024, 1.2485671031951904, 1.2472037246704102, 1.2628255805015565, 1.2329854780197143, 1.2258889677047728, 1.2293637431144715, 1.2204858847618103, 1.227191115951538, 1.21758395986557, 1.2090099555969238, 1.2130132348060607, 1.2036982036590576, 1.2006597714424134, 1.2093919367790222, 1.211711658000946, 1.2088878868103028, 1.213071857738495, 1.2055663208007812, 1.208270835208893, 1.2145888538360596, 1.2072864588737489, 1.2064598114967346, 1.2112598335266114], "test_acc": [12.90999984741211, 20.59000015258789, 22.299999237060547, 29.989999771118164, 33.5099983215332, 38.36000061035156, 38.23999786376953, 40.52000045776367, 41.32999801635742, 40.56999969482422, 43.5, 46.66999816894531, 43.89999771118164, 48.57999801635742, 45.25, 42.14999771118164, 41.53999710083008, 45.88999938964844, 47.779998779296875, 48.529998779296875, 44.959999084472656, 48.90999984741211, 49.0, 47.79999923706055, 50.40999984741211, 50.22999954223633, 48.63999938964844, 50.56999969482422, 48.2599983215332, 49.62999725341797, 46.869998931884766, 50.14999771118164, 52.28999710083008, 52.14999771118164, 54.04999923706055, 52.91999816894531, 50.91999816894531, 52.64999771118164, 52.099998474121094, 54.459999084472656, 52.34000015258789, 49.21999740600586, 54.82999801635742, 55.029998779296875, 57.02000045776367, 55.25, 57.63999938964844, 56.5099983215332, 55.28999710083008, 54.05999755859375, 57.939998626708984, 56.41999816894531, 56.12999725341797, 59.55999755859375, 57.97999954223633, 58.96999740600586, 58.23999786376953, 58.7599983215332, 59.43000030517578, 60.12999725341797, 59.94999694824219, 62.09000015258789, 61.22999954223633, 61.779998779296875, 60.75, 62.529998779296875, 63.03999710083008, 63.119998931884766, 62.279998779296875, 64.44999694824219, 65.0999984741211, 62.31999969482422, 62.98999786376953, 64.5199966430664, 65.58999633789062, 64.58000183105469, 65.38999938964844, 66.77999877929688, 67.0, 66.62999725341797, 67.23999786376953, 67.52999877929688, 67.93999481201172, 67.97000122070312, 67.94999694824219, 68.38999938964844, 68.86000061035156, 68.69999694824219, 69.06999969482422, 68.73999786376953, 69.06999969482422, 69.25999450683594, 69.12999725341797, 69.2699966430664, 69.58999633789062, 69.62999725341797, 69.08999633789062, 69.62999725341797, 69.5199966430664, 69.45999908447266], "wall_time": [15.816293716430664, 31.431345224380493, 47.03415298461914, 62.64598536491394, 78.26661467552185, 93.90836524963379, 109.51014447212219, 125.11657905578613, 140.63268375396729, 156.1479194164276, 171.71518754959106, 187.37564611434937, 202.99923706054688, 218.57369136810303, 234.12648487091064, 249.72771739959717, 265.3049831390381, 280.9133002758026, 296.4727551937103, 312.12244296073914, 327.91228580474854, 343.76046228408813, 359.5266149044037, 375.3143353462219, 391.06175422668457, 406.9001636505127, 422.5821461677551, 438.3093783855438, 454.119651556015, 469.92530822753906, 485.6551489830017, 501.38410925865173, 517.109069108963, 532.8860552310944, 548.6507451534271, 564.3896703720093, 580.1141877174377, 595.9256210327148, 611.7014532089233, 627.4789338111877, 643.2501418590546, 658.9910228252411, 674.704666852951, 690.4664628505707, 706.2761626243591, 721.9994125366211, 737.7375636100769, 753.4477775096893, 769.2672655582428, 785.0381209850311, 800.8200244903564, 816.5714042186737, 832.3144507408142, 848.0562965869904, 863.8117141723633, 879.6510438919067, 895.34814286232, 911.1517810821533, 926.9623332023621, 942.734249830246, 958.408364534378, 974.0689535140991, 989.6116216182709, 1005.1803619861603, 1020.7952208518982, 1036.384642124176, 1052.0093476772308, 1067.578269481659, 1083.1725227832794, 1098.8211162090302, 1114.4709327220917, 1130.051836490631, 1145.6452159881592, 1161.2598729133606, 1176.8958480358124, 1192.4771416187286, 1208.0150754451752, 1223.6544868946075, 1239.2985348701477, 1254.9339709281921, 1270.5173377990723, 1286.154942035675, 1301.798677444458, 1317.4350411891937, 1332.984235048294, 1348.5141110420227, 1364.1526935100555, 1379.8112518787384, 1395.3514137268066, 1410.9303801059723, 1426.5933601856232, 1442.2819871902466, 1457.885575056076, 1473.4217569828033, 1488.9841840267181, 1504.5999178886414, 1520.1955082416534, 1535.798594236374, 1551.5818016529083, 1567.3938777446747], "val_loss": [3.7015740772247314, 3.2430187171936034, 3.1897544944763183, 2.767284869003296, 2.609882684326172, 2.342304946899414, 2.401387825012207, 2.2574619441986084, 2.2342403064727785, 2.2540839385986327, 2.122521405792236, 1.9846741317749024, 2.154113708114624, 1.9333327693939208, 2.043215448760986, 2.2547898595809936, 2.3695447357177732, 2.0142111251831056, 1.961637395477295, 1.9025067665100097, 2.124469181060791, 1.8767555786132812, 1.9407934825897217, 2.0182757205963133, 1.8599996829986571, 1.9001744422912599, 1.9664786643981933, 1.8554054176330566, 1.9840585205078125, 1.8885843704223633, 2.0097617919921875, 1.868994720840454, 1.7800617290496825, 1.8257890712738036, 1.7251530193328857, 1.7707215209960938, 1.9265259788513183, 1.7829295009613038, 1.7815743450164796, 1.672609114074707, 1.8192925285339356, 1.9624701141357421, 1.6467856422424316, 1.638211131477356, 1.5631095706939697, 1.6557483207702637, 1.6183734745025635, 1.6267221794128417, 1.6470308963775635, 1.7123207294464111, 1.5172264938354492, 1.6088715984344482, 1.6378170547485351, 1.4862003070831298, 1.5627425868988036, 1.49352233543396, 1.5211584671020508, 1.5303909063339234, 1.5510527290344238, 1.4717409004211426, 1.4592158149719239, 1.355947699356079, 1.413503270149231, 1.3675883785247802, 1.4325096977233887, 1.347387905883789, 1.3874284664154053, 1.3696164163589477, 1.4070670265197753, 1.2844369884490967, 1.301210602760315, 1.4253481494903564, 1.3776743858337401, 1.3334512433052064, 1.2915740928649901, 1.3405644512176513, 1.28940840549469, 1.249972766494751, 1.2463805591583252, 1.2504248588562012, 1.2490727262496948, 1.231303336906433, 1.2379204042434693, 1.2263065311431884, 1.2229025802612306, 1.2190773962020873, 1.2197253303527833, 1.206673476409912, 1.210979146194458, 1.2014617527008056, 1.2041809762954712, 1.2004678926467895, 1.207668228149414, 1.207262419128418, 1.203100248336792, 1.2044189170837403, 1.2136303531646728, 1.2041600744247436, 1.2054334495544434, 1.2137117099761963],