{"loss": [], "acc": [], "test_loss": [3.9911825553894045, 3.6507890518188475, 3.3595490936279298, 3.243989041900635, 3.03292950592041, 2.8878914710998536, 2.759719828414917, 2.5982423652648925, 2.430899990081787, 2.5258905128479006, 2.3963822715759275, 2.2891185192108154, 2.520415272521973, 2.2487219291687013, 2.3395782928466797, 2.1182769344329833, 2.2936442310333254, 2.0614514221191405, 2.349198220062256, 1.9849755744934081, 2.096303885650635, 2.1232618576049807, 2.0722846319198607, 2.0729111532211304, 2.032101985168457, 2.09517149810791, 1.885407339477539, 1.8758260873794557, 2.097478352355957, 2.011275862121582, 1.9846964252471924, 1.8964693643569945, 1.9442185924530029, 2.067254843902588, 1.8689911331176758, 1.9325307851791382, 1.9261387561798096, 1.8057429019927977, 2.0869045824050905, 1.8643689809799195, 1.8523625438690186, 3.1019063381195067, 1.9069257061004639, 1.831687760925293, 1.7971033882141114, 1.9083348796844481, 1.9356717779159547, 1.7825565494537354, 1.7413288459777831, 1.7593357215881347, 1.7755458251953125, 1.7120796123504638, 1.6596096668243407, 1.7927306358337403, 1.6562362661361694, 1.6863732921600343, 1.5641413997650147, 1.71588199634552, 1.6510895334243774, 1.7039253562927246, 1.5684835321426391, 1.5124623645782471, 1.5780639753341674, 1.5431211994171143, 1.5103160396575928, 1.5429991186141967, 1.4991526626586915, 1.508845272064209, 1.4476939922332763, 1.42875980052948, 1.432639284324646, 1.448544278717041, 1.4680406311035157, 1.42243491897583, 1.4201103231430054, 1.4029991704940796, 1.3689840850830077, 1.3841191951751708, 1.3821704582214356, 1.4596463731765748, 1.3440973831176757, 1.350300569152832, 1.3294801336288453, 1.3186675518035889, 1.326070552253723, 1.3208390453338623, 1.3248371353149415, 1.315406434440613, 1.3370689563751221, 1.3218460550308229, 1.3199379940032958, 1.3195149276733398, 1.3110021221160888, 1.3217203788757323, 1.3186410989761352, 1.3150562808990478, 1.319807773399353, 1.317164751434326, 1.320032396697998, 1.3214497333526611], "test_acc": [6.409999847412109, 13.139999389648438, 18.369998931884766, 20.559999465942383, 24.029998779296875, 27.67999839782715, 29.829999923706055, 33.25, 36.23999786376953, 35.5099983215332, 36.68000030517578, 39.349998474121094, 36.13999938964844, 40.81999969482422, 39.12999725341797, 43.47999954223633, 40.64999771118164, 44.86000061035156, 40.63999938964844, 46.439998626708984, 43.689998626708984, 44.599998474121094, 44.65999984741211, 44.46999740600586, 45.189998626708984, 45.0, 49.13999938964844, 48.7599983215332, 44.91999816894531, 45.94999694824219, 46.029998779296875, 48.96999740600586, 48.13999938964844, 45.02000045776367, 50.04999923706055, 47.369998931884766, 48.52000045776367, 50.66999816894531, 44.81999969482422, 49.57999801635742, 50.03999710083008, 31.56999969482422, 48.98999786376953, 50.96999740600586, 51.91999816894531, 49.5, 48.40999984741211, 52.06999969482422, 52.97999954223633, 53.18000030517578, 52.22999954223633, 53.369998931884766, 54.869998931884766, 51.59000015258789, 55.16999816894531, 54.34000015258789, 56.94999694824219, 53.37999725341797, 55.47999954223633, 54.209999084472656, 58.0, 58.3599967956543, 56.98999786376953, 58.04999923706055, 58.94999694824219, 57.73999786376953, 59.21999740600586, 58.82999801635742, 59.7599983215332, 60.43000030517578, 60.689998626708984, 60.55999755859375, 61.029998779296875, 61.34000015258789, 61.41999816894531, 62.369998931884766, 63.439998626708984, 62.689998626708984, 62.94999694824219, 61.38999938964844, 63.709999084472656, 63.89999771118164, 64.69999694824219, 64.51000213623047, 64.8499984741211, 65.55999755859375, 65.05999755859375, 66.05999755859375, 65.25, 65.58000183105469, 65.68000030517578, 65.76000213623047, 65.97999572753906, 66.0199966430664, 65.81999969482422, 66.08000183105469, 65.8699951171875, 66.11000061035156, 65.8499984741211, 65.91999816894531], "wall_time": [21.727174997329712, 41.85140419006348, 61.85826802253723, 81.87898421287537, 101.87856984138489, 122.04864287376404, 142.0750026702881, 162.0797779560089, 182.1127860546112, 202.18359565734863, 222.21607661247253, 242.23336338996887, 262.206915140152, 282.2259418964386, 302.2429234981537, 322.2659578323364, 342.30891704559326, 362.3580267429352, 382.37847924232483, 402.36126232147217, 422.418998003006, 442.3883967399597, 462.4492633342743, 482.43319749832153, 502.43427205085754, 522.4173657894135, 542.3806102275848, 562.3566870689392, 582.3589267730713, 602.361802816391, 622.3736226558685, 642.4042949676514, 662.4339244365692, 682.4294548034668, 702.4441292285919, 722.4133081436157, 742.3626742362976, 762.3527810573578, 782.3347580432892, 802.3285551071167, 822.3444454669952, 842.3349461555481, 862.3422152996063, 882.4041554927826, 902.4351959228516, 922.4475381374359, 942.4014937877655, 962.3868691921234, 982.414824962616, 1002.4388446807861, 1022.5136671066284, 1042.5186955928802, 1062.5615031719208, 1082.5704591274261, 1102.5773432254791, 1122.6201512813568, 1142.5487971305847, 1162.4409382343292, 1182.4288129806519, 1202.4278059005737, 1222.381288766861, 1242.3339083194733, 1262.3798327445984, 1282.4093563556671, 1302.4753823280334, 1322.5701599121094, 1342.6692583560944, 1362.6975016593933, 1382.7099595069885, 1402.7264425754547, 1422.7108554840088, 1442.7355375289917, 1462.7024893760681, 1482.6849670410156, 1502.6496796607971, 1522.6644916534424, 1542.6803576946259, 1562.7362885475159, 1582.7665650844574, 1602.7967982292175, 1622.870112657547, 1642.8617391586304, 1662.9570093154907, 1683.0016076564789, 1703.0642199516296, 1723.1023962497711, 1743.1667268276215, 1763.207302570343, 1783.2990064620972, 1803.1310498714447, 1822.9357829093933, 1842.706482410431, 1862.4910125732422, 1882.3232424259186, 1902.1172769069672, 1921.9756636619568, 1941.813160419464, 1961.6550266742706, 1981.4914155006409, 2001.3057634830475], "val_loss": [3.9986263458251954, 3.6590022613525393, 3.3785730098724365, 3.2842861351013184, 3.04916382522583, 2.8911829467773438, 2.7832729625701904, 2.6305016120910643, 2.457008317565918, 2.5445051193237305, 2.444198304748535, 2.294115145111084, 2.530732891845703, 2.2698404920578, 2.3608200931549073, 2.1130493103027344, 2.316637861442566, 2.1079105674743652, 2.3515785427093507, 2.0140793125152587, 2.1265387264251707, 2.1603117614746092, 2.1031627605438232, 2.1339893657684326, 2.0385545974731447, 2.1414827888488768, 1.9181294872283936, 1.9243928611755372, 2.102544353103638, 2.0338864095687867, 2.0037636203765867, 1.919576655960083, 1.997560665512085, 2.099687673187256, 1.8864243354797363, 1.9553140560150146, 1.9120337715148925, 1.8469813396453858, 2.1420187732696534, 1.9128372016906738, 1.8865418851852418, 3.1295159572601317, 1.9302239067077638, 1.8621826053619386, 1.8094939727783204, 1.927983666229248, 1.9576397817611695, 1.8042362880706788, 1.752733783721924, 1.7669217838287354, 1.7725368701934814, 1.749904965209961, 1.6685411548614502, 1.8063638357162475, 1.7002443244934082, 1.6970954872131347, 1.5859253913879394, 1.7222236289978028, 1.6686801527023316, 1.7444179302215577, 1.5898161560058595, 1.5342975719451903, 1.6055251033782958, 1.577291898918152, 1.5263261903762817, 1.5689741912841797, 1.4999351104736327, 1.5402055198669433, 1.468989709854126, 1.4538506538391114, 1.4516868604660034, 1.4395310121536256, 1.4775939453125, 1.4332779914855958, 1.4582538341522218, 1.4181707096099854, 1.3823902667999268, 1.4094927270889281, 1.3895373664855957, 1.468949693107605, 1.3515675394058229, 1.3552704772949218, 1.335132857131958, 1.319895247077942, 1.322206357574463, 1.328466443347931, 1.3292789043426514, 1.309464755821228, 1.3281138500213623, 1.3228210146903991, 1.3066766859054566, 1.307307911014557, 1.3122969193458558, 1.3117347409248352, 1.3084710968971252, 1.302796907711029, 1.3075149077415467, 1.3078514244079589, 1.3101321880340575, 1.31206501121521],