{"loss": [], "acc": [], "test_loss": [3.8482195331573488, 3.504711555480957, 3.1858000106811524, 3.2160581245422364, 2.753686297607422, 2.4471084804534913, 2.3740576572418215, 2.2453728485107423, 2.2610973724365233, 2.159299990463257, 2.238376446723938, 2.42062413482666, 2.1852548606872557, 2.0640801048278807, 2.042283529281616, 2.0476221084594726, 1.9982800374984742, 1.9584170890808106, 1.9810546577453614, 2.0467893550872804, 1.9499738059997558, 1.8228723377227782, 1.9297978979110717, 2.14193210067749, 1.8788743194580078, 1.8176187004089355, 1.8744521060943604, 1.7546369215011597, 1.9826998714447022, 1.7751533882141113, 1.8049125862121582, 1.73207858543396, 1.8616663478851319, 1.9691614349365234, 1.968418705368042, 1.751937105178833, 1.8133654846191407, 1.6729911794662475, 1.9049279504776, 1.7039769464492798, 1.6865638259887696, 1.753817077255249, 1.7275366569519044, 1.599878789138794, 1.6291198009490966, 1.6608757167816162, 1.5805110023498534, 1.6698291080474854, 1.5950598510742187, 1.5172429489135741, 1.5214448741912843, 1.5748472702026368, 1.6278690925598145, 1.6091464595794678, 1.5497807651519775, 1.4901835884094239, 1.4643434215545654, 1.5706269748687745, 1.4932676795959472, 1.5436361026763916, 1.5029284814834594, 1.4383509292602539, 1.460175843811035, 1.4158612899780274, 1.4119660325050354, 1.3703601463317872, 1.4109810271263123, 1.3885657833099365, 1.3482230895996095, 1.3404762481689454, 1.3754561809539796, 1.3334060423851013, 1.4340009956359863, 1.517012060546875, 1.3312442325592042, 1.2778011748313904, 1.2996138729095459, 1.2920389770507812, 1.3259897491455077, 1.294000840473175, 1.2887065207481385, 1.2884684211730957, 1.281438053703308, 1.270498214530945, 1.2762061277389527, 1.2759764600753785, 1.2675408000946045, 1.269110589981079, 1.2803593395233155, 1.2686501220703126, 1.2812074119567871, 1.2720278566360474, 1.2670436897277833, 1.2691356309890747, 1.275120853805542, 1.2788437259674073, 1.2771050300598144, 1.2767842468261719, 1.277197584915161, 1.2742847562789916], "test_acc": [9.119999885559082, 15.049999237060547, 21.010000228881836, 22.529998779296875, 30.1299991607666, 34.939998626708984, 37.61000061035156, 40.349998474121094, 39.56999969482422, 42.81999969482422, 41.30999755859375, 37.939998626708984, 42.689998626708984, 44.47999954223633, 44.689998626708984, 44.53999710083008, 45.89999771118164, 46.30999755859375, 46.279998779296875, 45.09000015258789, 47.34000015258789, 50.27000045776367, 48.02000045776367, 44.279998779296875, 49.18000030517578, 50.21999740600586, 48.64999771118164, 52.32999801635742, 47.88999938964844, 51.099998474121094, 50.57999801635742, 52.29999923706055, 49.189998626708984, 47.94999694824219, 48.099998474121094, 52.599998474121094, 51.279998779296875, 54.16999816894531, 49.459999084472656, 53.439998626708984, 53.82999801635742, 52.03999710083008, 53.44999694824219, 55.43000030517578, 55.06999969482422, 54.56999969482422, 55.94999694824219, 54.88999938964844, 55.939998626708984, 57.82999801635742, 58.2599983215332, 57.30999755859375, 56.029998779296875, 55.63999938964844, 58.3599967956543, 58.90999984741211, 59.73999786376953, 57.13999938964844, 58.96999740600586, 58.29999923706055, 59.34000015258789, 59.94999694824219, 60.23999786376953, 61.06999969482422, 61.05999755859375, 62.1099967956543, 61.65999984741211, 62.16999816894531, 63.599998474121094, 63.79999923706055, 62.87999725341797, 63.94999694824219, 62.25, 60.06999969482422, 64.77999877929688, 65.88999938964844, 65.3699951171875, 65.93000030517578, 65.44999694824219, 65.88999938964844, 66.41999816894531, 67.44999694824219, 67.54000091552734, 67.69999694824219, 67.68000030517578, 68.16999816894531, 68.13999938964844, 68.48999786376953, 68.33999633789062, 68.6500015258789, 68.68000030517578, 68.6199951171875, 68.79000091552734, 68.70999908447266, 69.06999969482422, 69.13999938964844, 69.04999542236328, 68.87999725341797, 69.08000183105469, 69.06999969482422], "wall_time": [18.510014057159424, 36.80704474449158, 55.064210176467896, 73.33156704902649, 91.54674625396729, 109.7767243385315, 128.17674827575684, 146.6521337032318, 165.0655906200409, 183.62786650657654, 201.99854731559753, 220.41282534599304, 238.8135862350464, 257.17691111564636, 275.50897192955017, 293.90941548347473, 312.2459931373596, 330.6349244117737, 348.9442322254181, 367.1883406639099, 385.4109408855438, 403.62388849258423, 422.2093336582184, 440.43468284606934, 458.5874433517456, 476.79818749427795, 495.0006730556488, 513.2475190162659, 531.4396603107452, 549.6415386199951, 567.8595793247223, 585.9891376495361, 604.1374804973602, 622.5277962684631, 640.6834185123444, 659.3003795146942, 677.7012758255005, 696.1343386173248, 714.5123136043549, 732.7369954586029, 750.9253475666046, 769.1282620429993, 787.2894535064697, 805.4854645729065, 823.657999753952, 841.89102435112, 860.1026518344879, 878.3172788619995, 896.561975479126, 915.0026915073395, 933.2361249923706, 951.4298460483551, 969.6526203155518, 987.8396639823914, 1006.0431861877441, 1024.2930765151978, 1042.502888917923, 1060.6704211235046, 1078.8402571678162, 1097.0172610282898, 1115.1575710773468, 1133.3310163021088, 1151.8297064304352, 1170.0156342983246, 1191.274594783783, 1210.5501065254211, 1229.8375215530396, 1249.139874458313, 1268.3566808700562, 1287.5467059612274, 1306.7417969703674, 1325.958675146103, 1345.2265150547028, 1364.472100019455, 1383.6762409210205, 1402.953589439392, 1422.188682794571, 1441.4121718406677, 1460.6045877933502, 1479.8471670150757, 1499.0162000656128, 1518.1695702075958, 1537.3561651706696, 1556.556806564331, 1575.8001685142517, 1595.0099811553955, 1614.1929957866669, 1633.4029779434204, 1652.6107940673828, 1671.7877883911133, 1690.9351994991302, 1710.0737643241882, 1729.2748448848724, 1748.4756870269775, 1767.6793427467346, 1786.9072043895721, 1806.10737490654, 1825.3303153514862, 1844.5810260772705, 1863.7504692077637], "val_loss": [3.8517647762298584, 3.5256836639404296, 3.2133543823242188, 3.231838925933838, 2.7931947593688964, 2.446969599151611, 2.394855856704712, 2.2805731525421145, 2.2905924816131593, 2.210471954727173, 2.239713809585571, 2.436005982208252, 2.1819982681274412, 2.06750341796875, 2.0448491176605224, 2.024132964706421, 2.0225403228759764, 1.9904500537872314, 2.0093053836822508, 2.060134275817871, 1.9732437980651856, 1.8494019939422608, 1.9370710269927978, 2.14368477935791, 1.86897313079834, 1.838743759727478, 1.9142249042510986, 1.7597010612487793, 2.009770417022705, 1.7882952983856202, 1.8267174282073975, 1.7540424571990967, 1.8556499561309814, 1.9810079086303711, 1.9476356369018555, 1.7899068981170654, 1.8047404640197753, 1.6933151565551758, 1.9139957067489624, 1.7452595890045166, 1.7133389324188233, 1.7684063190460204, 1.7471635246276855, 1.6296088249206544, 1.6739845149993897, 1.6483835411071777, 1.6055410961151122, 1.6652617986679077, 1.616903955078125, 1.5421495517730712, 1.5608293951034546, 1.578365630722046, 1.6610153621673585, 1.632515048980713, 1.5728117630004883, 1.5124897562026978, 1.4786818267822266, 1.6100466121673584, 1.5008020395278932, 1.5548589447021484, 1.5384955265045166, 1.4455306583404541, 1.4580184341430664, 1.4357901329040528, 1.4381102210998535, 1.3911887928009032, 1.4187981063842774, 1.4170932823181153, 1.3513627100944519, 1.3357436176300048, 1.404676848602295, 1.3415018682479858, 1.4439056411743163, 1.5110674827575683, 1.343601644706726, 1.2932682056427003, 1.2859768630981445, 1.3029277061462403, 1.346883946609497, 1.2873410871505737, 1.293413388824463, 1.295608790397644, 1.2758996311187745, 1.2869758438110352, 1.2884613906860352, 1.2940565515518188, 1.2748650465011597, 1.2680899419784546, 1.279028332901001, 1.2616353582382203, 1.2735794384002685, 1.2717359219551085, 1.268982091140747, 1.2688880994796754, 1.2759383230209351, 1.2773430723190307, 1.2784885093688965, 1.2731076175689697, 1.2765637086868287, 1.2741338973999023],