{"loss": [], "acc": [], "test_loss": [3.8580259952545166, 3.3569049339294432, 3.190732837677002, 2.9059087772369385, 2.8063382484436037, 2.5341986160278323, 2.3041460983276365, 2.329823631286621, 2.411228369140625, 2.21937965965271, 2.138245613670349, 2.4524553504943847, 2.201168406295776, 2.329318075942993, 2.420082805252075, 1.9975724245071411, 2.013500208282471, 2.0366516445159912, 2.0273466814041137, 1.8882679237365723, 1.9008959354400634, 2.0167682609558106, 2.0019659954071045, 1.9254164138793946, 1.909843455886841, 1.97469996509552, 1.822965140724182, 1.9524906980514527, 1.9310888103485107, 2.03107621383667, 1.847114031982422, 2.0144887950897217, 1.9270379096984864, 1.935000500869751, 1.786132710647583, 1.6862413854598999, 1.7516591117858886, 1.817144146156311, 1.8245136066436767, 1.8243486122131347, 1.7548284622192383, 2.0658271530151366, 2.097694114303589, 1.6941992630004883, 1.75340795211792, 1.6944571426391601, 1.7671433044433593, 1.6374751613616942, 1.6045655155181884, 1.6574394590377808, 1.7060256303787231, 1.7012423217773438, 1.6727559692382812, 1.543758993911743, 1.6969012287139893, 1.7595636684417724, 1.719511393737793, 1.6443226982116699, 1.5845812047958374, 1.477005651473999, 1.5313384641647338, 1.6517335521697998, 1.5836934432983398, 1.4747905868530273, 1.5109281352996826, 1.4460768379211426, 1.4074415809631349, 1.4813954458236693, 1.4002027545928954, 1.506684285545349, 1.4667207824707031, 1.4404041856765748, 1.5005257984161378, 1.4163398937225342, 1.4374788810729981, 1.4029169017791747, 1.397102643585205, 1.3782845916748048, 1.37314718875885, 1.3840476240158082, 1.3914896512985229, 1.4012349769592285, 1.3624914867401123, 1.3628969697952271, 1.3617475385665894, 1.3642572731018066, 1.359883748435974, 1.3576748449325562, 1.3682391460418701, 1.3596779922485351, 1.3662143943786622, 1.3594398139953614, 1.3597364780426024, 1.3613301662445068, 1.364730834388733, 1.3560257270812988, 1.359542372894287, 1.3607669624328613, 1.3597984909057617, 1.360290669631958], "test_acc": [8.809999465942383, 17.649999618530273, 21.3799991607666, 27.299999237060547, 28.0, 35.02000045776367, 38.98999786376953, 39.709999084472656, 37.48999786376953, 40.77000045776367, 43.07999801635742, 37.70000076293945, 42.72999954223633, 40.48999786376953, 40.31999969482422, 46.63999938964844, 46.11000061035156, 45.779998779296875, 46.18000030517578, 48.98999786376953, 48.25, 46.2599983215332, 46.90999984741211, 49.14999771118164, 48.54999923706055, 47.29999923706055, 50.97999954223633, 48.779998779296875, 48.97999954223633, 46.93000030517578, 49.439998626708984, 47.439998626708984, 49.599998474121094, 48.78999710083008, 51.43000030517578, 53.8599967956543, 52.32999801635742, 51.5099983215332, 51.46999740600586, 51.46999740600586, 52.25, 46.15999984741211, 47.36000061035156, 54.369998931884766, 54.21999740600586, 54.15999984741211, 53.21999740600586, 56.23999786376953, 56.71999740600586, 55.71999740600586, 54.34000015258789, 55.56999969482422, 56.09000015258789, 57.959999084472656, 55.09000015258789, 53.849998474121094, 54.06999969482422, 55.90999984741211, 57.87999725341797, 59.89999771118164, 59.1099967956543, 56.7599983215332, 58.38999938964844, 61.099998474121094, 60.48999786376953, 62.18000030517578, 62.98999786376953, 60.619998931884766, 63.15999984741211, 60.779998779296875, 61.87999725341797, 63.56999969482422, 62.189998626708984, 64.04999542236328, 64.05999755859375, 64.2699966430664, 65.04000091552734, 65.45999908447266, 65.5999984741211, 65.58999633789062, 65.79000091552734, 65.87999725341797, 66.77999877929688, 66.93000030517578, 66.95999908447266, 67.22000122070312, 66.90999603271484, 67.38999938964844, 67.23999786376953, 67.5, 67.36000061035156, 67.69999694824219, 67.83999633789062, 67.55999755859375, 67.54000091552734, 67.43999481201172, 67.54000091552734, 67.61000061035156, 67.47000122070312, 67.65999603271484], "wall_time": [20.044517040252686, 38.33019471168518, 56.62014031410217, 74.93390250205994, 93.26292824745178, 111.55256867408752, 129.83064651489258, 148.15437769889832, 166.49771666526794, 184.77933049201965, 203.12720346450806, 221.37241435050964, 239.64973664283752, 257.96406507492065, 276.2919690608978, 294.66071248054504, 312.98949813842773, 331.2943150997162, 349.6262276172638, 367.98681831359863, 386.32901906967163, 404.6073718070984, 422.8743221759796, 441.0918745994568, 459.379191160202, 477.68471908569336, 496.03580808639526, 514.347464799881, 532.6786086559296, 551.0233500003815, 569.3422074317932, 587.6684846878052, 605.9611313343048, 624.2913994789124, 642.5853977203369, 660.9190709590912, 679.2364356517792, 697.5781841278076, 715.9454429149628, 734.2764265537262, 752.6367874145508, 771.0234534740448, 789.37788438797, 807.6843461990356, 825.9742772579193, 844.2092208862305, 862.4738035202026, 880.7625215053558, 899.0741467475891, 917.541574716568, 935.923220872879, 954.2866740226746, 972.6666343212128, 991.0116040706635, 1009.3308472633362, 1027.629849433899, 1045.9239027500153, 1064.4364805221558, 1082.742744922638, 1101.007749080658, 1119.3136246204376, 1137.6149833202362, 1155.9082522392273, 1174.258111000061, 1192.597484111786, 1210.964672088623, 1229.32195687294, 1247.6894030570984, 1265.962462425232, 1284.238612651825, 1302.5341033935547, 1320.8171875476837, 1339.1201055049896, 1357.4640367031097, 1375.7717289924622, 1394.0541405677795, 1412.3094358444214, 1430.6077506542206, 1448.9439761638641, 1467.2821502685547, 1485.6256067752838, 1503.943604707718, 1522.2538995742798, 1540.4961552619934, 1558.7969484329224, 1577.1500084400177, 1595.406653881073, 1613.735915184021, 1632.0543956756592, 1650.370182275772, 1668.6809403896332, 1686.9401216506958, 1705.2509171962738, 1723.6024026870728, 1741.9772362709045, 1760.3353447914124, 1778.720341205597, 1797.032544374466, 1815.2571971416473, 1833.5093567371368], "val_loss": [3.8570908123016356, 3.389811515045166, 3.2124145606994627, 2.930425484085083, 2.8117665939331054, 2.5544635608673096, 2.3323144157409668, 2.354136519241333, 2.419157342147827, 2.2381972930908205, 2.1645592014312744, 2.477262325286865, 2.2164245197296144, 2.3619858152389526, 2.4600313526153563, 2.0007708457946776, 2.0070590950012206, 2.065289172744751, 2.0482780975341797, 1.9019252403259277, 1.916059259033203, 2.065273140335083, 2.059027966308594, 1.91726605758667, 1.9181912672042847, 2.0170941432952882, 1.8239452686309814, 1.9759437007904053, 1.9247127655029297, 2.06609242477417, 1.883088256072998, 2.0043826881408693, 1.94022497215271, 1.9299522214889526, 1.7825434383392333, 1.7064096529006958, 1.7804945610046388, 1.8142158918380737, 1.8724689891815185, 1.8203822532653808, 1.7848854574203492, 2.083022695159912, 2.1077352966308593, 1.6960262519836427, 1.750885506439209, 1.7188718208312987, 1.7665699310302734, 1.648542052268982, 1.619893337249756, 1.6734978757858276, 1.712857551574707, 1.6709086898803711, 1.6793524475097656, 1.5916705263137818, 1.6992314435958862, 1.7435606164932251, 1.7302925189971923, 1.645282604598999, 1.6103150569915772, 1.48281943359375, 1.5434345657348634, 1.6304059623718261, 1.5931182796478272, 1.4712198112487793, 1.5267460470199585, 1.4438583011627197, 1.415146002960205, 1.4846528577804565, 1.411289418411255, 1.4954229360580444, 1.4919403316497803, 1.4431674291610719, 1.470787042236328, 1.4004937740325927, 1.4491404169082642, 1.4334435688018798, 1.4119142864227294, 1.4138333158493042, 1.3876735698699951, 1.3989464054107665, 1.386313522720337, 1.4135779991149902, 1.3802471858978271, 1.3760344455718994, 1.3574816135406493, 1.3695665636062622, 1.3614649658203124, 1.3642607633590698, 1.3673585849761962, 1.3643957485198974, 1.372851664352417, 1.3660041450500489, 1.3659356643676759, 1.364200499343872, 1.3656135288238525, 1.3573635524749756, 1.3658944183349608, 1.3626344449996948, 1.3647935653686523, 1.3611480751037597],