{"loss": [], "acc": [], "test_loss": [3.91115396194458, 3.5088934482574463, 3.300359701538086, 3.1595467933654784, 2.8175205570220947, 2.7109793548583982, 2.793535855484009, 2.4761328998565673, 2.455285219192505, 2.4776319198608396, 2.5473202587127686, 2.222459206199646, 2.400047899246216, 2.25922839050293, 2.369179487991333, 2.360894479751587, 2.195974990463257, 2.168637897491455, 2.1357212966918944, 2.128831792831421, 2.0118913480758667, 2.0111987918853758, 2.1055326541900636, 2.013571908760071, 2.039837367248535, 2.112797032546997, 2.042488613128662, 1.9368811973571778, 1.9743716594696046, 1.9303935819625855, 1.8803332237243653, 1.8900442047119141, 1.950971143722534, 1.9558181869506837, 1.9278171493530274, 1.9830022422790528, 1.8385440624237062, 1.8436534088134766, 1.9470457710266114, 1.9129624965667724, 1.9407487503051757, 1.8651579437255859, 1.7757714778900147, 1.7952332124710082, 1.824409521484375, 1.7096298252105713, 1.763381630706787, 1.7817771911621094, 1.7848779857635497, 1.753411004638672, 1.7048176971435547, 1.7709801174163817, 1.7170651958465577, 1.7390976890563965, 1.6654918563842773, 1.5841829696655274, 1.5912494800567627, 1.620286857032776, 1.6083111749649048, 1.5596559188842773, 1.5499050273895263, 1.514856742477417, 1.5314363704681397, 1.5187036743164062, 1.5129499839782714, 1.5291101139068604, 1.527186009979248, 1.4532489791870118, 1.4822008224487304, 1.5036849012374878, 1.4469699626922607, 1.4226869579315184, 1.444890111541748, 1.3908647846221924, 1.386410355758667, 1.3812890836715699, 1.390302749824524, 1.3797341655731201, 1.3837930418014526, 1.356430930519104, 1.3411980621337891, 1.3396833723068238, 1.3410710220336914, 1.334619629096985, 1.3364443893432618, 1.3393738876342773, 1.3344420297622681, 1.3306840942382812, 1.3238145347595214, 1.3253226593017577, 1.3199740755081177, 1.3329717180252074, 1.3349498851776123, 1.3235051872253418, 1.3243222326278687, 1.3282262386322021, 1.335475527191162, 1.3311333961486815, 1.3361750114440918, 1.3303443912506103], "test_acc": [8.760000228881836, 15.539999961853027, 19.69999885559082, 22.350000381469727, 28.69999885559082, 31.559999465942383, 29.42999839782715, 35.040000915527344, 36.5099983215332, 35.95000076293945, 34.529998779296875, 40.709999084472656, 37.459999084472656, 40.689998626708984, 38.779998779296875, 38.59000015258789, 42.04999923706055, 42.48999786376953, 42.099998474121094, 43.349998474121094, 45.97999954223633, 45.48999786376953, 43.93000030517578, 46.09000015258789, 44.95000076293945, 43.90999984741211, 45.7599983215332, 47.82999801635742, 46.869998931884766, 47.53999710083008, 48.78999710083008, 49.02000045776367, 47.939998626708984, 46.709999084472656, 48.0099983215332, 47.369998931884766, 49.66999816894531, 49.82999801635742, 48.65999984741211, 48.71999740600586, 47.68000030517578, 49.91999816894531, 51.43000030517578, 51.3599967956543, 50.79999923706055, 53.14999771118164, 52.30999755859375, 51.73999786376953, 51.75, 52.12999725341797, 53.6099967956543, 52.28999710083008, 53.06999969482422, 53.53999710083008, 55.099998474121094, 57.07999801635742, 55.73999786376953, 55.619998931884766, 56.02000045776367, 56.82999801635742, 57.39999771118164, 58.5, 57.96999740600586, 58.2599983215332, 58.05999755859375, 58.19999694824219, 59.13999938964844, 60.29999923706055, 59.8599967956543, 58.54999923706055, 60.21999740600586, 61.119998931884766, 60.71999740600586, 61.519996643066406, 61.64999771118164, 62.25, 62.66999816894531, 62.94999694824219, 62.75, 63.32999801635742, 63.779998779296875, 64.04000091552734, 64.15999603271484, 64.25, 64.04999542236328, 64.56999969482422, 64.56999969482422, 64.8699951171875, 65.04000091552734, 65.3699951171875, 65.47999572753906, 65.31999969482422, 65.45999908447266, 65.4000015258789, 65.2699966430664, 65.6199951171875, 65.63999938964844, 65.40999603271484, 65.47000122070312, 65.55999755859375], "wall_time": [69.53241276741028, 94.44301128387451, 114.33514881134033, 134.2831437587738, 153.83758974075317, 172.73790979385376, 191.86501622200012, 211.27887749671936, 229.6860053539276, 248.93587708473206, 267.92440462112427, 286.5932877063751, 305.5473873615265, 324.3867361545563, 343.80970573425293, 363.3852729797363, 382.4824912548065, 400.62962579727173, 419.7130010128021, 439.6426181793213, 459.51047587394714, 478.9578769207001, 497.97317576408386, 516.3087995052338, 536.0577864646912, 556.1045234203339, 574.677460193634, 594.5987665653229, 614.5256795883179, 632.9170722961426, 652.0330080986023, 671.3868525028229, 691.1901605129242, 710.0637054443359, 728.9185755252838, 747.5512583255768, 766.2034542560577, 784.9458763599396, 803.3669691085815, 823.4197492599487, 842.0703535079956, 860.8654816150665, 879.8729770183563, 898.4637761116028, 917.6275899410248, 935.9788522720337, 955.3917407989502, 973.8828463554382, 994.1296510696411, 1012.8216545581818, 1031.5563731193542, 1051.6092858314514, 1070.853892326355, 1091.4912865161896, 1110.46830701828, 1128.7384986877441, 1147.469426870346, 1167.5029790401459, 1186.1618461608887, 1204.6724214553833, 1222.9966654777527, 1241.0945053100586, 1259.393226146698, 1278.0951137542725, 1298.1021511554718, 1318.049544095993, 1338.090698003769, 1356.474159002304, 1375.3947222232819, 1393.6779961585999, 1412.6188805103302, 1433.001356124878, 1451.8137774467468, 1470.6614503860474, 1490.8423881530762, 1509.9610104560852, 1529.3475465774536, 1548.1126973628998, 1567.113535642624, 1586.3024246692657, 1604.811859846115, 1625.030121088028, 1643.9462275505066, 1662.6674559116364, 1683.0784103870392, 1701.4134323596954, 1720.4715280532837, 1738.7461278438568, 1758.5080862045288, 1777.4505515098572, 1796.2736716270447, 1814.5356259346008, 1833.000139951706, 1850.9243867397308, 1870.8691997528076, 1888.9749433994293, 1908.9281504154205, 1927.6780123710632, 1945.9068083763123, 1964.4026563167572], "val_loss": [3.9032483673095704, 3.5242268074035645, 3.329569885635376, 3.1975406532287596, 2.8233027824401855, 2.7427374767303467, 2.826690060424805, 2.4998584259033203, 2.50211785736084, 2.4975917026519774, 2.5697790573120116, 2.261731006240845, 2.439512600326538, 2.2948587963104248, 2.3712772594451903, 2.3993273769378662, 2.2274696113586425, 2.2197710105895996, 2.1400728862762453, 2.189186268615723, 2.0368875759124756, 2.038489062309265, 2.0926899269104005, 2.0244865619659422, 2.0626988317489623, 2.116843630218506, 2.067141869354248, 1.936864267349243, 2.0196311027526854, 1.9613074005126954, 1.9061285745620729, 1.9119658874511718, 1.9709812164306642, 1.967318928527832, 1.9315118492126464, 1.979604398727417, 1.84020879611969, 1.874080541229248, 1.9620058963775635, 1.9265183265686034, 1.94813578414917, 1.8916074382781982, 1.8047367778778076, 1.7938993667602539, 1.8460826080322266, 1.745161533355713, 1.7728345809936523, 1.775178453063965, 1.822621089363098, 1.7685258922576905, 1.7403528621673583, 1.8024170413970948, 1.7649635154724121, 1.7441248743057252, 1.672655994606018, 1.609683447265625, 1.6131957950592042, 1.6037111083984374, 1.633639497756958, 1.5670912952423095, 1.5755303924560546, 1.5317495901107787, 1.5459734325408936, 1.5411574110031128, 1.5248526107788085, 1.5499761184692382, 1.5487256435394288, 1.4891562801361085, 1.496861982345581, 1.5135053520202637, 1.4700315538406372, 1.4467780311584473, 1.4525198764801026, 1.4173823600769042, 1.3974126972198486, 1.3926315748214722, 1.3949043209075929, 1.3818716804504394, 1.4073090370178223, 1.3821732456207276, 1.355675592803955, 1.3571576023101806, 1.3605407806396483, 1.3466824885368347, 1.348178072166443, 1.3420390399932862, 1.3362142181396484, 1.3475537160873412, 1.3292539880752563, 1.3371901636123658, 1.338558500957489, 1.337536950302124, 1.3409584639549255, 1.330062835407257, 1.3325491722106935, 1.3333764488220214, 1.3411786023139953, 1.335731669139862, 1.3416162460327148, 1.3369508468627929],