{"loss": [], "acc": [], "test_loss": [3.897742204284668, 3.5377666458129884, 3.3546073753356933, 3.696369566345215, 2.8197866874694824, 3.09926276550293, 2.491615533447266, 2.5028343269348143, 2.6182989074707033, 2.5425339820861814, 2.4057192768096924, 2.333706335449219, 2.402371078491211, 2.514510445022583, 2.2721832447052, 2.209906565666199, 2.4118726245880127, 2.414093181991577, 2.1010202098846436, 2.2899886337280275, 2.528559550857544, 2.2060328273773195, 2.184284832382202, 2.238176295852661, 2.0316341232299804, 2.0874265674591066, 2.1258401931762694, 2.1815602218627927, 2.682522067642212, 2.2500250900268557, 2.0644838361740114, 1.9560159135818482, 2.021773987197876, 2.0866585094451904, 2.0643808137893678, 1.8481136699676515, 1.8515998428344727, 1.8512467323303223, 1.8326539295196533, 2.023585075759888, 1.8052398542404176, 1.792218182182312, 1.755580596923828, 1.7561026556015014, 1.8757961420059204, 1.7874806352615356, 1.7244124214172363, 1.7982238874435426, 1.7949766300201415, 1.792803299331665, 1.6795458408355712, 1.8004714557647705, 1.8356374893188476, 1.6451184213638306, 1.685699087524414, 1.628709068107605, 1.652198669052124, 1.6801285121917724, 1.6340293870925904, 1.6398098752975463, 1.5504866178512573, 1.5485819385528565, 1.7193105445861816, 1.6471214729309083, 1.526151314163208, 1.524722848892212, 1.5680644605636598, 1.4919399524688721, 1.5235495414733886, 1.511206916809082, 1.4643281711578369, 1.4641353553771972, 1.5371581758499147, 1.452224346446991, 1.4651747046470642, 1.4240148220062256, 1.4110660533905028, 1.4040833452224732, 1.3896796920776366, 1.3805304492950439, 1.3925714530944824, 1.4154844654083252, 1.3944418440818787, 1.3613823486328125, 1.3570402023315429, 1.3657119060516358, 1.347422965145111, 1.3608889426231385, 1.3586260605812073, 1.3586021156311034, 1.3580939787864685, 1.35833157453537, 1.3597323976516724, 1.3566733080863953, 1.360193294429779, 1.3554150023460387, 1.3559183933258057, 1.360293453025818, 1.3573529821395873, 1.3560519254684449], "test_acc": [7.789999961853027, 14.319999694824219, 18.389999389648438, 15.829999923706055, 28.28999900817871, 26.01999855041504, 35.040000915527344, 35.040000915527344, 34.47999954223633, 34.54999923706055, 37.20000076293945, 39.09000015258789, 38.099998474121094, 36.48999786376953, 40.96999740600586, 41.59000015258789, 38.73999786376953, 37.41999816894531, 43.23999786376953, 40.36000061035156, 36.72999954223633, 41.55999755859375, 42.91999816894531, 41.439998626708984, 45.25, 45.2599983215332, 43.91999816894531, 43.06999969482422, 34.34000015258789, 42.68000030517578, 45.439998626708984, 47.869998931884766, 46.69999694824219, 45.529998779296875, 45.87999725341797, 50.28999710083008, 50.16999816894531, 49.869998931884766, 50.04999923706055, 46.099998474121094, 50.55999755859375, 51.689998626708984, 51.87999725341797, 51.75, 49.5, 51.3599967956543, 53.05999755859375, 50.84000015258789, 51.40999984741211, 51.869998931884766, 54.38999938964844, 51.91999816894531, 51.05999755859375, 55.43000030517578, 54.40999984741211, 55.369998931884766, 55.14999771118164, 54.23999786376953, 54.98999786376953, 56.28999710083008, 57.66999816894531, 57.75, 54.54999923706055, 56.28999710083008, 58.79999923706055, 58.2599983215332, 57.27000045776367, 59.47999954223633, 58.709999084472656, 58.88999938964844, 60.119998931884766, 60.44999694824219, 59.55999755859375, 61.189998626708984, 60.779998779296875, 61.30999755859375, 61.63999938964844, 62.16999816894531, 62.46999740600586, 62.779998779296875, 63.31999969482422, 63.029998779296875, 63.03999710083008, 63.54999923706055, 64.51000213623047, 64.48999786376953, 64.88999938964844, 64.55999755859375, 64.8699951171875, 65.18000030517578, 64.93999481201172, 65.23999786376953, 65.13999938964844, 65.08000183105469, 65.04999542236328, 65.2699966430664, 65.29000091552734, 65.27999877929688, 65.30999755859375, 65.48999786376953], "wall_time": [19.24775528907776, 36.977609634399414, 54.650625228881836, 72.26606154441833, 89.6812801361084, 107.09391570091248, 124.54695010185242, 141.98158478736877, 159.45828771591187, 176.92777109146118, 194.36798524856567, 211.76120615005493, 229.1571638584137, 246.59947681427002, 264.09704971313477, 281.5521264076233, 298.96313548088074, 316.36122035980225, 333.6702194213867, 351.11691975593567, 368.5630543231964, 386.0617823600769, 403.54761266708374, 420.9613745212555, 438.39576959609985, 455.73719811439514, 473.1243178844452, 490.5789439678192, 508.0655071735382, 525.5562648773193, 542.9618270397186, 560.3300077915192, 577.7397134304047, 595.1734883785248, 612.6032326221466, 630.0316548347473, 647.4441905021667, 664.9796843528748, 682.6078050136566, 700.288215637207, 717.8975431919098, 735.527633190155, 753.1494226455688, 770.7865099906921, 788.3316349983215, 805.9828445911407, 823.6058659553528, 841.2412135601044, 858.9256756305695, 876.5829055309296, 894.2062554359436, 911.7845268249512, 929.38392162323, 946.9675061702728, 964.6392414569855, 982.3556389808655, 1000.0134420394897, 1017.6393449306488, 1035.280853509903, 1052.9809522628784, 1070.7184507846832, 1088.6054055690765, 1106.3989248275757, 1124.3080513477325, 1142.1194076538086, 1159.9581696987152, 1177.8242416381836, 1195.6180849075317, 1213.3965818881989, 1231.2778522968292, 1249.1512949466705, 1266.9789605140686, 1284.7621273994446, 1302.64298081398, 1320.447009563446, 1338.2531442642212, 1356.10879778862, 1373.930954694748, 1391.7793681621552, 1409.6302456855774, 1427.4289853572845, 1445.2164852619171, 1462.98477101326, 1480.8199653625488, 1498.6890637874603, 1516.5575885772705, 1534.2987871170044, 1552.0798223018646, 1569.8896996974945, 1588.0028960704803, 1605.9677140712738, 1624.0179510116577, 1642.0858821868896, 1660.117492198944, 1678.2268433570862, 1696.2677342891693, 1714.2824881076813, 1732.278647661209, 1750.2946906089783, 1768.340886592865], "val_loss": [3.9097820556640626, 3.570690441894531, 3.396792184448242, 3.701921996307373, 2.8179462898254393, 3.127584303665161, 2.5350184768676756, 2.5210354965209962, 2.690885316467285, 2.5517181659698487, 2.4113125617980957, 2.3540959842681883, 2.4348863748550413, 2.542931935119629, 2.326041823577881, 2.249880717468262, 2.4698770641326906, 2.4723593341827392, 2.1174371883392333, 2.303392938232422, 2.540862928771973, 2.2653220134735106, 2.190091241455078, 2.2710687377929686, 2.0529245594024657, 2.094064602661133, 2.1421467056274412, 2.2227754707336427, 2.6900706928253175, 2.269405833816528, 2.080086710357666, 1.9653402412414551, 2.0227288009643556, 2.109503995895386, 2.1080083946228028, 1.8669206150054931, 1.8563275436401367, 1.8954180053710938, 1.8661173650741578, 2.0286570182800294, 1.8166333404541015, 1.808887317276001, 1.760965014076233, 1.7837401329040528, 1.9226159786224366, 1.7867752075195313, 1.7361019624710083, 1.7886822708129884, 1.8304095001220704, 1.820560542869568, 1.6879112915039063, 1.8048953800201415, 1.8666200172424317, 1.648342084312439, 1.7057449092864991, 1.6540108165740968, 1.6592701374053955, 1.6954001594543457, 1.6467496002197266, 1.6526404613494874, 1.549505755996704, 1.541974924659729, 1.7159014795303345, 1.6594673789978027, 1.5413425512313843, 1.5428428298950196, 1.6067646675109863, 1.5088529121398926, 1.5374342277526856, 1.5278721912384032, 1.4764339429855347, 1.4737385864257813, 1.5387891468048096, 1.4549340995788573, 1.488410891342163, 1.4176332962036133, 1.4125899173736571, 1.3926666931152343, 1.3999321516036987, 1.398255140686035, 1.4016451543807984, 1.4263035552978516, 1.3938843601226807, 1.3684916370391846, 1.3660903003692626, 1.3883560070037841, 1.35934190864563, 1.3681353982925415, 1.3611262199401855, 1.370769317626953, 1.3669765701293946, 1.367766868209839, 1.3711976623535156, 1.3673659908294677, 1.3706068042755126, 1.368490172958374, 1.3652362991333007, 1.3688561450958252, 1.3659751413345338, 1.3669539701461793],