{"loss": [], "acc": [], "test_loss": [3.7678951961517333, 3.3533619327545168, 3.1512431003570556, 3.1133503818511965, 2.681218790435791, 2.5186176471710207, 2.4340081325531004, 2.2355871074676514, 2.2056541074752807, 2.404649501419067, 2.063993993186951, 2.2200708282470702, 2.1675886711120604, 2.3722943172454833, 2.0508356567382813, 2.0547690925598143, 2.020415631866455, 1.8732504016876221, 2.0768362047195437, 1.9510346244812011, 1.9761349628448486, 1.820800119781494, 1.875416480255127, 1.9092203155517578, 2.2553288486480714, 1.9016700469970702, 1.932643242263794, 1.8152810119628906, 1.8717496429443359, 2.0937889671325682, 1.8970132110595703, 1.8057732782363891, 1.7447971439361571, 1.7361439378738404, 1.915238437652588, 1.7335517314910889, 1.86780676612854, 1.8332574951171876, 1.6654097873687743, 1.8357581794738769, 1.737904016494751, 1.7026780574798583, 1.9506585716247558, 1.5533765602111815, 1.673347755241394, 1.7943357749938964, 1.7758260501861571, 1.718859458732605, 1.661202342224121, 1.9326829448699951, 1.5649019611358643, 1.5421484573364257, 1.620860147666931, 1.5599036945343017, 1.6186759784698486, 1.505664733505249, 1.4729124927520751, 1.478070146560669, 1.477866995048523, 1.5152910247802733, 1.432906262779236, 1.4623535161972046, 1.4398395101547241, 1.4334542949676514, 1.4066092140197755, 1.4663749841690064, 1.4337237056732177, 1.4387955577850342, 1.462622784805298, 1.3300794038772583, 1.3876466541290282, 1.4183562633514404, 1.3264004941940308, 1.38315703125, 1.356604786682129, 1.3414280895233155, 1.3269214010238648, 1.3588496562957764, 1.2876492172241212, 1.3040163082122802, 1.3136160583496095, 1.3050989332199097, 1.2828165214538574, 1.2871354471206664, 1.2832206420898438, 1.2794922912597657, 1.2985569721221923, 1.28485713596344, 1.2862507749557495, 1.274993384552002, 1.2679338359832764, 1.274980560874939, 1.2809358165740967, 1.2683534801483154, 1.2719953037261962, 1.2747751258850097, 1.278125111579895, 1.2779532993316651, 1.272582103729248, 1.275870174407959], "test_acc": [10.199999809265137, 18.809999465942383, 22.25, 25.15999984741211, 31.939998626708984, 34.37999725341797, 36.27000045776367, 40.91999816894531, 41.38999938964844, 37.87999725341797, 45.41999816894531, 41.66999816894531, 43.959999084472656, 39.5099983215332, 45.38999938964844, 46.16999816894531, 46.97999954223633, 49.14999771118164, 45.14999771118164, 48.029998779296875, 47.82999801635742, 50.849998474121094, 50.369998931884766, 49.23999786376953, 44.279998779296875, 50.31999969482422, 48.66999816894531, 52.0099983215332, 50.72999954223633, 45.72999954223633, 50.27000045776367, 51.32999801635742, 52.81999969482422, 53.79999923706055, 49.189998626708984, 53.28999710083008, 50.61000061035156, 51.47999954223633, 55.73999786376953, 52.0099983215332, 53.599998474121094, 54.46999740600586, 49.43000030517578, 57.0099983215332, 55.689998626708984, 53.689998626708984, 53.82999801635742, 54.39999771118164, 56.71999740600586, 50.939998626708984, 57.91999816894531, 58.05999755859375, 56.44999694824219, 58.69999694824219, 57.47999954223633, 59.3599967956543, 60.31999969482422, 59.87999725341797, 60.59000015258789, 59.849998474121094, 61.79999923706055, 61.22999954223633, 61.529998779296875, 62.23999786376953, 63.029998779296875, 61.28999710083008, 62.439998626708984, 62.79999923706055, 61.39999771118164, 64.68000030517578, 63.65999984741211, 63.38999938964844, 65.1199951171875, 63.89999771118164, 64.66999816894531, 65.73999786376953, 66.06999969482422, 66.0199966430664, 66.70999908447266, 67.05999755859375, 67.0199966430664, 67.00999450683594, 67.86000061035156, 68.19999694824219, 68.04999542236328, 68.27999877929688, 68.0, 68.3499984741211, 68.4000015258789, 68.47000122070312, 68.8499984741211, 68.7699966430664, 68.75, 68.8499984741211, 68.88999938964844, 68.94999694824219, 68.8699951171875, 69.0199966430664, 68.73999786376953, 68.79999542236328], "wall_time": [14.839793920516968, 29.17368721961975, 43.447808504104614, 57.712992906570435, 71.991858959198, 86.23515629768372, 100.48371958732605, 114.74922490119934, 128.97486448287964, 143.21635746955872, 157.52166318893433, 171.8015959262848, 186.08709239959717, 200.310546875, 214.645929813385, 228.94170451164246, 243.22793579101562, 257.5561954975128, 271.887957572937, 286.1104824542999, 300.3176407814026, 314.56664776802063, 328.8187413215637, 343.1012535095215, 357.339257478714, 371.6101505756378, 385.91906690597534, 400.1982135772705, 414.446102142334, 428.7487552165985, 443.032194852829, 457.3348205089569, 471.67061138153076, 486.0056471824646, 500.2884109020233, 514.6132984161377, 528.9058659076691, 543.1574547290802, 557.5032386779785, 571.8175857067108, 586.1405866146088, 600.4782528877258, 614.7205390930176, 628.9099264144897, 643.1145358085632, 657.3443965911865, 671.5669224262238, 685.8058664798737, 700.0839908123016, 714.2874352931976, 728.498096704483, 742.7794647216797, 757.1009330749512, 771.403774023056, 785.7454400062561, 800.0592353343964, 814.3230535984039, 828.6779203414917, 843.0662641525269, 857.4107360839844, 871.7621078491211, 886.097314119339, 900.4244029521942, 914.754239320755, 929.1095170974731, 943.4402883052826, 957.7433953285217, 972.0642337799072, 986.3811914920807, 1000.6938464641571, 1015.0849752426147, 1029.362185716629, 1043.6853730678558, 1058.0648188591003, 1072.4321117401123, 1086.7661356925964, 1101.111780166626, 1115.4536383152008, 1129.7382364273071, 1144.0636625289917, 1158.4168286323547, 1172.7056119441986, 1187.0216999053955, 1201.3639602661133, 1215.6663048267365, 1230.0178637504578, 1244.3447864055634, 1258.6408698558807, 1273.0051119327545, 1287.3637387752533, 1301.6256856918335, 1315.895004749298, 1330.1609535217285, 1344.426385641098, 1358.6811611652374, 1372.9614531993866, 1387.180109500885, 1401.453289270401, 1415.7044196128845, 1429.9967803955078], "val_loss": [3.7884843307495117, 3.360192971801758, 3.1664816493988037, 3.147991618347168, 2.7290721366882322, 2.52759056930542, 2.456691418838501, 2.2546843383789064, 2.230633836174011, 2.3976292304992675, 2.0808941093444826, 2.2633244583129883, 2.167423411178589, 2.399028882598877, 2.0783170124053956, 2.0432662315368653, 2.0479691387176513, 1.8963750610351562, 2.097378897857666, 1.9965010860443115, 1.9823583164215088, 1.8553545307159425, 1.908532657623291, 1.9170285331726074, 2.264765654373169, 1.9282608722686767, 1.965894828414917, 1.8448638153076171, 1.9043571235656738, 2.1327926666259764, 1.8844070449829102, 1.8118704456329346, 1.7697323226928712, 1.7408386848449706, 1.930243529510498, 1.7253717576980592, 1.902654726409912, 1.835422866821289, 1.6525281364440918, 1.8355792629241943, 1.7608870052337646, 1.7009077407836914, 1.9689278928756715, 1.572851417160034, 1.654818877029419, 1.7997417488098144, 1.7536946392059327, 1.753960934448242, 1.6648434108734131, 1.9716578601837158, 1.576497957611084, 1.5581287017822265, 1.6461636589050292, 1.600200253868103, 1.6260749500274658, 1.524466653060913, 1.5052660482406617, 1.4752225147247315, 1.467710265159607, 1.5110762155532838, 1.4380790449142455, 1.4928162391662598, 1.4913737522125243, 1.4463782180786133, 1.434610785293579, 1.4809530069351196, 1.427410394859314, 1.453996070098877, 1.453104124069214, 1.3266889305114746, 1.3879709260940551, 1.4251994733810425, 1.3181175079345704, 1.418450163269043, 1.3894277567863464, 1.3376876678466796, 1.3322508520126344, 1.3636773308753967, 1.3022083646774292, 1.3011637851715088, 1.3226723070144653, 1.3097622295379638, 1.2980961240768432, 1.283097543144226, 1.2932950696945191, 1.2923317582130431, 1.2893022789001465, 1.2807221370697022, 1.288088720703125, 1.2820850885391235, 1.2703808752059937, 1.2835351469039917, 1.2804768880844115, 1.2829970178604126, 1.2793042486190795, 1.277200807285309, 1.2791388307571412, 1.2857780447006226, 1.2778007446289064, 1.279495488357544],