{"loss": [], "acc": [], "test_loss": [4.065713011932373, 3.801133016204834, 3.5239112339019774, 3.279800090789795, 3.140853629684448, 2.8075338508605956, 3.145982977294922, 2.6476392162323, 2.5326387153625487, 2.733723412322998, 2.75063346862793, 2.4011787223815917, 2.449422340774536, 2.607744652557373, 2.302074666595459, 2.47586559715271, 2.4346873527526856, 2.486870932388306, 2.3548240894317627, 2.3598263277053833, 2.304257989501953, 2.2559315097808836, 2.3038150636672974, 2.222119039916992, 2.078473657989502, 2.1551207862854005, 2.374497445678711, 2.1928407623291015, 2.146423603820801, 2.270947060394287, 2.1111600635528562, 2.0264655349731444, 2.0848295457839967, 2.056273930358887, 2.1193044567108155, 2.0297445457458494, 2.009541921234131, 2.081202823638916, 1.9590215850830077, 2.0883916843414307, 1.9272436592102051, 2.258816761779785, 1.9472330173492431, 2.0956186729431154, 1.953460472869873, 1.9981942510604858, 1.9175279960632323, 1.9741681121826171, 1.8600872787475586, 1.831332566833496, 1.7900223224639893, 1.7947733322143555, 1.813072703552246, 1.7653359537124633, 1.8129540590286255, 1.7454186470031738, 1.8342966369628906, 1.6683596408843995, 1.7168485057830811, 1.773431530380249, 1.6581351980209351, 1.651061947441101, 1.706236150932312, 1.6166472324371337, 1.600701519203186, 1.5849780429840088, 1.691682229423523, 1.5895017177581787, 1.57567008934021, 1.6180239141464234, 1.5592716232299804, 1.5368442834854126, 1.513197067642212, 1.5525482917785645, 1.5164911434173585, 1.5349601329803466, 1.533041050338745, 1.4820053737640382, 1.5191110042572022, 1.482048656463623, 1.4979768730163574, 1.488625668334961, 1.4763293323516846, 1.4527307327270509, 1.4558225996017455, 1.4588867353439332, 1.4425925060272218, 1.445032981491089, 1.4477272129058838, 1.460118091583252, 1.4540166315078735, 1.447636082839966, 1.449178050994873, 1.4474568359375, 1.4561821355819702, 1.4505672050476075, 1.4581657871246338, 1.4608918361663819, 1.4578413345336914, 1.4570210817337037], "test_acc": [6.399999618530273, 10.949999809265137, 15.109999656677246, 19.43000030517578, 22.959999084472656, 29.009998321533203, 23.849998474121094, 32.05999755859375, 35.0099983215332, 31.15999984741211, 31.529998779296875, 37.02000045776367, 36.39999771118164, 34.39999771118164, 39.59000015258789, 36.97999954223633, 36.529998779296875, 36.45000076293945, 39.20000076293945, 39.119998931884766, 38.939998626708984, 40.439998626708984, 40.63999938964844, 41.45000076293945, 45.189998626708984, 43.06999969482422, 39.34000015258789, 41.86000061035156, 43.61000061035156, 41.57999801635742, 43.37999725341797, 46.28999710083008, 44.369998931884766, 45.38999938964844, 44.5099983215332, 45.57999801635742, 46.54999923706055, 44.54999923706055, 47.369998931884766, 44.619998931884766, 48.779998779296875, 42.75, 48.0099983215332, 45.07999801635742, 46.94999694824219, 47.41999816894531, 48.28999710083008, 47.73999786376953, 49.619998931884766, 50.23999786376953, 51.54999923706055, 51.84000015258789, 51.69999694824219, 52.47999954223633, 51.88999938964844, 52.78999710083008, 51.39999771118164, 54.22999954223633, 53.57999801635742, 53.14999771118164, 54.98999786376953, 55.29999923706055, 53.90999984741211, 56.32999801635742, 57.03999710083008, 57.459999084472656, 55.099998474121094, 57.279998779296875, 57.47999954223633, 56.93000030517578, 58.03999710083008, 58.349998474121094, 59.23999786376953, 58.53999710083008, 59.68000030517578, 59.80999755859375, 59.119998931884766, 61.37999725341797, 60.09000015258789, 61.269996643066406, 61.029998779296875, 61.599998474121094, 61.769996643066406, 62.22999954223633, 62.71999740600586, 62.57999801635742, 63.25, 63.56999969482422, 63.5099983215332, 63.15999984741211, 63.44999694824219, 63.63999938964844, 63.619998931884766, 63.6099967956543, 63.429996490478516, 63.41999816894531, 63.5, 63.55999755859375, 63.62999725341797, 63.62999725341797], "wall_time": [82.98340320587158, 125.42884421348572, 147.46269536018372, 169.61017847061157, 191.89079022407532, 214.53089141845703, 236.87171745300293, 259.3096215724945, 281.70191717147827, 305.0934507846832, 327.5045988559723, 349.96709966659546, 372.32424664497375, 394.81632709503174, 417.40742230415344, 441.0137097835541, 463.62961316108704, 485.8537001609802, 508.2663998603821, 530.5916635990143, 553.316707611084, 576.1544058322906, 598.4252822399139, 620.8398449420929, 643.2125055789948, 665.5857236385345, 688.0508065223694, 710.2785401344299, 732.829598903656, 755.1400513648987, 777.4038546085358, 799.5686373710632, 821.7978048324585, 843.8638935089111, 866.2547748088837, 888.3128845691681, 910.4893970489502, 932.5910379886627, 954.8465347290039, 977.1682934761047, 999.9679133892059, 1022.7175176143646, 1045.2612059116364, 1067.715657711029, 1091.400184392929, 1113.3708889484406, 1135.647387266159, 1157.9598495960236, 1179.997325181961, 1201.9388973712921, 1223.7644491195679, 1245.4772248268127, 1268.7249522209167, 1291.0592823028564, 1313.2723293304443, 1335.679400920868, 1357.9662127494812, 1379.8960373401642, 1401.9249911308289, 1423.873571395874, 1445.4260575771332, 1467.385670185089, 1489.192822933197, 1510.9143750667572, 1532.4710173606873, 1554.4119493961334, 1576.2897458076477, 1600.0083656311035, 1621.9680614471436, 1644.293120622635, 1666.602932691574, 1689.0393316745758, 1711.4504132270813, 1735.9709503650665, 1758.4692814350128, 1781.0038511753082, 1803.6472880840302, 1826.3169786930084, 1849.0164251327515, 1871.4533834457397, 1894.6747682094574, 1917.2358329296112, 1939.8142671585083, 1962.6625983715057, 1985.3309738636017, 2008.0413217544556, 2030.4958827495575, 2054.1790866851807, 2076.8219397068024, 2099.366308450699, 2122.096111536026, 2144.678081512451, 2167.390252828598, 2190.1365134716034, 2213.2331120967865, 2235.502796649933, 2257.8865044116974, 2280.0171098709106, 2302.1275115013123, 2323.8836541175842], "val_loss": [4.070544236755371, 3.817519813156128, 3.5582227401733397, 3.323918522644043, 3.1591221298217773, 2.835566290664673, 3.159757136154175, 2.6747955467224123, 2.5567190574645995, 2.75592536277771, 2.7811336669921873, 2.4355569389343263, 2.4815908401489257, 2.6203589546203614, 2.34268595123291, 2.525354479598999, 2.4366237270355224, 2.4911834182739256, 2.380931023788452, 2.3804492679595946, 2.333289761352539, 2.2892430995941164, 2.334133686828613, 2.2957945083618165, 2.110991675758362, 2.182406867599487, 2.417636088562012, 2.2273266647338867, 2.1541253374099734, 2.3031634296417236, 2.1292436052322388, 2.055865909576416, 2.1219041805267334, 2.078536032104492, 2.1328941802978516, 2.0370775539398194, 2.0162564975738526, 2.1203251918792723, 1.996239585494995, 2.1207095109939575, 1.9333002437591553, 2.2924452732086182, 1.9559190879821777, 2.1092305450439452, 1.9825465663909911, 2.0279878061294556, 1.9691227855682374, 2.0181804080963133, 1.9024025787353516, 1.8588209197998047, 1.8266174156188966, 1.8277090045928954, 1.8495832630157472, 1.7907746795654298, 1.8376090463638306, 1.7436361865997314, 1.834233306312561, 1.6851122669219971, 1.7372838159561157, 1.8289054218292236, 1.700850555229187, 1.6812237655639648, 1.742342744064331, 1.643342737197876, 1.6344267623901367, 1.633591682434082, 1.6995126390457154, 1.6100309257507324, 1.597054288482666, 1.6286323936462401, 1.576248989868164, 1.5559205966949463, 1.5397566703796386, 1.5667821571350098, 1.5644117282867431, 1.551396315574646, 1.550139312362671, 1.5109973251342774, 1.5275365129470826, 1.5052413528442383, 1.5143141426086426, 1.5093063751220703, 1.5075525842666626, 1.4939010141372682, 1.4955115179061889, 1.4990674325942994, 1.4824755458831786, 1.4787675144195556, 1.4805348907470703, 1.497960461807251, 1.4873017978668213, 1.4868581161499024, 1.489057288169861, 1.5019668397903443, 1.5008659759521485, 1.4931900974273682, 1.4996843734741212, 1.5042436740875245, 1.4983026573181153, 1.4982664011001587],