{"loss": [], "acc": [], "test_loss": [3.623856386184692, 3.2314823276519777, 2.882354347229004, 2.533218550109863, 2.6163323974609374, 2.5760183361053466, 2.6975353927612304, 2.2677003425598143, 2.272329968261719, 2.1064473365783694, 2.1694529516220094, 2.1164046588897705, 1.9780615379333497, 1.898101120376587, 1.8716873300552368, 1.9744515747070313, 1.8942776550292968, 1.8722725894927978, 1.9204071199417114, 1.8599610252380372, 1.8241184198379516, 1.8714848054885864, 1.9945922355651855, 1.8276049743652343, 1.8266594636917115, 1.860910152053833, 2.666652733230591, 2.033726844406128, 1.8008936111450196, 1.8785867033004762, 1.755272608757019, 1.9577187772750855, 1.7581286182403564, 1.7600965604782104, 1.7807016929626465, 1.7196167863845826, 1.6779976608276368, 1.685925511932373, 1.8631348598480224, 1.6869783489227295, 1.6790724880218506, 1.6999590091705323, 1.6990514513015746, 1.6861186023712158, 1.7627001640319824, 1.6648642705917358, 1.8090684219360351, 1.5617729499816895, 1.670153050994873, 1.6380081645965576, 1.7070170135498046, 1.5816137744903564, 1.6551764793395995, 1.506120666885376, 1.5312789810180665, 1.4669933349609374, 1.5016159259796142, 1.6403781261444093, 1.6054178127288818, 1.5053079620361327, 1.5884884950637816, 1.815040669631958, 1.5346586975097656, 1.4914658966064454, 1.4869850467681884, 1.5323099323272704, 1.496494183731079, 1.5281629222869872, 1.4771173866271972, 1.4853772850036622, 1.4529693584442138, 1.530786532020569, 1.5071079261779785, 1.5505940017700195, 1.4700827754974366, 1.4427780570983886, 1.4333972843170166, 1.4112136001586915, 1.4052958034515382, 1.3908087368011475, 1.3800557132720948, 1.3803636795043945, 1.356905210494995, 1.358197657775879, 1.3603021289825439, 1.3576076667785644, 1.3426341249465943, 1.3483482185363769, 1.3374019031524658, 1.3401878185272216, 1.343981605529785, 1.3360775135040284, 1.3356115253448486, 1.3349625804901124, 1.3327882507324218, 1.3343416046142578, 1.3354199172973633, 1.333314068222046, 1.3316591102600097, 1.3306149709701538], "test_acc": [12.519999504089355, 20.809999465942383, 27.67999839782715, 34.79999923706055, 34.40999984741211, 34.90999984741211, 34.029998779296875, 40.939998626708984, 41.05999755859375, 44.54999923706055, 43.27000045776367, 44.279998779296875, 46.97999954223633, 49.07999801635742, 49.709999084472656, 47.65999984741211, 49.59000015258789, 50.03999710083008, 48.90999984741211, 51.119998931884766, 51.209999084472656, 50.14999771118164, 47.779998779296875, 51.09000015258789, 51.68000030517578, 50.84000015258789, 37.369998931884766, 46.55999755859375, 52.1099967956543, 50.72999954223633, 53.14999771118164, 48.57999801635742, 53.6099967956543, 53.84000015258789, 53.57999801635742, 54.44999694824219, 54.69999694824219, 54.56999969482422, 52.12999725341797, 55.099998474121094, 56.40999984741211, 55.52000045776367, 55.119998931884766, 55.53999710083008, 54.689998626708984, 56.05999755859375, 53.279998779296875, 58.619998931884766, 57.06999969482422, 56.72999954223633, 55.099998474121094, 58.0, 57.48999786376953, 60.25, 59.64999771118164, 60.43000030517578, 60.57999801635742, 58.07999801635742, 58.82999801635742, 61.3599967956543, 58.82999801635742, 54.77000045776367, 60.62999725341797, 62.0, 62.209999084472656, 62.189998626708984, 62.44999694824219, 61.87999725341797, 62.5, 63.40999984741211, 63.88999938964844, 62.40999984741211, 63.72999954223633, 63.099998474121094, 64.29999542236328, 65.22000122070312, 65.72999572753906, 66.02999877929688, 66.05999755859375, 66.0999984741211, 66.66999816894531, 67.13999938964844, 67.12999725341797, 67.16999816894531, 67.25, 67.45999908447266, 67.6199951171875, 67.75999450683594, 68.08999633789062, 68.06999969482422, 68.18000030517578, 68.22999572753906, 68.38999938964844, 68.41999816894531, 68.25999450683594, 68.25999450683594, 68.27999877929688, 68.2699966430664, 68.33000183105469, 68.36000061035156], "wall_time": [13.286765098571777, 25.85267472267151, 38.34262418746948, 50.86180400848389, 63.496103286743164, 76.10571622848511, 88.60596323013306, 101.1871407032013, 113.72549390792847, 126.32761549949646, 138.82953119277954, 151.34165740013123, 163.91223764419556, 176.45639610290527, 188.9580647945404, 201.5283284187317, 214.07324647903442, 226.5595359802246, 239.10823345184326, 251.63226628303528, 264.14706897735596, 276.69167304039, 289.29468178749084, 301.8547291755676, 314.4238953590393, 327.0146470069885, 339.62339544296265, 352.16144728660583, 364.7233603000641, 377.2796058654785, 389.85659861564636, 402.3995306491852, 414.93745470046997, 427.5210494995117, 440.11979603767395, 452.69183683395386, 465.30742287635803, 477.8984754085541, 490.51047706604004, 503.15467977523804, 515.7847130298615, 528.4208796024323, 540.9947555065155, 553.6361682415009, 566.2695183753967, 578.875271320343, 591.5023984909058, 604.1292598247528, 616.7043642997742, 629.3188364505768, 641.8837721347809, 654.4518761634827, 667.0151007175446, 679.6238164901733, 692.232075214386, 704.8518223762512, 717.4087944030762, 729.984983921051, 742.5494449138641, 755.0460662841797, 767.6342070102692, 780.2343897819519, 792.824375629425, 805.4197535514832, 818.0419371128082, 830.629477262497, 843.1749370098114, 855.8038411140442, 868.393630027771, 880.9917702674866, 893.6001427173615, 906.1795217990875, 918.7321453094482, 931.278525352478, 943.8198931217194, 956.3688325881958, 968.9318466186523, 981.5208656787872, 994.093325138092, 1006.6202249526978, 1019.1728985309601, 1031.709909915924, 1044.253933429718, 1056.8255937099457, 1069.3441934585571, 1081.90487074852, 1094.479196548462, 1107.051662683487, 1119.665117263794, 1132.2069392204285, 1144.729956150055, 1157.2693257331848, 1169.8120737075806, 1182.353364944458, 1194.908192396164, 1207.4730911254883, 1220.0574417114258, 1232.6068584918976, 1245.1516389846802, 1257.7129836082458], "val_loss": [3.643137828063965, 3.241805577468872, 2.886815714263916, 2.5801321426391604, 2.6476135597229002, 2.5896425189971923, 2.7522389766693114, 2.3096264808654787, 2.301646313095093, 2.136622241973877, 2.1869854265213013, 2.1262705169677734, 1.9979679735183715, 1.9310044853210449, 1.914381764602661, 1.9795399368286133, 1.9158841066360475, 1.903230701828003, 1.941440985107422, 1.8876982975006102, 1.8672275974273682, 1.8830776985168458, 2.0187976461410524, 1.8383521593093872, 1.868400665283203, 1.8870838459014894, 2.656869721221924, 2.044920422744751, 1.8162292930603028, 1.9107898246765136, 1.7885180665969849, 1.9725556730270386, 1.7769723630905152, 1.7715438888549804, 1.82407101020813, 1.748231941986084, 1.6829169778823851, 1.7114736457824706, 1.8850517246246339, 1.7063879291534423, 1.70155946559906, 1.6940068433761597, 1.7269067489624024, 1.7063765956878663, 1.7663154083251953, 1.6618221481323243, 1.8243633186340331, 1.5811511863708496, 1.6767041019439697, 1.6494472785949708, 1.7122218223571777, 1.6004894165039063, 1.6766212661743165, 1.5367526245117187, 1.5632801105499268, 1.4989175518035889, 1.4916829222679138, 1.6737696214675903, 1.638193112564087, 1.5259057552337647, 1.6032029317855836, 1.850131700897217, 1.5489904037475586, 1.4978765106201173, 1.5075422008514405, 1.5444959663391113, 1.5290354526519776, 1.5402450693130494, 1.5275091970443726, 1.5392095703125, 1.471363572692871, 1.5523773479461669, 1.561623272705078, 1.5608929069519042, 1.5061997341156006, 1.4547895366668702, 1.4507361656188964, 1.4478681112289429, 1.4441778713226319, 1.4166180334091187, 1.4000530937194824, 1.4007926097869874, 1.3866729286193848, 1.3871695899963379, 1.3869917030334473, 1.388668412208557, 1.377481149673462, 1.3792088996887206, 1.3726424291610717, 1.3759435522079468, 1.3773489992141723, 1.3654806707382203, 1.3679787231445313, 1.3663562648773193, 1.3672188018798828, 1.366516679573059, 1.3689176874160767, 1.3676933506011963, 1.366706221961975, 1.3658691122055053],