{"loss": [], "acc": [], "test_loss": [3.848444721984863, 3.4063783725738523, 3.1204976169586183, 2.949460667800903, 2.614135789108276, 2.400079270172119, 2.3152797037124633, 2.256567290878296, 2.1800304527282717, 2.1976199417114257, 2.2441262172698972, 2.1916684463500977, 2.1985192165374756, 2.0567582691192627, 1.9917568588256835, 1.9860148658752441, 2.055386745071411, 2.3757935947418214, 1.956937032699585, 2.046032944869995, 1.8644811552047729, 1.9877984117507934, 1.807193685913086, 1.9123400783538818, 1.9456609880447389, 1.861206736946106, 1.8373463245391846, 1.8947305736541749, 1.858915290260315, 1.8386662553787232, 1.8270840454101562, 1.8654217353820801, 1.6842359729766845, 1.6888071702957153, 1.8445926986694337, 1.7602880542755126, 1.7202489437103272, 1.9297784162521363, 1.9044547060012817, 1.8415183631896972, 1.7333602407455444, 1.775779419898987, 1.74516432762146, 1.6480866928100586, 1.8474971530914306, 1.6738778371810914, 1.7507761520385743, 1.7374356897354126, 1.6876994794845581, 1.8137792446136474, 2.051747607421875, 1.6094094223022462, 1.5977599365234374, 1.6812929920196533, 1.5393757528305054, 1.6322974822998046, 1.6561358074188233, 1.5140687580108643, 1.4912469955444336, 1.5175244951248168, 1.5166211219787598, 1.4936875637054443, 1.5161093097686769, 1.450231101989746, 1.4261074588775635, 1.3895127395629883, 1.4092635786056518, 1.437858536529541, 1.369526335144043, 1.3165457830429077, 1.3256778919219971, 1.3380299710273742, 1.305442394542694, 1.3700907077789306, 1.3152799465179443, 1.3166911236763001, 1.2911245427131652, 1.2818222180366516, 1.2693084995269774, 1.2659065072059632, 1.2466325290679932, 1.2379244962692262, 1.243369300365448, 1.2467405067443849, 1.2478054691314697, 1.2502319372177124, 1.2536011333465575, 1.2348457277297973, 1.2362738080978393, 1.2362795044898987, 1.236425337600708, 1.237792778968811, 1.2359031063079835, 1.2397811827659606, 1.2404535885810852, 1.2402161395072937, 1.2411519630432128, 1.23649193315506, 1.2381550196647644, 1.2378176097869873], "test_acc": [9.679999351501465, 17.119998931884766, 22.56999969482422, 25.029998779296875, 31.829999923706055, 36.46999740600586, 38.22999954223633, 39.93000030517578, 42.27000045776367, 40.90999984741211, 41.23999786376953, 42.71999740600586, 41.59000015258789, 45.14999771118164, 46.0099983215332, 45.84000015258789, 44.78999710083008, 40.349998474121094, 46.709999084472656, 45.27000045776367, 49.349998474121094, 47.66999816894531, 51.14999771118164, 48.43000030517578, 48.12999725341797, 49.94999694824219, 49.97999954223633, 48.619998931884766, 50.09000015258789, 50.619998931884766, 50.30999755859375, 49.97999954223633, 53.12999725341797, 53.71999740600586, 51.11000061035156, 52.459999084472656, 52.18000030517578, 49.93000030517578, 49.47999954223633, 51.03999710083008, 53.89999771118164, 52.2599983215332, 52.39999771118164, 55.30999755859375, 51.0099983215332, 54.09000015258789, 52.98999786376953, 53.369998931884766, 54.47999954223633, 51.31999969482422, 47.869998931884766, 56.07999801635742, 56.66999816894531, 55.59000015258789, 56.81999969482422, 55.529998779296875, 56.79999923706055, 58.349998474121094, 58.87999725341797, 59.029998779296875, 58.72999954223633, 59.349998474121094, 58.529998779296875, 60.619998931884766, 60.959999084472656, 62.1099967956543, 61.869998931884766, 60.69999694824219, 62.519996643066406, 63.3599967956543, 63.429996490478516, 63.65999984741211, 64.61000061035156, 63.05999755859375, 64.27999877929688, 64.61000061035156, 64.8499984741211, 65.52999877929688, 66.63999938964844, 66.1199951171875, 66.81999969482422, 66.93000030517578, 67.23999786376953, 67.5199966430664, 67.08000183105469, 67.18000030517578, 67.65999603271484, 67.75, 67.93000030517578, 68.29999542236328, 68.33999633789062, 68.15999603271484, 68.29999542236328, 68.15999603271484, 68.22999572753906, 68.5199966430664, 68.22999572753906, 68.43000030517578, 68.33000183105469, 68.48999786376953], "wall_time": [20.390989542007446, 39.475236654281616, 58.486745834350586, 77.54397773742676, 96.45900273323059, 115.43950653076172, 134.3861997127533, 153.3529257774353, 172.3028633594513, 191.2976679801941, 210.2860083580017, 229.28306460380554, 248.3993742465973, 267.4159095287323, 286.35481429100037, 305.3355162143707, 324.26346707344055, 343.2435324192047, 362.1972281932831, 381.14561581611633, 400.1228127479553, 419.10012698173523, 438.0523180961609, 457.0078489780426, 475.9671814441681, 494.92336440086365, 513.9005677700043, 532.863180398941, 551.7757089138031, 570.7524781227112, 589.6746778488159, 608.6312825679779, 627.5693416595459, 646.5803396701813, 665.5723552703857, 684.5711662769318, 703.5531339645386, 722.5823075771332, 741.5853288173676, 760.5314540863037, 779.4896140098572, 798.4698181152344, 817.4059624671936, 836.3287065029144, 855.2080099582672, 874.1978023052216, 893.1501822471619, 912.1385743618011, 931.1035907268524, 950.0950036048889, 969.0251741409302, 987.983410358429, 1006.9392032623291, 1025.8632225990295, 1044.793792963028, 1063.7438442707062, 1082.6509494781494, 1101.6241765022278, 1120.6433296203613, 1139.6079075336456, 1158.5921432971954, 1177.5404965877533, 1196.4427695274353, 1215.417629957199, 1234.356368303299, 1253.3202059268951, 1272.242045879364, 1291.187760591507, 1310.1307890415192, 1329.0844159126282, 1348.0663003921509, 1367.0648741722107, 1386.0567104816437, 1405.0495405197144, 1423.9776048660278, 1442.9445950984955, 1461.9333009719849, 1480.87855052948, 1499.7784810066223, 1518.6326849460602, 1537.5038087368011, 1556.4084656238556, 1575.3878529071808, 1594.3503971099854, 1613.3381702899933, 1632.2826175689697, 1651.258755683899, 1670.251580953598, 1689.2553641796112, 1708.2589874267578, 1727.2112650871277, 1746.1642122268677, 1765.0915832519531, 1784.029987335205, 1802.9201073646545, 1821.9057092666626, 1840.8652048110962, 1859.8390929698944, 1878.8116459846497, 1897.8360390663147], "val_loss": [3.8651963108062746, 3.4325920925140383, 3.158838422393799, 2.98342096786499, 2.636181198883057, 2.434025340270996, 2.3429158760070803, 2.2884326293945314, 2.2070094039916994, 2.2126046939849853, 2.2702408058166506, 2.2084910079956055, 2.239626346588135, 2.10043440284729, 2.0124156185150146, 2.0410686977386474, 2.0744746097564697, 2.409080685424805, 1.965748070526123, 2.049163397216797, 1.8732965286254883, 2.0018085819244384, 1.8603492851257324, 1.9405929088592528, 1.9843954788208007, 1.8910925861358643, 1.8752560646057128, 1.9182413749694824, 1.8848372581481934, 1.8849898601531982, 1.8530924043655395, 1.8949624244689942, 1.701463013458252, 1.7023175426483155, 1.8687495071411133, 1.783520267868042, 1.76068371925354, 1.9694555757522583, 1.9487746667861938, 1.8434593936920165, 1.751714959716797, 1.7828165740966797, 1.7812924659729004, 1.6674544708251953, 1.8465661811828613, 1.7264806838989257, 1.7671556449890136, 1.7588341594696044, 1.6879796680450438, 1.8323213119506836, 2.041561400604248, 1.6583724369049073, 1.6281228218078614, 1.698427491760254, 1.5597595100402832, 1.6476623832702637, 1.6825061208724976, 1.5385256084442138, 1.5223279708862305, 1.5359295246124267, 1.5214725559234619, 1.5120747009277344, 1.5168570978164673, 1.4608601530075074, 1.4383928606033325, 1.4370730800628662, 1.441257234954834, 1.4431699897766113, 1.3912882133483886, 1.3359798866271972, 1.338967341041565, 1.3719160493850708, 1.3238341220855714, 1.386685626220703, 1.3405796829223633, 1.3461174253463746, 1.3076990686416625, 1.2983551181793214, 1.2846161405563354, 1.2850282762527465, 1.266267530822754, 1.2461268148422242, 1.2742260562896728, 1.283009354019165, 1.271491870880127, 1.2548220795631408, 1.2595937057495117, 1.2554722026824952, 1.2497651082992554, 1.2591465309143066, 1.2604173400878906, 1.2525604671478272, 1.254141242980957, 1.2575729360580445, 1.2559787673950196, 1.2621491554260253, 1.2600452270507811, 1.2522440061569213, 1.2553676052093505, 1.2561124347686767],