{"loss": [], "acc": [], "test_loss": [4.000111180877686, 3.707880319213867, 3.426270983505249, 3.1836998096466065, 3.003472763442993, 2.8687446842193602, 2.905712028503418, 2.741228636932373, 2.544329832458496, 2.5268818740844727, 2.5482744659423826, 2.4887800537109377, 2.3320470527648927, 2.3485153423309324, 2.369282322692871, 2.186769693183899, 2.200628264427185, 2.266019602394104, 2.26654324798584, 2.3317575687408447, 2.275377123641968, 2.3504844879150393, 2.0568761922836303, 2.1238459629058837, 2.114031384277344, 2.00074880695343, 2.3315175117492677, 2.315036680984497, 2.3870601810455323, 1.9851478050231934, 1.8961130973815918, 2.0806694664001464, 1.9169473094940186, 2.0161914779663084, 2.0934486307144167, 2.3158145303726196, 2.864905531692505, 1.9058895526885986, 2.0626726709365846, 1.9845090442657471, 1.7876672283172608, 1.8735821018218994, 1.8126342979431151, 1.848600728416443, 1.7905343593597411, 1.7536700382232666, 2.060942744636536, 1.8825464939117431, 1.9686689792633056, 1.8773316715240478, 2.422409009933472, 1.8774412298202514, 2.4962745681762697, 1.6410555894851684, 1.6150107162475587, 1.705238431930542, 1.7326026393890381, 1.6480522186279296, 1.655674021911621, 2.033975827407837, 2.209489558029175, 1.6824958003997803, 1.598336308670044, 1.5353258340835572, 2.1204368198394774, 1.5938317295074462, 1.576987855911255, 1.8488118795394897, 1.6253499320983886, 1.484110837173462, 1.9451369232177735, 1.5476614812850953, 1.4687449451446533, 1.495056739425659, 1.7982988388061523, 1.4378562004089355, 1.4190436811447145, 1.5535359481811524, 1.5155813482284546, 1.4241581592559815, 1.568753125, 1.3827181346893311, 1.3840711545944213, 1.4916481801986694, 1.436279048538208, 1.3890930393218994, 1.3904755243301392, 1.391058434677124, 1.4038378772735596, 1.3791922132492065, 1.3842802841186523, 1.3837574945449829, 1.3804890460968018, 1.3867651948928832, 1.383919789123535, 1.382783086013794, 1.3886957286834716, 1.3833914440155028, 1.3869525455474854, 1.3851802619934082], "test_acc": [6.529999732971191, 11.880000114440918, 17.420000076293945, 21.219999313354492, 24.329999923706055, 28.28999900817871, 27.15999984741211, 29.989999771118164, 35.31999969482422, 35.43000030517578, 34.27000045776367, 36.2599983215332, 39.869998931884766, 38.31999969482422, 38.11000061035156, 41.79999923706055, 41.78999710083008, 41.439998626708984, 41.13999938964844, 39.86000061035156, 41.02000045776367, 39.32999801635742, 45.82999801635742, 43.89999771118164, 43.63999938964844, 46.12999725341797, 40.599998474121094, 40.28999710083008, 39.689998626708984, 46.779998779296875, 49.03999710083008, 44.709999084472656, 48.78999710083008, 45.869998931884766, 44.119998931884766, 40.709999084472656, 33.46999740600586, 49.06999969482422, 45.87999725341797, 47.80999755859375, 51.8599967956543, 49.86000061035156, 50.89999771118164, 50.22999954223633, 51.349998474121094, 52.5099983215332, 45.56999969482422, 49.34000015258789, 48.75, 49.89999771118164, 40.13999938964844, 49.959999084472656, 40.0, 54.82999801635742, 55.55999755859375, 54.19999694824219, 53.31999969482422, 55.529998779296875, 54.87999725341797, 48.04999923706055, 45.029998779296875, 54.28999710083008, 56.84000015258789, 57.71999740600586, 46.03999710083008, 57.02000045776367, 56.939998626708984, 51.89999771118164, 56.18000030517578, 59.23999786376953, 50.5099983215332, 59.189998626708984, 60.269996643066406, 59.73999786376953, 53.84000015258789, 61.25, 61.47999954223633, 58.84000015258789, 60.29999923706055, 61.939998626708984, 58.88999938964844, 63.689998626708984, 63.019996643066406, 60.65999984741211, 62.12999725341797, 64.04000091552734, 64.2699966430664, 63.39999771118164, 64.02999877929688, 64.7699966430664, 64.62999725341797, 64.63999938964844, 64.76000213623047, 64.30999755859375, 64.70999908447266, 64.48999786376953, 64.45999908447266, 64.61000061035156, 64.5999984741211, 64.62999725341797], "wall_time": [74.26779413223267, 104.29471206665039, 122.22874975204468, 140.15463662147522, 158.096417427063, 175.97272944450378, 194.00714015960693, 212.17432713508606, 230.09938740730286, 248.4549262523651, 266.61829137802124, 284.5602879524231, 302.8958616256714, 320.80201983451843, 339.0053687095642, 357.2059597969055, 375.138058423996, 393.5379776954651, 411.4991455078125, 429.5702805519104, 447.7841303348541, 465.78701424598694, 484.0621597766876, 502.005619764328, 520.0844123363495, 538.3585016727448, 556.4206020832062, 574.6786375045776, 592.6449110507965, 610.6006700992584, 628.6405239105225, 646.6239793300629, 665.0871777534485, 682.9730041027069, 701.1350920200348, 719.8991601467133, 738.1542851924896, 756.5717196464539, 774.9376738071442, 793.3774390220642, 811.7624201774597, 830.0472965240479, 848.1914687156677, 866.5236868858337, 884.8733558654785, 903.2867283821106, 921.4556984901428, 939.7370064258575, 957.9191558361053, 976.3956949710846, 994.7558419704437, 1013.0226097106934, 1031.3594107627869, 1049.6293942928314, 1068.3434436321259, 1086.7708888053894, 1105.0773820877075, 1123.5512714385986, 1141.9760010242462, 1160.6255807876587, 1179.394611120224, 1197.5920729637146, 1216.096449136734, 1234.3215279579163, 1252.7676389217377, 1271.4169437885284, 1289.762503862381, 1308.2551119327545, 1326.625582933426, 1344.9774849414825, 1363.385912179947, 1381.7674407958984, 1400.408332824707, 1418.7038598060608, 1437.0782716274261, 1455.5374116897583, 1473.8289363384247, 1492.0532376766205, 1510.395052433014, 1528.8932032585144, 1547.1659796237946, 1565.7095851898193, 1584.2618865966797, 1602.334347486496, 1620.640622138977, 1639.4090218544006, 1657.467990398407, 1675.5694231987, 1693.6104743480682, 1711.6026945114136, 1729.6906695365906, 1747.656592130661, 1765.7214334011078, 1784.0147161483765, 1802.120058298111, 1820.3471789360046, 1838.303723335266, 1856.4797613620758, 1874.6609365940094, 1892.556655883789], "val_loss": [4.018456637954712, 3.711802027130127, 3.4373220180511477, 3.178587035369873, 3.023953408432007, 2.8634046348571776, 2.9237074222564696, 2.743581032943726, 2.5444809341430665, 2.5467725303649904, 2.568108034896851, 2.479108462905884, 2.353769557952881, 2.340773997116089, 2.4021775688171387, 2.2158468215942384, 2.210808541107178, 2.265971949386597, 2.302114342880249, 2.348722566986084, 2.2852996574401856, 2.351876459503174, 2.0832501644134522, 2.1456041526794434, 2.1170837963104248, 2.019204846191406, 2.3290580890655517, 2.3183379165649414, 2.3711516624450684, 2.0275069938659667, 1.9333641307830811, 2.0913805576324465, 1.9549543006896972, 2.0145735580444337, 2.119746041107178, 2.311210369873047, 2.901207271575928, 1.9460332981109618, 2.0800331954956053, 1.9897393291473389, 1.822240534210205, 1.886673998260498, 1.8170796955108643, 1.8847051002502442, 1.835679313659668, 1.7752559991836547, 2.1042327392578124, 1.9099157234191895, 1.9961499687194824, 1.8922813388824462, 2.445562972640991, 1.9080298038482666, 2.5049176712036134, 1.6741652662277222, 1.6366308212280274, 1.7467028457641602, 1.7560719940185547, 1.673048399925232, 1.6913962873458863, 2.0539859788894654, 2.2597961723327638, 1.691027236557007, 1.6178990320205688, 1.5652584653854371, 2.1239426334381104, 1.6326275468826295, 1.6007307014465333, 1.8552995204925538, 1.6506684757232666, 1.493988152885437, 1.984252366256714, 1.5668024755477905, 1.4817269870758056, 1.5129655736923218, 1.8123216567993163, 1.4674259992599488, 1.4243687063217163, 1.593285390472412, 1.5240031255722046, 1.4300631301879883, 1.5918792011260987, 1.4096756553649903, 1.398371039581299, 1.515918882751465, 1.4470905321121217, 1.3804547927856445, 1.396381570625305, 1.3930069280624389, 1.4071101110458375, 1.387481961250305, 1.392587819480896, 1.3783170766830444, 1.3875946937561034, 1.3935793981552125, 1.3888124433517457, 1.3859800346374511, 1.3939071912765504, 1.3885562906265259, 1.3899221334457397, 1.3917525438308715],