{"loss": [], "acc": [], "test_loss": [3.5614296199798585, 3.3262825454711913, 2.9556463096618653, 2.657392961883545, 2.4860728332519533, 2.440272964477539, 2.308828767776489, 2.26659483833313, 2.3144176815032957, 2.205181600379944, 2.215701540184021, 2.1892090267181397, 2.1534934242248536, 2.0498331550598143, 2.082164686393738, 1.9873701135635375, 2.0444271697998047, 2.3174112854003908, 1.9237196521759032, 1.8424506341934204, 2.1918891954421995, 1.8866983226776124, 2.0385588848114016, 1.9195971660614013, 1.894153078842163, 1.8618583576202392, 1.875291370201111, 1.889730874633789, 1.9271287181854249, 1.7948788793563843, 1.882965904045105, 1.846301330947876, 1.8730588897705078, 1.8241480319976806, 1.7546876476287843, 1.7163606641769409, 1.7888787769317627, 1.6698654458999633, 1.6168754940032959, 1.717848007965088, 1.78840435962677, 1.5653654109954833, 1.7451865421295165, 1.9392414386749268, 1.63546849193573, 1.7555052925109864, 1.7024243831634522, 1.6980747106552123, 1.5574010200500488, 1.6966772274017334, 1.5446643705368042, 1.5729396280288697, 1.575980673980713, 1.5487982063293457, 1.5663012929916382, 1.5837232999801636, 1.635671689224243, 1.493221738433838, 1.4741980123519898, 1.503046180343628, 1.441952963256836, 1.459572345352173, 1.4220642142295838, 1.4366120542526246, 1.4046263410568238, 1.4213350017547608, 1.3818352052688598, 1.4315861234664917, 1.3927301134109498, 1.438057481956482, 1.3212058517456056, 1.329211264038086, 1.306372202682495, 1.313239799118042, 1.2871425163269044, 1.3178053325653076, 1.3114477868080139, 1.3396478317260743, 1.2933975575447083, 1.3085174961090087, 1.2801867576599122, 1.2643080377578735, 1.2819231355667113, 1.2650924738883973, 1.2588437782287598, 1.2810631771087646, 1.2561841198921204, 1.2592071525573731, 1.2690955894470215, 1.2532702211380005, 1.2645754905700684, 1.264202673149109, 1.2661985656738282, 1.2523864263534545, 1.2632378692626953, 1.2556882095336914, 1.2558756971359253, 1.2606452838897706, 1.261376780319214, 1.262365690803528], "test_acc": [14.039999961853027, 19.06999969482422, 26.26999855041504, 31.489999771118164, 35.38999938964844, 36.47999954223633, 39.30999755859375, 40.21999740600586, 39.279998779296875, 42.13999938964844, 41.89999771118164, 43.209999084472656, 43.279998779296875, 44.79999923706055, 45.04999923706055, 47.0099983215332, 45.689998626708984, 40.369998931884766, 47.96999740600586, 50.39999771118164, 43.869998931884766, 49.209999084472656, 46.91999816894531, 48.65999984741211, 49.119998931884766, 49.72999954223633, 50.07999801635742, 50.38999938964844, 49.03999710083008, 52.0, 49.5099983215332, 51.23999786376953, 50.209999084472656, 51.89999771118164, 52.64999771118164, 53.2599983215332, 52.38999938964844, 54.31999969482422, 55.90999984741211, 54.02000045776367, 52.22999954223633, 56.89999771118164, 52.959999084472656, 49.619998931884766, 55.279998779296875, 53.119998931884766, 54.779998779296875, 54.57999801635742, 57.27000045776367, 54.89999771118164, 57.82999801635742, 56.90999984741211, 57.3599967956543, 58.029998779296875, 58.04999923706055, 57.439998626708984, 55.849998474121094, 59.72999954223633, 59.46999740600586, 59.529998779296875, 61.459999084472656, 60.769996643066406, 61.89999771118164, 61.1099967956543, 61.369998931884766, 61.65999984741211, 63.05999755859375, 61.2599983215332, 62.56999969482422, 61.81999969482422, 64.43000030517578, 64.81999969482422, 65.16999816894531, 65.36000061035156, 65.55999755859375, 64.95999908447266, 65.80999755859375, 65.37999725341797, 66.4000015258789, 66.66999816894531, 66.18999481201172, 67.37999725341797, 67.50999450683594, 67.48999786376953, 67.48999786376953, 67.00999450683594, 68.37999725341797, 68.31999969482422, 68.08999633789062, 68.29000091552734, 68.41999816894531, 68.55999755859375, 68.63999938964844, 68.22999572753906, 68.72000122070312, 68.68999481201172, 68.56999969482422, 68.55999755859375, 68.43000030517578, 68.6199951171875], "wall_time": [64.88613533973694, 91.92570209503174, 107.5905556678772, 122.77244734764099, 137.9517002105713, 153.72149968147278, 168.8735544681549, 184.11066317558289, 199.39077258110046, 214.78233814239502, 229.98528575897217, 246.19201636314392, 261.8573741912842, 277.2794716358185, 293.0286281108856, 308.4839143753052, 323.8505690097809, 339.06288623809814, 354.293399810791, 369.6001663208008, 384.959175825119, 400.43391966819763, 415.73380279541016, 430.9248197078705, 446.3781428337097, 461.75332856178284, 477.132075548172, 492.6391704082489, 508.3335816860199, 523.4805858135223, 539.0618662834167, 554.6295638084412, 569.9235627651215, 585.1764681339264, 600.5517163276672, 615.9263892173767, 631.1547236442566, 646.6702785491943, 662.3006680011749, 677.4110896587372, 692.584495306015, 707.8213062286377, 722.9573810100555, 738.6201448440552, 753.730884552002, 768.708526134491, 784.1829874515533, 799.4850080013275, 814.6440095901489, 829.9439916610718, 845.0657019615173, 860.2381527423859, 875.4847629070282, 890.6555624008179, 905.837884426117, 921.5731520652771, 937.1704936027527, 952.6206035614014, 967.8713965415955, 983.3591525554657, 998.6869008541107, 1013.9793674945831, 1029.605093717575, 1045.2243242263794, 1060.5965909957886, 1076.2198839187622, 1091.903536081314, 1107.324100971222, 1122.915806055069, 1138.368276834488, 1153.7943744659424, 1169.2865498065948, 1185.23299741745, 1200.7875216007233, 1216.14657664299, 1231.8037683963776, 1247.3539860248566, 1262.6412529945374, 1278.4262192249298, 1294.0779905319214, 1309.3878419399261, 1324.8674547672272, 1340.5186097621918, 1356.0092074871063, 1371.8324944972992, 1387.0954382419586, 1402.4246101379395, 1417.5707457065582, 1432.94154214859, 1448.2323207855225, 1463.5441093444824, 1478.7324151992798, 1494.2648856639862, 1509.472894668579, 1524.4684300422668, 1539.7584149837494, 1554.8732249736786, 1569.935366153717, 1585.3130323886871, 1600.474585533142], "val_loss": [3.5814709125518798, 3.347196147918701, 2.994331689071655, 2.686896758270264, 2.5215244132995607, 2.4685725776672363, 2.3480559700012207, 2.2958863357543944, 2.3266096256256104, 2.208636204147339, 2.2496834255218507, 2.23698896484375, 2.195658864593506, 2.085451860809326, 2.131620128631592, 1.9845654384613036, 2.0565006563186645, 2.331910729598999, 1.9669413961410522, 1.8756460437774658, 2.217755405807495, 1.8980485374450684, 2.0603493965148925, 1.934985221862793, 1.9270720458984374, 1.8751130729675294, 1.8765172367095948, 1.9406531337738038, 1.933486362838745, 1.8195828790664672, 1.9056982944488525, 1.8665978479385377, 1.8726493598937988, 1.840747847366333, 1.7541823112487793, 1.7702431541442871, 1.7863777236938476, 1.676761835861206, 1.646569634437561, 1.7425076723098756, 1.821778507232666, 1.5842420360565186, 1.7413705690383912, 1.9671011157989502, 1.6159200679779053, 1.754368773651123, 1.6961441776275634, 1.7021545501708983, 1.5634062427520752, 1.7028353984832765, 1.5156656547546388, 1.609429137802124, 1.5870287382125854, 1.5496252956390382, 1.5532985260009766, 1.5611672874450684, 1.6286063074111938, 1.4828612434387207, 1.4597899656295776, 1.51026698513031, 1.4636135065078735, 1.471398929786682, 1.4367331035614013, 1.4429887796401977, 1.406756450653076, 1.4525267726898194, 1.3896189708709716, 1.4294850505828858, 1.3980291330337524, 1.4451751267433166, 1.340409465789795, 1.340757164955139, 1.314155825996399, 1.32416726436615, 1.298167279434204, 1.3346775329589844, 1.3362288711547852, 1.3577410999298096, 1.3083445316314697, 1.3124224016189576, 1.3072887744903565, 1.2838364725112914, 1.296502340698242, 1.2809413234710694, 1.281116021156311, 1.2878339448928833, 1.2816612159729004, 1.2689944418907166, 1.2860197959899902, 1.2815889002799987, 1.2859469177246095, 1.280451330757141, 1.2823011484146118, 1.276420788192749, 1.2827325426101686, 1.2804040655136109, 1.2843848516464234, 1.2832466571807861, 1.2868324752807616, 1.2853566974639892],