{"loss": [], "acc": [], "test_loss": [4.64029542388916, 4.250152797698974, 4.293635874938965, 3.9896403533935545, 3.8542257537841795, 3.822832272338867, 3.5647603107452395, 3.7239235595703124, 3.6524368301391603, 3.3582928833007815, 3.397113333129883, 3.3673741497039793, 3.271899688720703, 3.3426088230133058, 3.2007286540985107, 3.174375680923462, 3.1021638633728026, 3.1620961822509766, 3.032747454071045, 2.974709051895142, 2.8598803565979005, 2.98961971282959, 2.9971794780731202, 2.9839423610687255, 2.9252233493804933, 2.8508641132354735, 2.926975001144409, 2.8723168663024903, 2.954835353088379, 3.030270923233032, 2.86097847366333, 2.875912805557251, 2.879241219329834, 2.7927956714630127, 2.877955833053589, 2.986091597747803, 2.8515998653411865, 2.828082175064087, 2.875377011871338, 3.009727317047119, 2.9153267936706544, 2.9141228828430177, 2.9706488456726072, 2.8975681270599365, 2.7609261039733886, 2.9636539474487305, 2.942328472137451, 2.927531911087036, 2.9236060485839843, 2.904839330291748, 2.866341791534424, 2.9002611835479737, 2.8806874267578126, 2.9842587345123293, 3.073787627029419, 2.990913794326782, 3.1264046043395997, 3.0228403301239015, 3.0113238636016844, 3.0215624252319335, 3.12626559677124, 3.08500929145813, 3.05083383102417, 3.0772308994293214, 3.103573849105835, 3.1449445785522463, 3.092819401168823, 3.091204713821411, 3.1769315620422365, 3.1425706394195556, 3.1557234100341796, 3.172948727798462, 3.183018302154541, 3.1927224727630614, 3.2302537574768064, 3.1760354774475097, 3.192354280090332, 3.1595475048065187, 3.210184750366211, 3.196802758026123, 3.1606001472473144, 3.1801791984558108, 3.1434705390930175, 3.153965502166748, 3.1641653266906737, 3.180950414276123, 3.1890846450805665, 3.171121795654297, 3.2012419479370116, 3.1792412483215333, 3.1837443660736082, 3.1919799282073975, 3.185479889678955, 3.183154260635376, 3.1905539459228516, 3.1840768127441406, 3.1832196479797363, 3.1941187194824217, 3.188037795639038, 3.1901780738830565], "test_acc": [1.0, 4.690000057220459, 6.5, 8.25, 8.859999656677246, 9.699999809265137, 12.739999771118164, 11.319999694824219, 12.779999732971191, 17.329999923706055, 17.510000228881836, 16.670000076293945, 17.869998931884766, 18.549999237060547, 20.229999542236328, 20.689998626708984, 22.8799991607666, 22.18000030517578, 24.15999984741211, 23.94999885559082, 26.899999618530273, 25.399999618530273, 25.229999542236328, 24.889999389648438, 26.65999984741211, 28.34000015258789, 27.399999618530273, 28.1299991607666, 26.969999313354492, 27.17999839782715, 29.10999870300293, 29.309999465942383, 29.979999542236328, 31.34000015258789, 29.69999885559082, 29.889999389648438, 31.549999237060547, 31.76999855041504, 31.81999969482422, 30.869998931884766, 31.649999618530273, 31.349998474121094, 32.38999938964844, 33.47999954223633, 35.37999725341797, 33.40999984741211, 33.91999816894531, 33.02000045776367, 33.80999755859375, 34.5, 34.5099983215332, 35.39999771118164, 35.98999786376953, 35.34000015258789, 34.06999969482422, 35.349998474121094, 34.52000045776367, 36.55999755859375, 36.57999801635742, 36.82999801635742, 36.06999969482422, 36.96999740600586, 37.09000015258789, 38.06999969482422, 37.77000045776367, 37.06999969482422, 38.75, 39.14999771118164, 38.06999969482422, 39.5099983215332, 38.37999725341797, 39.22999954223633, 39.31999969482422, 39.040000915527344, 38.73999786376953, 39.79999923706055, 39.64999771118164, 40.29999923706055, 39.869998931884766, 40.0099983215332, 40.57999801635742, 40.86000061035156, 41.0, 40.80999755859375, 40.77000045776367, 40.709999084472656, 40.37999725341797, 40.779998779296875, 40.68000030517578, 40.779998779296875, 40.66999816894531, 40.65999984741211, 40.80999755859375, 40.88999938964844, 40.57999801635742, 40.689998626708984, 40.73999786376953, 40.849998474121094, 40.73999786376953, 41.02000045776367], "wall_time": [4.495739936828613, 7.560039758682251, 10.61899471282959, 13.729098796844482, 16.96967649459839, 20.098751068115234, 23.29970908164978, 26.4612398147583, 29.511223316192627, 32.60329484939575, 35.75458741188049, 38.843665599823, 41.95770716667175, 45.083657026290894, 48.27768039703369, 51.42301607131958, 54.57511830329895, 57.93389964103699, 61.027257442474365, 64.16336846351624, 67.2132830619812, 70.30130290985107, 73.40368509292603, 76.47795510292053, 79.47689366340637, 82.53238439559937, 85.62133431434631, 88.6724259853363, 91.81318163871765, 94.93515491485596, 98.06882858276367, 101.07151341438293, 104.26959156990051, 107.45267271995544, 110.5943922996521, 113.80955076217651, 116.95089435577393, 120.19289517402649, 123.25794339179993, 126.41830110549927, 129.5112659931183, 132.57878708839417, 135.73929500579834, 138.81272339820862, 141.91259169578552, 145.1432008743286, 148.08133840560913, 151.29467105865479, 154.25722098350525, 157.33453154563904, 160.46672248840332, 163.6090738773346, 166.77928495407104, 169.88490867614746, 172.92507553100586, 175.96431374549866, 179.0653235912323, 182.11634922027588, 185.27555680274963, 188.38679766654968, 191.5588572025299, 194.7057912349701, 197.70542430877686, 200.8959081172943, 204.022718667984, 207.12405133247375, 210.22712922096252, 213.308611869812, 216.3649742603302, 219.5091724395752, 222.64026069641113, 225.8189778327942, 228.988707780838, 232.07952213287354, 235.06643199920654, 238.0555169582367, 241.1900670528412, 244.3129870891571, 247.41000032424927, 250.5011603832245, 253.45525074005127, 256.62447333335876, 259.7510485649109, 262.79055166244507, 265.8962562084198, 269.1717801094055, 272.3345892429352, 275.49616026878357, 278.5900912284851, 281.7759006023407, 284.9548990726471, 288.19970321655273, 291.36810851097107, 294.48270559310913, 297.57546401023865, 300.74146032333374, 303.75361800193787, 306.83461236953735, 309.87526082992554, 313.07587361335754], "val_loss": [4.641027103424072, 4.2772552726745605, 4.334794402313232, 4.0093144500732425, 3.8548015014648436, 3.8604545761108398, 3.5603995330810547, 3.729651191329956, 3.640606114578247, 3.3890631767272947, 3.441379444503784, 3.398652869415283, 3.269357433319092, 3.3889666019439697, 3.226970363235474, 3.1922528930664065, 3.1146703304290773, 3.1871977100372315, 3.067111277389526, 2.997587310791016, 2.8858805896759034, 3.0045411392211916, 3.0160473503112795, 3.0162152336120607, 2.9385738777160646, 2.850940333557129, 2.9342477432250975, 2.8827859794616697, 2.9922603664398193, 3.0905832347869873, 2.8835421199798583, 2.9038233386993406, 2.923837469482422, 2.8546857833862305, 2.923600518035889, 3.0074169075012205, 2.8784478275299072, 2.8805676357269285, 2.9122075332641604, 3.049393291473389, 2.9280086887359618, 2.950159247589111, 2.956177152633667, 2.9106048645019533, 2.7937404579162597, 2.9914763351440428, 2.975898348236084, 2.9852443145751955, 2.983250870513916, 2.962437267303467, 2.8883263706207276, 2.984473720550537, 2.915243622589111, 2.9946721897125244, 3.096397519683838, 3.0129106899261475, 3.1548272205352785, 3.0591356575012205, 3.0523616676330567, 3.0736022598266604, 3.178060598754883, 3.1670349906921387, 3.1104565692901613, 3.1122774044036867, 3.1352612380981446, 3.2064668319702148, 3.1400841552734375, 3.142339767074585, 3.1988999179840087, 3.1900223640441894, 3.190354161834717, 3.221460931777954, 3.229921762084961, 3.264340727996826, 3.2707859870910645, 3.2392168914794923, 3.2305215686798094, 3.2304368858337402, 3.2640723854064944, 3.2539772411346437, 3.217528624725342, 3.2409268558502196, 3.191174182510376, 3.2015745334625243, 3.219790173339844, 3.2315822731018065, 3.2363512210845946, 3.2169854431152345, 3.241059149932861, 3.2166407905578613, 3.2301876777648926, 3.2398274028778076, 3.230855815887451, 3.2288244258880616, 3.238734659576416, 3.234957839202881, 3.2325716842651366, 3.243144331359863, 3.239535313796997, 3.2457872047424314],