{"loss": [], "acc": [], "test_loss": [4.865584736633301, 4.220343048095703, 4.49753018951416, 3.6963273727416994, 3.572940051651001, 4.237135046005249, 3.2746200496673583, 3.281000183868408, 3.2253537014007567, 3.1620521312713623, 3.5501866134643554, 3.545837880325317, 3.2567057682037355, 3.067871102142334, 3.0804795524597166, 2.963371629714966, 3.0089693588256834, 2.9977115287780762, 3.0434449169158935, 2.982196138381958, 3.0575743278503418, 2.962885581207275, 2.9560756336212157, 3.021089898300171, 3.3550077198028565, 3.113513774871826, 3.2955382095336914, 3.1690532485961915, 3.1676883499145507, 3.2565513252258302, 3.200380234527588, 3.267145906829834, 3.1578551551818848, 3.1490242805480957, 3.1985656513214114, 3.132493606185913, 3.084407215499878, 3.149881662750244, 3.0856774459838867, 3.239532305145264, 3.2851501918792723, 3.2085461074829102, 3.119261511230469, 3.2260646926879883, 3.1992804134368895, 3.113445450592041, 3.1259093334198, 3.15320944480896, 3.0939468700408934, 3.0555444812774657, 3.0162255348205567, 2.997119091796875, 2.962229716873169, 2.955904098510742, 2.9283653015136717, 2.8927319244384764, 2.8915747722625733, 2.877618465423584, 2.8867713836669924, 2.8437602722167967, 2.8095804405212403, 2.793503803253174, 2.7891361660003664, 2.7770462055206298, 2.776101971817017, 2.7571194122314453, 2.735720177078247, 2.739500640106201, 2.737374287414551, 2.727510710144043, 2.715134206008911, 2.7067421546936035, 2.703308307647705, 2.7049788608551024, 2.7012050483703614, 2.704278705215454, 2.692697710800171, 2.6961372100830077, 2.699001375579834, 2.687482818603516, 2.679007497406006, 2.679281053161621, 2.6782266719818115, 2.6746366863250732, 2.6772008392333984, 2.6750513214111327, 2.676253479766846, 2.6758081703186036, 2.6735961040496825, 2.6711132781982423, 2.6740601970672606, 2.6728576198577882, 2.666935569763184, 2.6686725326538085, 2.6661561458587646, 2.6720955680847167, 2.6766162109375, 2.673526099395752, 2.672150415802002, 2.6678196342468263], "test_acc": [1.149999976158142, 8.5, 6.960000038146973, 14.1899995803833, 15.119999885559082, 11.25999927520752, 20.209999084472656, 21.029998779296875, 23.420000076293945, 24.469999313354492, 21.1299991607666, 19.85999870300293, 23.56999969482422, 25.979999542236328, 28.139999389648438, 30.719999313354492, 29.6299991607666, 30.94999885559082, 31.139999389648438, 30.60999870300293, 31.549999237060547, 32.75, 33.130001068115234, 32.71999740600586, 30.469999313354492, 33.09000015258789, 31.959999084472656, 33.98999786376953, 33.52000045776367, 32.32999801635742, 34.68000030517578, 33.22999954223633, 34.689998626708984, 35.64999771118164, 35.790000915527344, 36.439998626708984, 37.22999954223633, 37.64999771118164, 37.02000045776367, 36.27000045776367, 36.279998779296875, 36.89999771118164, 38.5099983215332, 37.279998779296875, 37.71999740600586, 38.21999740600586, 38.68000030517578, 39.30999755859375, 39.36000061035156, 39.95000076293945, 40.20000076293945, 41.09000015258789, 41.869998931884766, 41.55999755859375, 41.79999923706055, 41.939998626708984, 42.11000061035156, 42.189998626708984, 42.2599983215332, 42.95000076293945, 43.09000015258789, 43.41999816894531, 43.16999816894531, 43.30999755859375, 43.46999740600586, 43.27000045776367, 43.369998931884766, 43.689998626708984, 43.70000076293945, 43.81999969482422, 44.189998626708984, 44.12999725341797, 43.96999740600586, 43.84000015258789, 44.06999969482422, 44.16999816894531, 43.89999771118164, 43.939998626708984, 43.90999984741211, 44.11000061035156, 44.22999954223633, 44.09000015258789, 43.98999786376953, 43.869998931884766, 44.18000030517578, 43.959999084472656, 44.02000045776367, 43.88999938964844, 44.11000061035156, 44.20000076293945, 44.02000045776367, 44.03999710083008, 44.21999740600586, 44.07999801635742, 43.98999786376953, 44.27000045776367, 43.959999084472656, 44.05999755859375, 44.22999954223633, 44.0], "wall_time": [6.52197790145874, 9.565557956695557, 12.625720500946045, 15.665681600570679, 18.72882342338562, 21.789963960647583, 24.813916444778442, 27.875502824783325, 30.926680326461792, 33.970379114151, 37.064014196395874, 40.1612286567688, 43.1958372592926, 46.29831576347351, 49.29489803314209, 52.315072774887085, 55.307551860809326, 58.3786895275116, 61.39444899559021, 64.40391778945923, 67.51951694488525, 70.60579061508179, 73.71681547164917, 76.78376579284668, 79.79572892189026, 82.80837440490723, 85.82750821113586, 88.87544655799866, 91.95216608047485, 95.0721926689148, 98.18383431434631, 101.26793432235718, 104.31298828125, 107.33802461624146, 110.32981562614441, 113.33616542816162, 116.32863879203796, 119.45311975479126, 122.48609137535095, 125.48653841018677, 128.56922054290771, 131.6491515636444, 134.70362281799316, 137.7647364139557, 140.79554557800293, 143.8513023853302, 146.91985654830933, 150.03941130638123, 153.03315472602844, 156.0526032447815, 159.0880002975464, 162.12186980247498, 165.1711242198944, 168.26593279838562, 171.38602757453918, 174.39984130859375, 177.40015649795532, 180.42380166053772, 183.40740132331848, 186.43148827552795, 189.48453283309937, 192.55033445358276, 195.62851881980896, 198.62597155570984, 201.72774147987366, 204.7426528930664, 207.75937604904175, 210.76374697685242, 213.8266682624817, 216.93577027320862, 219.98898673057556, 223.0386769771576, 226.04388809204102, 229.1540412902832, 232.13107776641846, 235.18485116958618, 238.31373810768127, 241.40188145637512, 244.43525218963623, 247.42255234718323, 250.41932606697083, 253.42691659927368, 256.54031896591187, 259.57596921920776, 262.71335434913635, 265.7273166179657, 268.7639675140381, 271.7747378349304, 274.79873752593994, 277.79872155189514, 280.851087808609, 283.87682008743286, 286.8932635784149, 289.93084836006165, 292.9090623855591, 295.92305183410645, 298.96416449546814, 301.9905526638031, 305.06334495544434, 308.1159346103668], "val_loss": [4.873451062011719, 4.242757829666138, 4.51521986618042, 3.708073691177368, 3.5926620204925537, 4.234749509429932, 3.27038145942688, 3.33382138710022, 3.2108687648773193, 3.1865436683654784, 3.562470007324219, 3.5793831569671632, 3.280956253051758, 3.0995430183410644, 3.0997199890136717, 3.0151690261840822, 3.005189458847046, 3.0182227783203124, 3.0472503917694094, 2.9840403007507326, 3.093141068267822, 2.9824385177612305, 2.967460627746582, 3.0224774520874025, 3.3899955505371095, 3.170703544998169, 3.347231568145752, 3.1682332229614256, 3.2218734661102295, 3.281607598876953, 3.240045217132568, 3.280971131134033, 3.2083519790649415, 3.2022740783691406, 3.2522186180114745, 3.1730499912261965, 3.1338291370391844, 3.2380875099182127, 3.158673574447632, 3.27408939704895, 3.305129637145996, 3.2619687526702883, 3.1401793838500978, 3.268009505844116, 3.2372594066619875, 3.182708920288086, 3.155903251647949, 3.1809716960906984, 3.1083220527648927, 3.0820003074645994, 3.025628777694702, 3.038188539505005, 3.007197839355469, 2.9951690002441405, 2.9670788635253906, 2.9332797943115234, 2.942273384857178, 2.9192989486694336, 2.9278793827056884, 2.8878775283813476, 2.8521698120117187, 2.822741421508789, 2.825988330078125, 2.811143967437744, 2.7992880393981934, 2.784208986663818, 2.7655437732696533, 2.7697980030059814, 2.7705378967285155, 2.7560598083496095, 2.739118998336792, 2.727747482299805, 2.719424083709717, 2.725820859527588, 2.7184370178222657, 2.7181922779083254, 2.706706554031372, 2.7111859550476076, 2.712117894744873, 2.7010049087524415, 2.6944534858703615, 2.691437921905518, 2.6914930995941164, 2.6899017768859865, 2.694150359344482, 2.689962826538086, 2.6919738830566406, 2.6900255573272704, 2.686533052825928, 2.684049752807617, 2.6872550384521485, 2.6852344890594484, 2.6789687747955324, 2.681971228790283, 2.677384610366821, 2.6838232810974123, 2.6889052856445312, 2.6837108074188234, 2.6843992961883547, 2.6797586349487306],