{"loss": [], "acc": [], "test_loss": [4.6299901184082035, 4.332360540008545, 4.436480624389649, 3.8811377433776855, 3.708494191741943, 3.5337079944610594, 3.5580760864257814, 3.335565813064575, 3.3260808517456053, 3.25276866607666, 3.1441485759735106, 3.0233485748291016, 3.290957176589966, 3.0586299045562746, 3.0131658451080323, 3.0024284400939942, 2.9445768085479735, 2.8596360412597654, 2.8084325046539305, 2.8185270542144774, 2.911884337615967, 2.9157330768585203, 2.9067270221710206, 2.8636206314086916, 2.790757292175293, 2.832303129196167, 2.920203639984131, 2.7963619819641115, 2.7902683212280275, 2.799025785064697, 2.828440397644043, 2.8931829467773436, 2.8069861194610595, 2.714017919921875, 2.7892501487731933, 2.8511908248901365, 2.8100192531585693, 2.8204425065994263, 2.8157937049865724, 2.874750481414795, 2.916637622833252, 2.9380120668411256, 2.978819058609009, 2.9256609439849854, 2.857755655670166, 2.84646432762146, 2.860119542694092, 2.845083303833008, 3.0710766185760496, 2.9945038093566896, 2.8882617408752442, 2.922175775527954, 3.0319001041412355, 3.0415161834716797, 3.06669630279541, 2.992463245391846, 3.090623375701904, 3.048401050567627, 2.9858059009552003, 3.0960305366516114, 3.0727399444580077, 3.054707165527344, 3.04461708984375, 3.079782494354248, 3.1380203926086425, 3.048265361022949, 3.059067852783203, 3.1076668663024902, 3.1072964454650878, 3.1379977424621583, 3.1671445266723635, 3.1403641925811767, 3.1198668579101563, 3.1113483238220216, 3.1471603164672852, 3.1422731269836426, 3.1271951175689696, 3.1405262912750245, 3.1387831455230715, 3.1136225330352785, 3.138426084136963, 3.1538223808288572, 3.1444340705871583, 3.1488705581665037, 3.1305012649536135, 3.14773515625, 3.1360624980926515, 3.1339313911437987, 3.117799091339111, 3.1189134624481203, 3.1141733127593993, 3.1291894802093507, 3.122673804092407, 3.129636468887329, 3.137911561203003, 3.130377379989624, 3.1248602878570555, 3.130360517501831, 3.1322394981384276, 3.125363927078247], "test_acc": [1.0499999523162842, 5.210000038146973, 5.549999713897705, 10.300000190734863, 11.65999984741211, 13.819999694824219, 13.619999885559082, 17.03999900817871, 17.010000228881836, 17.85999870300293, 21.010000228881836, 23.25, 20.239999771118164, 23.399999618530273, 24.099998474121094, 24.349998474121094, 25.94999885559082, 27.479999542236328, 27.209999084472656, 27.559999465942383, 27.42999839782715, 27.439998626708984, 28.19999885559082, 28.049999237060547, 30.689998626708984, 29.17999839782715, 28.689998626708984, 30.94999885559082, 31.369998931884766, 31.559999465942383, 31.09000015258789, 31.189998626708984, 32.279998779296875, 34.02000045776367, 33.34000015258789, 31.69999885559082, 33.31999969482422, 33.06999969482422, 33.84000015258789, 33.66999816894531, 34.39999771118164, 33.77000045776367, 34.16999816894531, 34.56999969482422, 36.66999816894531, 36.5099983215332, 36.75, 35.2599983215332, 34.98999786376953, 35.13999938964844, 36.59000015258789, 36.97999954223633, 36.279998779296875, 37.21999740600586, 36.98999786376953, 37.65999984741211, 36.39999771118164, 37.75, 38.0099983215332, 37.279998779296875, 37.96999740600586, 38.89999771118164, 38.7599983215332, 39.16999816894531, 38.64999771118164, 39.06999969482422, 39.81999969482422, 39.5099983215332, 39.79999923706055, 39.77000045776367, 39.97999954223633, 39.88999938964844, 40.34000015258789, 40.47999954223633, 40.22999954223633, 41.07999801635742, 40.959999084472656, 41.709999084472656, 41.46999740600586, 41.68000030517578, 41.56999969482422, 41.439998626708984, 41.38999938964844, 41.37999725341797, 41.619998931884766, 41.41999816894531, 41.599998474121094, 41.619998931884766, 42.05999755859375, 41.78999710083008, 41.779998779296875, 41.81999969482422, 41.81999969482422, 41.80999755859375, 41.849998474121094, 41.959999084472656, 42.04999923706055, 41.88999938964844, 41.77000045776367, 41.78999710083008], "wall_time": [3.752079486846924, 6.385842800140381, 9.321221828460693, 12.016850709915161, 14.616043329238892, 17.34727120399475, 19.990676164627075, 22.621114015579224, 25.116262674331665, 28.071500778198242, 30.89801836013794, 33.58621382713318, 36.267093896865845, 39.0795476436615, 41.79770231246948, 44.54533886909485, 47.17543363571167, 50.09214115142822, 52.92800951004028, 55.520535707473755, 58.25364685058594, 61.0784432888031, 63.94431447982788, 66.85871505737305, 69.79534554481506, 72.7809202671051, 75.62509799003601, 78.29000759124756, 81.0316071510315, 83.93397951126099, 86.75250840187073, 89.57644701004028, 92.44852113723755, 95.1990578174591, 97.87706279754639, 100.6405918598175, 103.39922070503235, 106.09469699859619, 108.88181114196777, 111.5981764793396, 114.38291525840759, 117.18893504142761, 120.03065776824951, 122.6620819568634, 125.52910614013672, 128.00558280944824, 130.7625048160553, 133.34470987319946, 136.14190101623535, 138.96805262565613, 141.74068236351013, 144.7078516483307, 147.53712916374207, 150.39025115966797, 153.13436627388, 155.98737406730652, 158.86857986450195, 161.6545352935791, 164.39862179756165, 167.2657995223999, 169.79342079162598, 172.67870616912842, 175.45496225357056, 178.1785032749176, 180.91952967643738, 183.61152291297913, 186.2799367904663, 189.22413682937622, 192.01731634140015, 194.89125275611877, 197.73176264762878, 200.63179469108582, 203.4845793247223, 206.34727430343628, 209.07663321495056, 211.6391417980194, 214.3968300819397, 217.23152232170105, 220.02709245681763, 222.7136034965515, 225.4798707962036, 228.07864046096802, 230.92461466789246, 233.90067625045776, 236.6163468360901, 239.24597096443176, 241.9732129573822, 244.9138789176941, 247.73169612884521, 250.52167320251465, 253.3249773979187, 256.22023034095764, 259.0371789932251, 261.8102626800537, 264.45241689682007, 267.08986139297485, 269.8425033092499, 272.52646708488464, 275.35852670669556, 278.1604952812195], "val_loss": [4.6337831001281735, 4.33579069442749, 4.417496803283691, 3.8859565422058107, 3.712032949447632, 3.5467205009460447, 3.5720025276184084, 3.3536563899993896, 3.349055358505249, 3.2886774768829348, 3.1702511737823484, 3.037930270385742, 3.301726647567749, 3.098094806289673, 3.0402537422180176, 3.023954158782959, 2.970406615829468, 2.8980550029754637, 2.820426330566406, 2.8495448036193847, 2.907700634384155, 2.897851235961914, 2.9346960189819336, 2.8793490531921386, 2.8123101121902465, 2.8647865058898927, 2.9240201694488523, 2.8216857860565185, 2.8038914825439454, 2.813798223876953, 2.8024409809112547, 2.9562827350616456, 2.812972399902344, 2.723705040740967, 2.8330485408782957, 2.8510076156616213, 2.8495486881256102, 2.8479224586486818, 2.8389513862609865, 2.875492651748657, 2.922486876296997, 2.978769065475464, 2.9757203674316406, 2.958423254776001, 2.8799707530975343, 2.842375706100464, 2.8813446849822997, 2.8315527145385744, 3.0373175651550293, 2.9938578651428225, 2.891391103744507, 2.904729120635986, 3.0200446086883543, 3.0496882904052733, 3.0460227027893065, 2.9817942695617674, 3.105397410583496, 3.0285124916076662, 2.982088247680664, 3.086689242172241, 3.09403424911499, 3.045427324295044, 3.0269301651000977, 3.084603438949585, 3.1026239250183107, 3.0602184734344484, 3.0379466381072997, 3.068522145843506, 3.091094132232666, 3.120529976272583, 3.1246626453399657, 3.1231933418273927, 3.0911297470092776, 3.08479075012207, 3.1157558990478518, 3.121425904846191, 3.1085200927734373, 3.1127741115570067, 3.1299926189422607, 3.1036465141296388, 3.1285989082336427, 3.1520223808288574, 3.1274692420959473, 3.135640232086182, 3.1127698009490965, 3.1299516021728517, 3.1251341636657717, 3.1245714767456056, 3.1061640625, 3.1060091167449952, 3.107568613433838, 3.11746616897583, 3.108361744689941, 3.1185549812316893, 3.121236251831055, 3.1159611892700196, 3.1105051525115965, 3.1183571105957033, 3.1197266929626464, 3.1117219821929933],