{"loss": [], "acc": [], "test_loss": [4.706835803985595, 3.967113466644287, 3.8617355953216554, 3.8287565532684327, 3.415304872894287, 3.345383934020996, 3.1773613861083985, 3.1680875564575195, 3.066640951156616, 2.971571999359131, 2.9817936847686766, 3.04564439201355, 2.9378224220275877, 2.9600820114135744, 2.7792596714019777, 3.1031891921997072, 3.0022256137847902, 2.915124708557129, 2.8786403930664064, 2.893226515197754, 2.815115598678589, 2.886054759979248, 2.8524695827484132, 2.8394403717041015, 2.9723212108612063, 2.9197744018554688, 3.0156376037597656, 3.1332620819091797, 2.884699339294434, 2.8781654747009275, 2.856624537277222, 2.9238203300476076, 3.0231057220458983, 3.3329951091766357, 3.1164799076080323, 3.0099010620117186, 3.0472094982147215, 3.1946756076812743, 3.186590777206421, 3.074018574142456, 3.072738109970093, 3.151982381439209, 3.2064813720703125, 3.1609954780578615, 3.1345976108551024, 3.106843609237671, 3.1859472255706787, 3.100814246749878, 3.1591740909576416, 3.1736226806640624, 3.1211982711791992, 3.066960149383545, 3.157359217071533, 3.001950122833252, 3.092904299926758, 3.1029861824035643, 3.0554241714477537, 3.1017885696411134, 3.066491544723511, 3.0401124980926513, 3.022425961303711, 2.9931336700439455, 2.939245215988159, 2.931561604309082, 3.0144406105041504, 2.9395762771606444, 2.9109604698181153, 2.9020238433837893, 2.901850495147705, 2.8981702632904054, 2.8944594833374024, 2.8746080780029297, 2.866784045410156, 2.8494411769866943, 2.845973426055908, 2.8287902305603025, 2.8356825695037844, 2.8419886306762696, 2.8198786685943604, 2.815346511077881, 2.8083935665130615, 2.800376063537598, 2.818760725402832, 2.8112257404327394, 2.798355782318115, 2.7958708362579348, 2.785641263580322, 2.78795167388916, 2.790884341430664, 2.7928228202819825, 2.7812104026794433, 2.7857358005523682, 2.7822957611083985, 2.7855772594451906, 2.788909539794922, 2.7819302421569825, 2.7828258949279787, 2.7828513317108152, 2.78757494468689, 2.7890264377593996], "test_acc": [1.0, 8.819999694824219, 11.619999885559082, 12.619999885559082, 16.709999084472656, 19.299999237060547, 20.479999542236328, 22.239999771118164, 23.099998474121094, 25.0, 26.510000228881836, 26.349998474121094, 27.799999237060547, 28.17999839782715, 31.3799991607666, 27.579999923706055, 29.25, 30.920000076293945, 31.829999923706055, 32.21999740600586, 34.0, 32.66999816894531, 34.07999801635742, 33.5, 33.5, 34.66999816894531, 33.66999816894531, 31.959999084472656, 35.54999923706055, 35.88999938964844, 36.80999755859375, 35.98999786376953, 35.82999801635742, 32.849998474121094, 35.119998931884766, 36.59000015258789, 36.29999923706055, 35.75, 36.43000030517578, 36.73999786376953, 38.5, 36.7599983215332, 37.5, 37.97999954223633, 38.040000915527344, 39.2599983215332, 38.21999740600586, 39.31999969482422, 38.88999938964844, 38.39999771118164, 39.11000061035156, 40.05999755859375, 40.14999771118164, 41.54999923706055, 40.93000030517578, 40.37999725341797, 41.189998626708984, 40.79999923706055, 41.459999084472656, 42.04999923706055, 41.86000061035156, 42.38999938964844, 43.43000030517578, 42.98999786376953, 42.5099983215332, 43.39999771118164, 43.29999923706055, 43.689998626708984, 43.73999786376953, 43.55999755859375, 43.88999938964844, 44.28999710083008, 43.90999984741211, 44.459999084472656, 44.55999755859375, 44.39999771118164, 44.459999084472656, 44.71999740600586, 44.71999740600586, 44.47999954223633, 44.459999084472656, 44.77000045776367, 44.5099983215332, 44.57999801635742, 44.65999984741211, 44.73999786376953, 44.80999755859375, 44.84000015258789, 44.53999710083008, 44.66999816894531, 44.80999755859375, 44.73999786376953, 44.68000030517578, 44.71999740600586, 44.80999755859375, 44.72999954223633, 44.71999740600586, 44.81999969482422, 44.66999816894531, 44.7599983215332], "wall_time": [3.8266868591308594, 6.067355155944824, 8.351362228393555, 10.621936798095703, 12.741421937942505, 14.98764443397522, 17.10381579399109, 19.4457585811615, 21.694313287734985, 23.915727853775024, 26.191115140914917, 28.495349407196045, 30.561241149902344, 32.776034355163574, 35.049893856048584, 37.20285367965698, 39.505491971969604, 41.8388147354126, 44.01536297798157, 46.278706073760986, 48.48227000236511, 50.740187644958496, 52.95766592025757, 55.10084772109985, 57.489442586898804, 59.69663691520691, 62.058006286621094, 64.37281131744385, 66.5341727733612, 68.8268370628357, 71.0532877445221, 73.22899913787842, 75.41874361038208, 77.54955577850342, 79.76281189918518, 81.91195344924927, 84.29281401634216, 86.4383773803711, 88.60265254974365, 90.84615421295166, 93.22454977035522, 95.45933246612549, 97.74302196502686, 99.95063781738281, 102.14025068283081, 104.36827850341797, 106.46838188171387, 108.68044447898865, 110.84646534919739, 113.08694624900818, 115.394704580307, 117.62546825408936, 119.8672571182251, 122.15649104118347, 124.3136477470398, 126.51649355888367, 128.70268940925598, 131.01689672470093, 133.21420526504517, 135.44803428649902, 137.63900446891785, 139.99614763259888, 142.34242820739746, 144.54592537879944, 146.673508644104, 148.84699511528015, 151.0493869781494, 153.1922390460968, 155.50664973258972, 157.74523377418518, 160.0161349773407, 162.25600481033325, 164.81665754318237, 166.96507716178894, 169.14844012260437, 171.29301738739014, 173.56567478179932, 175.6305832862854, 177.81287693977356, 179.91582226753235, 182.35359168052673, 184.6832778453827, 186.96052479743958, 189.13961601257324, 191.38478541374207, 193.62534976005554, 195.9606032371521, 198.24284052848816, 200.44666719436646, 202.76677107810974, 205.02865195274353, 207.31531023979187, 209.65143585205078, 211.99192881584167, 214.20304799079895, 216.56663417816162, 218.7953863143921, 221.0942862033844, 223.31410455703735, 225.58333349227905], "val_loss": [4.711160488891601, 3.9976865203857423, 3.8758998531341553, 3.859184408187866, 3.418842058944702, 3.402057958984375, 3.17450680847168, 3.1780080421447754, 3.075444040298462, 3.001699867630005, 3.012623398208618, 3.050628266906738, 2.9665278228759764, 2.989483003997803, 2.7962127227783204, 3.155791506958008, 3.008623503112793, 2.924623008728027, 2.8891454151153564, 2.9235838050842284, 2.844342161178589, 2.8973991161346437, 2.9001952583312987, 2.8728829933166504, 2.9815586513519285, 2.904082104873657, 3.0534794830322265, 3.159414509963989, 2.907411128997803, 2.887945883178711, 2.857437635421753, 2.9767140659332276, 3.022581713104248, 3.409147202301025, 3.0677484916687012, 3.001124291229248, 3.0295434844970703, 3.1862249139785765, 3.2163116477966307, 3.0904502744674685, 3.0868493366241454, 3.177544731903076, 3.209750461578369, 3.1860376403808592, 3.09914437789917, 3.1228389503479006, 3.140672808456421, 3.0891071556091307, 3.1318796520233154, 3.168091328430176, 3.105059464645386, 3.087295083427429, 3.1643957756042482, 3.014664065551758, 3.0861896951675414, 3.082444383239746, 3.055661601638794, 3.072962231826782, 3.0615640775680544, 3.026962916946411, 3.0429438243865965, 2.9894768142700197, 2.933226050758362, 2.9450258098602293, 3.0040246353149413, 2.9240278415679932, 2.9064343826293944, 2.9088532661437987, 2.8915005252838135, 2.869665119552612, 2.8698995275497436, 2.8728328117370605, 2.878105968284607, 2.848447777938843, 2.8242042640686034, 2.8232490699768067, 2.818851288795471, 2.820305117416382, 2.8069194217681885, 2.8036895805358886, 2.791816459274292, 2.785499671936035, 2.8001466341018677, 2.800978274154663, 2.786399686431885, 2.7828269273757935, 2.7724546875, 2.774494877052307, 2.7789651088714598, 2.781576198196411, 2.769152607345581, 2.7710264011383057, 2.772086117172241, 2.7759808307647704, 2.775343449783325, 2.7700010593414306, 2.772903453063965, 2.7729770080566407, 2.7775924272537234, 2.777911219406128],