{"loss": [], "acc": [], "test_loss": [4.69471936340332, 4.307206867980957, 4.1670993850708005, 3.9689779304504396, 3.857747451400757, 3.8838139461517334, 4.032782459259034, 3.72893800239563, 3.685945751953125, 3.764817534637451, 3.551696595001221, 3.584612285995483, 3.8286366107940673, 3.621248170089722, 3.608301166152954, 3.548782237625122, 3.4311892696380615, 3.5108786754608152, 3.3996472171783445, 3.514597330093384, 3.4742916122436522, 3.3897732234954834, 3.474245036315918, 3.5894197677612305, 3.47408119392395, 3.5397609397888186, 3.5238022426605227, 3.5559186225891115, 3.5610841926574706, 3.6176119552612302, 3.8433130546569823, 3.6510649257659913, 3.6740554008483888, 3.689146657562256, 3.854282721710205, 3.7120887817382813, 3.802516357421875, 3.772139083480835, 3.7832485134124756, 4.0864819709777835, 3.891674694442749, 4.000850344848633, 4.039882260513306, 4.1377400894165035, 4.085594576263428, 4.134984169769287, 4.062812001037598, 4.109323147583008, 4.156251150131226, 4.304456506347656, 4.189118184280396, 4.145207020187378, 4.200094087600708, 4.185566577911377, 4.133711687088013, 4.161454355621338, 4.155435554504394, 4.136622337341309, 4.178969115829468, 4.22258556137085, 4.207651195526123, 4.199085980224609, 4.129831338500977, 4.120245332336426, 4.110058750152588, 4.101167403030395, 4.072413870239258, 4.053039533233642, 4.0655019638061525, 4.063145648956299, 4.0611915664672855, 4.060532977294922, 4.0251111228942875, 4.022666853332519, 4.012052429199219, 4.041320310211182, 4.006374726104736, 4.000497538757324, 3.9825661643981936, 3.9702217765808108, 3.9698495429992677, 3.963342211151123, 3.964120138549805, 3.9659845489501953, 3.9525648376464844, 3.954229355621338, 3.9432169048309325, 3.9418246967315675, 3.9507416305541994, 3.9458895385742188, 3.936550037384033, 3.9519085304260253, 3.942926812744141, 3.9493734855651854, 3.9401885818481444, 3.9456530136108396, 3.9500559783935545, 3.943399619293213, 3.9562550308227538, 3.9483202018737793], "test_acc": [1.0499999523162842, 5.079999923706055, 6.669999599456787, 9.34000015258789, 10.84999942779541, 10.559999465942383, 11.399999618530273, 12.319999694824219, 14.25999927520752, 13.429999351501465, 16.420000076293945, 16.020000457763672, 14.989999771118164, 16.029998779296875, 17.170000076293945, 19.18000030517578, 20.53999900817871, 19.19999885559082, 21.43000030517578, 19.44999885559082, 21.6299991607666, 22.149999618530273, 22.010000228881836, 20.94999885559082, 22.10999870300293, 22.469999313354492, 22.639999389648438, 23.53999900817871, 23.809999465942383, 23.65999984741211, 22.299999237060547, 23.279998779296875, 23.399999618530273, 23.65999984741211, 21.94999885559082, 24.389999389648438, 24.59000015258789, 24.799999237060547, 25.59000015258789, 23.68000030517578, 24.31999969482422, 23.989999771118164, 24.099998474121094, 23.68000030517578, 24.44999885559082, 25.0, 25.229999542236328, 25.44999885559082, 25.599998474121094, 25.40999984741211, 26.78999900817871, 26.35999870300293, 26.56999969482422, 27.170000076293945, 28.0, 27.69999885559082, 28.239999771118164, 28.309999465942383, 28.349998474121094, 28.309999465942383, 28.10999870300293, 28.299999237060547, 28.959999084472656, 28.899999618530273, 28.869998931884766, 28.94999885559082, 29.170000076293945, 29.56999969482422, 29.739999771118164, 29.40999984741211, 29.559999465942383, 29.469999313354492, 29.889999389648438, 29.829999923706055, 29.76999855041504, 29.799999237060547, 30.10999870300293, 29.8799991607666, 30.049999237060547, 30.15999984741211, 30.25, 30.25, 30.25, 30.479999542236328, 30.31999969482422, 30.279998779296875, 30.459999084472656, 30.369998931884766, 30.420000076293945, 30.5, 30.649999618530273, 30.3799991607666, 30.51999855041504, 30.239999771118164, 30.579999923706055, 30.56999969482422, 30.369998931884766, 30.559999465942383, 30.40999984741211, 30.459999084472656], "wall_time": [3.16563081741333, 5.356640815734863, 7.3887481689453125, 9.498737335205078, 11.633472681045532, 13.60757040977478, 15.606270790100098, 17.73980474472046, 19.687251329421997, 21.777467966079712, 23.689828634262085, 25.716591358184814, 27.755310773849487, 29.63730525970459, 31.6544508934021, 33.51503372192383, 35.537312746047974, 37.620928049087524, 39.61620759963989, 41.79879021644592, 43.783719062805176, 45.76651477813721, 47.97824668884277, 50.3796010017395, 52.256301403045654, 54.325719118118286, 56.23113512992859, 58.33428978919983, 60.260865688323975, 62.146535873413086, 64.33769750595093, 66.43128085136414, 68.36584973335266, 70.40179896354675, 72.30999827384949, 74.2788941860199, 76.12569069862366, 78.0243513584137, 80.14565348625183, 82.35497188568115, 84.29932641983032, 86.5496141910553, 88.62385082244873, 90.64775848388672, 92.69179606437683, 94.74463844299316, 96.98222160339355, 99.03972291946411, 100.9961850643158, 102.92361831665039, 104.80576229095459, 106.72980189323425, 108.75723600387573, 110.74593162536621, 112.73870706558228, 114.80908751487732, 116.87913370132446, 118.76117134094238, 120.60159373283386, 122.61339378356934, 124.52195835113525, 126.39612603187561, 128.54050850868225, 130.60918951034546, 132.80690670013428, 134.67441248893738, 136.7342586517334, 138.74846506118774, 140.7239921092987, 142.66716313362122, 144.54822635650635, 146.64846110343933, 148.53885746002197, 150.62667417526245, 152.82247233390808, 154.98445177078247, 157.09501910209656, 158.96161699295044, 161.05163383483887, 163.03927206993103, 165.3590168952942, 167.2508704662323, 169.24481964111328, 171.32212734222412, 173.47052788734436, 175.5982551574707, 177.7090618610382, 179.83557653427124, 181.9457881450653, 183.87896275520325, 185.9733464717865, 188.10610342025757, 190.01833152770996, 192.36516118049622, 194.4408028125763, 196.61984515190125, 198.6194944381714, 200.8668761253357, 202.94465017318726, 204.83704590797424], "val_loss": [4.700251783752441, 4.303539854431152, 4.169992668914795, 3.972308124923706, 3.8529075286865235, 3.8757830364227295, 4.0360607887268065, 3.7331287467956544, 3.684123817062378, 3.7616106746673585, 3.5424993198394774, 3.5898126750946044, 3.8401795269012453, 3.5846552814483643, 3.6123686908721924, 3.5614810440063476, 3.4550719230651854, 3.516309377670288, 3.40432412071228, 3.4951045539855956, 3.4712524135589597, 3.376663070678711, 3.4826508480072023, 3.5415893417358397, 3.4957829597473142, 3.5296135360717775, 3.526403931427002, 3.545998238372803, 3.5737010818481445, 3.631791188812256, 3.844134899520874, 3.689123881149292, 3.6884863105773924, 3.7007802448272704, 3.853398368835449, 3.7037791717529296, 3.8176982135772706, 3.78269169960022, 3.794218900299072, 4.085918910980225, 3.907203368759155, 4.0403588691711425, 4.026007097625732, 4.145588698577881, 4.097705531692505, 4.114097914886474, 4.051805338287354, 4.141130194091797, 4.169289311218262, 4.3061738697052006, 4.187901233673096, 4.196196543121338, 4.2506857837677, 4.20848844833374, 4.178256076431275, 4.211149192047119, 4.20831851272583, 4.170743498229981, 4.224660977554321, 4.260227778244019, 4.235455724334717, 4.249810074996948, 4.174594591140747, 4.172826696395874, 4.147899583435058, 4.162075432968139, 4.138199942398071, 4.106726509094238, 4.1099317848205565, 4.108575095748901, 4.101380609512329, 4.100274723434448, 4.070629514312744, 4.064360320281982, 4.057577926635743, 4.082597037124634, 4.040649956512451, 4.039260332107544, 4.022306813049316, 4.010719689178467, 4.01551321182251, 4.008633686447143, 4.009370858764648, 4.012036570739746, 3.999289030456543, 4.000442176055908, 3.9925505657196045, 3.9838736110687254, 3.9925640472412107, 3.9884237869262695, 3.9806192821502684, 3.9961032531738283, 3.985675596237183, 3.9947975299835203, 3.982476816558838, 3.9911451690673827, 3.9946321983337403, 3.9849618797302244, 4.00153991279602, 3.9951797565460203],