{"loss": [], "acc": [], "test_loss": [4.611184671020508, 4.29149274597168, 4.183943962860107, 4.243193712615967, 4.028630770111084, 4.023512410736084, 3.9731919555664064, 3.907750908279419, 3.847508850479126, 3.823813683319092, 3.7151244400024415, 3.7951871101379395, 3.6181523376464844, 3.7089554019927977, 3.586624384689331, 3.621429475402832, 3.655513159561157, 3.603946332168579, 3.5240149536132814, 3.5524278869628905, 3.7069334129333495, 3.5285147785186766, 3.491581093597412, 3.6532259384155275, 3.5197521114349364, 3.5564151233673096, 3.696471115112305, 3.5267351940155027, 3.476778091430664, 3.61968791809082, 3.550854800796509, 3.748905443572998, 3.5475104221343994, 3.6730173587799073, 3.7168908752441405, 3.5543975887298584, 3.7967350971221925, 3.773436863708496, 3.8162301620483396, 3.706968537902832, 3.7024626399993896, 3.9020964630126955, 3.725879429626465, 3.7929320121765135, 3.8453257362365725, 4.025930097961425, 4.0069197757720945, 4.039167578887939, 4.0106778175354005, 4.154906760406494, 4.167816528320312, 4.139536814498902, 4.172003450775146, 4.230847219085693, 4.16541354675293, 4.163808422851562, 4.23505041885376, 4.138822587585449, 4.256969211578369, 4.208642784881592, 4.226439328765869, 4.2743214340209965, 4.199090901184082, 4.224471572875976, 4.183615397644043, 4.206680997467041, 4.147477796936035, 4.144442723846436, 4.121966967010498, 4.116607702636719, 4.138401517486573, 4.119748098754883, 4.102673571777344, 4.103540933227539, 4.095376956176758, 4.06837502746582, 4.054739514160156, 4.062693305206299, 4.059764750671387, 4.047518002319336, 4.033670727539063, 4.03289146270752, 4.0331583595275875, 4.0251061073303225, 4.011378825378418, 4.020068423461914, 4.019230630493164, 4.029348265838623, 4.01767035522461, 4.027751609802246, 4.011229735565186, 4.0196408226013185, 4.000558688354492, 4.007033566284179, 4.007802788543701, 4.009115860748291, 4.00561377029419, 4.018821063232422, 4.011732212066651, 4.020712924957276], "test_acc": [1.0299999713897705, 3.799999952316284, 5.269999980926514, 5.389999866485596, 7.599999904632568, 7.569999694824219, 7.819999694824219, 9.09999942779541, 10.829999923706055, 11.389999389648438, 12.479999542236328, 12.719999313354492, 14.0, 14.15999984741211, 15.029999732971191, 15.989999771118164, 15.489999771118164, 16.549999237060547, 18.06999969482422, 18.049999237060547, 16.959999084472656, 17.799999237060547, 19.139999389648438, 18.3799991607666, 21.049999237060547, 19.939998626708984, 19.559999465942383, 21.10999870300293, 21.739999771118164, 21.139999389648438, 21.760000228881836, 20.670000076293945, 23.079999923706055, 21.899999618530273, 22.139999389648438, 23.75, 22.389999389648438, 23.10999870300293, 22.40999984741211, 24.239999771118164, 23.85999870300293, 23.09000015258789, 24.68000030517578, 24.529998779296875, 25.559999465942383, 24.09000015258789, 25.189998626708984, 25.65999984741211, 25.10999870300293, 25.639999389648438, 25.189998626708984, 25.639999389648438, 25.489999771118164, 25.729999542236328, 26.51999855041504, 27.059999465942383, 26.709999084472656, 27.119998931884766, 26.6299991607666, 27.75, 27.76999855041504, 27.17999839782715, 27.559999465942383, 27.76999855041504, 28.189998626708984, 28.90999984741211, 28.3799991607666, 29.19999885559082, 29.219999313354492, 29.029998779296875, 28.85999870300293, 28.85999870300293, 29.44999885559082, 29.229999542236328, 28.90999984741211, 29.26999855041504, 29.26999855041504, 29.44999885559082, 29.1299991607666, 29.670000076293945, 29.619998931884766, 29.489999771118164, 29.40999984741211, 29.31999969482422, 29.719999313354492, 29.559999465942383, 29.75, 29.459999084472656, 29.649999618530273, 29.529998779296875, 29.56999969482422, 29.549999237060547, 29.53999900817871, 29.579999923706055, 29.67999839782715, 29.559999465942383, 29.6299991607666, 29.639999389648438, 29.729999542236328, 29.469999313354492], "wall_time": [3.9670140743255615, 6.608309507369995, 9.361961364746094, 11.855554103851318, 14.119197130203247, 16.470745086669922, 18.838886976242065, 21.197310209274292, 23.42496371269226, 26.620147228240967, 29.15223789215088, 31.883790731430054, 34.438084840774536, 36.827706813812256, 39.284247398376465, 41.738333225250244, 44.27337026596069, 46.80801606178284, 49.34549331665039, 51.91436505317688, 54.303926944732666, 57.173948526382446, 59.91026449203491, 62.49888277053833, 65.25857734680176, 67.74135708808899, 70.412912607193, 73.17765235900879, 75.8489408493042, 78.54557251930237, 81.09554934501648, 83.90275001525879, 86.43725204467773, 89.23839664459229, 92.02849769592285, 94.69208860397339, 97.50445103645325, 100.1376645565033, 102.79295182228088, 105.47014021873474, 108.25697135925293, 111.08454036712646, 113.79289937019348, 116.50806736946106, 119.20857882499695, 121.83719778060913, 124.51747417449951, 127.41088008880615, 130.19166779518127, 133.03612208366394, 135.89156985282898, 138.567280292511, 141.33883357048035, 143.79078221321106, 146.62988567352295, 149.21404480934143, 152.06752920150757, 154.88353824615479, 157.49593234062195, 160.3510558605194, 163.03252267837524, 165.54807424545288, 168.36262822151184, 171.02828788757324, 173.69898104667664, 176.37522983551025, 178.9721052646637, 181.58390069007874, 184.05742835998535, 186.3530342578888, 188.89765739440918, 191.3112862110138, 193.60622453689575, 196.05000710487366, 198.2558000087738, 200.51025557518005, 202.9087586402893, 205.1280996799469, 207.63232731819153, 209.99798011779785, 212.5376524925232, 215.1680097579956, 217.41835498809814, 219.62190318107605, 221.94675159454346, 224.24365711212158, 226.42355847358704, 229.01865148544312, 231.61344647407532, 234.40250897407532, 236.89817094802856, 239.45067405700684, 241.95177507400513, 244.2795534133911, 246.54138207435608, 248.93589758872986, 251.37371730804443, 253.65109634399414, 256.00951170921326, 258.6547830104828], "val_loss": [4.612201955413818, 4.30335313949585, 4.187362956237793, 4.252765427398682, 4.048143106842041, 4.0403586189270015, 3.967760921859741, 3.930203786087036, 3.8652655052185056, 3.8149947490692138, 3.716811684036255, 3.8044810729980467, 3.6289974426269533, 3.707288655471802, 3.585956190109253, 3.620110718154907, 3.647898230743408, 3.59058486328125, 3.520012540054321, 3.569252449798584, 3.7093551921844483, 3.5189194396972656, 3.4784895370483397, 3.6412197620391846, 3.4922509845733645, 3.54977142868042, 3.71258922996521, 3.5211279930114747, 3.4531910926818847, 3.5827302444458007, 3.562009651184082, 3.7182935997009277, 3.521925124359131, 3.695777133178711, 3.667647104644775, 3.5210601886749266, 3.759626123428345, 3.777635101699829, 3.792174398422241, 3.7083210220336915, 3.6933811241149903, 3.9076458106994627, 3.7404250171661375, 3.8080405048370363, 3.8712293556213377, 4.0539979759216305, 4.057760656738282, 4.07980023803711, 4.049232093811035, 4.161581089782715, 4.146653939056397, 4.148587852859497, 4.1353450157165526, 4.274219938659668, 4.207020783996582, 4.201702409362793, 4.254731202697754, 4.193624810028076, 4.256228648376465, 4.225330153274536, 4.234633626174927, 4.273642745208741, 4.2387678337097165, 4.238917207717895, 4.2125083984375, 4.242540365600586, 4.1877030166625975, 4.192587342834472, 4.140555812835693, 4.129853788757324, 4.15380228805542, 4.156212684631348, 4.1450857845306395, 4.138578461456299, 4.145811890411377, 4.118850563430786, 4.1056060821533205, 4.113540264129639, 4.116871408843994, 4.109310801315307, 4.088035389328003, 4.08289761428833, 4.0799013717651365, 4.076765568161011, 4.06699133682251, 4.072052792358399, 4.071300032043457, 4.081024687194824, 4.072457524108887, 4.078823919677735, 4.060660551452637, 4.071502188110352, 4.054161261749267, 4.059810713195801, 4.058674579620361, 4.062600248718262, 4.057331330108642, 4.070765111923218, 4.060172710418701, 4.070927253723145],