{"loss": [], "acc": [], "test_loss": [4.664743027496338, 4.303718109893799, 4.0380093872070315, 3.993512326812744, 3.999637772369385, 3.9023302177429198, 3.915230760192871, 3.7382485088348387, 3.7529204738616944, 3.651959029006958, 3.649061089324951, 3.697447969818115, 3.6064489871978758, 3.4361747802734377, 3.5343417011260985, 3.478327555465698, 3.7265801498413085, 3.8132201438903808, 3.462737775039673, 3.483039818572998, 3.504629144668579, 3.613938932800293, 3.4601117961883543, 3.7868478828430177, 3.6016399658203126, 3.6170435638427736, 3.6657361572265623, 3.5964584545135496, 3.827805980682373, 3.7573485496520997, 3.691352507019043, 3.6792278396606446, 3.9102499046325683, 3.78750269241333, 4.534152925109863, 4.106014875411987, 4.193153751373291, 3.9157292205810545, 4.127780725097656, 4.243930467224121, 3.993253544998169, 4.1166672645568845, 4.145171891021729, 4.200688435745239, 4.059513960266114, 4.180943346405029, 4.139681732940674, 4.175138406372071, 4.261537538146973, 4.250693724060058, 4.1631769325256345, 4.279672252655029, 4.262203980255127, 4.193807630157471, 4.261141586303711, 4.182884175109863, 4.148516831207275, 4.167840615844726, 4.105500925445557, 4.079428578186035, 4.097883651733398, 3.988762145614624, 3.9887641090393067, 3.9656930347442625, 3.966815842437744, 3.923378224182129, 3.921406855392456, 3.9529140502929687, 3.8913920078277586, 3.8647917728424073, 3.887824599456787, 3.873510625457764, 3.878071088027954, 3.862101245880127, 3.861561413192749, 3.850718752670288, 3.8355602951049805, 3.8279210140228273, 3.824299119949341, 3.8242068698883056, 3.8195683948516845, 3.8125453525543214, 3.8151526332855226, 3.815650491333008, 3.811002806472778, 3.8032581939697265, 3.802624019241333, 3.791539873123169, 3.7963450607299807, 3.7999930629730225, 3.7875024951934813, 3.792721156692505, 3.7902279586791994, 3.7934839454650877, 3.78466383934021, 3.7927027770996093, 3.7922245334625244, 3.7930398933410645, 3.7975756736755373, 3.7877947288513183], "test_acc": [1.0, 4.630000114440918, 8.329999923706055, 8.4399995803833, 9.319999694824219, 10.75999927520752, 9.59000015258789, 12.9399995803833, 13.969999313354492, 14.579999923706055, 14.769999504089355, 14.529999732971191, 16.219999313354492, 18.670000076293945, 18.059999465942383, 19.09000015258789, 16.170000076293945, 18.03999900817871, 19.709999084472656, 21.619998931884766, 20.709999084472656, 21.19999885559082, 22.670000076293945, 19.09000015258789, 22.559999465942383, 21.600000381469727, 22.65999984741211, 23.049999237060547, 21.299999237060547, 22.469999313354492, 23.779998779296875, 24.420000076293945, 21.260000228881836, 24.56999969482422, 17.100000381469727, 22.510000228881836, 22.100000381469727, 25.420000076293945, 23.76999855041504, 22.81999969482422, 25.09000015258789, 25.260000228881836, 25.18000030517578, 24.029998779296875, 27.329999923706055, 25.829999923706055, 26.849998474121094, 27.03999900817871, 25.170000076293945, 26.329999923706055, 26.979999542236328, 26.17999839782715, 26.779998779296875, 28.15999984741211, 27.209999084472656, 27.779998779296875, 28.10999870300293, 28.799999237060547, 28.56999969482422, 28.459999084472656, 28.559999465942383, 29.619998931884766, 29.56999969482422, 29.42999839782715, 29.309999465942383, 29.599998474121094, 29.979999542236328, 29.489999771118164, 29.959999084472656, 30.5, 30.1299991607666, 30.209999084472656, 30.34000015258789, 30.049999237060547, 30.099998474121094, 29.939998626708984, 30.06999969482422, 29.92999839782715, 30.1299991607666, 30.049999237060547, 30.170000076293945, 29.94999885559082, 30.28999900817871, 30.099998474121094, 30.309999465942383, 30.170000076293945, 30.059999465942383, 30.170000076293945, 30.229999542236328, 30.15999984741211, 30.26999855041504, 30.329999923706055, 30.28999900817871, 30.35999870300293, 30.42999839782715, 30.17999839782715, 30.369998931884766, 30.329999923706055, 30.28999900817871, 30.420000076293945], "wall_time": [3.7505288124084473, 5.962614059448242, 7.994296550750732, 10.300779342651367, 12.45406985282898, 14.50060510635376, 16.835786819458008, 18.96233105659485, 20.935675621032715, 22.975919723510742, 24.92957305908203, 26.98031210899353, 28.95096755027771, 30.849070072174072, 32.75263857841492, 34.950966596603394, 37.10931873321533, 39.2960901260376, 41.455716609954834, 43.34611248970032, 45.55551719665527, 47.790645360946655, 49.88731288909912, 51.83324098587036, 53.76362609863281, 55.638967752456665, 57.63357877731323, 59.97776484489441, 62.123255014419556, 64.01416039466858, 66.16081738471985, 68.0805983543396, 70.03952360153198, 72.19850420951843, 74.13643431663513, 76.31999444961548, 78.45476055145264, 80.60830974578857, 82.73932695388794, 84.78898358345032, 86.69369864463806, 88.62948346138, 90.52013301849365, 92.64812588691711, 94.57399606704712, 96.81383228302002, 98.75942397117615, 101.026695728302, 102.99475526809692, 104.88230967521667, 106.94912719726562, 109.03418350219727, 111.0047435760498, 113.2737238407135, 115.20274376869202, 117.36908340454102, 119.27096104621887, 121.39059567451477, 123.2936589717865, 125.46026921272278, 127.44133734703064, 129.35078167915344, 131.51090955734253, 133.39875268936157, 135.51421666145325, 137.6872591972351, 139.89468908309937, 141.8286910057068, 143.69431900978088, 145.80323314666748, 147.71647882461548, 149.64900946617126, 151.7408881187439, 153.69373559951782, 155.62073707580566, 157.6253981590271, 159.73019409179688, 161.92329502105713, 163.86658596992493, 165.97505521774292, 167.8538463115692, 169.7570240497589, 171.74205827713013, 173.8079493045807, 175.95377492904663, 177.86415481567383, 179.78561234474182, 181.79943299293518, 183.65106773376465, 185.58168005943298, 187.59395718574524, 189.49941682815552, 191.62652802467346, 193.51783394813538, 195.63434529304504, 197.62301230430603, 199.48594093322754, 201.6284737586975, 203.53691411018372, 205.62753772735596], "val_loss": [4.673792999267578, 4.319315682983398, 4.055398344802857, 3.991825333786011, 4.010712528991699, 3.899824793624878, 3.9023870754241945, 3.7475140506744387, 3.761985684967041, 3.654367144012451, 3.640673020172119, 3.729679949951172, 3.60537998046875, 3.4231222831726074, 3.5372933971405027, 3.4882877281188964, 3.763519917678833, 3.851371021270752, 3.480892122268677, 3.4916353481292726, 3.492417578125, 3.604503402328491, 3.491444090652466, 3.789854061126709, 3.6055536529541015, 3.6095958908081056, 3.679501889038086, 3.6319668659210205, 3.830972972488403, 3.7502029510498045, 3.685250316619873, 3.6907944068908694, 3.9236034198760987, 3.784466173171997, 4.535356304550171, 4.0744025482177735, 4.265207943725586, 3.941819780731201, 4.207451262664795, 4.2222723930358885, 4.048668684387207, 4.142983382034302, 4.155193143844604, 4.238747151947021, 4.122987847900391, 4.167896276855469, 4.174861547088623, 4.2050012008666995, 4.334146600341797, 4.277387654113769, 4.215245376205444, 4.349462425994873, 4.327536297607422, 4.220731810760498, 4.299136863708496, 4.231057995223999, 4.195882992172241, 4.2258587787628175, 4.157944186401367, 4.12264206085205, 4.132584547805786, 4.036167093658447, 4.03727589302063, 4.026129917907715, 4.023050743865967, 3.9826392768859864, 3.9825400798797608, 3.9991411849975584, 3.954230474090576, 3.9210973651885985, 3.9528755722045896, 3.927566117477417, 3.93517063369751, 3.9103305332183838, 3.9189262210845945, 3.909617150878906, 3.8959131183624267, 3.884587726211548, 3.881571955871582, 3.8820814414978027, 3.8760990982055663, 3.869644337463379, 3.872178645324707, 3.874632703399658, 3.866314242553711, 3.8565521766662596, 3.8542492588043213, 3.8453178455352783, 3.8493823463439942, 3.853247382736206, 3.843754314804077, 3.844702697753906, 3.8453264556884768, 3.8466674980163575, 3.8402741298675536, 3.84849460067749, 3.845633728790283, 3.8482693218231203, 3.852660092163086, 3.842984860229492],