{"loss": [], "acc": [], "test_loss": [4.662906332397461, 4.289819058227539, 4.2983036148071285, 4.110134702301026, 3.9829249824523925, 3.9423843627929687, 3.903476848602295, 3.8120967208862306, 3.7575446884155275, 3.791456489562988, 3.71562275390625, 3.8933905044555663, 3.6562815731048586, 3.634394667053223, 3.565081551361084, 3.6244690441131593, 3.915759846496582, 3.5264044384002684, 3.638910029220581, 3.5038161079406738, 3.721666075897217, 3.5497694244384768, 3.6514452564239503, 3.483259963226318, 3.5402337688446046, 3.6889343784332276, 3.494733961868286, 3.5440467735290526, 3.5430283931732176, 3.5751976272583006, 3.5185598789215087, 3.8559040939331055, 3.749236609649658, 3.8714156013488767, 3.585169564819336, 3.658987958526611, 3.689561362457275, 3.7801275749206544, 3.7664437744140624, 3.9044828548431396, 3.768146199417114, 3.8851159912109376, 3.932697882080078, 4.104931036758423, 3.8853780632019044, 4.048386008453369, 4.2003588859558105, 3.9762583782196046, 4.111317573547363, 4.194036442565918, 4.27994365234375, 4.263029571151733, 4.137469456481933, 4.177364231109619, 4.1869978355407715, 4.28903258972168, 4.2895165588378905, 4.279854280853272, 4.294047459411621, 4.27070707244873, 4.25658285369873, 4.3142779998779295, 4.253581382751465, 4.192659512329102, 4.198538658905029, 4.185464135742188, 4.173517967605591, 4.21136061706543, 4.138468097686768, 4.162266062927246, 4.13660341720581, 4.114816637420654, 4.110374766540527, 4.081259014129639, 4.097813226318359, 4.082091103363037, 4.07316845626831, 4.0753482040405276, 4.075794649505616, 4.0610884651184085, 4.044908631134033, 4.042113987731933, 4.047134437561035, 4.046396779251099, 4.030783581924439, 4.034674070739746, 4.031455101013184, 4.033732087707519, 4.027495951843262, 4.0283532798767085, 4.025760383987427, 4.031603382492065, 4.022207331848144, 4.022586987304687, 4.024850695037842, 4.027137397766113, 4.022342400360108, 4.036493414306641, 4.018685758972168, 4.02370604171753], "test_acc": [1.0, 4.349999904632568, 5.119999885559082, 7.439999580383301, 8.059999465942383, 8.639999389648438, 9.329999923706055, 10.710000038146973, 12.059999465942383, 12.289999961853027, 13.25, 12.699999809265137, 14.929999351501465, 15.359999656677246, 16.69999885559082, 17.03999900817871, 14.670000076293945, 17.68000030517578, 17.6299991607666, 16.979999542236328, 17.60999870300293, 17.969999313354492, 19.0, 20.1299991607666, 20.369998931884766, 19.469999313354492, 22.079999923706055, 21.81999969482422, 21.209999084472656, 22.09000015258789, 21.69999885559082, 20.350000381469727, 22.049999237060547, 20.779998779296875, 23.739999771118164, 23.869998931884766, 23.649999618530273, 22.68000030517578, 23.599998474121094, 23.799999237060547, 23.649999618530273, 23.959999084472656, 24.170000076293945, 23.119998931884766, 25.03999900817871, 24.0, 23.85999870300293, 25.920000076293945, 25.92999839782715, 25.19999885559082, 25.260000228881836, 25.029998779296875, 25.709999084472656, 26.119998931884766, 26.529998779296875, 26.209999084472656, 26.559999465942383, 27.31999969482422, 27.149999618530273, 27.25, 27.579999923706055, 27.099998474121094, 28.03999900817871, 28.559999465942383, 28.459999084472656, 28.739999771118164, 28.489999771118164, 28.369998931884766, 28.920000076293945, 28.51999855041504, 28.389999389648438, 28.809999465942383, 29.25, 29.029998779296875, 29.119998931884766, 29.529998779296875, 29.51999855041504, 29.549999237060547, 29.329999923706055, 29.6299991607666, 29.809999465942383, 29.81999969482422, 29.670000076293945, 29.53999900817871, 29.579999923706055, 29.69999885559082, 29.849998474121094, 29.59000015258789, 29.75, 29.719999313354492, 29.76999855041504, 29.619998931884766, 29.75, 29.619998931884766, 29.889999389648438, 29.829999923706055, 29.78999900817871, 29.619998931884766, 29.889999389648438, 29.75], "wall_time": [4.441433668136597, 7.008226633071899, 9.284878015518188, 12.094069957733154, 14.42236065864563, 17.17591643333435, 19.82440495491028, 22.315988779067993, 24.92249846458435, 27.205084323883057, 29.536916971206665, 32.05916953086853, 34.65511870384216, 36.930667877197266, 39.75297284126282, 42.273540019989014, 44.6522262096405, 47.4996817111969, 50.07869839668274, 52.9003541469574, 55.455440521240234, 57.92175221443176, 60.459928035736084, 63.3911714553833, 66.03105211257935, 68.83670282363892, 71.44557619094849, 74.03334927558899, 76.5824556350708, 79.2624044418335, 81.79819059371948, 84.26145005226135, 86.90890073776245, 89.2328770160675, 91.8516800403595, 94.36432933807373, 96.78705024719238, 99.2911069393158, 101.88616681098938, 104.38941097259521, 106.90972638130188, 109.39426946640015, 112.1078462600708, 114.49470281600952, 117.12009763717651, 119.5562789440155, 121.84878134727478, 124.48707985877991, 127.00456523895264, 129.39533615112305, 131.77044486999512, 134.22829055786133, 136.8017749786377, 139.21496653556824, 141.79124188423157, 144.24529600143433, 146.8960564136505, 149.37626194953918, 152.45709419250488, 155.08643221855164, 157.44891905784607, 159.99270129203796, 162.42420768737793, 165.01452898979187, 167.66759085655212, 170.33167576789856, 172.72647500038147, 175.0667803287506, 177.83139872550964, 180.42945623397827, 183.06948494911194, 185.73811888694763, 188.66785526275635, 191.45389795303345, 194.21494889259338, 196.9216730594635, 199.63131260871887, 202.39963269233704, 205.05140805244446, 207.86246991157532, 210.68153643608093, 213.3863229751587, 216.44202542304993, 219.14952445030212, 221.8590178489685, 224.74488162994385, 227.6631896495819, 230.41928362846375, 233.06134867668152, 235.60472774505615, 238.23658847808838, 240.70867705345154, 243.4270269870758, 246.24034142494202, 248.92239379882812, 251.70309925079346, 254.4669153690338, 257.07184410095215, 259.8706645965576, 262.62465715408325], "val_loss": [4.666195429992676, 4.299363021850586, 4.30193735961914, 4.108655337524414, 3.995774876022339, 3.9494419944763184, 3.884013146972656, 3.8306749801635744, 3.767071593475342, 3.7940271293640135, 3.7274541717529295, 3.908288606643677, 3.673428544616699, 3.6528949733734133, 3.5864344367980956, 3.6357435119628905, 3.9359484298706056, 3.5295786346435545, 3.6712006561279296, 3.5001600505828856, 3.733694522857666, 3.5475676433563232, 3.6149472175598145, 3.506539301300049, 3.542286675262451, 3.670046960067749, 3.4733625324249267, 3.557525307846069, 3.5446529041290282, 3.5431551223754885, 3.5508223945617674, 3.838878726196289, 3.7108678405761717, 3.820520805358887, 3.5907031898498536, 3.676421728515625, 3.733207929992676, 3.7754252765655516, 3.7687557441711426, 3.906143204498291, 3.8264170864105225, 3.8758290988922117, 3.9947080154418946, 4.109804711914062, 3.9098981994628907, 4.094500373840332, 4.233715562438965, 3.9851692264556884, 4.097411276245118, 4.2442206848144535, 4.319071418762207, 4.293943733215332, 4.199374708557129, 4.216609831237793, 4.262341368865966, 4.31736499786377, 4.3431748748779295, 4.319725479125976, 4.299530024337769, 4.3063166774749755, 4.243201268005371, 4.318080174255371, 4.273540780639649, 4.21287678604126, 4.240422082519531, 4.205865501403808, 4.194990266418457, 4.23958497543335, 4.172213603210449, 4.194819792175293, 4.168899352264404, 4.1447945434570315, 4.136230567932129, 4.109723091125488, 4.143372415924072, 4.111207955932617, 4.1013260925292965, 4.098482007980347, 4.108712555313111, 4.087590042877197, 4.078950978088379, 4.070427317810059, 4.0695388221740725, 4.073855932617188, 4.059327841186524, 4.066365959167481, 4.064574617767334, 4.066308383178711, 4.062174004364014, 4.062837156677246, 4.057405360412598, 4.064504437255859, 4.054535887145996, 4.053363117218018, 4.061344445037842, 4.061560066986084, 4.0545314666748045, 4.0700675468444825, 4.051575154495239, 4.051494788742065],