{"loss": [], "acc": [], "test_loss": [4.710925949859619, 4.422741819763184, 4.085086002349853, 4.0695531379699705, 4.324128705596924, 3.8216720149993897, 3.8183907737731935, 3.6593122123718262, 3.650455214309692, 3.696346015930176, 3.625191775894165, 3.710524890136719, 3.6760030750274657, 4.020486135101319, 3.5723424243927, 3.5108859214782715, 3.697241075515747, 3.5208955253601073, 3.7419282234191895, 3.6421684135437014, 3.5949680938720703, 3.4965857749938967, 3.587844361114502, 3.543820011138916, 3.6476181289672853, 3.724288391876221, 3.976938027954102, 3.979626421356201, 3.870904814529419, 3.715908666229248, 3.87536368560791, 4.114159019470215, 3.908672755050659, 3.8964373748779297, 3.925194384765625, 4.235784411621093, 4.122800619506836, 4.318026952362061, 4.147955039215088, 4.173550830078125, 4.172480099487305, 4.146887521362305, 4.159282649230957, 4.114971009063721, 4.4538518310546875, 4.081791217803955, 4.164554945373535, 4.179152534484864, 4.158231402587891, 4.255952352905274, 4.1211031127929685, 4.265872861480713, 4.241619825744629, 4.158183891296387, 4.0907402412414555, 4.134583030700684, 4.067693968200683, 4.0583004486083984, 4.018315028381347, 4.014205730438232, 3.9619736999511717, 3.954997081756592, 3.9673612663269044, 3.9323383514404298, 3.913887837600708, 3.898333026123047, 3.8778806022644043, 3.877345753479004, 3.8678211860656737, 3.847680949020386, 3.851822875213623, 3.816440916824341, 3.8004498420715334, 3.8162172451019285, 3.802592324066162, 3.8054637863159178, 3.8092407539367676, 3.8048246963500976, 3.792412963104248, 3.7841511924743654, 3.7800295158386232, 3.7784159004211424, 3.771260331726074, 3.774291879272461, 3.7716522789001465, 3.764530362701416, 3.7671375648498535, 3.7654561027526854, 3.771767320251465, 3.765775827407837, 3.7610175216674806, 3.7631944080352784, 3.7604207527160645, 3.7537001388549807, 3.7631356174468995, 3.757643473815918, 3.7626010265350343, 3.7581301635742186, 3.7664387119293212, 3.7596238498687744], "test_acc": [1.4499999284744263, 5.079999923706055, 7.889999866485596, 8.529999732971191, 7.230000019073486, 11.670000076293945, 12.789999961853027, 13.84999942779541, 14.969999313354492, 15.729999542236328, 15.420000076293945, 16.459999084472656, 16.489999771118164, 15.519999504089355, 18.35999870300293, 19.689998626708984, 18.420000076293945, 20.920000076293945, 19.579999923706055, 19.44999885559082, 20.829999923706055, 23.059999465942383, 22.279998779296875, 23.049999237060547, 22.8799991607666, 23.239999771118164, 19.889999389648438, 20.189998626708984, 22.81999969482422, 24.139999389648438, 23.639999389648438, 20.689998626708984, 24.299999237060547, 23.529998779296875, 24.549999237060547, 21.94999885559082, 23.10999870300293, 22.139999389648438, 24.84000015258789, 24.03999900817871, 24.85999870300293, 25.26999855041504, 25.279998779296875, 25.939998626708984, 23.729999542236328, 27.189998626708984, 26.65999984741211, 26.439998626708984, 27.920000076293945, 26.719999313354492, 27.53999900817871, 26.670000076293945, 27.01999855041504, 27.510000228881836, 28.389999389648438, 27.939998626708984, 28.649999618530273, 29.09000015258789, 29.399999618530273, 29.59000015258789, 29.689998626708984, 29.599998474121094, 29.369998931884766, 29.889999389648438, 29.56999969482422, 29.739999771118164, 30.17999839782715, 30.099998474121094, 29.92999839782715, 30.17999839782715, 30.049999237060547, 30.509998321533203, 30.509998321533203, 30.34000015258789, 30.459999084472656, 30.489999771118164, 30.31999969482422, 30.670000076293945, 30.619998931884766, 30.59000015258789, 30.639999389648438, 30.729999542236328, 30.69999885559082, 30.44999885559082, 30.60999870300293, 30.719999313354492, 30.6299991607666, 30.670000076293945, 30.649999618530273, 30.719999313354492, 30.6299991607666, 30.76999855041504, 30.670000076293945, 30.92999839782715, 30.8799991607666, 30.69999885559082, 30.689998626708984, 30.65999984741211, 30.559999465942383, 30.729999542236328], "wall_time": [3.936743974685669, 6.069656133651733, 8.268072843551636, 10.453531742095947, 12.54040265083313, 14.688988447189331, 16.800843477249146, 18.889957904815674, 21.041691541671753, 23.12195086479187, 25.27339744567871, 27.43468141555786, 29.764524698257446, 31.968923330307007, 34.13904356956482, 36.563430070877075, 38.85837411880493, 41.09392809867859, 43.34781265258789, 45.503700494766235, 47.77794361114502, 49.99910354614258, 52.08802938461304, 54.39023447036743, 56.48873281478882, 58.72456073760986, 60.93887662887573, 63.18584322929382, 65.39192485809326, 67.52473378181458, 69.66192412376404, 71.79526925086975, 73.97744035720825, 76.16359996795654, 78.31358551979065, 80.5460090637207, 82.70745491981506, 84.79831290245056, 87.05355739593506, 89.25450134277344, 91.32838153839111, 93.52579307556152, 95.88455724716187, 98.04217314720154, 100.18288469314575, 102.3709864616394, 104.57443332672119, 106.66559028625488, 109.06885361671448, 111.17331457138062, 113.36261677742004, 115.60615658760071, 117.71300482749939, 119.83796715736389, 121.90011930465698, 124.01041102409363, 126.12257504463196, 128.24498438835144, 130.39430451393127, 132.59118366241455, 134.7712106704712, 137.005628824234, 139.0978286266327, 141.3937520980835, 143.58863353729248, 145.7066686153412, 147.86574411392212, 150.07941269874573, 152.29565954208374, 154.53296637535095, 156.76950931549072, 158.9681100845337, 161.067209482193, 163.34350752830505, 165.45248937606812, 167.56263494491577, 169.68318605422974, 171.84604024887085, 174.11214208602905, 176.21497344970703, 178.3261959552765, 180.41513848304749, 182.6589925289154, 184.81925678253174, 187.25810146331787, 189.5875256061554, 191.8804178237915, 194.07276344299316, 196.2428617477417, 198.6597340106964, 200.83640098571777, 203.048485994339, 205.2428469657898, 207.61853003501892, 209.78670978546143, 211.91974806785583, 214.00306272506714, 216.142324924469, 218.30344796180725, 220.40686917304993], "val_loss": [4.718890064239502, 4.415939128112793, 4.0985881610870365, 4.071762882232666, 4.337257928085327, 3.8420333957672117, 3.8166607986450196, 3.66366198348999, 3.6525051177978516, 3.7117584938049317, 3.6433562534332276, 3.7088126644134523, 3.7117372787475587, 4.037983906936645, 3.582988483810425, 3.5080682205200193, 3.711819114303589, 3.532951753234863, 3.772379431915283, 3.643597161102295, 3.6133939765930174, 3.5233668144226074, 3.568905326461792, 3.5626765785217285, 3.6354970054626463, 3.7235768520355226, 3.9821684856414796, 3.993815158843994, 3.8820287616729736, 3.740479554748535, 3.889601728820801, 4.164360434722901, 3.9155785278320314, 3.9312102764129637, 3.961976852416992, 4.298054140472412, 4.164727408599854, 4.298935821533203, 4.191806676864624, 4.185147085952758, 4.190413554382324, 4.175051965713501, 4.1650042057037355, 4.150121626281738, 4.457145295333862, 4.110775295257568, 4.1657239608764645, 4.219619832992554, 4.180662629318237, 4.297265411376953, 4.125507473373413, 4.297072616958618, 4.278194965744018, 4.17491849937439, 4.131632994842529, 4.149999876022338, 4.10577313079834, 4.104824849319458, 4.048764454269409, 4.044269281387329, 3.996775188446045, 3.9911457008361815, 4.014199887084961, 3.9580545818328856, 3.944167663574219, 3.933870685195923, 3.908031869506836, 3.9048616676330568, 3.8933369262695314, 3.88469644241333, 3.8887578563690184, 3.854253453063965, 3.837041519165039, 3.849856362915039, 3.839700363922119, 3.83877649230957, 3.8418502880096437, 3.8361341259002684, 3.8237129524230955, 3.818017127227783, 3.814447422027588, 3.808840019226074, 3.800410397338867, 3.8035198287963867, 3.803835788345337, 3.793467162322998, 3.797624939727783, 3.7938158576965333, 3.797365923309326, 3.791851707458496, 3.7863098419189454, 3.7924696044921875, 3.789734896850586, 3.78536533164978, 3.791668159484863, 3.7881430465698243, 3.7892690547943113, 3.7900260997772217, 3.800821529006958, 3.7925238204956053],