{"loss": [], "acc": [], "test_loss": [4.268946796417237, 3.4720020210266114, 3.0283701194763184, 2.816320711517334, 2.8000723098754885, 2.961630213165283, 2.6002095348358156, 2.524845801925659, 2.579240733718872, 2.408897760772705, 2.557997580718994, 2.2520170137405398, 2.2523997829437254, 2.2790542989730835, 2.1988481079101563, 2.2338420413970947, 2.13840318069458, 2.35820099029541, 2.0358135005950926, 2.579641188049316, 2.7101817611694337, 2.26125936832428, 2.240538888168335, 2.4934275756835937, 2.112884255981445, 2.2053980230331423, 2.2599333864212037, 2.21806469039917, 2.2552638156890867, 2.2632854274749756, 2.2532950092315676, 2.277479533195496, 2.091582759857178, 2.160337984085083, 2.2080468296051023, 2.1869428915023805, 2.1192386585235594, 2.109856385421753, 2.0419871503829956, 2.28356124458313, 2.2844993198394774, 2.1107493175506593, 2.216548014450073, 2.2750875801086425, 2.167430104446411, 2.200180167388916, 2.1409333463668823, 2.1156261138916017, 2.184799005508423, 2.2077839401245116, 2.26285887260437, 2.225687874221802, 2.1604741621017456, 2.1634795585632323, 2.0829147270202637, 2.08443235244751, 2.1355695066452025, 2.1806045249938966, 2.1775539850234984, 2.1419308605194094, 2.1792464307785036, 2.104650412750244, 2.1061804756164553, 2.150209481430054, 2.1244676719665527, 2.1160525665283205, 2.1325822189331056, 2.0532969051361083, 2.071561145019531, 2.03617334022522, 2.0133708696365358, 2.030417943572998, 2.0199656368255616, 1.9969590427398682, 1.995916473007202, 1.9553645404815674, 1.9469080982208251, 1.9462440757751465, 1.9319882045745849, 1.9531578483581542, 1.9425691486358643, 1.9429899101257324, 1.935045836830139, 1.9227971481323243, 1.915305351638794, 1.9179381525039674, 1.924366138267517, 1.9050444004058837, 1.9120076679229736, 1.9094244728088379, 1.9061819881439208, 1.901798996925354, 1.9020592058181762, 1.9039420753479004, 1.9053801965713502, 1.8999591394424438, 1.90414381980896, 1.904041598892212, 1.9042297798156738, 1.8880806537628174], "test_acc": [8.079999923706055, 15.399999618530273, 24.209999084472656, 27.479999542236328, 27.709999084472656, 27.6299991607666, 32.630001068115234, 33.529998779296875, 33.36000061035156, 37.07999801635742, 34.61000061035156, 39.78999710083008, 40.80999755859375, 40.0099983215332, 42.619998931884766, 41.78999710083008, 44.07999801635742, 40.48999786376953, 46.47999954223633, 36.87999725341797, 34.39999771118164, 43.029998779296875, 42.869998931884766, 39.12999725341797, 45.79999923706055, 43.32999801635742, 43.96999740600586, 44.11000061035156, 44.2599983215332, 42.849998474121094, 44.06999969482422, 44.20000076293945, 47.41999816894531, 46.7599983215332, 46.15999984741211, 46.189998626708984, 47.47999954223633, 47.849998474121094, 49.459999084472656, 45.44999694824219, 45.189998626708984, 48.0, 46.53999710083008, 46.56999969482422, 47.75, 47.62999725341797, 48.2599983215332, 49.599998474121094, 48.34000015258789, 49.11000061035156, 47.88999938964844, 49.12999725341797, 50.32999801635742, 49.23999786376953, 51.209999084472656, 52.0, 52.119998931884766, 50.849998474121094, 51.52000045776367, 52.21999740600586, 52.47999954223633, 53.59000015258789, 53.689998626708984, 52.88999938964844, 53.62999725341797, 54.619998931884766, 54.32999801635742, 56.459999084472656, 55.75, 55.65999984741211, 56.13999938964844, 56.37999725341797, 57.19999694824219, 56.869998931884766, 57.459999084472656, 57.529998779296875, 57.87999725341797, 57.7599983215332, 57.73999786376953, 57.57999801635742, 57.98999786376953, 58.279998779296875, 57.779998779296875, 58.3599967956543, 58.16999816894531, 58.05999755859375, 58.21999740600586, 58.62999725341797, 58.62999725341797, 58.28999710083008, 58.07999801635742, 58.519996643066406, 58.09000015258789, 58.46999740600586, 58.34000015258789, 58.439998626708984, 58.37999725341797, 58.43000030517578, 58.48999786376953, 58.31999969482422], "wall_time": [7.114442348480225, 12.594711303710938, 18.248683214187622, 23.719200611114502, 29.13736319541931, 34.63741397857666, 40.1927330493927, 45.90128207206726, 51.56613373756409, 57.11414813995361, 62.61769080162048, 68.08575248718262, 73.46533298492432, 78.86244058609009, 84.43574595451355, 89.94843864440918, 95.4668562412262, 101.02901291847229, 106.34297275543213, 111.89150738716125, 117.46545767784119, 122.72852873802185, 128.2894687652588, 133.8218801021576, 139.24975037574768, 144.92315363883972, 150.3321087360382, 155.72685623168945, 161.28463649749756, 166.6866238117218, 172.14728426933289, 177.7256097793579, 183.2282793521881, 188.69112372398376, 194.02319836616516, 199.45795345306396, 204.9551818370819, 210.45452642440796, 216.09815549850464, 221.3930423259735, 226.72388315200806, 232.27146935462952, 237.72947001457214, 242.9996428489685, 248.49739384651184, 254.1432580947876, 259.52709197998047, 265.0780167579651, 270.7691333293915, 276.5476689338684, 282.0840952396393, 287.6534378528595, 293.15317249298096, 298.59646940231323, 303.9947383403778, 309.7157766819, 315.23624563217163, 321.0489058494568, 326.9976234436035, 332.902667760849, 338.66406869888306, 344.63032603263855, 350.5017647743225, 356.449476480484, 362.50668716430664, 368.4101469516754, 374.4801697731018, 380.37861037254333, 386.278204202652, 392.2025480270386, 398.28401732444763, 404.1566689014435, 410.16024827957153, 416.2526698112488, 422.27240014076233, 428.1291699409485, 433.99459528923035, 439.9293966293335, 445.7333137989044, 451.52304458618164, 457.58057379722595, 463.4084315299988, 469.1487240791321, 475.3073215484619, 481.2280192375183, 487.1876199245453, 493.3450872898102, 499.32667446136475, 505.1237761974335, 511.2208752632141, 517.2373692989349, 523.1067895889282, 529.0792591571808, 535.1289823055267, 541.1330375671387, 547.086229801178, 553.1686198711395, 558.9103598594666, 564.7599670886993, 570.6946444511414], "val_loss": [4.299132675552368, 3.4842844051361084, 3.059705883026123, 2.8624876834869384, 2.8351948402404785, 3.006390242767334, 2.6277116394042968, 2.528713723754883, 2.595482381439209, 2.43908293800354, 2.583886085510254, 2.271503278541565, 2.3290813083648683, 2.304305798339844, 2.2335898006439208, 2.2344711252212526, 2.1698181491851805, 2.3858229234695436, 2.059586409378052, 2.60761584854126, 2.6994782276153564, 2.3073039615631106, 2.266855699157715, 2.4794374393463134, 2.125758650588989, 2.2253500549316407, 2.302696880340576, 2.2675275455474853, 2.29948462600708, 2.272132551574707, 2.2894129009246824, 2.3014905029296875, 2.0934903438568115, 2.163592691421509, 2.2151130489349367, 2.1857999546051023, 2.132402969932556, 2.097233967971802, 2.0686751308441163, 2.2898412227630613, 2.2767418201446534, 2.1152377017974855, 2.2053832569122314, 2.2445570821762084, 2.1882173942565917, 2.236627689552307, 2.1545354290008545, 2.124498784637451, 2.237768430709839, 2.212982448577881, 2.2940871267318728, 2.2373984893798826, 2.17393472328186, 2.1774981483459475, 2.0909361629486085, 2.105357612991333, 2.168519805908203, 2.176624691963196, 2.188641821670532, 2.1474594219207765, 2.2385457275390626, 2.103756685256958, 2.081718673706055, 2.107328503417969, 2.118446329879761, 2.109116099357605, 2.1049672620773316, 2.0510704681396486, 2.0466492197036743, 2.0304530265808105, 1.9856416507720946, 2.001113531494141, 2.005210202026367, 1.9856145219802857, 1.984226286315918, 1.9564580888748169, 1.9330959402084351, 1.925539450263977, 1.9071560180664062, 1.9347576881408692, 1.9086732704162597, 1.908748122215271, 1.9184975193023681, 1.9068297882080079, 1.8878097969055176, 1.8905167329788208, 1.9036297821044923, 1.8947818063735962, 1.8891759944915771, 1.8909910335540772, 1.8897152656555176, 1.8873370983123778, 1.8895933994293213, 1.889157373046875, 1.8872438385009767, 1.8841091537475585, 1.887990723991394, 1.8910812465667726, 1.886286145401001, 1.8738894737243652],