{"loss": [], "acc": [], "test_loss": [4.643422930145264, 4.695959867858886, 4.750368061065674, 4.381724659729004, 4.303661423873901, 4.735126285552979, 4.346008364868164, 4.213506800079346, 4.112185922241211, 4.337068402862549, 4.26336030960083, 4.058797842407227, 4.269721001434326, 4.069515223693847, 4.0267356018066405, 4.140958157348633, 4.318432189941406, 4.125401810836792, 4.143109406280518, 4.1076886741638186, 4.221077938079834, 4.0530124813079835, 4.09943929901123, 4.302390400695801, 4.1045267944335935, 4.2962833042144775, 4.382569347381592, 4.292747969436646, 4.405366102600098, 4.313603940582276, 4.531342525863647, 4.347417626953125, 4.438769648742676, 4.344544248962403, 4.440040522766114, 4.4857653068542485, 4.5939761260986325, 4.5916598037719725, 4.446810638427734, 4.583164724349976, 4.594099548339844, 4.578235235595703, 4.60793975906372, 4.70423662147522, 4.83958723526001, 4.628686988067627, 4.799888095092774, 4.738000565338135, 4.789811349487304, 4.656247487258911, 4.774183707427978, 5.024339834594727, 4.878430000305176, 4.858659555816651, 4.900260788726807, 4.943775588989258, 4.931473839569092, 4.903418684768677, 4.938235217285157, 5.0025499732971195, 4.9212732551574705, 4.897922161865234, 4.9537124214172366, 4.983459214782715, 4.942732284545898, 4.89855850982666, 4.861611058807373, 4.927102764892578, 4.949290196990967, 4.964615962982178, 4.970404002380371, 4.9375328491210935, 4.943914114379883, 4.9472965797424315, 4.922990883636475, 4.927205951690674, 4.946382164764405, 4.926675887298584, 4.959223598480224, 4.95150051651001, 4.95306330871582, 4.949091824340821, 4.944989472198486, 4.928688755035401, 4.920910508728027, 4.932823667907715, 4.939425044250489, 4.922690705871582, 4.921261301422119, 4.921567182922363, 4.926308871459961, 4.935604042816162, 4.926931238555908, 4.93134702911377, 4.92216837310791, 4.928723781585694, 4.925812928009033, 4.936554084777832, 4.93223080444336, 4.930667423248291], "test_acc": [1.0, 1.0, 1.0, 3.9699997901916504, 4.880000114440918, 5.769999980926514, 7.489999771118164, 8.0, 9.420000076293945, 8.479999542236328, 8.369999885559082, 10.539999961853027, 9.829999923706055, 11.889999389648438, 13.00999927520752, 12.619999885559082, 11.710000038146973, 12.09999942779541, 12.809999465942383, 13.429999351501465, 13.59999942779541, 15.4399995803833, 14.029999732971191, 13.630000114440918, 15.65999984741211, 13.699999809265137, 15.0, 15.859999656677246, 15.00999927520752, 16.139999389648438, 14.75, 16.979999542236328, 16.09000015258789, 17.56999969482422, 16.260000228881836, 15.329999923706055, 15.389999389648438, 16.719999313354492, 17.299999237060547, 16.65999984741211, 17.829999923706055, 17.6299991607666, 17.78999900817871, 17.829999923706055, 16.59000015258789, 18.889999389648438, 17.639999389648438, 18.649999618530273, 18.59000015258789, 19.670000076293945, 18.489999771118164, 18.209999084472656, 18.28999900817871, 19.84000015258789, 19.260000228881836, 18.85999870300293, 19.389999389648438, 20.010000228881836, 20.049999237060547, 19.459999084472656, 20.189998626708984, 20.56999969482422, 20.399999618530273, 20.260000228881836, 20.299999237060547, 20.78999900817871, 20.76999855041504, 20.40999984741211, 20.399999618530273, 20.689998626708984, 20.81999969482422, 20.989999771118164, 21.15999984741211, 20.94999885559082, 21.309999465942383, 21.09000015258789, 21.459999084472656, 21.44999885559082, 21.479999542236328, 21.15999984741211, 21.34000015258789, 21.479999542236328, 21.60999870300293, 21.6299991607666, 21.85999870300293, 21.649999618530273, 21.68000030517578, 21.670000076293945, 21.78999900817871, 21.69999885559082, 21.68000030517578, 21.809999465942383, 21.869998931884766, 21.729999542236328, 21.8799991607666, 21.850000381469727, 21.829999923706055, 21.93000030517578, 22.01999855041504, 21.989999771118164], "wall_time": [2.29603910446167, 3.6376006603240967, 4.972306728363037, 6.280285358428955, 7.50277042388916, 8.98841404914856, 10.315008163452148, 11.555421829223633, 12.805906534194946, 14.0748872756958, 15.32316780090332, 16.71082878112793, 18.124742031097412, 19.41625428199768, 20.865846872329712, 22.14199185371399, 23.53801393508911, 25.037188053131104, 26.359739780426025, 27.622534036636353, 28.87332320213318, 30.107425451278687, 31.418870210647583, 32.73427104949951, 34.10198521614075, 35.46211767196655, 36.82416796684265, 38.06650638580322, 39.44312381744385, 40.77479434013367, 42.041680574417114, 43.326908826828, 44.57932090759277, 45.839630365371704, 47.09130811691284, 48.435956716537476, 49.65698742866516, 50.918473958969116, 52.11067223548889, 53.35497450828552, 54.6766791343689, 56.139437437057495, 57.5196213722229, 58.73437309265137, 59.907015562057495, 61.20983839035034, 62.51682662963867, 63.8242871761322, 65.02129364013672, 66.2489767074585, 67.52700543403625, 68.75739812850952, 70.11675596237183, 71.40458369255066, 72.7173764705658, 74.02695822715759, 75.29186058044434, 76.49499607086182, 77.8659565448761, 79.24700784683228, 80.50276517868042, 81.72620058059692, 83.04863619804382, 84.32753729820251, 85.70926761627197, 87.05385899543762, 88.28462600708008, 89.50838255882263, 90.8485677242279, 92.10348749160767, 93.39964866638184, 94.75756669044495, 95.98831129074097, 97.22507214546204, 98.45868706703186, 99.82004499435425, 101.08442664146423, 102.47495698928833, 103.83902955055237, 105.06241655349731, 106.54971837997437, 107.89311265945435, 109.210622549057, 110.49784684181213, 111.81068754196167, 113.09008502960205, 114.39124798774719, 115.77992606163025, 117.03799676895142, 118.2593629360199, 119.5080029964447, 120.8143720626831, 122.1668348312378, 123.5028715133667, 124.81899857521057, 126.12295460700989, 127.51286149024963, 128.81103539466858, 130.1074013710022, 131.38043570518494], "val_loss": [4.64439853591919, 4.700436946868897, 4.74982710647583, 4.393621510314941, 4.330493165588379, 4.770555802917481, 4.3535274887084965, 4.237242698287964, 4.139807583999634, 4.356646088790893, 4.291283052825928, 4.0737310371398925, 4.2886808982849125, 4.062606834411621, 4.035002700805664, 4.118000219726563, 4.329472543334961, 4.137723580169678, 4.14908904876709, 4.142275004577637, 4.238409851837158, 4.068452827072144, 4.130742451477051, 4.322632004928589, 4.11777652053833, 4.334292217254639, 4.396364811706543, 4.323828784942627, 4.436670510864258, 4.358681422805786, 4.571570499801636, 4.380376523208618, 4.4768575687408445, 4.407072753143311, 4.484170031356811, 4.500933821487426, 4.632490612030029, 4.624897355651855, 4.47559711227417, 4.577613212966919, 4.614834613037109, 4.607986255645752, 4.639947710800171, 4.739904360198975, 4.810131438064575, 4.6396526466369625, 4.77623122291565, 4.781625498580933, 4.834131648254394, 4.669428931427002, 4.8196279903411865, 5.046546340560913, 4.861395937728882, 4.852987111282348, 4.880552522659301, 4.95591893081665, 4.951553396224975, 4.917380158996582, 4.964927281570435, 5.040996995925903, 4.956016666793823, 4.913687426757813, 4.993011933135986, 4.991583897399902, 4.940086233139038, 4.900216326141358, 4.861421225738526, 4.947157737731934, 4.960304950714112, 4.9912195297241215, 4.986356340789795, 4.950363732528687, 4.958610781860352, 4.973050620269776, 4.953432991790772, 4.9508022060394286, 4.9658191230773925, 4.950000771331787, 4.982696409988403, 4.962208951187134, 4.962700305557251, 4.964373950576782, 4.957193791198731, 4.945487091064453, 4.938808851623535, 4.949331549835205, 4.956936155700683, 4.944792387008667, 4.937971722793579, 4.938068447113037, 4.945676858139038, 4.956317626571655, 4.947244593811035, 4.9541850242614744, 4.944056224060058, 4.950823916244507, 4.9478818210601805, 4.960424077606201, 4.954145269775391, 4.950205950927734],