{"loss": [], "acc": [], "test_loss": [4.647042094421387, 4.492557678985595, 4.0304278423309325, 3.7359597240448, 3.9675477684020994, 3.660382936477661, 3.5393498744964598, 3.4228394737243653, 3.6251142318725584, 3.344078856277466, 3.305017667388916, 3.1046644134521486, 3.1258008655548095, 3.1663136878967286, 3.1028675399780274, 3.0704514793395994, 3.344899050140381, 3.022138503265381, 3.125574052810669, 3.089854026031494, 3.158660248184204, 3.1068612838745118, 3.034371434020996, 3.0344753658294676, 3.1206194389343263, 3.197322596359253, 3.313237576675415, 3.2721033935546875, 3.164018416595459, 2.980506890869141, 3.2257691345214843, 3.112899853897095, 3.1783393829345705, 3.0047806621551514, 3.1107834518432615, 3.047950730133057, 3.070922216796875, 3.028275924682617, 3.081615927505493, 3.1380684467315674, 3.3593835773468017, 3.117338690948486, 3.1895810516357423, 3.1633254791259766, 3.3529744403839112, 3.1716745613098145, 3.2513315670013427, 3.260406425476074, 3.2911633567810057, 3.3616375675201415, 3.3659024654388427, 3.322387495803833, 3.273875210189819, 3.2995606269836424, 3.501839962005615, 3.3793398689270018, 3.3788061031341554, 3.5002176086425782, 3.443666759109497, 3.425425698471069, 3.430241929626465, 3.3602310409545897, 3.334545399093628, 3.3479373294830324, 3.3373151863098145, 3.3337985851287844, 3.334826179885864, 3.361553994369507, 3.3106143741607665, 3.3237806800842287, 3.2787732086181642, 3.305622531509399, 3.287408097457886, 3.2847980949401854, 3.288208992767334, 3.286559830093384, 3.2584508071899414, 3.2754297130584717, 3.2624925735473633, 3.2625326091766356, 3.2601350692749023, 3.2505350135803224, 3.2521680282592773, 3.2547931720733643, 3.2491829433441164, 3.2385023643493653, 3.2560538787841797, 3.2481000793457033, 3.241392370605469, 3.2531646923065187, 3.2477234130859376, 3.2541654853820803, 3.2392767578125, 3.2471252208709718, 3.245508127593994, 3.2415444641113282, 3.242852544784546, 3.2281577701568605, 3.246373733139038, 3.2279238006591795], "test_acc": [1.0299999713897705, 5.079999923706055, 8.519999504089355, 11.469999313354492, 9.609999656677246, 12.729999542236328, 15.469999313354492, 17.020000457763672, 14.739999771118164, 18.760000228881836, 19.59000015258789, 23.049999237060547, 23.26999855041504, 22.939998626708984, 24.010000228881836, 24.35999870300293, 22.600000381469727, 25.760000228881836, 24.75, 26.729999542236328, 24.939998626708984, 25.779998779296875, 27.969999313354492, 28.299999237060547, 26.420000076293945, 27.599998474121094, 26.459999084472656, 26.719999313354492, 27.26999855041504, 29.85999870300293, 28.59000015258789, 29.489999771118164, 28.40999984741211, 31.969999313354492, 30.849998474121094, 32.48999786376953, 30.559999465942383, 32.689998626708984, 33.05999755859375, 32.099998474121094, 30.19999885559082, 33.279998779296875, 33.38999938964844, 33.88999938964844, 31.739999771118164, 33.80999755859375, 32.63999938964844, 34.279998779296875, 33.790000915527344, 34.12999725341797, 33.88999938964844, 35.2599983215332, 35.11000061035156, 35.91999816894531, 34.20000076293945, 35.75, 36.12999725341797, 34.13999938964844, 35.61000061035156, 36.36000061035156, 36.369998931884766, 37.75, 38.45000076293945, 37.73999786376953, 38.20000076293945, 37.87999725341797, 38.72999954223633, 38.20000076293945, 39.11000061035156, 38.869998931884766, 39.61000061035156, 38.96999740600586, 39.31999969482422, 39.46999740600586, 39.37999725341797, 39.73999786376953, 39.96999740600586, 39.47999954223633, 39.97999954223633, 40.30999755859375, 40.029998779296875, 40.05999755859375, 40.20000076293945, 40.32999801635742, 40.459999084472656, 40.29999923706055, 40.09000015258789, 40.28999710083008, 40.349998474121094, 40.28999710083008, 40.59000015258789, 40.369998931884766, 40.40999984741211, 40.46999740600586, 40.20000076293945, 40.55999755859375, 40.45000076293945, 40.37999725341797, 40.439998626708984, 40.5099983215332], "wall_time": [3.447807550430298, 5.581634521484375, 7.933263540267944, 10.347671031951904, 12.536243677139282, 14.736987352371216, 16.91111445426941, 19.15236759185791, 21.34036612510681, 23.709245204925537, 25.97879147529602, 28.35636615753174, 30.8493070602417, 33.0503785610199, 35.500813722610474, 38.124064922332764, 40.26381206512451, 42.79177403450012, 45.05714225769043, 47.21671938896179, 49.4226553440094, 51.817490577697754, 54.153074741363525, 56.49583959579468, 58.92327380180359, 61.3705620765686, 63.831215143203735, 66.4107232093811, 68.7389132976532, 70.92749524116516, 73.55110025405884, 75.96545505523682, 78.30136322975159, 80.5709331035614, 82.92586636543274, 85.30397629737854, 87.55216002464294, 89.7813367843628, 92.62128925323486, 95.16454458236694, 97.7330551147461, 100.30531001091003, 102.45057916641235, 104.87605166435242, 107.18502855300903, 109.40292167663574, 111.61209964752197, 113.93079376220703, 116.1324691772461, 118.25705361366272, 120.49369716644287, 122.58856296539307, 124.90533804893494, 127.37988495826721, 129.63175630569458, 131.89467215538025, 134.0809154510498, 136.235089302063, 138.5647370815277, 140.98542761802673, 143.50565838813782, 145.81105136871338, 148.07214856147766, 150.3712899684906, 152.59206342697144, 154.68880152702332, 156.8386561870575, 159.02177500724792, 161.39623260498047, 163.60565662384033, 165.99486637115479, 168.14191389083862, 170.651447057724, 173.03110337257385, 175.31039714813232, 177.560382604599, 179.80982160568237, 182.30325961112976, 184.5691864490509, 186.92244791984558, 189.28367114067078, 191.53822565078735, 193.83277678489685, 196.06953716278076, 198.55946350097656, 200.78321957588196, 203.12750458717346, 205.45015001296997, 207.6208941936493, 209.9262249469757, 212.24238896369934, 214.56326985359192, 216.86452174186707, 219.16855192184448, 221.51034426689148, 223.83835983276367, 226.16051602363586, 228.435968875885, 230.78288865089417, 233.1595299243927], "val_loss": [4.649708927154541, 4.498314679718018, 4.051828741455078, 3.7581924446105957, 3.9875045196533203, 3.686870362472534, 3.532293366241455, 3.4268302600860596, 3.6436445808410642, 3.3556628051757813, 3.3027356552124023, 3.1022559295654295, 3.1654560119628905, 3.1735356498718263, 3.120735749053955, 3.0948341930389405, 3.355844723892212, 3.0401840362548826, 3.1425407276153563, 3.1329298336029052, 3.175766131591797, 3.150668226623535, 3.046359841156006, 3.0791716430664064, 3.1276576934814453, 3.239330564498901, 3.3208927558898926, 3.307737777709961, 3.2280785793304445, 3.0215160820007325, 3.2278954467773437, 3.14463249206543, 3.2084576301574708, 3.036847490310669, 3.161591204071045, 3.0942305248260498, 3.1035526321411133, 3.06791870803833, 3.095423180770874, 3.1548142530441283, 3.368179121017456, 3.1611362020492555, 3.264490383911133, 3.2001083877563476, 3.4088923778533937, 3.203771225357056, 3.3133924255371094, 3.297894403076172, 3.3318384899139404, 3.378366467666626, 3.3945240097045897, 3.3715749641418458, 3.314416712188721, 3.3222886768341064, 3.5630108993530274, 3.4022838737487793, 3.4435065563201905, 3.547819691848755, 3.46517741317749, 3.452231774520874, 3.4406798484802246, 3.3729072746276856, 3.3892937911987304, 3.3903706188201905, 3.3936803527832033, 3.3726912799835205, 3.3543916736602784, 3.4085204662322997, 3.3397164825439454, 3.3789882167816163, 3.3272170375823973, 3.3515160457611084, 3.324479301452637, 3.3217446632385252, 3.3258756469726563, 3.317344519042969, 3.287766032409668, 3.310881276702881, 3.290878673553467, 3.2886627269744872, 3.2818452518463133, 3.2829073165893554, 3.28707315864563, 3.2798943801879883, 3.278376844787598, 3.2670622444152833, 3.2800413215637207, 3.266854786300659, 3.2604768928527834, 3.2718645446777344, 3.26587735786438, 3.273815808868408, 3.2668741550445555, 3.2667049011230467, 3.2670706729888916, 3.262928702163696, 3.2647897987365724, 3.2526296798706054, 3.271471756362915, 3.2534955894470214],