{"loss": [], "acc": [], "test_loss": [4.644836837768555, 4.6679938049316405, 4.6820282371521, 4.420133954620361, 4.337395294189453, 4.250464182281494, 4.456182231903076, 4.388623751831055, 4.174282736968994, 4.135209398651123, 4.169099200057984, 4.248448017883301, 4.170486138534546, 4.351499111938477, 4.234125564575195, 4.138625874328613, 4.320979123687744, 4.3392815605163575, 4.075872955322265, 4.202323405456543, 4.318285312652588, 4.213045654296875, 4.366087030029297, 4.0907869674682615, 4.230689191436768, 4.4303966316223145, 4.476414450836182, 4.545155302429199, 4.319668161010743, 4.385535620880127, 4.63718268737793, 4.472564117431641, 4.560872740936279, 4.461757353973389, 4.544144869232178, 4.4916314704895015, 4.79372575302124, 4.652140465545655, 4.5765794570922855, 4.717867743682861, 4.813532596588135, 4.758469016265869, 4.644956788635254, 4.770590814208984, 4.811025938415527, 4.811989253997803, 4.847056426239014, 4.842354083251953, 4.884066250610352, 4.790637889099121, 4.930565116882324, 4.928218599700927, 4.885038742065429, 4.850982468414307, 4.804419840240478, 4.915669340515136, 4.873364060974121, 4.88326044921875, 4.875485298156739, 4.949650926971436, 4.912885208129882, 4.868828565979004, 4.878396172332764, 4.84464302444458, 4.881414318084717, 4.842287694549561, 4.834803848266602, 4.831282278442383, 4.837592380523682, 4.810908981323243, 4.828636058807373, 4.879336664581299, 4.860577460479736, 4.85467318649292, 4.842215586853027, 4.841721096801757, 4.839469074249267, 4.8237877967834475, 4.830434104156494, 4.83609408416748, 4.8346923645019535, 4.829524024963379, 4.829385548400879, 4.8232800506591795, 4.830798903656006, 4.8238620193481445, 4.823164970397949, 4.828217474365235, 4.840591101837158, 4.832873819732666, 4.825777754211426, 4.827577948760986, 4.825646925354004, 4.82515150756836, 4.81981717376709, 4.8355344268798826, 4.833969040679932, 4.82004165725708, 4.816715357208252, 4.8209430152893065], "test_acc": [1.0, 1.0, 1.0099999904632568, 3.1599998474121094, 5.400000095367432, 6.940000057220459, 6.819999694824219, 7.75, 8.569999694824219, 9.179999351501465, 9.829999923706055, 9.739999771118164, 10.369999885559082, 10.119999885559082, 10.079999923706055, 11.609999656677246, 12.0, 12.130000114440918, 13.779999732971191, 13.630000114440918, 14.889999389648438, 14.25999927520752, 12.789999961853027, 15.6899995803833, 15.519999504089355, 14.119999885559082, 14.739999771118164, 13.679999351501465, 16.520000457763672, 16.170000076293945, 15.079999923706055, 15.869999885559082, 16.299999237060547, 17.19999885559082, 16.69999885559082, 18.28999900817871, 16.65999984741211, 17.469999313354492, 17.260000228881836, 17.90999984741211, 18.09000015258789, 18.119998931884766, 18.03999900817871, 17.920000076293945, 17.149999618530273, 19.510000228881836, 18.279998779296875, 19.1299991607666, 18.489999771118164, 19.889999389648438, 19.34000015258789, 19.559999465942383, 20.03999900817871, 20.10999870300293, 20.59000015258789, 19.28999900817871, 20.309999465942383, 20.59000015258789, 20.799999237060547, 20.649999618530273, 21.01999855041504, 21.170000076293945, 21.189998626708984, 21.469999313354492, 20.869998931884766, 21.40999984741211, 21.65999984741211, 21.510000228881836, 21.75, 21.670000076293945, 22.079999923706055, 21.459999084472656, 21.579999923706055, 21.709999084472656, 21.709999084472656, 21.649999618530273, 21.85999870300293, 22.31999969482422, 22.3799991607666, 22.10999870300293, 22.10999870300293, 22.26999855041504, 22.139999389648438, 22.350000381469727, 22.25, 22.10999870300293, 22.31999969482422, 22.26999855041504, 22.19999885559082, 22.469999313354492, 22.369998931884766, 22.43000030517578, 22.3799991607666, 22.489999771118164, 22.369998931884766, 22.350000381469727, 22.389999389648438, 22.420000076293945, 22.44999885559082, 22.43000030517578], "wall_time": [3.142573356628418, 4.579750061035156, 5.951354503631592, 7.311184406280518, 8.743813753128052, 10.15876293182373, 11.50725269317627, 12.87466287612915, 14.230462551116943, 15.625428438186646, 16.94820284843445, 18.31419563293457, 19.666752576828003, 21.0961856842041, 22.45023512840271, 23.954863786697388, 25.340469121932983, 26.777762413024902, 28.117766857147217, 29.441798210144043, 30.818352937698364, 32.203343868255615, 33.5891547203064, 35.015963077545166, 36.35608267784119, 37.739840507507324, 39.081981897354126, 40.47417593002319, 42.00819754600525, 43.31480526924133, 44.65438437461853, 46.101691246032715, 47.434959411621094, 48.83427858352661, 50.23803424835205, 51.62915539741516, 53.02240824699402, 54.39803719520569, 55.74957776069641, 57.08517599105835, 58.52680230140686, 59.88814902305603, 61.25466322898865, 62.630725383758545, 64.03788423538208, 65.43906664848328, 66.86891222000122, 68.28288149833679, 69.6244285106659, 71.09590029716492, 72.46496105194092, 73.83100819587708, 75.19398641586304, 76.56262516975403, 78.01397013664246, 79.40187549591064, 80.81114435195923, 82.18761730194092, 83.58689045906067, 84.9509871006012, 86.32868123054504, 87.78985834121704, 89.12436485290527, 90.50956749916077, 91.86835432052612, 93.29163646697998, 94.63495683670044, 95.94070172309875, 97.41147685050964, 98.80976223945618, 100.2393274307251, 101.64088439941406, 103.0605731010437, 104.45739459991455, 105.83335137367249, 107.18875455856323, 108.52334332466125, 109.86752557754517, 111.22932624816895, 112.6233184337616, 113.94653940200806, 115.24555683135986, 116.61644864082336, 118.01769185066223, 119.4169328212738, 120.78409004211426, 122.09840393066406, 123.47047543525696, 124.80832982063293, 126.19978451728821, 127.58201265335083, 129.020605802536, 130.44141125679016, 131.79357051849365, 133.2670066356659, 134.7138855457306, 136.16665267944336, 137.64487767219543, 139.0587887763977, 140.43407487869263], "val_loss": [4.642324932098389, 4.671139916229248, 4.6845095840454105, 4.4202689331054685, 4.342621594238281, 4.2696322792053225, 4.479938724517822, 4.409035277557373, 4.18692566986084, 4.170517532348633, 4.181191151428223, 4.27940171508789, 4.2122732936859135, 4.358054960632324, 4.219694663619995, 4.153342702484131, 4.3493148014068606, 4.401901860046387, 4.111855316162109, 4.259326933288574, 4.342979516983032, 4.253846699142456, 4.434207966995239, 4.117426142883301, 4.261553895187378, 4.46807784614563, 4.517403577804566, 4.598958567047119, 4.356149983596802, 4.449611058044433, 4.655875269317627, 4.546084557342529, 4.578344082260132, 4.516588236236572, 4.5593979389190675, 4.547813356781006, 4.838846543121338, 4.707421489715577, 4.668294860839843, 4.762659495544433, 4.87306109161377, 4.768738301086426, 4.653259569549561, 4.773527585601807, 4.832957411956787, 4.858802576828003, 4.844825974655151, 4.835432984924316, 4.932148708343506, 4.793570223236084, 4.895380054473877, 4.976771315765381, 4.932707312011718, 4.892456900024414, 4.839239047241211, 4.976241262817383, 4.908777897644043, 4.920340310668945, 4.90843023147583, 4.965841326904297, 4.915636338043213, 4.86829769821167, 4.879210641479492, 4.855429502105713, 4.866299559020996, 4.839649198150635, 4.829412243270874, 4.809903667449952, 4.821017093276978, 4.793981729888916, 4.817721920013428, 4.876031181335449, 4.848448718261719, 4.836418873596191, 4.820339082336425, 4.821723989868164, 4.812022512817383, 4.803300436401368, 4.808264281463623, 4.807903684997559, 4.817048741912842, 4.8067724334716795, 4.802165022277832, 4.80143427734375, 4.8124169326782225, 4.804661558532715, 4.802129374694824, 4.808673921966553, 4.818567957305908, 4.809126394653321, 4.800134858703613, 4.8023841827392575, 4.798904486083984, 4.798814418029785, 4.793733321380615, 4.811978746032715, 4.810450289154053, 4.79945230178833, 4.792360189056397, 4.794211261749267],