{"loss": [], "acc": [], "test_loss": [4.714754531097412, 4.9415416946411135, 4.858292008972168, 4.45341372833252, 4.848803663635254, 4.8842672378540035, 5.164369421386719, 4.244615431976318, 4.4765532585144046, 4.290764235687256, 4.5359841819763185, 4.297116957855224, 4.471610105895996, 4.372281551361084, 4.751028642272949, 4.674032427978515, 4.445600299072265, 4.76866318359375, 4.9536215072631835, 5.034702285766602, 5.452236608123779, 5.318522646331787, 4.91583448562622, 5.126519065856933, 5.293423990631103, 5.17333433265686, 5.133295849609375, 5.21898796005249, 5.222633869171142, 4.787974590301514, 4.994631035614014, 4.995118518829345, 5.175183563995361, 5.019191268920898, 5.078463510131836, 5.077702107238769, 5.353574597930908, 5.31620467300415, 5.072772512054444, 5.082060110473633, 5.1013655212402345, 5.1444714134216305, 5.141245464324951, 5.249708641815186, 5.042625395202637, 4.9120157562255855, 4.89962151184082, 4.897807454681397, 4.9904947814941405, 4.870584076690673, 4.9031795928955075, 4.882493664550781, 4.829694328308105, 4.800402401733399, 4.828461392974853, 4.862633083343506, 4.88438530883789, 4.793141809082031, 4.769071376800537, 4.740671616363525, 4.713785752868652, 4.70117808380127, 4.714820308685303, 4.761878791046143, 4.750306411743164, 4.7546736595153805, 4.714624021911621, 4.709716553497315, 4.695473249053955, 4.749406253051758, 4.695673259735107, 4.686099697113037, 4.6924096229553225, 4.682431242370606, 4.678489011383057, 4.666671011352539, 4.675766812133789, 4.664401376342774, 4.660277941131592, 4.670345810699463, 4.658362698364257, 4.665679550933838, 4.680222103881836, 4.671870251464844, 4.663759971618652, 4.6682351791381835, 4.670051131439209, 4.669036373901367, 4.665506021118164, 4.663765776824951, 4.659268115997315, 4.660383432769775, 4.666156831359864, 4.678369860076904, 4.667832399749756, 4.666769525146484, 4.665953252410889, 4.659593466186523, 4.672357599639892, 4.670902833557129], "test_acc": [1.0, 1.0, 1.1799999475479126, 4.799999713897705, 6.279999732971191, 6.279999732971191, 6.839999675750732, 12.460000038146973, 11.09000015258789, 11.229999542236328, 10.559999465942383, 14.299999237060547, 12.679999351501465, 14.629999160766602, 12.929999351501465, 13.769999504089355, 15.15999984741211, 15.589999198913574, 15.109999656677246, 14.269999504089355, 11.809999465942383, 15.359999656677246, 17.170000076293945, 15.639999389648438, 14.089999198913574, 15.569999694824219, 17.229999542236328, 15.929999351501465, 16.020000457763672, 19.6299991607666, 18.559999465942383, 17.299999237060547, 18.760000228881836, 19.170000076293945, 19.44999885559082, 19.100000381469727, 17.459999084472656, 17.219999313354492, 19.15999984741211, 19.719999313354492, 20.100000381469727, 19.68000030517578, 18.35999870300293, 20.229999542236328, 19.31999969482422, 21.139999389648438, 21.25, 21.579999923706055, 20.65999984741211, 21.85999870300293, 21.299999237060547, 21.709999084472656, 22.309999465942383, 22.649999618530273, 22.639999389648438, 21.719999313354492, 21.760000228881836, 22.5, 22.899999618530273, 22.979999542236328, 23.369998931884766, 22.959999084472656, 23.19999885559082, 22.670000076293945, 22.729999542236328, 22.899999618530273, 23.099998474121094, 23.139999389648438, 23.469999313354492, 22.84000015258789, 23.93000030517578, 23.779998779296875, 23.6299991607666, 23.51999855041504, 23.779998779296875, 23.739999771118164, 23.779998779296875, 23.920000076293945, 24.06999969482422, 23.59000015258789, 24.170000076293945, 23.969999313354492, 23.85999870300293, 24.260000228881836, 23.69999885559082, 23.76999855041504, 24.099998474121094, 24.059999465942383, 24.19999885559082, 24.09000015258789, 24.18000030517578, 24.119998931884766, 24.18000030517578, 24.31999969482422, 24.170000076293945, 24.15999984741211, 24.239999771118164, 24.10999870300293, 24.239999771118164, 24.170000076293945], "wall_time": [4.046198606491089, 5.555708408355713, 7.014296531677246, 8.520168781280518, 10.032509326934814, 11.561349630355835, 13.008638858795166, 14.469874620437622, 15.959625482559204, 17.454079627990723, 18.974302530288696, 20.410677433013916, 21.947531938552856, 23.425013065338135, 24.93980360031128, 26.414947509765625, 27.89997625350952, 29.35238003730774, 30.830562114715576, 32.342594146728516, 33.820629835128784, 35.3352632522583, 36.87566661834717, 38.37914204597473, 39.873411655426025, 41.3656165599823, 42.89139676094055, 44.38681221008301, 45.885685443878174, 47.370391845703125, 48.85316252708435, 50.42983841896057, 51.94110560417175, 53.42248558998108, 54.91366362571716, 56.395026206970215, 57.96914267539978, 59.53755068778992, 61.14794039726257, 62.71107506752014, 64.16270351409912, 65.64973020553589, 67.16425013542175, 68.62273812294006, 70.09302473068237, 71.56892490386963, 73.04635500907898, 74.55112385749817, 76.061443567276, 77.56631755828857, 79.06684398651123, 80.5537919998169, 82.01742196083069, 83.49495029449463, 84.96107149124146, 86.41122221946716, 87.86448836326599, 89.32497549057007, 90.81860184669495, 92.33997297286987, 93.83351755142212, 95.34515929222107, 96.85063433647156, 98.34288430213928, 99.84512686729431, 101.33434319496155, 102.91250109672546, 104.39446640014648, 105.91672158241272, 107.44546580314636, 108.94604206085205, 110.42094206809998, 111.98790502548218, 113.48150086402893, 115.00369310379028, 116.58883500099182, 118.1144585609436, 119.58066391944885, 121.06105709075928, 122.52034044265747, 124.03163647651672, 125.61535429954529, 127.10185122489929, 128.56229209899902, 130.02090311050415, 131.53921175003052, 133.004070520401, 134.49087071418762, 135.98544216156006, 137.49550867080688, 139.0375943183899, 140.50678873062134, 142.02696824073792, 143.53951454162598, 145.0111072063446, 146.516273021698, 148.01298809051514, 149.51745557785034, 151.02830958366394, 152.4793221950531], "val_loss": [4.717972160339356, 4.944106879425049, 4.867135828399658, 4.435003242492676, 4.8387294822692875, 4.899796123504639, 5.188109077453613, 4.266089275741577, 4.472389150238037, 4.31017806968689, 4.57709829711914, 4.282563221359253, 4.519359021377563, 4.38576845664978, 4.739419779205322, 4.66345481338501, 4.504325714874268, 4.761864814758301, 4.966349530792236, 5.062681938171386, 5.4353319450378415, 5.308926768493652, 4.931843737792969, 5.077883444976806, 5.314666520690918, 5.1537389587402345, 5.0845281005859375, 5.207557289886474, 5.170802842712402, 4.761851802444458, 4.986926679992676, 5.030643173217774, 5.172647609710693, 4.986788109588623, 5.054311708068847, 5.06785505065918, 5.352275128936768, 5.302680844116211, 5.03213498916626, 5.1156197479248045, 5.11082377166748, 5.111287172317505, 5.154256193542481, 5.233255372619629, 5.078403746795654, 4.913975444793701, 4.900434043884277, 4.896221566772461, 5.0008897201538085, 4.859314964294434, 4.89782837524414, 4.881410092163086, 4.829213690948486, 4.801973830413818, 4.826945781707764, 4.880713397216797, 4.899695026397705, 4.7894283882141115, 4.778972122955322, 4.7570937034606935, 4.741962590789795, 4.724264294433594, 4.736680720520019, 4.782741937255859, 4.766203443908691, 4.765845223236084, 4.71991785812378, 4.721110678100586, 4.697385822296143, 4.765839109039307, 4.687272467041016, 4.682460706329346, 4.696060949707031, 4.68257335357666, 4.682704739379883, 4.668554713439941, 4.673221825408936, 4.66191817779541, 4.660081471252441, 4.6776796798706055, 4.657791488647461, 4.664375701904297, 4.681071614074707, 4.672039775085449, 4.667968397521973, 4.675027346801758, 4.6705920753479, 4.6708139739990235, 4.6672055519104, 4.665557232666016, 4.658460444641113, 4.66001901550293, 4.668296511077881, 4.68100168838501, 4.66861618347168, 4.670586154174805, 4.668449269104004, 4.659869931793213, 4.672655153656006, 4.6726715309143065],