{"loss": [], "acc": [], "test_loss": [4.667662522125244, 4.4295637344360355, 3.989687092590332, 3.7218160259246824, 3.5266819202423094, 3.7784432022094725, 3.42533450050354, 3.3048316566467286, 3.3624579368591307, 3.3129627681732177, 3.1565942691802977, 3.1533659103393554, 2.9939301776885987, 3.0987480632781983, 3.1355847522735596, 3.103737777328491, 2.9834255359649657, 2.9006992866516113, 2.940152974700928, 2.872258581161499, 3.014191288757324, 2.852376863861084, 3.0524136848449706, 2.8242686027526855, 2.9545898944854736, 2.883280407333374, 3.0356342124938966, 3.0883802825927735, 3.017860456466675, 2.9474314975738527, 3.0190543575286863, 2.962928197479248, 3.1426981773376466, 2.9709515712738037, 3.3432263648986815, 3.12190255355835, 2.942803360748291, 2.959066181182861, 3.059664667510986, 3.1697470226287843, 3.135125095748901, 3.2938675315856933, 3.326834087371826, 3.1500560359954832, 3.1157359451293947, 3.229791293716431, 3.288727370452881, 3.2963909774780276, 3.222655382156372, 3.262171951675415, 3.5066514530181885, 3.2940995235443116, 3.333796005630493, 3.281398264694214, 3.2883032371520997, 3.298677403259277, 3.363442946624756, 3.358678004074097, 3.2872165267944338, 3.330248244857788, 3.273294983291626, 3.2859004821777344, 3.239692947769165, 3.246814298248291, 3.212305724334717, 3.183607476043701, 3.2205454360961916, 3.2152617111206054, 3.1730171173095703, 3.186969472503662, 3.2042808002471923, 3.1842954261779783, 3.1987398601531982, 3.1730739822387695, 3.158826232147217, 3.173031915664673, 3.172679549407959, 3.1676977794647216, 3.1693755783081055, 3.1654508644104005, 3.1463078674316405, 3.135303186035156, 3.128494718170166, 3.1453028610229494, 3.146782655334473, 3.1417875564575195, 3.1356638946533204, 3.138432766723633, 3.135895750427246, 3.127499390411377, 3.133173344039917, 3.1297899520874024, 3.1271490379333495, 3.127577292251587, 3.1275486572265625, 3.140110823059082, 3.137237343597412, 3.131675937652588, 3.118063314437866, 3.1351278480529787], "test_acc": [1.0, 5.339999675750732, 9.550000190734863, 12.149999618530273, 14.639999389648438, 12.309999465942383, 16.059999465942383, 18.78999900817871, 18.520000457763672, 19.670000076293945, 21.489999771118164, 22.34000015258789, 24.989999771118164, 23.90999984741211, 24.739999771118164, 24.59000015258789, 26.849998474121094, 26.599998474121094, 28.149999618530273, 29.219999313354492, 27.299999237060547, 30.119998931884766, 27.40999984741211, 30.959999084472656, 30.229999542236328, 31.670000076293945, 29.40999984741211, 30.170000076293945, 30.559999465942383, 32.30999755859375, 31.739999771118164, 31.989999771118164, 31.31999969482422, 33.349998474121094, 29.09000015258789, 31.779998779296875, 34.06999969482422, 34.22999954223633, 33.45000076293945, 32.68000030517578, 33.459999084472656, 32.45000076293945, 32.130001068115234, 34.86000061035156, 35.47999954223633, 34.32999801635742, 33.13999938964844, 34.529998779296875, 36.209999084472656, 35.599998474121094, 33.54999923706055, 36.07999801635742, 35.82999801635742, 37.86000061035156, 36.63999938964844, 37.11000061035156, 36.52000045776367, 37.13999938964844, 37.95000076293945, 37.56999969482422, 38.439998626708984, 38.32999801635742, 39.41999816894531, 39.48999786376953, 39.119998931884766, 39.93000030517578, 40.23999786376953, 40.209999084472656, 40.79999923706055, 40.54999923706055, 40.939998626708984, 41.13999938964844, 41.029998779296875, 41.37999725341797, 41.189998626708984, 41.11000061035156, 41.03999710083008, 41.48999786376953, 41.31999969482422, 41.38999938964844, 41.439998626708984, 41.16999816894531, 41.80999755859375, 41.56999969482422, 41.32999801635742, 41.55999755859375, 41.65999984741211, 41.57999801635742, 41.55999755859375, 41.46999740600586, 41.47999954223633, 41.64999771118164, 41.849998474121094, 42.02000045776367, 41.849998474121094, 41.64999771118164, 41.62999725341797, 41.7599983215332, 41.91999816894531, 41.91999816894531], "wall_time": [3.354438304901123, 5.881198406219482, 8.358473777770996, 10.714480876922607, 13.070382356643677, 15.585278272628784, 17.958964824676514, 20.33556842803955, 22.80113196372986, 25.23228907585144, 27.733306646347046, 30.22521686553955, 32.57941675186157, 35.071858644485474, 37.48086380958557, 40.055782318115234, 42.29431200027466, 44.734270334243774, 46.97619152069092, 49.22870683670044, 51.68134021759033, 54.04438829421997, 56.37730836868286, 58.74923300743103, 61.180065393447876, 63.59949445724487, 66.17370843887329, 68.47595167160034, 70.83558917045593, 73.18499565124512, 75.6670892238617, 78.1535279750824, 80.56342649459839, 82.92073202133179, 85.3861837387085, 87.96133685112, 90.45641040802002, 92.90448546409607, 95.47995042800903, 98.01513123512268, 100.22802805900574, 102.66505336761475, 104.99409985542297, 107.3966634273529, 109.86444091796875, 112.34442710876465, 114.58313798904419, 116.90390825271606, 119.14155888557434, 121.57600712776184, 124.04987573623657, 126.47515559196472, 128.87779569625854, 131.30796074867249, 133.79743242263794, 136.3275351524353, 138.86890172958374, 141.28991031646729, 143.88965272903442, 146.5919554233551, 148.91915369033813, 151.41204166412354, 153.77463483810425, 156.2749969959259, 158.6045527458191, 161.02441501617432, 163.40815711021423, 165.93728756904602, 168.2638475894928, 170.98949575424194, 173.58226037025452, 176.0345914363861, 178.42201113700867, 180.77971577644348, 183.23101830482483, 185.60532402992249, 188.04244375228882, 190.51920914649963, 192.7643370628357, 195.21790504455566, 197.76302003860474, 200.12743639945984, 202.39322662353516, 204.7411630153656, 207.24846768379211, 209.66747117042542, 212.11518907546997, 214.49625754356384, 216.81644344329834, 219.23399591445923, 221.86480927467346, 224.45750331878662, 226.80459141731262, 229.26450538635254, 231.81682324409485, 234.3731620311737, 236.767107963562, 239.2992341518402, 241.6752803325653, 244.12714171409607], "val_loss": [4.669557344055176, 4.426904626464844, 3.9903890670776367, 3.750110577774048, 3.5390347408294676, 3.8023931510925295, 3.4576209842681886, 3.3132404968261717, 3.3617218925476076, 3.338787040710449, 3.1761195598602296, 3.1759139110565187, 3.0447885864257813, 3.177507415771484, 3.1685723537445067, 3.1434464862823486, 3.0070890148162843, 2.950334926223755, 2.930127381896973, 2.8903685943603517, 3.0306313804626464, 2.903430156707764, 3.0627801151275635, 2.843346728515625, 3.0093899507522583, 2.9202558757781985, 3.036699788093567, 3.1236373107910156, 3.037722531509399, 2.9900730117797854, 3.065157593154907, 2.9712963272094726, 3.218292467498779, 2.9852301902770995, 3.353132527923584, 3.106160693359375, 2.9776119483947756, 2.955454384803772, 3.107159720993042, 3.1803975193023684, 3.138904019546509, 3.2872341201782227, 3.3532090301513673, 3.1377434032440186, 3.1069168598175048, 3.194288897705078, 3.2799164031982424, 3.305405522918701, 3.2617693161010743, 3.254972728729248, 3.4507473777770996, 3.283957825088501, 3.36855471572876, 3.2774056016921995, 3.3048478799819945, 3.3327278701782226, 3.3369938877105714, 3.3805151313781736, 3.2729777408599854, 3.3324612201690673, 3.299350292778015, 3.2626265216827393, 3.238928879547119, 3.2415395542144774, 3.225644387435913, 3.1996735513687136, 3.233103363418579, 3.2362013942718506, 3.161079442024231, 3.1684823078155517, 3.2025561014175414, 3.186547946929932, 3.184315124511719, 3.179136616706848, 3.138022003364563, 3.1447114109039305, 3.149998473358154, 3.147767823791504, 3.1448233299255373, 3.1490925235748293, 3.1290122272491456, 3.1213553340911866, 3.119996735572815, 3.13063233165741, 3.127976745605469, 3.120592403411865, 3.112569972229004, 3.111628291130066, 3.1086300512313843, 3.0986134994506838, 3.1087530502319334, 3.101258416938782, 3.0988155475616455, 3.098230637741089, 3.096127761077881, 3.115324205780029, 3.114883204460144, 3.108016798591614, 3.094694197654724, 3.1114377281188963],