{"loss": [], "acc": [], "test_loss": [4.710950128173828, 4.424276330184936, 3.795091011428833, 3.778324437713623, 3.573325332260132, 3.459635410308838, 3.364179303741455, 3.3494330184936523, 3.2779806606292725, 3.2627182163238526, 3.06966372756958, 3.2580741249084473, 3.2035182823181154, 3.0637034690856932, 3.023198843383789, 3.2142099456787108, 2.9901434749603273, 3.118907222366333, 3.138934091567993, 3.0130359359741212, 2.907326821899414, 3.1871004261016846, 2.97138274269104, 3.6228314937591555, 3.1971726387023924, 3.1248035179138185, 3.0975366413116454, 3.0197262546539307, 3.0818998580932617, 3.1429143997192384, 3.2387591247558594, 3.16506231918335, 3.423296836090088, 3.359298161315918, 3.318792726135254, 3.2219676822662353, 3.1744365211486816, 3.249148722457886, 3.218847091293335, 3.3504656497955323, 3.3624592208862305, 3.3720869911193847, 3.297818760681152, 3.4742423110961913, 3.471868829345703, 3.232381175994873, 3.313012434387207, 3.365939682006836, 3.2835544551849365, 3.2286230701446534, 3.2455547340393065, 3.125862363433838, 3.1683956455230713, 3.096989833831787, 3.108017665863037, 3.1308815635681153, 3.062603277206421, 3.0740309646606447, 3.087477584075928, 3.049558781814575, 3.0224955810546876, 2.988306552886963, 3.003047406387329, 2.968131530380249, 2.965186759185791, 2.922777980041504, 2.9448649513244627, 2.922225564575195, 2.903591213989258, 2.8969104499816893, 2.8810212326049807, 2.8891128997802733, 2.8759063278198242, 2.8625340549468996, 2.8463854801177977, 2.85585428276062, 2.8421176609039307, 2.8448036602020266, 2.8438347347259523, 2.8389383918762205, 2.831205588531494, 2.8214439338684083, 2.818428833770752, 2.8127241664886475, 2.814940796661377, 2.813516854095459, 2.811684101486206, 2.8220852310180664, 2.8090934951782227, 2.804820740509033, 2.8027797645568846, 2.808632814025879, 2.8151183200836183, 2.8079450099945067, 2.808237045669556, 2.807833066177368, 2.7980825771331785, 2.8081330749511717, 2.803343683242798, 2.8157380199432374], "test_acc": [1.559999942779541, 5.989999771118164, 11.699999809265137, 12.549999237060547, 14.549999237060547, 16.329999923706055, 18.049999237060547, 18.920000076293945, 20.489999771118164, 20.920000076293945, 25.0, 22.65999984741211, 24.689998626708984, 26.459999084472656, 27.09000015258789, 27.34000015258789, 28.78999900817871, 29.849998474121094, 28.369998931884766, 28.579999923706055, 30.76999855041504, 28.349998474121094, 31.729999542236328, 24.94999885559082, 29.979999542236328, 32.779998779296875, 31.279998779296875, 32.73999786376953, 32.75, 32.68000030517578, 31.479999542236328, 33.65999984741211, 31.81999969482422, 31.979999542236328, 32.43000030517578, 34.64999771118164, 35.36000061035156, 34.81999969482422, 35.97999954223633, 34.21999740600586, 34.65999984741211, 34.540000915527344, 36.029998779296875, 34.31999969482422, 34.61000061035156, 36.68000030517578, 36.95000076293945, 36.73999786376953, 37.55999755859375, 38.290000915527344, 38.36000061035156, 40.05999755859375, 39.12999725341797, 40.64999771118164, 39.78999710083008, 39.599998474121094, 41.03999710083008, 40.59000015258789, 41.029998779296875, 40.63999938964844, 41.14999771118164, 42.05999755859375, 41.55999755859375, 42.14999771118164, 41.87999725341797, 42.12999725341797, 41.88999938964844, 42.04999923706055, 42.21999740600586, 42.62999725341797, 42.619998931884766, 42.63999938964844, 42.57999801635742, 42.81999969482422, 43.11000061035156, 42.87999725341797, 42.88999938964844, 42.77000045776367, 42.98999786376953, 42.93000030517578, 43.09000015258789, 43.20000076293945, 43.099998474121094, 43.27000045776367, 43.21999740600586, 43.38999938964844, 43.22999954223633, 43.45000076293945, 43.459999084472656, 43.38999938964844, 43.709999084472656, 43.54999923706055, 43.63999938964844, 43.54999923706055, 43.55999755859375, 43.64999771118164, 43.529998779296875, 43.619998931884766, 43.52000045776367, 43.439998626708984], "wall_time": [4.773405313491821, 7.176835536956787, 9.49053430557251, 11.905983924865723, 14.193456172943115, 16.4930682182312, 18.923624515533447, 21.21076512336731, 23.57552218437195, 25.896422147750854, 28.437892198562622, 30.772176265716553, 33.06627154350281, 35.39916157722473, 37.763548612594604, 40.36452388763428, 42.89315390586853, 45.44948625564575, 47.787651777267456, 50.081401109695435, 52.54607701301575, 54.97754693031311, 57.41455125808716, 59.74402832984924, 62.161176681518555, 64.5083417892456, 66.82048654556274, 69.2803590297699, 71.7212393283844, 74.18517470359802, 76.4435408115387, 78.79796290397644, 81.20813488960266, 83.43646192550659, 85.87059712409973, 88.13479208946228, 90.43066358566284, 92.8720133304596, 95.35252046585083, 97.70715427398682, 100.20424151420593, 102.74722290039062, 105.13224625587463, 107.53583860397339, 109.86502528190613, 112.32877707481384, 114.70538020133972, 117.157381772995, 119.50999546051025, 121.8838222026825, 124.33369040489197, 126.79664039611816, 129.35475659370422, 131.80133819580078, 134.15346503257751, 136.41581749916077, 138.84597778320312, 141.22970151901245, 143.7027633190155, 146.144348859787, 148.60649943351746, 151.1092927455902, 153.49898052215576, 155.90452218055725, 158.26043319702148, 160.8141541481018, 163.170072555542, 165.53657507896423, 167.9006061553955, 170.18886017799377, 172.6358289718628, 175.30528092384338, 177.65680289268494, 180.24566769599915, 182.55675554275513, 185.03382992744446, 187.38449335098267, 189.72423362731934, 192.0624394416809, 194.4370846748352, 196.8081865310669, 199.1536009311676, 201.5398302078247, 203.92653489112854, 206.30648469924927, 208.70231747627258, 211.24889373779297, 213.72363305091858, 216.28270530700684, 218.6635344028473, 221.13690447807312, 223.52731657028198, 225.9106729030609, 228.29055404663086, 230.60035467147827, 233.09535932540894, 235.55207777023315, 238.07297801971436, 240.4219799041748, 242.82353138923645], "val_loss": [4.712030214691162, 4.428567255401611, 3.8131240684509278, 3.782393773651123, 3.602066774368286, 3.4530451583862303, 3.3800305801391604, 3.381911525726318, 3.287153837966919, 3.299985391998291, 3.1008224529266357, 3.2395119968414305, 3.2507385387420653, 3.130584679412842, 3.0867422508239746, 3.2363753128051758, 3.042530785751343, 3.1686107917785646, 3.1867043548583984, 3.0310304374694823, 2.9415812602996825, 3.2109275974273683, 3.0093784454345704, 3.6521074951171877, 3.2577685199737547, 3.1493850814819337, 3.0988667362213134, 3.0139887008666992, 3.1202138618469237, 3.157401714706421, 3.298396611022949, 3.2157770244598387, 3.467323197174072, 3.4518375240325927, 3.379278150939941, 3.288656206512451, 3.19315650100708, 3.306021419906616, 3.2664300468444822, 3.347715293502808, 3.4161066833496094, 3.4087404220581057, 3.342434976196289, 3.5339276611328123, 3.5219039268493653, 3.2352555854797362, 3.3763363891601563, 3.436761990737915, 3.3407948421478273, 3.2976395862579344, 3.2310438793182374, 3.2028464088439943, 3.2086593854904173, 3.1607032299041746, 3.156079718399048, 3.1709257213592528, 3.1297483436584472, 3.1329497360229492, 3.118846767425537, 3.096512620162964, 3.0398166748046873, 3.035772383117676, 3.0223644031524657, 2.9853597412109374, 2.9991896575927735, 2.9538223594665527, 2.987925019836426, 2.9589361030578614, 2.930472129249573, 2.9252163848876953, 2.9236106620788576, 2.9223717128753663, 2.9084030429840086, 2.898734088897705, 2.8771399297714235, 2.8928804473876952, 2.877264260864258, 2.8799007049560545, 2.8757229488372804, 2.8677306308746338, 2.855622887420654, 2.853776933670044, 2.8434178527832032, 2.840495948791504, 2.8444270092010497, 2.84628137512207, 2.8377718898773194, 2.849431270599365, 2.8351683685302733, 2.833200188064575, 2.8344632743835447, 2.8406295429229735, 2.840760157775879, 2.8373374504089357, 2.8383932929992675, 2.839507755279541, 2.830518632888794, 2.8366270206451416, 2.8357223751068115, 2.8455786041259765],