{"loss": [], "acc": [], "test_loss": [4.668413883972168, 4.313120806884766, 4.158120174407959, 3.9871412307739256, 3.968730354309082, 3.940138265991211, 3.7817056621551512, 3.747806924819946, 3.6177543075561522, 3.521786524581909, 3.476652699661255, 3.4365744800567626, 3.434145054244995, 3.4211749771118165, 3.401510279083252, 3.240582035064697, 3.267799618148804, 3.2450524662017823, 3.2532419719696044, 3.202685957336426, 3.0782252784729005, 3.1510456344604494, 3.071204649734497, 3.0712136501312255, 3.0586596412658693, 3.107053606796265, 3.0322893157958983, 3.090168943786621, 2.930013466644287, 2.993045608139038, 3.030444091796875, 2.9113335422515867, 2.9789626361846926, 2.85844366645813, 2.999112237548828, 2.883552278518677, 3.1216848793029786, 2.9788540981292724, 3.131414933013916, 2.9684711906433106, 3.5405118019104003, 3.044270009613037, 2.865281223297119, 3.001509850311279, 3.14142767829895, 2.9888113208770752, 3.0386080852508544, 3.042915172576904, 3.02481930770874, 3.1311162895202638, 3.1018695487976076, 3.0187515117645263, 3.1571429859161375, 3.1953797119140623, 3.047147667312622, 3.144002837753296, 3.086069311141968, 3.1332860488891603, 3.16173060836792, 3.20374651222229, 3.352396061325073, 3.1782999698638914, 3.24807629737854, 3.1696647331237795, 3.298571007156372, 3.2218547298431397, 3.3204741760253906, 3.279060781478882, 3.299187373352051, 3.2807255828857422, 3.312047420501709, 3.304162860107422, 3.308556718826294, 3.3248302467346194, 3.3071510391235353, 3.325022448730469, 3.300857624053955, 3.320141495513916, 3.333010368347168, 3.3373016178131105, 3.362057195663452, 3.3657558826446534, 3.349293798828125, 3.3811220836639406, 3.3498200328826906, 3.3558737926483153, 3.3484582916259766, 3.356068841934204, 3.349585583496094, 3.3511705780029297, 3.375951235580444, 3.356717445373535, 3.35753445854187, 3.3602868255615235, 3.351555447769165, 3.364656760787964, 3.358302169036865, 3.3525541149139406, 3.3573607524871827, 3.3629274990081788], "test_acc": [1.0, 4.809999942779541, 6.089999675750732, 7.319999694824219, 7.710000038146973, 8.289999961853027, 10.50999927520752, 10.420000076293945, 12.769999504089355, 14.739999771118164, 15.460000038146973, 17.119998931884766, 16.100000381469727, 17.3799991607666, 17.149999618530273, 20.0, 19.719999313354492, 19.439998626708984, 21.079999923706055, 21.3799991607666, 22.649999618530273, 22.25, 22.959999084472656, 23.459999084472656, 23.40999984741211, 24.559999465942383, 25.459999084472656, 25.35999870300293, 26.67999839782715, 26.959999084472656, 25.849998474121094, 27.639999389648438, 27.099998474121094, 29.869998931884766, 26.779998779296875, 28.670000076293945, 26.260000228881836, 29.389999389648438, 27.85999870300293, 29.119998931884766, 25.119998931884766, 28.94999885559082, 32.39999771118164, 30.920000076293945, 28.479999542236328, 31.479999542236328, 31.079999923706055, 31.85999870300293, 32.0099983215332, 30.31999969482422, 31.34000015258789, 32.86000061035156, 32.16999816894531, 31.619998931884766, 33.79999923706055, 32.7599983215332, 33.88999938964844, 33.59000015258789, 34.97999954223633, 33.84000015258789, 32.959999084472656, 35.07999801635742, 34.34000015258789, 34.93000030517578, 34.71999740600586, 35.65999984741211, 35.790000915527344, 35.81999969482422, 35.64999771118164, 36.84000015258789, 37.06999969482422, 37.30999755859375, 37.18000030517578, 37.619998931884766, 37.54999923706055, 37.709999084472656, 38.279998779296875, 38.36000061035156, 38.32999801635742, 38.18000030517578, 38.06999969482422, 37.86000061035156, 38.22999954223633, 37.86000061035156, 38.22999954223633, 38.45000076293945, 38.32999801635742, 38.57999801635742, 38.56999969482422, 38.529998779296875, 38.439998626708984, 38.459999084472656, 38.290000915527344, 38.41999816894531, 38.599998474121094, 38.369998931884766, 38.46999740600586, 38.529998779296875, 38.59000015258789, 38.56999969482422], "wall_time": [4.514553070068359, 7.825234651565552, 10.85258173942566, 13.963646173477173, 16.742297887802124, 19.837191820144653, 22.922701835632324, 26.261388063430786, 29.4516818523407, 32.35075306892395, 35.598042011260986, 38.624430418014526, 41.85200309753418, 45.06947183609009, 48.38688659667969, 51.39293050765991, 54.61578369140625, 57.842695474624634, 60.63430976867676, 63.81390833854675, 67.17956757545471, 70.45547914505005, 73.71809267997742, 77.06915879249573, 80.00597524642944, 83.15728998184204, 86.12187504768372, 89.36938261985779, 92.6128134727478, 95.64022421836853, 98.90199279785156, 102.12285280227661, 105.48590135574341, 108.81258964538574, 111.99110007286072, 115.38346290588379, 118.47430443763733, 121.23591017723083, 124.39924430847168, 127.58898377418518, 130.51881957054138, 133.85544228553772, 137.08692717552185, 140.30737590789795, 143.39987874031067, 146.66043615341187, 149.54863262176514, 152.8583161830902, 155.93478274345398, 159.09234881401062, 162.17910838127136, 165.50265407562256, 168.67439889907837, 171.90503907203674, 175.1556100845337, 178.17122292518616, 181.49455785751343, 184.73768877983093, 187.9411518573761, 191.17480397224426, 194.4596984386444, 197.32881450653076, 200.37363243103027, 203.38486409187317, 206.6042058467865, 209.84667992591858, 213.22606134414673, 216.42433786392212, 219.64821672439575, 223.03368854522705, 226.11452174186707, 229.25357460975647, 232.4254856109619, 235.54677438735962, 238.6198215484619, 241.3849036693573, 244.59711527824402, 247.84135103225708, 250.82635951042175, 253.94991183280945, 257.15182518959045, 260.32306003570557, 263.4570028781891, 266.624694108963, 269.6991677284241, 272.9054927825928, 276.25870394706726, 279.51191449165344, 282.5889916419983, 285.7268342971802, 288.7677071094513, 291.4867298603058, 294.7252085208893, 297.91807293891907, 301.18045949935913, 304.46899223327637, 307.59690046310425, 311.0452425479889, 314.1855330467224, 317.2617027759552], "val_loss": [4.673100549316406, 4.320606468963623, 4.151660638427734, 3.989111622238159, 3.9682641704559325, 3.9558755451202394, 3.7796076717376708, 3.7295120346069335, 3.623303345489502, 3.5335712528228758, 3.492997724533081, 3.4459297664642334, 3.4693392276763917, 3.4221334381103516, 3.4150907974243165, 3.277216380691528, 3.2847559883117676, 3.250143158340454, 3.263992641448975, 3.2085587322235107, 3.082867824935913, 3.1632259994506837, 3.1027799850463866, 3.072902880859375, 3.095301636886597, 3.156686296081543, 3.031729540634155, 3.0804855613708497, 2.968357636642456, 3.014931743621826, 3.0684679256439207, 2.9277444969177244, 2.9953156288146974, 2.8683316680908204, 3.050615637207031, 2.9091479438781738, 3.137742400741577, 2.999583075332642, 3.1794686840057373, 2.998973460006714, 3.55436417388916, 3.0798995803833007, 2.9117209339141845, 3.0301332008361817, 3.1581978519439695, 3.019925792312622, 3.0948085468292237, 3.0887557987213135, 3.061899761199951, 3.161342779159546, 3.084132707977295, 3.032751724624634, 3.1539691104888914, 3.2593787422180176, 3.0626264945983888, 3.1497484035491943, 3.113628382110596, 3.1426586566925048, 3.17811833152771, 3.1859475505828856, 3.3108339939117433, 3.161243915176392, 3.2721095668792723, 3.187354270553589, 3.3099930946350096, 3.1956182025909423, 3.358540438079834, 3.28652971496582, 3.3131201156616212, 3.2718763160705566, 3.3192840324401853, 3.290383550643921, 3.303267685699463, 3.3333859966278077, 3.3094747268676756, 3.340621997451782, 3.3199453811645507, 3.3149777717590334, 3.3308884727478025, 3.348673801422119, 3.3488105030059816, 3.3537702014923094, 3.3454463981628417, 3.372450956726074, 3.3474187942504883, 3.338811340332031, 3.3380122760772704, 3.352677378082275, 3.341932448577881, 3.340260236740112, 3.3636530418395996, 3.3471640140533445, 3.3406038368225097, 3.342535715866089, 3.338723434829712, 3.357844706726074, 3.344979951477051, 3.3433606643676756, 3.3384355434417725, 3.3478595809936524],