{"loss": [], "acc": [], "test_loss": [4.097254875183105, 3.8788762451171874, 3.4001661605834963, 3.1933863636016846, 3.0498167068481443, 2.911428717041016, 2.7844315795898438, 2.792315267944336, 2.7444921390533445, 2.7377650844573975, 2.575408721923828, 2.5858974895477296, 2.510224583053589, 2.4650943965911867, 2.5833042068481444, 2.496231105232239, 2.8394113311767577, 2.3543454399108885, 2.4256838626861574, 2.549300724029541, 2.3560792507171633, 2.4881153034210204, 2.415739598083496, 2.3360918727874758, 2.3757036899566653, 2.249922170639038, 2.3465631355285645, 2.1948600463867187, 2.391690935134888, 2.434693965148926, 2.1793410837173464, 2.2179861526489257, 2.4104088148117064, 2.211832821273804, 2.234213497161865, 2.3059538246154787, 2.1524894004821777, 2.2362390926361084, 2.1587725784301757, 2.2138985458374023, 2.078681022644043, 2.422625625991821, 2.1586133892059327, 2.569780048751831, 2.1581851013183595, 2.209839379501343, 2.427442823791504, 2.1447768783569336, 2.2011987648010254, 2.1584897243499754, 2.319801971054077, 2.1026206609725953, 2.2284012966156004, 2.015103368759155, 2.178023526763916, 2.134839497756958, 2.11847114315033, 2.148773062133789, 2.2273731678009034, 2.2173177179336547, 2.119139454650879, 2.0988698225021363, 2.089327359390259, 2.1607423828125, 2.1080646686553957, 2.1497952545166017, 2.17119344329834, 2.1630389442443847, 2.150118620300293, 2.1476386306762696, 2.1841503143310548, 2.1847127632141112, 2.2140022512435915, 2.1516250644683836, 2.1948572166442872, 2.1947303508758544, 2.210188824081421, 2.2239472604751587, 2.242045738220215, 2.2245793266296388, 2.204070169067383, 2.2097013195037842, 2.2304179580688475, 2.2313690422058103, 2.201612562942505, 2.226493941116333, 2.2338938121795655, 2.243237357711792, 2.2226415393829346, 2.215736597061157, 2.2194555210113527, 2.2273021808624267, 2.220445207595825, 2.2190000995635986, 2.229278830909729, 2.2194744152069092, 2.214239373779297, 2.226816965866089, 2.218612979698181, 2.224484850502014], "test_acc": [7.329999923706055, 10.329999923706055, 16.93000030517578, 20.600000381469727, 22.579999923706055, 26.60999870300293, 27.76999855041504, 27.94999885559082, 28.28999900817871, 29.53999900817871, 31.719999313354492, 32.39999771118164, 34.2599983215332, 34.939998626708984, 32.80999755859375, 35.13999938964844, 30.239999771118164, 38.77000045776367, 35.90999984741211, 34.59000015258789, 37.86000061035156, 36.55999755859375, 36.93000030517578, 39.040000915527344, 39.029998779296875, 40.5099983215332, 38.97999954223633, 42.349998474121094, 39.78999710083008, 38.40999984741211, 43.43000030517578, 42.2599983215332, 40.96999740600586, 43.13999938964844, 42.599998474121094, 41.15999984741211, 44.25, 43.189998626708984, 44.23999786376953, 43.29999923706055, 45.2599983215332, 40.61000061035156, 45.11000061035156, 37.34000015258789, 45.02000045776367, 45.2599983215332, 40.43000030517578, 46.28999710083008, 45.459999084472656, 46.04999923706055, 43.03999710083008, 47.30999755859375, 46.04999923706055, 49.09000015258789, 46.96999740600586, 46.939998626708984, 47.849998474121094, 47.5, 47.22999954223633, 47.43000030517578, 48.94999694824219, 49.07999801635742, 49.48999786376953, 48.59000015258789, 49.369998931884766, 49.63999938964844, 50.47999954223633, 50.68000030517578, 50.56999969482422, 51.279998779296875, 51.619998931884766, 50.88999938964844, 50.43000030517578, 52.209999084472656, 51.91999816894531, 52.29999923706055, 52.099998474121094, 52.5, 52.5, 53.02000045776367, 53.44999694824219, 53.37999725341797, 53.31999969482422, 53.32999801635742, 53.91999816894531, 53.57999801635742, 53.56999969482422, 53.939998626708984, 53.66999816894531, 54.13999938964844, 54.2599983215332, 54.09000015258789, 53.90999984741211, 54.279998779296875, 54.14999771118164, 54.2599983215332, 54.14999771118164, 54.12999725341797, 54.19999694824219, 54.07999801635742], "wall_time": [6.250811338424683, 10.862938165664673, 16.188151121139526, 21.628780126571655, 26.505436658859253, 31.77387523651123, 37.11103820800781, 42.679293155670166, 48.018325090408325, 52.797139406204224, 58.32999300956726, 63.27781629562378, 68.84459233283997, 74.16994667053223, 79.76056122779846, 85.15052342414856, 90.46886873245239, 96.13507056236267, 101.64851403236389, 107.077721118927, 112.44540452957153, 117.92468333244324, 123.61874675750732, 128.84504461288452, 134.26302123069763, 139.42002320289612, 144.91601276397705, 149.79214811325073, 155.07789587974548, 160.55690932273865, 165.51608610153198, 170.66626262664795, 176.3028736114502, 181.45562958717346, 186.8515543937683, 192.03109693527222, 197.4514126777649, 202.93668603897095, 208.35769295692444, 213.20782089233398, 219.0242259502411, 224.43897438049316, 229.86865997314453, 235.19808077812195, 240.86081051826477, 246.481595993042, 251.84097480773926, 257.32939052581787, 262.81300163269043, 268.41016149520874, 273.6256070137024, 279.0100746154785, 284.35728883743286, 290.0299015045166, 295.4085199832916, 300.53381872177124, 305.38560962677, 310.63905668258667, 316.1456370353699, 321.74976682662964, 326.88073348999023, 332.09463381767273, 337.4451553821564, 342.85518169403076, 348.0148677825928, 353.36167788505554, 358.31287574768066, 362.95784163475037, 368.4944097995758, 373.9245924949646, 379.44789958000183, 385.0521261692047, 390.5678834915161, 396.1586344242096, 401.52190709114075, 406.88201904296875, 412.19054102897644, 417.76430797576904, 423.0447793006897, 428.4913561344147, 433.77668595314026, 439.39539217948914, 444.6066653728485, 449.96044635772705, 455.27872681617737, 460.8044111728668, 466.25199007987976, 471.8539342880249, 477.2521347999573, 482.3977632522583, 487.828809261322, 493.0815176963806, 498.33525133132935, 503.6498746871948, 509.0182490348816, 514.5206952095032, 519.8548204898834, 525.3849666118622, 530.8693420886993, 536.3915815353394], "val_loss": [4.108828426742554, 3.9202003562927246, 3.4362732246398924, 3.2196808490753175, 3.0845827014923097, 2.95211480178833, 2.8139507118225096, 2.832880824279785, 2.7643114765167236, 2.7441623870849607, 2.595395618057251, 2.6027651775360106, 2.547944666290283, 2.47729741859436, 2.613031320953369, 2.5436494369506835, 2.836155945587158, 2.3840937252044676, 2.4454546993255617, 2.5766396492004393, 2.400690012359619, 2.511950019836426, 2.4602935134887693, 2.3601872512817383, 2.409897785949707, 2.293691335296631, 2.3656665428161623, 2.2321677360534666, 2.438980012512207, 2.4438237098693847, 2.218835890007019, 2.2202460010528564, 2.4283363845825194, 2.22406286239624, 2.2520833900451662, 2.3084301822662354, 2.1737781251907347, 2.2591158308029176, 2.1641572898864747, 2.1950662088394166, 2.083258179473877, 2.390253884124756, 2.146705827331543, 2.5287820064544677, 2.152254483795166, 2.2260869562149046, 2.4284829044342042, 2.1332809753417967, 2.188526481246948, 2.1574403800964355, 2.3048389514923096, 2.09404945602417, 2.229421566772461, 1.9797503383636474, 2.166198125457764, 2.129474018096924, 2.1527069578170774, 2.163423916244507, 2.2148534088134766, 2.2124624685287477, 2.1071682884216307, 2.1097145206451415, 2.0820721199035646, 2.141990702056885, 2.0571738971710207, 2.094600280380249, 2.116780222892761, 2.120075107574463, 2.1266561923980714, 2.1301350749969483, 2.159967427444458, 2.1678599395751954, 2.1855539421081542, 2.109383776187897, 2.156052180290222, 2.173208500480652, 2.1807840328216552, 2.1770605197906496, 2.209137543487549, 2.1815012985229494, 2.172520520401001, 2.1675249437332154, 2.1702609086990354, 2.178228511428833, 2.147040607261658, 2.1700830295562743, 2.1773025211334227, 2.1856475597381593, 2.1740321130752562, 2.1662771915435792, 2.163419244003296, 2.1648464403152468, 2.1596974697113036, 2.1614105161666872, 2.176017374610901, 2.162795506286621, 2.1620971309661865, 2.1696607736587525, 2.1619706789016724, 2.1663051805496214],