{"loss": [], "acc": [], "test_loss": [4.035753188323975, 3.217536316680908, 2.8442169204711916, 2.7180442207336424, 2.5652064697265624, 2.4352389488220214, 2.47203920211792, 2.2639815231323244, 2.288148306274414, 2.1075678691864015, 2.2423944385528563, 2.1333276180267333, 2.182797458267212, 2.2035103187561034, 2.118209310531616, 2.369158978652954, 2.1530600370407105, 2.0868540199279786, 2.070850927734375, 2.0688400188446043, 2.1031769454956053, 2.1969033353805543, 2.1530201309204102, 2.0599992630004884, 2.2014576189041137, 2.2867447345733645, 2.0291891788482666, 2.141735711669922, 2.0963076599121093, 2.12507449092865, 2.1233777278900146, 2.071199645614624, 2.2481760726928712, 2.1255499408721925, 2.0696289520263673, 2.2209799472808838, 2.0758662700653074, 1.9681960746765137, 2.1078667324066163, 2.0324921237945555, 2.0373756368637084, 2.0609628044128416, 2.0368041286468506, 2.0464534076690675, 2.0799522453308104, 2.0960653411865233, 2.167386526489258, 2.1003277938842775, 2.0080692398071287, 1.9969784700393676, 2.1465135639190676, 2.029220395088196, 2.0556740749359133, 2.018746649360657, 2.095351309967041, 1.9939297779083252, 2.0559699293136595, 1.966250317955017, 2.0381238891601563, 2.1363036977767944, 2.0905371601104736, 2.0595013807296754, 1.9618363857269288, 1.9995616729736327, 2.0473292207717897, 2.006113550186157, 2.0358960075378416, 2.003595043563843, 2.031704726028442, 1.9998111576080322, 2.0290917463302613, 2.0037816259384154, 1.964703615951538, 1.9967601900100709, 1.9660202590942384, 1.9917580091476441, 1.986627430343628, 1.9873166994094849, 1.9554846935272217, 1.967008103942871, 1.935432107925415, 1.9303310121536255, 1.952877670288086, 1.9193772676467895, 1.9393685565948486, 1.9405733810424806, 1.933266829109192, 1.925375201034546, 1.9283588960647584, 1.9344364755630492, 1.9309810918807984, 1.9136658382415772, 1.9205187089920044, 1.9207546489715577, 1.91555025100708, 1.9123393810272218, 1.9269553131103516, 1.914888832473755, 1.912503161239624, 1.9206747116088867], "test_acc": [10.09000015258789, 19.229999542236328, 27.3799991607666, 29.3799991607666, 33.14999771118164, 36.56999969482422, 35.23999786376953, 38.84000015258789, 39.39999771118164, 42.70000076293945, 40.71999740600586, 43.47999954223633, 41.86000061035156, 42.72999954223633, 43.37999725341797, 39.869998931884766, 43.54999923706055, 44.5, 45.779998779296875, 44.86000061035156, 44.81999969482422, 43.34000015258789, 44.96999740600586, 46.52000045776367, 44.07999801635742, 42.09000015258789, 46.959999084472656, 45.21999740600586, 46.07999801635742, 46.40999984741211, 45.14999771118164, 47.099998474121094, 45.12999725341797, 46.80999755859375, 48.07999801635742, 45.65999984741211, 47.689998626708984, 49.47999954223633, 47.75, 48.84000015258789, 48.88999938964844, 48.79999923706055, 48.849998474121094, 49.22999954223633, 49.09000015258789, 49.14999771118164, 46.52000045776367, 49.07999801635742, 50.349998474121094, 50.48999786376953, 48.75, 50.36000061035156, 49.96999740600586, 51.56999969482422, 50.09000015258789, 52.14999771118164, 50.57999801635742, 53.369998931884766, 51.709999084472656, 51.27000045776367, 52.2599983215332, 52.6099967956543, 54.63999938964844, 53.8599967956543, 54.2599983215332, 54.939998626708984, 54.779998779296875, 55.689998626708984, 55.189998626708984, 55.71999740600586, 55.52000045776367, 56.31999969482422, 57.03999710083008, 56.7599983215332, 57.05999755859375, 56.97999954223633, 57.119998931884766, 57.63999938964844, 58.21999740600586, 57.94999694824219, 58.30999755859375, 58.41999816894531, 58.349998474121094, 58.459999084472656, 58.18000030517578, 58.28999710083008, 58.75, 58.8599967956543, 58.44999694824219, 58.41999816894531, 58.22999954223633, 58.65999984741211, 58.66999816894531, 58.56999969482422, 58.63999938964844, 58.66999816894531, 58.73999786376953, 58.53999710083008, 58.81999969482422, 58.54999923706055], "wall_time": [8.714315176010132, 15.896697998046875, 23.086000680923462, 30.284574508666992, 37.406068086624146, 44.549673318862915, 51.74856424331665, 58.975197553634644, 66.11452579498291, 73.30749464035034, 80.49433135986328, 87.75567698478699, 94.8736925125122, 101.97839856147766, 109.26121044158936, 116.45619559288025, 123.62190818786621, 130.7355387210846, 137.9004168510437, 145.11487460136414, 152.2934010028839, 159.5331676006317, 166.74779868125916, 173.82372760772705, 180.97898960113525, 188.07442545890808, 195.29225158691406, 202.45439434051514, 209.60079383850098, 216.77214765548706, 223.90299081802368, 231.0928385257721, 238.14896488189697, 245.36961603164673, 252.54368901252747, 259.7510666847229, 266.9401340484619, 274.179940700531, 281.3776783943176, 288.58735394477844, 295.80125737190247, 302.972838640213, 310.1302101612091, 317.3149678707123, 324.6093997955322, 331.79065108299255, 339.006959438324, 346.2815890312195, 353.4467852115631, 360.5634038448334, 367.8029646873474, 375.0020709037781, 382.1700265407562, 389.3764352798462, 396.57669615745544, 403.77343559265137, 411.05152344703674, 418.1805839538574, 425.55156683921814, 432.8179786205292, 440.027006149292, 447.20444107055664, 454.3687515258789, 461.5822765827179, 468.76604080200195, 475.99853777885437, 483.2285842895508, 490.3821692466736, 497.5480399131775, 504.71556282043457, 511.9737551212311, 519.2751033306122, 526.4348886013031, 533.6283984184265, 540.7978744506836, 547.9434335231781, 555.131626367569, 562.3842628002167, 569.5563225746155, 576.7657382488251, 583.954085111618, 591.09832072258, 598.279449224472, 605.4625954627991, 612.6696543693542, 619.856143951416, 626.9949295520782, 634.1454448699951, 641.3147084712982, 648.5125064849854, 655.6800427436829, 662.852109670639, 669.9061586856842, 677.2419602870941, 684.5750122070312, 691.8176777362823, 699.0026895999908, 706.16024518013, 713.4186732769012, 720.5616221427917], "val_loss": [4.056392616271973, 3.2536224727630616, 2.8829499252319337, 2.7238524929046632, 2.5813665451049803, 2.4644045291900634, 2.465088967514038, 2.2853907806396485, 2.305594668197632, 2.1195543655395506, 2.264406597137451, 2.165785722732544, 2.1830564208984375, 2.2219145645141603, 2.1371312465667724, 2.4002892654418946, 2.182058592224121, 2.0803906829833982, 2.0753494998931883, 2.071984321975708, 2.1012374126434326, 2.225696901702881, 2.18008258934021, 2.0562224227905275, 2.214275896835327, 2.318298525238037, 2.0619856903076172, 2.1574522254943846, 2.067209663772583, 2.116639854812622, 2.164009884262085, 2.1044392013549804, 2.216106721496582, 2.1273750015258788, 2.088809224319458, 2.2058184135437013, 2.0925413875579832, 1.9705966117858886, 2.1036450157165527, 2.0269700504302977, 2.0405790672302246, 2.1010910514831544, 2.0241233013153077, 2.016630633163452, 2.0795327697753905, 2.060603887939453, 2.1757590328216554, 2.0654153438568117, 2.004054462814331, 2.004040678024292, 2.1053728275299073, 2.031576417350769, 2.060752406311035, 2.0157719627380373, 2.092694641494751, 1.9871431926727294, 2.0649712589263918, 1.9703139823913574, 2.0074063301086427, 2.137249405670166, 2.0766538476943968, 2.0463063585281374, 1.972721586227417, 2.00390599899292, 2.042644445228577, 1.9858663173675537, 2.0308068506240846, 1.9776680450439452, 2.0545699104309083, 1.9867456855773926, 2.011523899078369, 2.0075095054626466, 1.9660240886688232, 2.012779070663452, 1.9855690475463867, 1.9736060451507569, 1.9657981147766113, 1.9712950269699097, 1.9547555904388427, 1.9757571752548218, 1.951698154449463, 1.9540390384674071, 1.966083415222168, 1.9404400136947633, 1.9623552082061768, 1.967688321685791, 1.9534722345352173, 1.9456411180496216, 1.942525530052185, 1.9459172956466675, 1.942705139541626, 1.926469588279724, 1.9350564487457276, 1.9334000297546388, 1.9271888082504272, 1.9224109657287598, 1.9332233745574952, 1.9260462032318115, 1.9268445810317993, 1.9347176303863525],