{"loss": [], "acc": [], "test_loss": [4.64438486404419, 4.78299603805542, 4.781201644134521, 4.248343021392822, 4.474488302612305, 4.420251398468017, 4.652095925140381, 4.204492780303955, 4.279615250396729, 4.166823101043701, 4.293025267028809, 4.453343309020996, 4.375549396514892, 4.468231045532226, 4.362860321044922, 4.3058707862854, 4.408183958435059, 4.514140357208252, 4.714729927062988, 4.597897784423828, 4.711296800231934, 4.552734631347656, 4.593997770690918, 4.613112875366211, 4.766130560302734, 4.74280888671875, 4.818685482025146, 4.831908141708374, 4.791974157714844, 4.869666172027588, 4.772351365661621, 4.923259703063965, 4.744758400726318, 4.769353676605225, 4.888668315887451, 4.75531155090332, 4.77652961883545, 4.772322995758056, 4.814157287597657, 4.7603321983337405, 4.6848763053894045, 4.80747741317749, 4.724400132751465, 4.723382118225097, 4.6992802230834965, 4.648393386077881, 4.677679503631592, 4.657233923339843, 4.606186178588867, 4.6534791282653805, 4.611250625610351, 4.594046394348145, 4.518063252258301, 4.48809741973877, 4.500968070983887, 4.459065661621094, 4.439747661590576, 4.436243452453613, 4.429730448150635, 4.434210281372071, 4.452355143737793, 4.402847582244873, 4.388597324371338, 4.408409692382812, 4.370705255126953, 4.367662869262695, 4.393718053436279, 4.38818950881958, 4.37638849029541, 4.370514910125732, 4.377676275634766, 4.364508335876465, 4.362075713348388, 4.356172074890137, 4.375927854919434, 4.361412149810791, 4.363657107543945, 4.360881880950927, 4.358984442138672, 4.363838924407959, 4.3729131866455075, 4.350312985229492, 4.351744701385498, 4.359039018249511, 4.346915646362305, 4.352290035247803, 4.347965322113037, 4.355479901885986, 4.34365916595459, 4.351453002929688, 4.350006703948974, 4.354890951538086, 4.344938820648193, 4.349815539550781, 4.346595379638672, 4.361543973541259, 4.363098215484619, 4.353884670257568, 4.362538877868652, 4.364524734497071], "test_acc": [1.0, 1.0, 1.0299999713897705, 5.609999656677246, 6.699999809265137, 9.170000076293945, 9.309999465942383, 11.460000038146973, 12.199999809265137, 13.139999389648438, 12.359999656677246, 12.40999984741211, 14.00999927520752, 14.879999160766602, 16.60999870300293, 17.09000015258789, 16.489999771118164, 18.119998931884766, 15.15999984741211, 15.779999732971191, 18.0, 17.85999870300293, 18.639999389648438, 17.959999084472656, 18.28999900817871, 18.029998779296875, 18.60999870300293, 18.439998626708984, 19.5, 19.229999542236328, 20.01999855041504, 19.06999969482422, 19.959999084472656, 20.06999969482422, 19.979999542236328, 21.260000228881836, 21.010000228881836, 20.18000030517578, 21.26999855041504, 21.119998931884766, 21.26999855041504, 21.079999923706055, 22.69999885559082, 22.369998931884766, 22.26999855041504, 23.28999900817871, 22.670000076293945, 22.51999855041504, 22.899999618530273, 22.75, 23.469999313354492, 22.939998626708984, 23.94999885559082, 24.189998626708984, 23.889999389648438, 24.260000228881836, 24.3799991607666, 24.28999900817871, 24.649999618530273, 24.899999618530273, 24.439998626708984, 25.010000228881836, 24.969999313354492, 25.049999237060547, 25.189998626708984, 25.219999313354492, 24.809999465942383, 24.939998626708984, 25.40999984741211, 25.209999084472656, 25.149999618530273, 25.389999389648438, 25.25, 25.489999771118164, 25.239999771118164, 25.209999084472656, 25.420000076293945, 25.40999984741211, 25.599998474121094, 25.67999839782715, 25.510000228881836, 25.719999313354492, 25.67999839782715, 25.729999542236328, 25.729999542236328, 25.65999984741211, 25.84000015258789, 25.959999084472656, 25.899999618530273, 25.920000076293945, 25.799999237060547, 25.760000228881836, 25.849998474121094, 25.94999885559082, 25.85999870300293, 25.92999839782715, 25.709999084472656, 25.799999237060547, 25.849998474121094, 25.939998626708984], "wall_time": [4.418620824813843, 5.999213933944702, 7.530720233917236, 9.146244525909424, 10.689651489257812, 12.201955080032349, 13.759984254837036, 15.41953158378601, 17.01518726348877, 18.590481519699097, 20.193597555160522, 21.736882209777832, 23.276434659957886, 24.88125252723694, 26.495747804641724, 28.037415027618408, 29.572777032852173, 31.11817479133606, 32.72266340255737, 34.28331398963928, 35.86421322822571, 37.42736482620239, 38.98115634918213, 40.487897872924805, 42.102211475372314, 43.61202359199524, 45.1858446598053, 46.70026779174805, 48.28045892715454, 49.87382221221924, 51.387969970703125, 52.937753438949585, 54.45308470726013, 56.00492477416992, 57.553176403045654, 59.11703133583069, 60.67952227592468, 62.20824337005615, 63.708863258361816, 65.22492527961731, 66.79196834564209, 68.39523005485535, 69.9253396987915, 71.46005415916443, 72.99539113044739, 74.51320576667786, 76.0509717464447, 77.56505870819092, 79.10372424125671, 80.74254250526428, 82.28037810325623, 83.79602432250977, 85.37113332748413, 86.89267230033875, 88.44987893104553, 89.98449730873108, 91.5060088634491, 93.06383299827576, 94.6155469417572, 96.21216320991516, 97.78834867477417, 99.34569048881531, 100.92846035957336, 102.42279887199402, 103.97923612594604, 105.52603793144226, 107.0725564956665, 108.67499709129333, 110.2564787864685, 111.77925968170166, 113.29684829711914, 114.84834718704224, 116.4236159324646, 117.9431540966034, 119.44503283500671, 121.00778412818909, 122.51021146774292, 124.07844305038452, 125.6481249332428, 127.18120074272156, 128.70642924308777, 130.27526998519897, 131.85641765594482, 133.44314813613892, 134.9868404865265, 136.5119607448578, 138.03369331359863, 139.60125279426575, 141.14564061164856, 142.68722772598267, 144.24476075172424, 145.79994750022888, 147.35065507888794, 148.8988013267517, 150.4426212310791, 151.98076844215393, 153.52659273147583, 155.05441093444824, 156.57905340194702, 158.16581869125366], "val_loss": [4.648318350219727, 4.785870755004883, 4.779165368652344, 4.250676929473877, 4.460939245605469, 4.416650793457031, 4.663069776916504, 4.2038726779937745, 4.310198209381103, 4.1362938331604004, 4.375551985931397, 4.452776536560059, 4.3935184589385985, 4.455972465515137, 4.38684301109314, 4.343637508392334, 4.39066251373291, 4.561487693786621, 4.746697271728515, 4.655610395812988, 4.746384475708008, 4.6267875503540035, 4.623769393157959, 4.629970458984375, 4.771589105224609, 4.782670330047607, 4.81624564819336, 4.905905503463745, 4.803544659423828, 4.866361924743653, 4.8136346160888674, 4.916762097167969, 4.721600500869751, 4.752925652694702, 4.9020121444702145, 4.753534108734131, 4.7748266654968265, 4.8182922401428225, 4.796653311920166, 4.798289701080322, 4.677931879425048, 4.764654725646973, 4.711430903625488, 4.7301411590576175, 4.681401285552979, 4.647947874450684, 4.666295013046264, 4.66966294670105, 4.602428425598145, 4.662595873260498, 4.604993682861328, 4.581887657165527, 4.525036336135864, 4.510991437530517, 4.508581466293335, 4.463753667831421, 4.448109712982178, 4.426519818496704, 4.425234739685059, 4.43216999206543, 4.454499690628052, 4.41089504776001, 4.392849990081787, 4.414702125167847, 4.374003940582275, 4.374880836486817, 4.39740602645874, 4.387890340423584, 4.377103998184204, 4.365741608047485, 4.374437784576416, 4.358285786819458, 4.3484009136199955, 4.345350092697143, 4.36130514755249, 4.349855768966675, 4.350397286224365, 4.3499639633178715, 4.346377542495728, 4.3542239883422855, 4.363877396011352, 4.3436725681304935, 4.340791151046753, 4.348497225952149, 4.334860937881469, 4.337988036346435, 4.336206414794922, 4.343879209518432, 4.334567308425903, 4.341800690078736, 4.3395588500976565, 4.3452034759521485, 4.333296450805664, 4.340306053543091, 4.335049433517456, 4.351869559860229, 4.351306439971924, 4.3404880805969235, 4.351806971359253, 4.351623767089844],