{"loss": [], "acc": [], "test_loss": [4.700088362884522, 4.31207672958374, 3.8637744716644287, 3.8463603832244875, 3.550619596862793, 3.5315629947662353, 3.4859745010375978, 3.4809632640838624, 3.4437572116851807, 3.2706291427612304, 3.1850400608062746, 3.1195275718688964, 3.192883882141113, 2.9959833400726317, 3.110170016479492, 2.9635355339050293, 2.979288219451904, 2.9062885570526125, 2.9502579460144043, 2.914266891860962, 2.930066424560547, 3.0587782386779785, 2.861902758026123, 3.0380878387451173, 2.9150978183746337, 2.8666394062042238, 2.935521799087524, 2.9861890926361085, 3.0649367252349853, 2.965691195297241, 3.1305741989135742, 3.06386621131897, 3.0801292617797853, 3.1708925857543946, 3.2015468772888185, 3.071323299407959, 3.1438769470214845, 3.202837216949463, 3.1731181255340575, 3.173663808441162, 3.2213547443389894, 3.1869203907012937, 3.1931314880371096, 3.2867015071868897, 3.30791227684021, 3.279127222442627, 3.284092385482788, 3.2089872985839842, 3.2673457233428955, 3.2289622817993164, 3.27744266204834, 3.2745927616119386, 3.299570413208008, 3.310702417755127, 3.323327468109131, 3.271382514953613, 3.2738185676574707, 3.234078115081787, 3.2171653900146486, 3.2437475212097167, 3.1706119747161865, 3.1551692199707033, 3.128245684051514, 3.1619378227233885, 3.137827056503296, 3.130625174331665, 3.1029750595092773, 3.0893607524871824, 3.071061612701416, 3.0518197231292725, 3.046250067901611, 3.0280259284973146, 3.030723878479004, 3.01523429107666, 3.021681657028198, 3.0075455501556396, 3.0074820529937742, 2.9968628398895265, 2.995641714859009, 2.998768060684204, 2.996625385284424, 2.987203446960449, 2.9723569679260256, 2.97388840675354, 2.97237685546875, 2.9741783390045167, 2.9740541065216064, 2.9781637969970705, 2.9675868770599365, 2.971989585876465, 2.9664271148681642, 2.966991340637207, 2.9623763557434084, 2.96689197807312, 2.964450712966919, 2.9695468223571777, 2.969557837677002, 2.9682050983428954, 2.9644653896331787, 2.9721265483856203], "test_acc": [1.0, 5.429999828338623, 9.949999809265137, 10.179999351501465, 13.960000038146973, 14.710000038146973, 16.90999984741211, 15.670000076293945, 18.559999465942383, 20.43000030517578, 22.25, 23.329999923706055, 22.529998779296875, 25.670000076293945, 23.529998779296875, 27.149999618530273, 27.60999870300293, 29.709999084472656, 28.8799991607666, 29.549999237060547, 28.989999771118164, 29.459999084472656, 31.6299991607666, 28.84000015258789, 31.839998245239258, 32.540000915527344, 32.23999786376953, 32.290000915527344, 30.69999885559082, 32.41999816894531, 31.67999839782715, 32.95000076293945, 32.41999816894531, 32.90999984741211, 32.71999740600586, 33.43000030517578, 32.97999954223633, 32.55999755859375, 33.39999771118164, 34.369998931884766, 35.07999801635742, 34.88999938964844, 35.39999771118164, 35.07999801635742, 35.0, 35.48999786376953, 35.62999725341797, 37.02000045776367, 36.290000915527344, 37.21999740600586, 36.95000076293945, 36.709999084472656, 37.2599983215332, 37.790000915527344, 37.46999740600586, 38.36000061035156, 38.88999938964844, 39.119998931884766, 40.20000076293945, 39.779998779296875, 40.14999771118164, 40.68000030517578, 41.279998779296875, 41.04999923706055, 41.12999725341797, 41.27000045776367, 41.61000061035156, 42.18000030517578, 42.34000015258789, 41.849998474121094, 42.12999725341797, 42.119998931884766, 42.15999984741211, 42.22999954223633, 42.119998931884766, 42.23999786376953, 42.46999740600586, 42.5, 42.439998626708984, 42.25, 42.39999771118164, 42.25, 42.29999923706055, 42.38999938964844, 42.46999740600586, 42.31999969482422, 42.39999771118164, 42.279998779296875, 42.439998626708984, 42.52000045776367, 42.5, 42.459999084472656, 42.53999710083008, 42.48999786376953, 42.68000030517578, 42.36000061035156, 42.709999084472656, 42.5099983215332, 42.47999954223633, 42.529998779296875], "wall_time": [6.25369119644165, 8.775235176086426, 11.294748544692993, 13.704760313034058, 16.265460968017578, 18.77442693710327, 21.38698148727417, 23.94843363761902, 26.414716958999634, 28.935147285461426, 31.439878940582275, 34.07115030288696, 36.597031354904175, 39.06043219566345, 41.58357238769531, 44.153302907943726, 46.62874984741211, 49.18486189842224, 51.748942852020264, 54.27429223060608, 56.764620542526245, 59.271514654159546, 61.86742854118347, 64.52991843223572, 67.1310224533081, 69.67877078056335, 72.27916193008423, 74.80383682250977, 77.40299391746521, 79.83073997497559, 82.42069745063782, 84.86673784255981, 87.29392790794373, 89.81207394599915, 92.28985142707825, 94.88309669494629, 97.50758290290833, 100.01394844055176, 102.45944714546204, 105.05705952644348, 107.66170954704285, 110.2278528213501, 112.88718557357788, 115.57024431228638, 118.07951474189758, 120.5471682548523, 123.19101929664612, 125.68556308746338, 128.3154067993164, 130.8509030342102, 133.35516214370728, 135.80320763587952, 138.2974193096161, 140.7737786769867, 143.4140133857727, 146.14675569534302, 148.72982668876648, 151.24958682060242, 153.92571687698364, 156.42594194412231, 158.99633502960205, 161.52548551559448, 164.16721940040588, 166.58806443214417, 169.08711004257202, 171.55559158325195, 174.10373902320862, 176.661470413208, 179.27086663246155, 181.69028878211975, 184.24176383018494, 186.7923605442047, 189.438884973526, 191.94178438186646, 194.53287076950073, 197.14970874786377, 199.71261286735535, 202.24761772155762, 204.80938959121704, 207.39683175086975, 210.0117702484131, 212.54397225379944, 215.1496593952179, 217.70282793045044, 220.24721240997314, 222.90718030929565, 225.32467460632324, 227.95506620407104, 230.6568582057953, 233.16574454307556, 235.62480115890503, 238.05994248390198, 240.62784051895142, 243.14421010017395, 245.82712268829346, 248.3387258052826, 250.97091555595398, 253.52530479431152, 256.22817063331604, 258.79726362228394], "val_loss": [4.699988999176026, 4.328188776397705, 3.882997729873657, 3.8458938228607176, 3.571275136566162, 3.5491065353393556, 3.5181032051086425, 3.5219900192260742, 3.4641314735412596, 3.322111765670776, 3.1722410652160646, 3.154519061279297, 3.2223085327148437, 3.0312887718200683, 3.1614840980529784, 3.005182070159912, 2.975237542724609, 2.890819535446167, 3.002949397277832, 2.916509001159668, 2.9566045669555665, 3.0904280628204344, 2.8836766498565676, 3.0762650722503664, 2.930776412200928, 2.866755654144287, 2.975952323913574, 2.9965718173980713, 3.039738526535034, 3.0071065406799318, 3.1432553173065187, 3.1215970428466795, 3.088795273590088, 3.1772763549804686, 3.2693499969482422, 3.0824981246948244, 3.157435358810425, 3.1960361225128175, 3.2054782718658448, 3.2387068084716795, 3.2497917755126955, 3.2281460151672365, 3.1577531852722167, 3.36539090385437, 3.3625173992156983, 3.2227487731933593, 3.2895092037200926, 3.2308193397521974, 3.304610778427124, 3.194329399871826, 3.331358291244507, 3.3086223289489745, 3.2861584869384766, 3.2862235370635986, 3.3131416007995607, 3.2513463485717775, 3.281039392089844, 3.209785359954834, 3.2276815391540525, 3.2238292629241942, 3.147987757873535, 3.163915291213989, 3.1223517150878908, 3.1595118350982667, 3.138259860229492, 3.118735032272339, 3.098773729324341, 3.0811222839355468, 3.055438501739502, 3.055737548828125, 3.0505022750854494, 3.0296234420776367, 3.0293031547546385, 3.011465821838379, 3.0134137672424317, 3.007426266860962, 3.0095286087036133, 3.006562530517578, 2.9953376441955566, 3.0079270957946775, 3.0057876350402832, 2.998610135650635, 2.9872034706115724, 2.986950856781006, 2.9846088459014894, 2.9855496070861816, 2.982431665420532, 2.9883412055969236, 2.9808462760925294, 2.977691846847534, 2.9718492263793945, 2.976403623199463, 2.9679309909820555, 2.9780718147277834, 2.974377794647217, 2.976994570541382, 2.9780077102661133, 2.980818756866455, 2.9704753452301027, 2.9801830322265626],