{"loss": [], "acc": [], "test_loss": [4.682681474304199, 4.477949015045166, 4.3704462844848635, 4.314471175384521, 4.198157593536377, 4.209192481994629, 4.191154103851319, 4.111811484527588, 4.130131049346923, 4.108610946655274, 4.179114405822754, 4.058170491027832, 4.066560966491699, 4.049148821258545, 4.0950329345703125, 4.046500757598877, 4.0211732376098634, 4.310988439178467, 3.9976438346862793, 4.008279091644287, 3.9936988250732424, 4.03392900390625, 3.998707917022705, 4.077578877258301, 4.092525421142578, 4.010351165008545, 4.095487503051758, 4.005118822479248, 4.033692934417725, 3.9638415939331053, 4.120970277404785, 4.0530279350280765, 4.113769901275635, 4.079819030761719, 4.123107003784179, 4.098602280044556, 4.136434336090088, 4.114424520111084, 4.161394635009765, 4.254623997497559, 4.2639560111999515, 4.230849866485595, 4.305627138519287, 4.3896766334533694, 4.316784046173096, 4.63768625869751, 4.413036724853516, 4.495202709960937, 4.522139949035645, 4.579878448486328, 4.733967637634278, 4.685936766052246, 4.745854299926758, 4.758940184020996, 4.807543415832519, 4.8604983100891115, 4.935660610198974, 4.935824481201172, 5.035692337799072, 5.01292700881958, 5.101312912750244, 5.152166202545166, 5.164125329589844, 5.188294593811035, 5.259691246795654, 5.242961904144287, 5.305317536926269, 5.411544499969483, 5.464218567657471, 5.381748533630371, 5.4556519889831545, 5.446895124053955, 5.4757714958190915, 5.4631395935058595, 5.515379467773437, 5.5318507461547854, 5.543790212249756, 5.532269290924072, 5.523955193328858, 5.5599845626831055, 5.557884603881836, 5.5494743301391605, 5.58725131149292, 5.600363916015625, 5.561912261962891, 5.585723992156982, 5.576855017089843, 5.604086280059814, 5.5956391426086425, 5.590418054199219, 5.5998758018493655, 5.591572312927246, 5.594405335235596, 5.609870241546631, 5.588054537963867, 5.582804823303222, 5.609269481658935, 5.601677184295654, 5.6076025207519535, 5.58854317855835], "test_acc": [1.0, 3.179999828338623, 4.299999713897705, 4.529999732971191, 6.480000019073486, 6.210000038146973, 6.96999979019165, 7.0, 7.299999713897705, 7.699999809265137, 7.359999656677246, 8.329999923706055, 8.369999885559082, 9.219999313354492, 8.639999389648438, 8.979999542236328, 9.510000228881836, 7.059999942779541, 10.239999771118164, 9.989999771118164, 10.199999809265137, 10.899999618530273, 11.09999942779541, 9.550000190734863, 10.899999618530273, 11.119999885559082, 10.639999389648438, 12.489999771118164, 11.649999618530273, 12.489999771118164, 11.84000015258789, 11.789999961853027, 11.619999885559082, 12.460000038146973, 12.229999542236328, 12.859999656677246, 13.15999984741211, 13.229999542236328, 12.739999771118164, 12.739999771118164, 12.449999809265137, 12.84999942779541, 12.559999465942383, 11.880000114440918, 14.25999927520752, 11.90999984741211, 13.149999618530273, 13.309999465942383, 13.549999237060547, 12.9399995803833, 13.809999465942383, 12.949999809265137, 13.699999809265137, 12.699999809265137, 12.670000076293945, 13.179999351501465, 13.670000076293945, 13.25, 13.639999389648438, 14.449999809265137, 14.019999504089355, 14.130000114440918, 13.519999504089355, 14.149999618530273, 14.00999927520752, 14.679999351501465, 14.199999809265137, 13.969999313354492, 14.119999885559082, 14.289999961853027, 14.529999732971191, 14.6899995803833, 14.379999160766602, 14.549999237060547, 14.389999389648438, 14.649999618530273, 14.969999313354492, 14.839999198913574, 15.199999809265137, 14.979999542236328, 15.079999923706055, 15.15999984741211, 14.949999809265137, 14.969999313354492, 15.379999160766602, 15.269999504089355, 15.25999927520752, 15.210000038146973, 15.069999694824219, 15.139999389648438, 15.09999942779541, 15.149999618530273, 15.34999942779541, 15.15999984741211, 15.309999465942383, 15.170000076293945, 15.25, 15.139999389648438, 15.199999809265137, 15.229999542236328], "wall_time": [2.903761863708496, 4.745116472244263, 6.579250812530518, 8.418620109558105, 10.14930534362793, 11.914413690567017, 13.62606430053711, 15.399768590927124, 17.14874529838562, 19.02434015274048, 20.8632972240448, 22.64105796813965, 24.50010848045349, 26.2630934715271, 28.18073058128357, 30.017102241516113, 31.933513879776, 33.75205731391907, 35.499091386795044, 37.38568091392517, 39.311291456222534, 41.18837857246399, 43.064741134643555, 44.86706519126892, 46.769453048706055, 48.61464786529541, 50.43162226676941, 52.35660004615784, 54.111021518707275, 55.9732301235199, 57.80317425727844, 59.788442611694336, 61.59831929206848, 63.474499464035034, 65.29725408554077, 67.01908254623413, 68.79552483558655, 70.66466069221497, 72.46955633163452, 74.42154145240784, 76.31524515151978, 78.144939661026, 79.9611644744873, 81.70082020759583, 83.62690758705139, 85.40212059020996, 87.25147128105164, 89.07009625434875, 90.9729540348053, 92.78072381019592, 94.59155797958374, 96.51931118965149, 98.39771342277527, 100.3105456829071, 102.19637107849121, 104.06794095039368, 105.86623215675354, 107.7211754322052, 109.62502121925354, 111.35041522979736, 113.1145589351654, 114.9494161605835, 116.76199555397034, 118.50149369239807, 120.3120481967926, 122.12162852287292, 124.0010449886322, 125.84379410743713, 127.70746183395386, 129.67014122009277, 131.46307754516602, 133.1559476852417, 134.9438509941101, 136.77527785301208, 138.67740607261658, 140.56051754951477, 142.4952278137207, 144.3644139766693, 146.14677214622498, 147.91519832611084, 149.81050443649292, 151.6719264984131, 153.50985598564148, 155.39472150802612, 157.25382041931152, 159.0839765071869, 160.8098828792572, 162.72369289398193, 164.65628790855408, 166.4510190486908, 168.14811444282532, 170.02470111846924, 171.86137008666992, 173.73239517211914, 175.64049553871155, 177.41399598121643, 179.31386423110962, 181.1879415512085, 183.00637650489807, 185.05299878120422], "val_loss": [4.687884999847412, 4.468957088470459, 4.380107452011108, 4.3299685485839845, 4.209508943176269, 4.211551529693604, 4.206591820907593, 4.107000941467285, 4.124925188446045, 4.105757820892334, 4.183487707519531, 4.06676156539917, 4.065774751663208, 4.046665247344971, 4.098961960220337, 4.047424036026001, 4.028073533630371, 4.331638813018799, 3.9919211544036863, 4.000015573501587, 3.9787162136077883, 4.022446719741821, 3.9996318809509277, 4.069205954742432, 4.088369284057618, 4.0111844291687015, 4.090333210754395, 3.990652917098999, 4.038423417282105, 3.963913552093506, 4.115314643859863, 4.061874737930298, 4.107473522949219, 4.065460694122314, 4.125395740890503, 4.099622990036011, 4.128166851425171, 4.127493602752685, 4.158372369766235, 4.2527345909118655, 4.275071619033813, 4.233546532821656, 4.296785290145874, 4.4007979637145995, 4.3430138717651365, 4.645112082672119, 4.443734711456298, 4.5230929504394535, 4.5426268459320065, 4.593869790649414, 4.755505194854736, 4.732356420898437, 4.787690563201904, 4.779749922180176, 4.833686508178711, 4.910618135070801, 4.980020490264892, 4.92791353225708, 5.06617306137085, 5.052728064727783, 5.137721054077148, 5.152359814453125, 5.195734463500976, 5.197842948913574, 5.269697555541992, 5.25232061920166, 5.317892074584961, 5.437558745574951, 5.478145576477051, 5.435504843139649, 5.476548053741455, 5.467644685363769, 5.503041618347168, 5.483539492034912, 5.52995824508667, 5.540508924102784, 5.559843550872802, 5.544980612182617, 5.5434729133605956, 5.558205279541015, 5.555726428985595, 5.547575135803223, 5.596565774536133, 5.596977668762207, 5.5682074775695805, 5.593107132720947, 5.581128728485107, 5.6132374893188475, 5.598452890014649, 5.606088233184814, 5.610373265075683, 5.601168923950195, 5.601087002563476, 5.625788234710694, 5.599496982574463, 5.6012012451171875, 5.6190467498779295, 5.609844975280762, 5.618858827209473, 5.600118324279785],