{"loss": [], "acc": [], "test_loss": [4.679338143920899, 4.407759912109375, 4.168516822052002, 4.066077890777588, 3.94204457321167, 3.9543949081420897, 3.8450062751770018, 3.667547969818115, 3.6754343414306643, 3.7631823333740235, 3.753147903442383, 3.565332024002075, 3.6408073600769044, 3.5269779605865477, 3.525557116699219, 3.473096933364868, 3.55294328994751, 3.5787948936462404, 3.498714689254761, 3.317610948944092, 3.3724053020477296, 3.5636752063751223, 3.4619034580230714, 3.4394584686279295, 3.539491678237915, 3.6253485164642334, 3.5351858612060547, 3.7006361068725586, 3.6696664993286134, 3.5407526973724366, 3.4513033298492433, 3.512012629699707, 3.709141780090332, 3.55593962059021, 3.4796714321136473, 3.7446576808929444, 3.7156632919311523, 4.000249499511718, 3.759819777297974, 3.7271249935150146, 3.6936392097473143, 3.8808532985687254, 3.8813279144287107, 3.8125121994018554, 4.029812084960938, 3.8025063190460204, 4.066366052246094, 4.1194978469848635, 4.120408013153076, 4.125403607177734, 3.9818717163085937, 4.127336302185059, 4.08262802734375, 4.339130039215088, 3.984326852798462, 4.030615367507934, 4.015593687057495, 4.049286145019531, 4.050521321868897, 4.023665074920654, 4.074881740570069, 3.988135235595703, 3.9444332069396975, 3.9445354160308836, 3.9396365730285643, 3.9521862281799316, 3.931738536453247, 3.9494262660980226, 3.935497396469116, 3.886386463546753, 3.8853705307006834, 3.8794122241973876, 3.886323635101318, 3.864996780395508, 3.869528567504883, 3.850207546234131, 3.8424869647979736, 3.8610384963989257, 3.8413674179077146, 3.829972091674805, 3.828223138809204, 3.825933577346802, 3.8035209358215334, 3.8000655891418456, 3.7985161582946776, 3.811384214782715, 3.8001942916870117, 3.8091019199371337, 3.7991796279907226, 3.800537029647827, 3.7999395084381105, 3.805851021575928, 3.8001190994262695, 3.8003639907836915, 3.807879830932617, 3.8072903251647947, 3.8007350784301757, 3.7981967014312743, 3.8039174842834473, 3.8049421684265137], "test_acc": [1.0, 3.7699999809265137, 6.819999694824219, 6.46999979019165, 9.09000015258789, 9.529999732971191, 9.579999923706055, 13.389999389648438, 13.5, 12.50999927520752, 14.210000038146973, 15.829999923706055, 15.139999389648438, 16.34000015258789, 17.229999542236328, 17.600000381469727, 18.639999389648438, 17.389999389648438, 19.079999923706055, 21.1299991607666, 22.239999771118164, 19.459999084472656, 22.139999389648438, 21.719999313354492, 20.76999855041504, 21.029998779296875, 21.209999084472656, 18.989999771118164, 20.889999389648438, 21.939998626708984, 23.649999618530273, 23.459999084472656, 22.8799991607666, 25.209999084472656, 24.459999084472656, 22.43000030517578, 24.059999465942383, 22.40999984741211, 24.559999465942383, 26.049999237060547, 26.010000228881836, 24.43000030517578, 24.829999923706055, 25.639999389648438, 24.35999870300293, 27.479999542236328, 24.760000228881836, 26.489999771118164, 26.889999389648438, 26.469999313354492, 26.989999771118164, 26.34000015258789, 27.209999084472656, 26.19999885559082, 28.709999084472656, 28.35999870300293, 28.469999313354492, 28.51999855041504, 28.260000228881836, 29.6299991607666, 29.209999084472656, 29.76999855041504, 30.170000076293945, 30.239999771118164, 31.10999870300293, 31.03999900817871, 30.65999984741211, 30.34000015258789, 30.65999984741211, 31.35999870300293, 31.19999885559082, 30.989999771118164, 31.189998626708984, 31.369998931884766, 31.25, 31.329999923706055, 31.049999237060547, 31.19999885559082, 31.15999984741211, 31.34000015258789, 31.25, 31.619998931884766, 31.670000076293945, 31.920000076293945, 31.920000076293945, 31.939998626708984, 31.90999984741211, 31.75, 31.799999237060547, 32.0099983215332, 31.8799991607666, 31.959999084472656, 31.90999984741211, 31.989999771118164, 32.0, 32.029998779296875, 32.0, 31.899999618530273, 31.94999885559082, 31.799999237060547], "wall_time": [3.5908756256103516, 5.5971338748931885, 7.739492654800415, 9.733240127563477, 11.770858526229858, 13.902714967727661, 15.884979724884033, 18.038811445236206, 20.147285223007202, 22.31221914291382, 24.341596841812134, 26.39928388595581, 28.50526213645935, 30.6467444896698, 32.69553852081299, 34.80340504646301, 36.87640643119812, 38.93869090080261, 40.95835018157959, 43.02686810493469, 45.10621786117554, 47.1508367061615, 49.197341203689575, 51.30359864234924, 53.4676148891449, 55.51468896865845, 57.49680423736572, 59.56467652320862, 61.61916542053223, 63.71172046661377, 65.71468114852905, 67.78959512710571, 69.78294134140015, 71.8110716342926, 73.82870554924011, 76.06532669067383, 78.0696337223053, 80.0860071182251, 82.05220675468445, 84.00178337097168, 86.06642842292786, 88.13175439834595, 90.33307766914368, 92.39900827407837, 94.3553957939148, 96.32819890975952, 98.3254644870758, 100.34730625152588, 102.39696097373962, 104.35424447059631, 106.49243378639221, 108.63669300079346, 110.6079375743866, 112.85165023803711, 114.79570960998535, 116.76446437835693, 118.80817675590515, 120.76806640625, 122.72765183448792, 124.76882863044739, 126.81840944290161, 128.86356329917908, 130.90627694129944, 132.8947594165802, 134.9862449169159, 137.11498260498047, 139.14658403396606, 141.06486058235168, 143.12436246871948, 145.2282099723816, 147.3411340713501, 149.39082551002502, 151.4251308441162, 153.53104710578918, 155.5485143661499, 157.51873660087585, 159.61964964866638, 161.57391238212585, 163.7381043434143, 165.6641116142273, 167.66576743125916, 169.7249412536621, 171.77256393432617, 173.76102089881897, 175.73441886901855, 177.74498510360718, 179.72923612594604, 181.728346824646, 183.80629324913025, 185.80547189712524, 187.9390778541565, 190.0134301185608, 192.07665634155273, 194.13468027114868, 196.21808910369873, 198.3263716697693, 200.40643668174744, 202.38894939422607, 204.4733738899231, 206.43430614471436], "val_loss": [4.685081439208984, 4.420476752471924, 4.181328158950806, 4.081193977355957, 3.943949137878418, 3.977251953125, 3.8693428077697756, 3.697862752914429, 3.692914934539795, 3.7902787467956545, 3.793928904724121, 3.5924144912719727, 3.6685762481689452, 3.563053651046753, 3.56195763092041, 3.4993598556518553, 3.5944471012115478, 3.6018184406280516, 3.527454545211792, 3.3226129844665526, 3.390399782943726, 3.573912562561035, 3.4937084087371826, 3.4631325332641603, 3.584856298828125, 3.616702262878418, 3.5659187442779543, 3.7418550842285154, 3.7131090469360353, 3.5554100624084475, 3.4875036434173583, 3.532581108093262, 3.742921323013306, 3.5907257331848146, 3.496016389465332, 3.792369007873535, 3.7295598964691163, 4.044080220794678, 3.8243601470947266, 3.759396413421631, 3.716086505126953, 3.938093938064575, 3.9307724075317383, 3.868510752105713, 4.136742725372314, 3.9001732788085937, 4.112773023986817, 4.228709664916992, 4.1703456703186035, 4.195007245254517, 4.051613515472412, 4.217891399765015, 4.186117137908935, 4.437156400680542, 4.050050302886963, 4.08219712638855, 4.084210794830322, 4.125424314117431, 4.157225194549561, 4.1333859951019285, 4.1633085426330565, 4.082575996398925, 4.045645075988769, 4.042144192123413, 4.062263284301758, 4.04737174949646, 4.032711929321289, 4.044471610260009, 4.055166952514648, 3.995592622756958, 3.99612880897522, 4.001406547546387, 3.992233016204834, 3.981639414215088, 3.994893017578125, 3.97390320892334, 3.9609952362060548, 3.964646993637085, 3.956823233795166, 3.953874251174927, 3.9470906440734863, 3.9433997550964355, 3.927552322387695, 3.9249537322998047, 3.9202045967102053, 3.932846572113037, 3.918610612487793, 3.925176223373413, 3.9187416778564454, 3.9200104946136474, 3.919885565185547, 3.9221006645202636, 3.9198613567352294, 3.9198973361968994, 3.925022445297241, 3.925763850402832, 3.917305570602417, 3.917548971557617, 3.9227695545196535, 3.926166473388672],