{"loss": [], "acc": [], "test_loss": [4.696409141540527, 4.269015676879882, 4.240509787750244, 4.027181017303467, 4.009139604187012, 3.8749165534973145, 3.8342798393249513, 3.874141635131836, 3.763800396347046, 3.7395881103515625, 3.7428883422851564, 3.8224465923309325, 3.6772273361206054, 3.7820974746704104, 3.634398676300049, 3.746004060745239, 3.5323829761505126, 3.6144347049713135, 3.591156307220459, 3.440661594390869, 3.6127309825897216, 3.890157836151123, 3.44467770652771, 3.4874904296875, 3.583724730682373, 3.4001176498413086, 3.546514868927002, 3.537664994812012, 3.3842143775939943, 3.732428038406372, 3.460352939224243, 3.5949804233551026, 3.7711602783203126, 3.5500573280334473, 3.5679772693634035, 3.5583291542053224, 3.783084534072876, 3.9904712730407716, 3.6724597427368164, 3.7136047790527345, 3.6939524768829344, 3.64211842956543, 3.8725899559020998, 3.735173694610596, 3.9456635719299316, 3.7816231925964354, 3.8434113311767577, 3.9832462593078612, 3.954177754211426, 4.059316223144531, 4.035412455749512, 4.088688607788086, 4.16105288696289, 4.006697365570068, 4.1829495544433595, 4.204662644195556, 4.101546271514892, 4.256773796081543, 4.268548513031006, 4.20487356262207, 4.1732812698364254, 4.314767713928223, 4.240483039093018, 4.237769817352295, 4.2308043785095215, 4.263331398010254, 4.214668374633789, 4.222267834472656, 4.184453016662598, 4.203578228759766, 4.20721008682251, 4.1601961212158205, 4.211108833312989, 4.181453662109375, 4.144892785644531, 4.155250741577149, 4.129142893981934, 4.1324835182189945, 4.132395008850097, 4.1223216613769535, 4.092924723052978, 4.121006172943115, 4.114471263885498, 4.118995029449463, 4.0959242172241215, 4.092838372802734, 4.099066857147217, 4.094813272094727, 4.091635629272461, 4.090566481018066, 4.098457286071778, 4.102741000366211, 4.096366242980957, 4.091752154541016, 4.082453212738037, 4.093135625457764, 4.109114517974853, 4.105761593627929, 4.0933741790771485, 4.1031164894104], "test_acc": [1.0, 4.299999713897705, 5.589999675750732, 6.599999904632568, 7.869999885559082, 9.869999885559082, 10.50999927520752, 9.819999694824219, 11.59999942779541, 12.329999923706055, 11.719999313354492, 11.529999732971191, 13.50999927520752, 13.429999351501465, 14.969999313354492, 14.269999504089355, 17.739999771118164, 16.279998779296875, 16.939998626708984, 18.439998626708984, 17.329999923706055, 16.010000228881836, 19.729999542236328, 19.75, 19.68000030517578, 20.28999900817871, 19.689998626708984, 19.709999084472656, 21.479999542236328, 19.56999969482422, 22.43000030517578, 20.889999389648438, 20.84000015258789, 22.809999465942383, 21.979999542236328, 22.93000030517578, 20.559999465942383, 20.549999237060547, 22.389999389648438, 23.049999237060547, 23.260000228881836, 24.35999870300293, 22.969999313354492, 23.5, 23.0, 24.510000228881836, 25.369998931884766, 23.889999389648438, 24.139999389648438, 24.94999885559082, 25.15999984741211, 24.93000030517578, 23.81999969482422, 26.25, 25.329999923706055, 26.239999771118164, 26.939998626708984, 26.51999855041504, 26.209999084472656, 26.92999839782715, 26.920000076293945, 26.389999389648438, 26.60999870300293, 27.81999969482422, 27.42999839782715, 27.920000076293945, 28.34000015258789, 28.739999771118164, 29.459999084472656, 28.92999839782715, 29.01999855041504, 29.439998626708984, 29.009998321533203, 29.399999618530273, 29.44999885559082, 29.40999984741211, 29.779998779296875, 29.899999618530273, 29.8799991607666, 29.90999984741211, 29.889999389648438, 29.69999885559082, 29.920000076293945, 29.920000076293945, 29.959999084472656, 30.1299991607666, 30.01999855041504, 30.03999900817871, 29.90999984741211, 30.0, 29.90999984741211, 29.729999542236328, 29.939998626708984, 30.009998321533203, 29.8799991607666, 29.889999389648438, 29.959999084472656, 29.889999389648438, 30.03999900817871, 29.809999465942383], "wall_time": [4.53800106048584, 7.070944547653198, 9.707225799560547, 12.206766128540039, 14.858522176742554, 17.47463631629944, 20.26309061050415, 22.850335121154785, 25.673065423965454, 28.46082639694214, 31.233247995376587, 33.95799374580383, 36.69283437728882, 39.292638540267944, 41.89344525337219, 44.46778750419617, 46.99070596694946, 49.61499238014221, 52.19158482551575, 55.01314330101013, 57.78500843048096, 60.556472301483154, 63.19139742851257, 65.8045825958252, 68.51284527778625, 71.2336778640747, 73.98263001441956, 76.56338667869568, 79.05405521392822, 81.6278600692749, 84.1416335105896, 86.98357939720154, 89.50908899307251, 92.13586926460266, 94.63703846931458, 97.2942111492157, 99.90885257720947, 102.44460916519165, 105.2669038772583, 107.93340063095093, 110.54709219932556, 113.3818039894104, 116.08447647094727, 118.85750532150269, 121.49096775054932, 124.17606139183044, 126.83538627624512, 129.46827912330627, 132.16299200057983, 134.8326337337494, 137.59190678596497, 140.29142832756042, 143.16358423233032, 145.94770097732544, 148.56700229644775, 151.18668580055237, 153.7085793018341, 156.567932844162, 159.1854121685028, 161.93384194374084, 164.56610417366028, 167.2766842842102, 169.8827247619629, 172.55376839637756, 175.20850110054016, 177.8661286830902, 180.50878953933716, 183.2037537097931, 185.67635035514832, 188.38241481781006, 190.97749042510986, 193.56019973754883, 196.22063446044922, 198.88415265083313, 201.6077299118042, 204.2363588809967, 206.82347536087036, 209.39553046226501, 212.10765624046326, 214.7502191066742, 217.3613839149475, 220.17479634284973, 222.9680233001709, 225.55901765823364, 228.19486618041992, 230.77790069580078, 233.31882429122925, 235.9971306324005, 238.53017926216125, 241.19521188735962, 243.93709206581116, 246.4249017238617, 249.11969423294067, 251.72252345085144, 254.43081378936768, 257.2633447647095, 259.9015190601349, 262.65454030036926, 265.29827904701233, 267.97511887550354], "val_loss": [4.700787496948243, 4.2848286518096925, 4.247331243515014, 4.036593483352661, 4.0161527633667, 3.8797466316223144, 3.8492103088378906, 3.8891213764190673, 3.765114553833008, 3.7540560607910156, 3.7547960426330564, 3.8311376075744628, 3.68803044128418, 3.787788306427002, 3.6344615802764895, 3.7565689250946046, 3.5429865013122557, 3.6087321571350097, 3.5962090366363526, 3.434613046646118, 3.594373829269409, 3.915456900024414, 3.467241580963135, 3.5189348430633545, 3.592041780471802, 3.4083951374053956, 3.5489553283691406, 3.543149324798584, 3.3762248847961427, 3.726069268798828, 3.4559060440063476, 3.613476530075073, 3.803701718902588, 3.600529443359375, 3.6186866634368897, 3.5872560913085936, 3.782837964630127, 4.01262806854248, 3.677675735473633, 3.767701489639282, 3.740268455505371, 3.6641530044555664, 3.948993218994141, 3.7159488914489747, 3.9903588260650635, 3.8114595821380615, 3.8710755088806152, 3.975717066192627, 3.9803143745422362, 4.044033757781983, 4.043044692230224, 4.120188564300537, 4.182613023376465, 4.050688276672363, 4.198730376052857, 4.275997049713134, 4.1032797092437745, 4.243655602264404, 4.290088145446777, 4.261679678344726, 4.185263806915283, 4.379908067321777, 4.285650693511963, 4.264095989990234, 4.274023654174805, 4.320322676086426, 4.261987048339844, 4.276082236480713, 4.224825618743896, 4.252878095245362, 4.270291424560547, 4.2110097816467285, 4.253301976776123, 4.227824146270752, 4.185602754974365, 4.19448271408081, 4.1707098686218265, 4.163744385528564, 4.174256650543213, 4.161926869964599, 4.131451734542846, 4.159145473861694, 4.15157234916687, 4.155511875534057, 4.134724129486084, 4.132139445495605, 4.131431155014038, 4.129467491149902, 4.130063545227051, 4.125243139266968, 4.132765631866455, 4.1359217178344725, 4.1293540313720705, 4.123452751159668, 4.111971088409424, 4.125688236236572, 4.142924530792237, 4.136504327392578, 4.129030447387695, 4.134595609283447],