{"loss": [], "acc": [], "test_loss": [4.722615278625488, 4.270589228820801, 4.182872783660889, 4.300774976348877, 4.024611380767822, 3.938412762451172, 3.9375597106933595, 3.8586613609313964, 4.288234454345703, 4.006449797058106, 3.877453388214111, 3.9224242729187013, 3.7717424377441406, 3.8090387435913087, 3.7896615879058837, 3.800019329452515, 3.7693310859680174, 3.768202459335327, 3.763909839630127, 3.7365976821899416, 3.817398056411743, 3.830686982727051, 3.7512115058898927, 3.687026745605469, 3.863027522277832, 3.7528308574676514, 3.902802917098999, 4.004080032348633, 3.848912504577637, 3.879777429962158, 4.084737370300293, 4.055479218292236, 4.084821837615967, 4.461753214263916, 4.253434448242188, 4.1614825054168705, 4.117526788330078, 4.201771955871582, 4.3325694488525395, 4.207312909698486, 4.288667474365234, 4.382217442321777, 4.269490870666504, 4.5001512687683105, 4.455683335113525, 4.3545722389221195, 4.487573665618896, 4.435512677001953, 4.583846676635742, 4.727889475250244, 4.614121306610107, 4.598169641876221, 4.715691850280762, 4.663692057800293, 4.593632720947266, 4.627048612976075, 4.6443735755920414, 4.652864788818359, 4.862777777099609, 4.743461848449707, 4.739542149353027, 4.659487753295898, 4.821285259246826, 4.679211613464355, 4.652259381866455, 4.6683074012756345, 4.584868934631348, 4.626153343963623, 4.60973243560791, 4.605655846405029, 4.641120455169678, 4.615114671325683, 4.596204943084717, 4.554944398498535, 4.584877048492432, 4.54247527923584, 4.543680470275879, 4.518427848052979, 4.50564002532959, 4.513104975128174, 4.5092104759216305, 4.510675412750244, 4.503684307861328, 4.496563808441162, 4.503748509216309, 4.487352986145019, 4.487189784240723, 4.483637255096435, 4.50056262588501, 4.491096282958984, 4.495204299163818, 4.487549275970459, 4.496346738433838, 4.489853469085693, 4.4947084617614745, 4.489516598510742, 4.483906810760498, 4.500550064086914, 4.483323000335694, 4.481354373931885], "test_acc": [1.0399999618530273, 5.139999866485596, 6.62999963760376, 6.440000057220459, 8.789999961853027, 8.920000076293945, 10.019999504089355, 11.199999809265137, 8.399999618530273, 10.920000076293945, 11.399999618530273, 11.789999961853027, 12.869999885559082, 12.569999694824219, 13.25, 13.920000076293945, 14.719999313354492, 14.569999694824219, 15.0, 15.239999771118164, 16.0, 15.460000038146973, 17.719999313354492, 17.65999984741211, 15.899999618530273, 17.049999237060547, 16.81999969482422, 16.09000015258789, 17.760000228881836, 18.760000228881836, 17.65999984741211, 17.229999542236328, 17.299999237060547, 14.069999694824219, 16.78999900817871, 17.799999237060547, 16.760000228881836, 18.78999900817871, 16.299999237060547, 19.53999900817871, 18.799999237060547, 18.829999923706055, 19.760000228881836, 18.639999389648438, 18.959999084472656, 20.779998779296875, 20.389999389648438, 20.260000228881836, 20.760000228881836, 20.139999389648438, 20.69999885559082, 21.869998931884766, 20.68000030517578, 20.959999084472656, 22.26999855041504, 22.03999900817871, 22.229999542236328, 22.920000076293945, 21.329999923706055, 22.139999389648438, 22.31999969482422, 23.44999885559082, 21.93000030517578, 22.849998474121094, 23.559999465942383, 23.829999923706055, 23.479999542236328, 23.44999885559082, 24.1299991607666, 23.81999969482422, 23.599998474121094, 23.809999465942383, 23.889999389648438, 24.170000076293945, 23.849998474121094, 24.469999313354492, 24.26999855041504, 24.369998931884766, 24.6299991607666, 24.59000015258789, 24.469999313354492, 24.349998474121094, 24.65999984741211, 24.68000030517578, 24.51999855041504, 24.479999542236328, 24.43000030517578, 24.53999900817871, 24.44999885559082, 24.649999618530273, 24.34000015258789, 24.619998931884766, 24.709999084472656, 24.619998931884766, 24.78999900817871, 24.78999900817871, 24.649999618530273, 24.670000076293945, 24.670000076293945, 24.78999900817871], "wall_time": [3.575529098510742, 5.638820171356201, 7.778647184371948, 9.873077154159546, 11.903066635131836, 14.074681520462036, 16.16335129737854, 18.180973768234253, 20.354430198669434, 22.454936981201172, 24.5622239112854, 26.80635952949524, 28.919824838638306, 31.057619333267212, 33.15083456039429, 35.198816537857056, 37.34151577949524, 39.56915354728699, 41.64268183708191, 43.629658937454224, 45.675695180892944, 47.91656708717346, 50.05871391296387, 52.116393089294434, 54.215683698654175, 56.285059213638306, 58.32031536102295, 60.40312361717224, 62.56878137588501, 64.63122177124023, 66.69838380813599, 68.77249693870544, 70.86064600944519, 73.04480767250061, 75.22471928596497, 77.2818717956543, 79.45083236694336, 81.49149966239929, 83.81137871742249, 85.95709300041199, 88.00945973396301, 90.18743014335632, 92.35087132453918, 94.52073979377747, 96.77640652656555, 99.04661583900452, 101.33860802650452, 103.50258183479309, 105.7410933971405, 108.11035346984863, 110.39542889595032, 112.70685744285583, 115.01838636398315, 117.31659030914307, 119.67261385917664, 121.90195798873901, 124.04259276390076, 126.3261399269104, 128.52028965950012, 130.818199634552, 133.28526496887207, 135.45855259895325, 137.7124342918396, 139.97630143165588, 142.17280220985413, 144.38365411758423, 146.59314560890198, 148.83617091178894, 151.0771985054016, 153.3027696609497, 155.3641483783722, 157.52856826782227, 159.56076836585999, 161.65401458740234, 163.7180097103119, 165.8195948600769, 167.89746809005737, 169.93962335586548, 172.06190705299377, 174.2730691432953, 176.3547637462616, 178.4572615623474, 180.5660276412964, 182.70406103134155, 184.88016295433044, 187.04186129570007, 189.11460065841675, 191.23513102531433, 193.33002829551697, 195.42491698265076, 197.51652789115906, 199.57743787765503, 201.77426767349243, 203.91294932365417, 206.04010438919067, 208.10395169258118, 210.15141558647156, 212.26730680465698, 214.38459992408752, 216.51770329475403], "val_loss": [4.723670326995849, 4.283831963348389, 4.187811871719361, 4.320060454559326, 4.037747895050049, 3.9385477516174316, 3.9557553524017335, 3.867680157089233, 4.30780945892334, 4.00668596572876, 3.883186933898926, 3.926015121459961, 3.762875468444824, 3.783383345413208, 3.758467723083496, 3.7860666355133055, 3.771538540267944, 3.771124068069458, 3.770166904449463, 3.732666128540039, 3.788664902496338, 3.811233539581299, 3.7793120525360107, 3.689029471206665, 3.8484991008758547, 3.778386849975586, 3.904217205810547, 3.9911999263763427, 3.859426805114746, 3.888400224304199, 4.089188834381104, 4.070134693908692, 4.095737399291992, 4.4872978492736815, 4.247618830490112, 4.177835051727295, 4.13233459701538, 4.197859883117676, 4.382232914733887, 4.253071194458008, 4.342682090759277, 4.38978485031128, 4.268455220031738, 4.543722442626953, 4.471640660858155, 4.429793496704102, 4.508092493057251, 4.477014974212646, 4.634819599151611, 4.808790377044677, 4.678211701965332, 4.621386576843261, 4.7890463584899905, 4.7144907905578615, 4.67966067352295, 4.66838409576416, 4.733986640167236, 4.7257011520385745, 4.903615653991699, 4.813789619445801, 4.799480784606933, 4.745476030731202, 4.911555169677734, 4.755636819458008, 4.728906687927246, 4.727234880828857, 4.692208727264404, 4.709962457275391, 4.68496987991333, 4.673640043640137, 4.705078803253174, 4.686147166442871, 4.660418986511231, 4.625229109191895, 4.657291408538819, 4.606955658721924, 4.621492870330811, 4.592179207611084, 4.582634083557129, 4.586241883850097, 4.587185340881348, 4.58374264831543, 4.57547943649292, 4.565917478942871, 4.575589045715332, 4.556359089660645, 4.552680585479736, 4.557820986175537, 4.568692977142334, 4.562515071105957, 4.5615845382690425, 4.560626090240478, 4.570273416900635, 4.559672436523438, 4.5586976745605465, 4.558843089294434, 4.551876705932617, 4.573580375671387, 4.549916934204101, 4.554293521118164],