{"loss": [], "acc": [], "test_loss": [4.702002883911133, 4.357513290405273, 4.198887477874756, 4.0206912368774415, 4.001401573181153, 3.9251791458129883, 3.8693390007019044, 3.933768328857422, 3.8072640365600585, 3.7600308544158936, 3.9063397415161134, 3.870964533996582, 3.710705490875244, 3.7403390644073484, 3.7507217700958253, 3.811229266357422, 3.6997441818237307, 3.7176135833740234, 3.905265961456299, 3.7511596130371094, 3.8927318893432616, 3.6135525077819826, 3.5563771648406983, 3.5336595989227293, 3.751730837249756, 3.5213769027709962, 3.5310997062683107, 3.6853844429016114, 3.6054165817260744, 3.6396395977020264, 3.619239598083496, 3.6458905723571777, 3.741358835601807, 3.5787221687316895, 3.832819820404053, 3.999877787399292, 3.976618051147461, 3.713393264007568, 3.771588636016846, 3.826234893798828, 3.9079551128387453, 3.831255900192261, 3.7976052867889405, 3.9205360721588134, 3.9646100326538085, 4.171624585723877, 4.031763786315918, 3.9479728576660156, 4.14917652053833, 4.138204586029053, 4.24929257888794, 4.245515604400635, 4.233799450683594, 4.258497345733643, 4.429826676177979, 4.262699011230469, 4.332674052810669, 4.35252813949585, 4.412351419830323, 4.436273997497558, 4.366172590637207, 4.403121492004394, 4.3961128311157225, 4.416313029479981, 4.480813249969483, 4.401695399475098, 4.371581558227539, 4.401661149597168, 4.381064784240722, 4.379045663452149, 4.381846327209472, 4.362965632629394, 4.3437885032653805, 4.329225144195557, 4.348107122039795, 4.333306422424316, 4.309527447509765, 4.294367102050781, 4.310010984802246, 4.318384144592285, 4.306286952972412, 4.2896763046264645, 4.2751751861572265, 4.278701578521728, 4.284302877044678, 4.280151918792725, 4.277191306304932, 4.279028133392334, 4.274458032989502, 4.276596753692627, 4.269195680236816, 4.2604757598876954, 4.280659139251709, 4.270765724182129, 4.27299694442749, 4.275758666992187, 4.27789160232544, 4.273617413330078, 4.270609449768067, 4.275585902404785], "test_acc": [1.0, 4.199999809265137, 5.799999713897705, 7.480000019073486, 8.869999885559082, 9.760000228881836, 9.609999656677246, 9.179999351501465, 10.949999809265137, 12.149999618530273, 11.029999732971191, 11.25999927520752, 13.420000076293945, 13.039999961853027, 13.4399995803833, 14.449999809265137, 13.729999542236328, 15.079999923706055, 15.25, 14.789999961853027, 13.369999885559082, 15.889999389648438, 18.69999885559082, 18.510000228881836, 17.489999771118164, 19.899999618530273, 19.760000228881836, 17.299999237060547, 18.529998779296875, 19.119998931884766, 19.799999237060547, 19.869998931884766, 19.149999618530273, 21.670000076293945, 19.649999618530273, 18.1299991607666, 19.19999885559082, 19.739999771118164, 20.739999771118164, 20.209999084472656, 20.94999885559082, 22.279998779296875, 22.649999618530273, 22.10999870300293, 22.049999237060547, 20.779998779296875, 22.439998626708984, 23.56999969482422, 22.40999984741211, 22.189998626708984, 22.18000030517578, 23.439998626708984, 23.010000228881836, 23.099998474121094, 21.579999923706055, 23.149999618530273, 24.03999900817871, 24.3799991607666, 24.35999870300293, 23.760000228881836, 25.40999984741211, 25.099998474121094, 24.969999313354492, 25.510000228881836, 24.920000076293945, 25.619998931884766, 25.85999870300293, 25.809999465942383, 25.899999618530273, 26.17999839782715, 26.139999389648438, 25.920000076293945, 26.459999084472656, 26.369998931884766, 26.3799991607666, 26.889999389648438, 26.729999542236328, 26.760000228881836, 26.92999839782715, 26.69999885559082, 26.69999885559082, 26.889999389648438, 27.029998779296875, 26.979999542236328, 27.06999969482422, 27.309999465942383, 27.19999885559082, 27.099998474121094, 27.09000015258789, 27.119998931884766, 27.26999855041504, 27.309999465942383, 27.229999542236328, 27.349998474121094, 27.189998626708984, 27.51999855041504, 27.35999870300293, 27.229999542236328, 27.469999313354492, 27.329999923706055], "wall_time": [4.535152196884155, 7.254028797149658, 9.830798387527466, 12.633352279663086, 15.424680948257446, 18.14098024368286, 20.893721103668213, 23.753682374954224, 26.43425488471985, 29.22200632095337, 32.0809166431427, 34.71495485305786, 37.2515287399292, 40.04979586601257, 42.894291400909424, 45.63448786735535, 48.43654441833496, 51.148151874542236, 54.129812240600586, 56.78572177886963, 59.522674322128296, 62.21349215507507, 64.86234951019287, 67.58716177940369, 70.0835394859314, 73.03074026107788, 75.79471111297607, 78.51760482788086, 81.38067626953125, 84.1303277015686, 86.85498714447021, 89.47150301933289, 92.05955910682678, 94.89199328422546, 97.83595609664917, 100.65502071380615, 103.52892684936523, 106.34156894683838, 109.1235179901123, 111.73565196990967, 114.52006125450134, 117.24497890472412, 119.9607002735138, 122.67431402206421, 125.34677243232727, 128.05630707740784, 130.93514132499695, 133.75389409065247, 136.3323996067047, 139.0994167327881, 141.9912567138672, 144.78580117225647, 147.56419277191162, 150.36935114860535, 153.19599890708923, 155.96747756004333, 158.74428129196167, 161.39011144638062, 164.10759782791138, 166.86391830444336, 169.68399047851562, 172.6074824333191, 175.47324919700623, 178.22480702400208, 180.97145080566406, 183.80655646324158, 186.43862652778625, 189.16503977775574, 191.7160918712616, 194.58262300491333, 197.31642150878906, 199.99735498428345, 202.65210056304932, 205.3505892753601, 208.0823266506195, 210.84018278121948, 213.7115397453308, 216.4918932914734, 219.32506465911865, 222.16227507591248, 224.99301433563232, 227.86397576332092, 230.4464783668518, 233.0704574584961, 235.9113893508911, 238.62318015098572, 241.42643809318542, 244.00371599197388, 246.74522280693054, 249.51430892944336, 252.48546862602234, 255.0264973640442, 257.73299837112427, 260.3915753364563, 263.12542176246643, 265.8066248893738, 268.528085231781, 271.2046422958374, 273.9792814254761, 276.68644404411316], "val_loss": [4.708196608734131, 4.377190901947022, 4.201205653381348, 4.023023351287842, 3.9990295444488524, 3.941889623260498, 3.8704455535888673, 3.9410611137390137, 3.8317576847076418, 3.7625717090606687, 3.922820536804199, 3.8735732833862304, 3.731161452484131, 3.7488706764221194, 3.760073055267334, 3.8151294151306154, 3.714208048629761, 3.733780941772461, 3.9139363754272463, 3.7620867366790773, 3.9144349922180175, 3.607372872161865, 3.587040333557129, 3.56100339012146, 3.7794395599365234, 3.5482855335235595, 3.5634905937194823, 3.712365838241577, 3.6437267417907715, 3.6500914169311525, 3.642529393005371, 3.6679956577301027, 3.734886039352417, 3.5725948558807374, 3.808744686126709, 4.019674337768555, 3.9966551223754885, 3.7291542976379395, 3.7729488121032713, 3.8696376846313476, 3.886601011276245, 3.8564240394592284, 3.846771238708496, 3.9539306068420412, 4.027121008300782, 4.2076308723449705, 4.071886486053467, 3.9590574211120604, 4.143348142242432, 4.22166942062378, 4.257645377349854, 4.330828420257569, 4.25193805847168, 4.274099925231933, 4.434896296691894, 4.3236937332153325, 4.378194190216065, 4.402268271636963, 4.447021729278564, 4.490723534393311, 4.427315078735352, 4.477192218017578, 4.407964437866211, 4.45202635269165, 4.523298351287842, 4.459324327087402, 4.418241245269775, 4.44123556060791, 4.42095496673584, 4.4117782707214355, 4.432401490020752, 4.4063393585205075, 4.401794927978516, 4.380755644226074, 4.396179238891602, 4.377535697174072, 4.3545742622375485, 4.349657147979737, 4.361572673797608, 4.367964470672607, 4.350653033447266, 4.334511561584472, 4.3292387565612795, 4.326953304290772, 4.336520216369629, 4.327052614593506, 4.324442642211914, 4.328763580322265, 4.318033054351806, 4.322068363952637, 4.313759674072266, 4.31057423248291, 4.332036755371094, 4.318693921661377, 4.324021652984619, 4.3244518913269046, 4.328159376525879, 4.3229928855896, 4.322775553894043, 4.326059353637695],