{"loss": [], "acc": [], "test_loss": [4.708509018707275, 4.3898116401672365, 4.174511182403564, 6.053952833557129, 4.097830108642578, 4.104727465057373, 3.6973299613952637, 3.4572503055572508, 3.353545269012451, 3.4135139045715333, 3.3727899169921876, 3.238153845977783, 3.0860190448760987, 2.9970014583587647, 3.1303848747253418, 3.090768823623657, 3.2307058921813967, 3.198361865234375, 3.0746422607421877, 3.1786711936950685, 2.9960255146026613, 2.9399905311584473, 2.979487947845459, 3.016106796646118, 3.2327457008361815, 3.1356083114624025, 2.968699974060059, 3.182980257797241, 3.3786546566009523, 3.1666171894073485, 3.0879828979492188, 3.2062262783050537, 3.2195014015197754, 3.1218944595336913, 3.377330643081665, 3.228523762512207, 3.3918841884613036, 3.3554899829864504, 3.400003846359253, 3.29419587097168, 3.368640961074829, 3.4301525779724122, 3.414079117965698, 3.4176197383880615, 3.3999375602722166, 3.4388385887146, 3.3608322914123536, 3.4486087245941164, 3.306279317855835, 3.3248496406555175, 3.3112315170288085, 3.4121071922302244, 3.359938473892212, 3.3405988052368163, 3.2692861156463624, 3.2623673469543455, 3.1948214500427246, 3.172212781906128, 3.168798123931885, 3.149223850250244, 3.142404567718506, 3.145248738861084, 3.100489962005615, 3.0729463512420656, 3.0822651985168457, 3.044785708618164, 3.0257335624694823, 3.0124333530426024, 3.028927787399292, 2.9958548431396483, 3.004767712020874, 2.989209337615967, 2.9813577529907227, 2.9728678382873537, 2.9746740863800047, 2.9571569469451906, 2.9503202430725097, 2.9524064025878904, 2.942456089782715, 2.948265402984619, 2.9395420555114744, 2.9374714782714846, 2.9441414138793944, 2.9280305572509766, 2.940502225112915, 2.9284653953552247, 2.9298490272521973, 2.931046863937378, 2.9248870254516603, 2.926008453369141, 2.9262203804016114, 2.9249848346710206, 2.926710824584961, 2.9209972454071047, 2.921977927017212, 2.9232859970092773, 2.91838151550293, 2.9296730838775633, 2.9338714515686033, 2.9316573661804197], "test_acc": [1.0, 5.119999885559082, 6.809999942779541, 2.440000057220459, 8.519999504089355, 9.550000190734863, 14.319999694824219, 16.520000457763672, 18.779998779296875, 18.920000076293945, 20.079999923706055, 22.59000015258789, 23.779998779296875, 25.989999771118164, 25.09000015258789, 27.299999237060547, 25.279998779296875, 24.959999084472656, 27.689998626708984, 27.760000228881836, 29.979999542236328, 29.90999984741211, 30.75, 30.65999984741211, 30.309999465942383, 30.649999618530273, 32.32999801635742, 30.799999237060547, 28.479999542236328, 31.729999542236328, 33.14999771118164, 32.5099983215332, 32.91999816894531, 34.48999786376953, 32.68000030517578, 33.87999725341797, 31.90999984741211, 33.849998474121094, 32.63999938964844, 34.32999801635742, 34.40999984741211, 34.27000045776367, 34.23999786376953, 34.7599983215332, 34.869998931884766, 35.12999725341797, 36.05999755859375, 35.68000030517578, 37.75, 38.25, 37.91999816894531, 36.48999786376953, 37.18000030517578, 36.98999786376953, 38.88999938964844, 38.16999816894531, 39.13999938964844, 39.52000045776367, 40.209999084472656, 40.09000015258789, 39.66999816894531, 39.709999084472656, 40.20000076293945, 40.2599983215332, 40.029998779296875, 40.95000076293945, 40.72999954223633, 41.05999755859375, 40.93000030517578, 41.05999755859375, 40.849998474121094, 41.459999084472656, 41.36000061035156, 41.56999969482422, 41.29999923706055, 41.30999755859375, 41.32999801635742, 41.23999786376953, 41.54999923706055, 41.439998626708984, 41.70000076293945, 41.66999816894531, 41.30999755859375, 41.38999938964844, 41.32999801635742, 41.37999725341797, 41.45000076293945, 41.38999938964844, 41.73999786376953, 41.41999816894531, 41.30999755859375, 41.459999084472656, 41.30999755859375, 41.43000030517578, 41.46999740600586, 41.23999786376953, 41.53999710083008, 41.349998474121094, 41.56999969482422, 41.38999938964844], "wall_time": [5.976969242095947, 9.553688287734985, 13.121469497680664, 16.67949652671814, 20.22596502304077, 23.75375747680664, 27.29488444328308, 30.84080147743225, 34.45400261878967, 37.978469133377075, 41.556416749954224, 45.20050024986267, 48.777286529541016, 52.38797354698181, 56.02201962471008, 59.56258010864258, 63.09817028045654, 66.65349841117859, 70.20316934585571, 73.73050427436829, 77.4440848827362, 81.01585078239441, 84.53692650794983, 88.07657980918884, 91.64370632171631, 95.22423386573792, 98.75025200843811, 102.31346344947815, 105.8497703075409, 109.440194606781, 112.99173736572266, 116.58990788459778, 120.14270043373108, 123.66698241233826, 127.19222283363342, 130.73196291923523, 134.2885024547577, 137.82142400741577, 141.56018567085266, 145.09662795066833, 148.74042463302612, 152.31808280944824, 155.8526873588562, 159.38792300224304, 162.92718935012817, 166.42636513710022, 169.95843362808228, 173.49673700332642, 177.04017400741577, 180.57093167304993, 184.13891410827637, 187.73225927352905, 191.2766146659851, 194.8024160861969, 198.34420585632324, 201.90864515304565, 205.48465514183044, 209.0557198524475, 212.62224674224854, 216.1619336605072, 219.7457995414734, 223.31951880455017, 226.88147258758545, 230.37957191467285, 233.9370617866516, 237.48807096481323, 241.04830360412598, 244.58646750450134, 248.13467168807983, 251.74844002723694, 255.385644197464, 258.9149045944214, 262.43901205062866, 266.00974917411804, 269.56770420074463, 273.14471197128296, 276.69097542762756, 280.23737502098083, 283.85360884666443, 287.38905215263367, 290.94423818588257, 294.4934959411621, 298.0358130931854, 301.58574748039246, 305.1792335510254, 308.730788230896, 312.2707009315491, 315.82319831848145, 319.3479313850403, 322.9279263019562, 326.5028669834137, 330.051509141922, 333.5784258842468, 337.1472599506378, 340.73344898223877, 344.28427147865295, 347.8308062553406, 351.4654393196106, 354.9959542751312, 358.5359950065613], "val_loss": [4.7190688117980955, 4.396097250366211, 4.191473278045654, 6.0268184776306155, 4.109156842803955, 4.097320132446289, 3.7227032802581785, 3.477776594543457, 3.395124133682251, 3.4148995658874512, 3.39385309715271, 3.2740824005126954, 3.116841279220581, 3.0243690063476563, 3.1754851596832276, 3.105454663848877, 3.2820840229034425, 3.2605474185943604, 3.146445888519287, 3.222823024368286, 3.0579980792999266, 2.950055113220215, 2.9936616443634034, 3.0567573799133303, 3.249815533065796, 3.1756387561798096, 2.9582629402160645, 3.156860094833374, 3.4122585163116455, 3.1713977928161623, 3.1248471229553223, 3.230230381011963, 3.233613232421875, 3.1529846626281737, 3.384025458908081, 3.2651148468017577, 3.416013896560669, 3.371685312652588, 3.4127666732788087, 3.3109744029998778, 3.3911520637512207, 3.4420679168701174, 3.456667417526245, 3.4470313613891603, 3.450182043457031, 3.4481270378112794, 3.3640032417297365, 3.483369818496704, 3.3139052631378174, 3.352369090652466, 3.358241813659668, 3.4473474021911623, 3.3513569984436034, 3.359259464263916, 3.3056223712921144, 3.2577645095825196, 3.2053383575439454, 3.1851655521392823, 3.1829238189697264, 3.172870835494995, 3.1710526206970213, 3.1671088836669923, 3.095026626586914, 3.0630368003845216, 3.0867905307769776, 3.05357751121521, 3.040136502075195, 3.0315763679504393, 3.048123838043213, 3.00705726852417, 3.0119599975585936, 2.9956593139648438, 2.9854236061096193, 2.9806963920593263, 2.980622681427002, 2.9680528785705564, 2.9578077728271484, 2.9609573474884034, 2.9456761054992677, 2.9536923095703127, 2.943919383239746, 2.939409494018555, 2.946402348327637, 2.9300616516113283, 2.943446807098389, 2.9341590698242186, 2.9358455436706543, 2.9349076583862304, 2.9324252548217773, 2.931025128173828, 2.930402147293091, 2.9303777954101564, 2.9310733028411864, 2.924897322845459, 2.927894130706787, 2.929161525726318, 2.9229777839660644, 2.933959778594971, 2.937572887802124, 2.9375913818359374],