{"loss": [], "acc": [], "test_loss": [4.6968240043640135, 4.276214302825927, 4.302659755706787, 3.9234311752319337, 3.9133280395507812, 6.547770860290528, 3.563195319747925, 3.3406835136413573, 3.3676520843505857, 3.080353271484375, 3.7717194221496584, 3.4202068965911865, 3.078921404647827, 3.4054654613494875, 6.302264388275146, 3.2894569831848144, 4.2826823738098145, 3.601434619140625, 3.302470431900024, 2.9444485958099365, 2.8961281162261963, 3.723739162445068, 3.1072021587371825, 2.9159107753753664, 3.4062320106506347, 3.1049964488983153, 2.93711321182251, 3.3409925994873046, 3.209920526123047, 3.2032966190338135, 2.9923407333374024, 3.108724210739136, 3.320643901824951, 3.3187056159973145, 3.1611431186676024, 3.1443236373901366, 3.517273432922363, 3.1267910682678224, 3.4497768817901613, 3.1884058731079103, 3.2984859828948974, 2.9780459228515626, 3.2592867835998534, 3.106451065826416, 3.7926076538085938, 3.63388355178833, 3.0679861236572266, 3.2502041759490967, 3.2898263805389405, 3.1870504821777343, 3.1003062107086183, 3.2434498901367186, 3.1745018756866457, 3.2221313484191896, 3.169619952774048, 3.1544162734985353, 3.1299482818603517, 3.1685184894561766, 3.0090647483825683, 2.9919159317016604, 2.922625466537476, 3.093732537841797, 2.9963087436676026, 3.590505588531494, 2.9547295166015624, 3.2484674381256102, 3.0354867446899414, 2.92124930229187, 2.9839358055114746, 2.847174140548706, 2.8166731498718263, 2.9188488746643064, 2.814084568786621, 2.805591320800781, 2.917638702392578, 2.724873672103882, 2.7974644119262697, 2.737844329071045, 2.7744109043121337, 2.7231321266174318, 2.766481259536743, 2.7465598011016845, 2.7285379386901853, 2.7381192764282227, 2.749444462585449, 2.688010701751709, 2.7020961502075194, 2.681397880935669, 2.6740022872924807, 2.680812353515625, 2.671880337524414, 2.6673121852874755, 2.669896054458618, 2.6640019275665283, 2.6627430450439453, 2.6631996337890627, 2.666653219604492, 2.6590137413024904, 2.6666362644195556, 2.6540217964172363], "test_acc": [1.0, 5.619999885559082, 4.46999979019165, 8.619999885559082, 9.84000015258789, 2.3499999046325684, 16.010000228881836, 19.279998779296875, 18.93000030517578, 23.18000030517578, 17.989999771118164, 20.26999855041504, 26.349998474121094, 22.189998626708984, 7.460000038146973, 23.969999313354492, 16.35999870300293, 21.34000015258789, 24.099998474121094, 31.799999237060547, 29.209999084472656, 21.799999237060547, 31.509998321533203, 32.15999984741211, 26.420000076293945, 34.48999786376953, 34.040000915527344, 30.34000015258789, 31.579999923706055, 32.70000076293945, 34.82999801635742, 32.95000076293945, 31.28999900817871, 33.20000076293945, 35.54999923706055, 34.61000061035156, 31.209999084472656, 35.40999984741211, 31.8799991607666, 35.62999725341797, 35.80999755859375, 39.65999984741211, 35.38999938964844, 38.05999755859375, 29.189998626708984, 33.0, 39.189998626708984, 37.89999771118164, 36.62999725341797, 38.64999771118164, 40.41999816894531, 38.91999816894531, 39.5, 39.63999938964844, 39.31999969482422, 40.39999771118164, 40.36000061035156, 40.38999938964844, 41.70000076293945, 42.439998626708984, 42.88999938964844, 41.55999755859375, 42.21999740600586, 35.45000076293945, 42.39999771118164, 39.45000076293945, 41.07999801635742, 43.099998474121094, 42.61000061035156, 44.18000030517578, 43.95000076293945, 43.119998931884766, 44.68000030517578, 44.20000076293945, 42.87999725341797, 44.64999771118164, 44.619998931884766, 45.7599983215332, 44.869998931884766, 45.57999801635742, 45.279998779296875, 45.48999786376953, 44.79999923706055, 44.72999954223633, 45.2599983215332, 45.779998779296875, 45.32999801635742, 45.81999969482422, 46.0, 45.90999984741211, 45.93000030517578, 46.06999969482422, 46.21999740600586, 45.959999084472656, 45.939998626708984, 46.18000030517578, 46.15999984741211, 46.0, 46.209999084472656, 46.12999725341797], "wall_time": [4.379242658615112, 6.924647331237793, 9.71356987953186, 12.355147361755371, 15.02842926979065, 18.64240050315857, 22.55486011505127, 27.204695224761963, 29.900436401367188, 34.455241680145264, 38.92776107788086, 41.814509868621826, 46.31967544555664, 49.47304058074951, 53.80480074882507, 58.27273464202881, 61.023712396621704, 65.66659235954285, 69.02511477470398, 73.30835843086243, 77.81924104690552, 80.70511031150818, 85.24874901771545, 89.77440452575684, 92.69134044647217, 97.21359658241272, 100.81364679336548, 104.93391108512878, 109.36969637870789, 112.11222434043884, 116.70067691802979, 119.38215732574463, 121.83960056304932, 124.37038731575012, 127.07087087631226, 129.7259886264801, 132.15588808059692, 134.89001870155334, 137.63613414764404, 140.0566167831421, 142.81533288955688, 146.33053016662598, 150.21737575531006, 154.8643090724945, 157.75979781150818, 162.23531579971313, 166.91341996192932, 169.58892154693604, 174.2297341823578, 177.85934019088745, 181.87583374977112, 186.33821296691895, 189.06122660636902, 193.55701565742493, 197.92918300628662, 200.93425250053406, 205.54268383979797, 208.67715120315552, 213.1932520866394, 217.84588360786438, 220.59831833839417, 224.96574878692627, 227.53007411956787, 230.1185851097107, 232.8173122406006, 235.46753549575806, 238.25635433197021, 242.75642657279968, 245.58309316635132, 250.0207121372223, 254.5822160243988, 257.4183974266052, 261.93786239624023, 264.85768246650696, 269.4297776222229, 273.7826805114746, 276.5913646221161, 281.2267243862152, 284.48511934280396, 288.7781262397766, 293.34977674484253, 295.9372570514679, 300.6002628803253, 304.8558421134949, 308.3353021144867, 312.77876567840576, 315.93593525886536, 320.4229803085327, 325.1209237575531, 327.82565450668335, 332.43158888816833, 336.86837100982666, 339.88565492630005, 344.3742423057556, 347.4730043411255, 352.04622435569763, 356.5630145072937, 359.4194052219391, 363.945663690567, 367.58269596099854], "val_loss": [4.703726826477051, 4.31261676864624, 4.300009661102295, 3.9413212242126465, 3.9233954471588133, 6.546375016784668, 3.623109371185303, 3.371575957489014, 3.3914194717407224, 3.11248828125, 3.7723168701171876, 3.4709013778686524, 3.1002629291534425, 3.4176387176513674, 6.326489598083496, 3.3104521938323974, 4.343051150512696, 3.6364705738067626, 3.3100214080810546, 2.9204130165100097, 2.8930164394378663, 3.733802265930176, 3.1450046661376954, 2.940874169921875, 3.479008638763428, 3.1178876956939696, 2.945094715118408, 3.4248759338378907, 3.2319138389587403, 3.1881631706237794, 3.030615573120117, 3.104154211807251, 3.354286566925049, 3.354564101409912, 3.187834262466431, 3.138246911621094, 3.5046261795043945, 3.138318362426758, 3.4743114555358887, 3.2135922374725343, 3.2566859535217283, 2.968671269989014, 3.2574554340362547, 3.143852522277832, 3.818844748687744, 3.6752028938293457, 3.057945041656494, 3.2847994663238524, 3.262920603942871, 3.177270462989807, 3.1337001586914064, 3.2026310096740724, 3.172133952331543, 3.245323893356323, 3.1462522108078, 3.1188015094757082, 3.102642409515381, 3.131118815231323, 3.0009881134033205, 3.0115101989746096, 2.9031366600036623, 3.092724217224121, 2.984208235549927, 3.616151515960693, 2.97187336769104, 3.213448878479004, 3.0384662002563476, 2.911465193939209, 2.977441377258301, 2.8407335346221925, 2.782411625289917, 2.882217038345337, 2.7964704990386964, 2.7987366014480592, 2.8655916217803954, 2.7280189849853516, 2.7495726024627687, 2.7281358863830567, 2.753296152114868, 2.724868404388428, 2.7599775295257567, 2.7265099277496336, 2.7076134590148926, 2.7273675636291506, 2.7489875802993775, 2.6722614276885985, 2.6903860052108763, 2.6525431516647338, 2.663328931427002, 2.655288920211792, 2.6514296443939207, 2.6467095766067503, 2.6477327531814576, 2.6424651905059813, 2.643825533103943, 2.646666030883789, 2.6522744974136354, 2.641898280334473, 2.6476701276779173, 2.639134309577942],