{"loss": [], "acc": [], "test_loss": [4.63212928314209, 4.399238262939453, 4.221516577911377, 4.065713966369629, 4.028602115631103, 4.058479306793213, 3.923221528625488, 3.8191448528289795, 3.8291336837768553, 3.757832014083862, 3.805394362640381, 3.688886164855957, 3.848023478317261, 3.7053413555145265, 3.8034532020568848, 3.7139149421691893, 3.6462424949645995, 3.6147566650390623, 3.5283452793121337, 3.605960248565674, 3.5393918182373048, 3.51810071144104, 3.5113476303100586, 3.769043394088745, 3.751246678161621, 3.4171900802612303, 3.505620751571655, 3.489738326263428, 3.4910272830963134, 3.3448982917785646, 3.3048370807647705, 3.3168482639312744, 3.3829924942016603, 3.3883618019104005, 3.4355543395996095, 3.6514567337036135, 3.433929797744751, 3.446624794387817, 3.3130364364624025, 3.3619415077209474, 3.345098229598999, 3.320509434890747, 3.398469652557373, 3.3446094802856443, 3.4378954418182373, 3.317271403121948, 3.2872816314697264, 3.5029079040527344, 3.5757132331848145, 3.4050788799285887, 3.4720867404937743, 3.503901181793213, 3.629383267211914, 3.4348004417419435, 3.5166754196166994, 3.555732151794434, 3.583472376251221, 3.6535054416656494, 3.649087399673462, 3.669718982696533, 3.6078500617980955, 3.622526881790161, 3.6585144966125487, 3.6201788883209227, 3.706115232849121, 3.7173692054748537, 3.7709472084045412, 3.7603311740875243, 3.83076676864624, 3.784366646575928, 3.8625599479675294, 3.873814971923828, 3.902205746459961, 3.8838157752990723, 3.887173462677002, 3.8870243965148927, 3.90507462310791, 3.93597120513916, 3.9357376586914063, 3.9085101837158205, 3.921092237854004, 3.91650461807251, 3.924685821533203, 3.9280324363708496, 3.935459959411621, 3.9193429420471193, 3.945033744049072, 3.9396269088745117, 3.9594609245300294, 3.9382971733093264, 3.946033306121826, 3.9570536727905274, 3.9466071311950683, 3.9471771003723144, 3.946901725769043, 3.9423649269104004, 3.951609462738037, 3.9409399436950685, 3.958449169921875, 3.9405076431274413], "test_acc": [1.0, 4.039999961853027, 5.059999942779541, 6.079999923706055, 7.079999923706055, 6.549999713897705, 8.639999389648438, 10.569999694824219, 10.619999885559082, 11.479999542236328, 10.149999618530273, 13.880000114440918, 11.619999885559082, 13.09999942779541, 13.079999923706055, 13.319999694824219, 14.039999961853027, 15.09999942779541, 16.739999771118164, 14.549999237060547, 16.469999313354492, 16.779998779296875, 16.93000030517578, 15.229999542236328, 14.179999351501465, 19.6299991607666, 18.31999969482422, 18.689998626708984, 18.25, 21.06999969482422, 21.729999542236328, 22.209999084472656, 21.350000381469727, 21.90999984741211, 21.010000228881836, 18.389999389648438, 20.579999923706055, 21.01999855041504, 23.599998474121094, 23.5, 22.689998626708984, 24.40999984741211, 23.889999389648438, 25.10999870300293, 23.809999465942383, 24.149999618530273, 26.19999885559082, 24.149999618530273, 23.739999771118164, 25.59000015258789, 25.670000076293945, 26.420000076293945, 25.06999969482422, 27.78999900817871, 27.06999969482422, 26.869998931884766, 26.809999465942383, 26.0, 26.44999885559082, 26.969999313354492, 27.8799991607666, 28.260000228881836, 28.439998626708984, 28.649999618530273, 28.529998779296875, 28.81999969482422, 28.459999084472656, 28.439998626708984, 28.689998626708984, 29.67999839782715, 29.53999900817871, 28.90999984741211, 29.59000015258789, 30.09000015258789, 30.729999542236328, 30.17999839782715, 30.619998931884766, 30.19999885559082, 30.369998931884766, 30.779998779296875, 30.729999542236328, 30.85999870300293, 31.03999900817871, 30.78999900817871, 31.119998931884766, 31.049999237060547, 31.170000076293945, 31.170000076293945, 31.1299991607666, 31.239999771118164, 31.119998931884766, 30.92999839782715, 31.139999389648438, 30.94999885559082, 31.15999984741211, 31.239999771118164, 31.09000015258789, 31.399999618530273, 31.25, 31.09000015258789], "wall_time": [4.248087167739868, 7.61916184425354, 10.762430191040039, 13.540444135665894, 16.686508893966675, 19.73666000366211, 22.819453477859497, 25.776832580566406, 28.851701259613037, 32.04809784889221, 35.077643632888794, 38.132532358169556, 41.18412661552429, 44.48652768135071, 47.67448043823242, 50.98712491989136, 54.03504276275635, 57.12395262718201, 60.304150104522705, 63.38616681098938, 66.67712187767029, 69.68019342422485, 72.68411540985107, 75.86503672599792, 78.99699926376343, 82.2116174697876, 85.04775667190552, 88.07863593101501, 91.33473944664001, 94.27778315544128, 97.38890099525452, 100.54843950271606, 103.63395500183105, 106.81891322135925, 109.8916711807251, 112.85021567344666, 116.05003356933594, 119.15611863136292, 122.18259358406067, 125.28649926185608, 128.07388520240784, 131.23984479904175, 134.37026166915894, 137.58469462394714, 140.76437330245972, 143.8045632839203, 146.97446203231812, 150.08038353919983, 153.1247534751892, 156.2639663219452, 159.34616899490356, 162.46992707252502, 165.54709911346436, 168.94480204582214, 172.24396800994873, 175.08051204681396, 178.24426293373108, 181.48676323890686, 184.623774766922, 187.74994611740112, 190.91535878181458, 193.9034984111786, 196.96927094459534, 200.0231876373291, 203.17454314231873, 206.43588280677795, 209.51153826713562, 212.71868348121643, 215.57068037986755, 218.54711818695068, 221.6752073764801, 224.6332492828369, 227.79202222824097, 230.98201203346252, 234.2335135936737, 236.92159414291382, 240.23326587677002, 243.42549681663513, 246.7185878753662, 249.95432305335999, 253.2007966041565, 256.3168544769287, 259.4535012245178, 262.63407921791077, 265.7128629684448, 268.9106230735779, 271.9032824039459, 275.0912902355194, 278.1528296470642, 281.1879427433014, 284.2669770717621, 287.32022356987, 290.4588420391083, 293.38162112236023, 296.4724576473236, 299.6467294692993, 302.71107292175293, 305.81199645996094, 308.8500757217407, 311.80040431022644], "val_loss": [4.633475701141357, 4.422417132186889, 4.22055023651123, 4.068502027511597, 4.031135802459716, 4.069154120635987, 3.9301159725189208, 3.8305242279052734, 3.8301244235992433, 3.774268083572388, 3.8184356174468994, 3.7116321197509765, 3.865974522781372, 3.725661728286743, 3.7930996852874754, 3.711921969604492, 3.6548355571746827, 3.626449370574951, 3.5381758857727053, 3.6170941677093507, 3.5498499118804934, 3.528463945388794, 3.533573316192627, 3.774754189300537, 3.772400175857544, 3.4342876419067383, 3.503208843231201, 3.4997787601470947, 3.5067815803527833, 3.3764002864837646, 3.311785860824585, 3.3244539684295655, 3.38354881401062, 3.4028917762756348, 3.4358316585540774, 3.652865383911133, 3.4493000762939454, 3.436103530883789, 3.3207370029449463, 3.3577007801055907, 3.339732524871826, 3.3575228607177734, 3.377676889038086, 3.356796820831299, 3.4268186012268065, 3.3392149295806886, 3.3150244941711424, 3.5159754768371583, 3.598842797088623, 3.4106283432006834, 3.528342809677124, 3.543453943634033, 3.6676106998443605, 3.4690636589050294, 3.530198007583618, 3.5814719882965087, 3.613289482498169, 3.706061009979248, 3.6901906238555906, 3.693078890991211, 3.638213673400879, 3.656930707550049, 3.6690395980834962, 3.668314923477173, 3.718061038208008, 3.7389249759674072, 3.8189739765167237, 3.766495650482178, 3.8388747509002688, 3.7961033584594728, 3.922723205947876, 3.924259800338745, 3.979840435409546, 3.9533101722717285, 3.9547962783813477, 3.9334108238220216, 3.9567692962646484, 3.9667857776641844, 3.9807801399230955, 3.96710936126709, 3.986326362991333, 3.9702369510650635, 3.9733047603607177, 3.977923373413086, 3.9730208881378175, 3.97024700088501, 4.0055061645507815, 3.994784704208374, 4.016080910110474, 3.986856506347656, 3.9943355239868166, 4.001544792938232, 3.996628049468994, 3.996423585510254, 3.99590845413208, 3.9929383724212646, 3.9970558361053468, 3.990802396774292, 4.0066009006500245, 3.992579340362549],