{"loss": [], "acc": [], "test_loss": [4.777426927185059, 6.3247853317260745, 5.174497834777832, 4.26724108581543, 4.263281943511963, 4.132174697875977, 4.032771405792237, 4.14433751449585, 4.034751971054077, 4.200892933654785, 3.873500101470947, 4.028041413879395, 3.854811695098877, 3.9809659523010255, 3.9244019020080567, 3.8051876785278322, 3.9016930587768557, 4.001898411560059, 3.9024990264892576, 4.0364621620178225, 4.822872714233398, 4.139853815460205, 4.125732498168945, 3.9579636543273926, 3.942948769760132, 4.066136763000488, 4.042097556304932, 4.043482357025146, 3.8292992733001707, 3.8744725830078126, 3.882575587081909, 3.917441093444824, 3.9332943176269533, 3.9945438243865965, 3.9172162647247313, 3.8811292530059815, 3.802569487762451, 3.7732983848571777, 3.9231567222595216, 3.895629433441162, 3.869494362640381, 4.005909360122681, 4.072233292388916, 3.902543500518799, 3.8596071769714357, 3.894358758544922, 3.967006283569336, 3.9709165889739992, 3.9566155158996583, 3.9621526107788085, 3.907546681213379, 4.028018886947632, 4.057865252685547, 4.003679775238037, 4.219015284347535, 4.130927210998535, 4.125373147583008, 4.196566274261475, 4.178167889404297, 4.1784339557647705, 4.402062200164795, 4.363933532714844, 4.261192381286621, 4.320448463439941, 4.411425577545166, 4.504696908569336, 4.443363735198974, 4.54394333114624, 4.631234226226806, 4.557809665679931, 4.510121827697754, 4.691960472106934, 4.806107228851318, 4.665411033630371, 4.76146383972168, 4.715626725769043, 4.795686588287354, 4.76687099609375, 4.851643879699707, 4.786247360229492, 4.861013874053955, 4.832165283203125, 4.8567533195495605, 4.899440609741211, 4.864493136596679, 4.879109223937988, 4.903282101440429, 4.893959415435791, 4.899195671081543, 4.894831156158447, 4.91146224899292, 4.9104832160949705, 4.91763256149292, 4.92023362197876, 4.915717839050293, 4.915768215179443, 4.915192417144775, 4.907858059692383, 4.910541124725341, 4.917150315856934], "test_acc": [1.8399999141693115, 1.0, 1.209999918937683, 5.259999752044678, 5.25, 6.059999942779541, 7.569999694824219, 6.230000019073486, 8.0, 6.649999618530273, 10.829999923706055, 8.829999923706055, 10.639999389648438, 9.199999809265137, 11.210000038146973, 12.09999942779541, 10.519999504089355, 9.420000076293945, 11.389999389648438, 11.25999927520752, 3.0399999618530273, 6.710000038146973, 7.409999847412109, 9.449999809265137, 9.510000228881836, 9.0, 9.269999504089355, 9.550000190734863, 12.139999389648438, 10.9399995803833, 11.929999351501465, 10.84000015258789, 11.639999389648438, 10.619999885559082, 12.0, 12.210000038146973, 13.960000038146973, 14.069999694824219, 13.569999694824219, 13.679999351501465, 13.019999504089355, 13.469999313354492, 12.50999927520752, 14.5, 14.809999465942383, 14.579999923706055, 14.139999389648438, 13.859999656677246, 14.879999160766602, 15.799999237060547, 15.699999809265137, 15.619999885559082, 15.029999732971191, 15.210000038146973, 14.739999771118164, 15.129999160766602, 15.50999927520752, 15.479999542236328, 15.829999923706055, 16.78999900817871, 15.679999351501465, 16.1299991607666, 16.559999465942383, 16.779998779296875, 16.229999542236328, 15.929999351501465, 16.15999984741211, 16.739999771118164, 16.09000015258789, 16.209999084472656, 17.06999969482422, 16.81999969482422, 16.59000015258789, 17.020000457763672, 16.739999771118164, 17.44999885559082, 17.219999313354492, 17.119998931884766, 17.520000457763672, 17.34000015258789, 17.53999900817871, 17.559999465942383, 17.56999969482422, 17.329999923706055, 17.78999900817871, 17.84000015258789, 17.81999969482422, 17.93000030517578, 18.029998779296875, 18.19999885559082, 17.829999923706055, 18.139999389648438, 18.06999969482422, 18.100000381469727, 17.94999885559082, 17.94999885559082, 18.06999969482422, 18.149999618530273, 18.100000381469727, 18.029998779296875], "wall_time": [5.494374513626099, 8.285900592803955, 11.031562328338623, 13.861370086669922, 16.650799989700317, 19.417954921722412, 22.21746587753296, 25.009755611419678, 27.70994472503662, 30.42525887489319, 33.242353439331055, 36.01276445388794, 38.72589945793152, 41.38269257545471, 44.203434228897095, 46.96856617927551, 49.684104681015015, 52.384729623794556, 55.15918755531311, 57.94017934799194, 60.64081072807312, 63.46309161186218, 66.17046022415161, 68.8998954296112, 71.70418763160706, 74.49947834014893, 77.2881133556366, 80.07016110420227, 82.84883642196655, 85.7445421218872, 88.47057771682739, 91.27122521400452, 93.9808464050293, 96.76054692268372, 99.57550001144409, 102.47944974899292, 105.14323902130127, 107.99452114105225, 110.62109804153442, 113.36084246635437, 116.12240362167358, 118.81625413894653, 121.50811553001404, 124.22598052024841, 126.96587133407593, 129.82869672775269, 132.57817459106445, 135.41527438163757, 138.16467380523682, 140.9291636943817, 143.68102526664734, 146.32718348503113, 149.09764957427979, 151.9584174156189, 154.68550395965576, 157.39411115646362, 160.24149560928345, 163.0164761543274, 165.7152178287506, 168.4379642009735, 171.33598732948303, 174.0495309829712, 176.85861992835999, 179.68447875976562, 182.52156734466553, 185.27213215827942, 188.02598094940186, 190.7707531452179, 193.51151490211487, 196.31226062774658, 199.13470149040222, 201.88659811019897, 204.52869057655334, 207.29576134681702, 210.0859923362732, 212.83907556533813, 215.57572388648987, 218.35660123825073, 221.04015040397644, 223.80564618110657, 226.54005241394043, 229.33107590675354, 232.05730295181274, 234.91691303253174, 237.6272099018097, 240.36329293251038, 243.1969792842865, 245.93913984298706, 248.80964827537537, 251.64456725120544, 254.45974683761597, 257.2140243053436, 259.9871201515198, 262.82084488868713, 265.57375502586365, 268.287672996521, 271.00829792022705, 273.83449625968933, 276.61135029792786, 279.4049377441406], "val_loss": [4.7846770782470704, 6.361507321929932, 5.174064083099365, 4.275888060379028, 4.26121096534729, 4.137307406616211, 4.039755980300903, 4.164281756973266, 4.032592593383789, 4.202472817230225, 3.8734105186462404, 4.0311421947479245, 3.866380874633789, 3.9951784954071043, 3.944171499633789, 3.8208211780548096, 3.9130782432556153, 4.023075680541992, 3.895046146392822, 4.036397297668457, 4.8197440315246585, 4.15061248588562, 4.126414624023438, 3.948763565826416, 3.9376246265411377, 4.062364990234375, 4.050203606796265, 4.053077103805542, 3.8316943363189697, 3.871316613006592, 3.8757053550720215, 3.917850118637085, 3.9389220821380615, 3.998371814727783, 3.927536968994141, 3.8798842586517335, 3.8091672679901123, 3.770393924331665, 3.9296214958190916, 3.888574279785156, 3.8677300441741944, 4.011199471282959, 4.067555757904053, 3.903012554168701, 3.8752910274505616, 3.8743187633514404, 3.9690495124816896, 3.965679948043823, 3.9583341915130617, 3.967106717681885, 3.9083298709869383, 4.020144795227051, 4.069254092025757, 4.008808235549926, 4.19143634185791, 4.13519899520874, 4.130876617431641, 4.170830039978028, 4.137586012649536, 4.180167484664917, 4.415435679626465, 4.361187800979614, 4.256179481506348, 4.332023823165893, 4.4061681854248045, 4.515964016723633, 4.448621084594727, 4.548044527053833, 4.6522830211639405, 4.583534011459351, 4.519900650024414, 4.701135780334472, 4.824200922393799, 4.669962771606445, 4.771823240661621, 4.735850344848632, 4.816557409667968, 4.781278963088989, 4.877288610839844, 4.809843796539306, 4.866603134155273, 4.830800485229492, 4.8610880626678465, 4.9076699432373045, 4.886388952636719, 4.888983840942383, 4.915788450622559, 4.916866641235352, 4.907343379211426, 4.92047317276001, 4.934594220733643, 4.937177192687988, 4.941069300842285, 4.942056071472168, 4.939180655670166, 4.934658633422852, 4.939543557739258, 4.932257647705078, 4.932991461563111, 4.939450654602051],