{"loss": [], "acc": [], "test_loss": [4.807176782989502, 4.3469696113586425, 4.11373037109375, 3.942149174499512, 3.8692352760314943, 3.7418733661651613, 3.676643255996704, 3.634121074295044, 3.6601186073303222, 3.5526147323608397, 3.553734888458252, 3.5062052505493164, 3.4881649253845213, 3.602252993774414, 3.3767078266143797, 3.405867352294922, 3.493397951889038, 3.340193600845337, 3.3202134628295896, 3.481212496185303, 3.5798725536346434, 3.328545725631714, 3.5486222648620607, 3.447512473678589, 3.3991654468536376, 3.4102629928588866, 3.5805872894287107, 3.3683333374023436, 3.3213865425109863, 3.459929726409912, 3.4727845680236817, 3.427735244369507, 3.8928192237854002, 3.4259983306884765, 3.433630422973633, 3.469069446182251, 3.4449500679016114, 3.5283347007751464, 3.436482738494873, 3.515367170715332, 3.4317107822418214, 3.420615802001953, 3.500142555999756, 3.5439942321777345, 3.325025464630127, 3.925132038497925, 3.2615717681884764, 3.1265849769592284, 3.261550891494751, 3.1658609077453614, 3.1508092346191408, 3.525369927978516, 3.085699310684204, 3.0804528144836425, 3.142283390426636, 3.0565645393371583, 2.992253949737549, 2.935833056640625, 2.942447267150879, 2.930418688583374, 2.8685970680236816, 2.8986991065979004, 2.988076996612549, 2.8539007411956785, 2.8383907470703127, 2.8351425128936767, 2.830885205078125, 2.7672837921142577, 2.788606492614746, 2.775399045562744, 2.796212202835083, 2.8007648315429687, 2.7914948738098144, 2.784043697357178, 2.758541258239746, 2.7622229206085205, 2.7379955749511717, 2.749680813598633, 2.7601465522766113, 2.7175257247924804, 2.7185311367034912, 2.7272372215270995, 2.7201417362213136, 2.702391637802124, 2.71220449256897, 2.702635487365723, 2.70492806930542, 2.6928051319122313, 2.6892306705474853, 2.691833807373047, 2.6880707443237304, 2.695611851119995, 2.6839019214630127, 2.68725818939209, 2.6930970489501953, 2.694629010009766, 2.6850384605407713, 2.689535677719116, 2.690324574661255, 2.6919449127197264], "test_acc": [1.6899999380111694, 6.409999847412109, 6.960000038146973, 9.260000228881836, 11.029999732971191, 12.889999389648438, 13.84999942779541, 14.699999809265137, 15.699999809265137, 16.479999542236328, 16.6299991607666, 18.44999885559082, 17.78999900817871, 18.829999923706055, 21.719999313354492, 22.35999870300293, 20.60999870300293, 23.709999084472656, 23.94999885559082, 23.059999465942383, 23.439998626708984, 25.969999313354492, 24.889999389648438, 26.459999084472656, 27.51999855041504, 27.56999969482422, 27.739999771118164, 29.76999855041504, 30.529998779296875, 29.42999839782715, 30.149999618530273, 31.729999542236328, 26.279998779296875, 33.15999984741211, 32.70000076293945, 33.189998626708984, 33.369998931884766, 33.18000030517578, 33.96999740600586, 32.709999084472656, 34.25, 35.06999969482422, 34.41999816894531, 33.27000045776367, 36.66999816894531, 29.8799991607666, 36.56999969482422, 38.7599983215332, 37.27000045776367, 38.36000061035156, 39.41999816894531, 33.21999740600586, 39.5099983215332, 38.56999969482422, 38.25, 39.95000076293945, 39.77000045776367, 40.53999710083008, 40.88999938964844, 40.619998931884766, 41.46999740600586, 41.09000015258789, 39.2599983215332, 41.28999710083008, 41.84000015258789, 41.439998626708984, 41.209999084472656, 42.09000015258789, 42.02000045776367, 42.81999969482422, 42.02000045776367, 41.95000076293945, 42.27000045776367, 42.22999954223633, 42.79999923706055, 42.45000076293945, 42.16999816894531, 42.28999710083008, 42.0, 42.61000061035156, 42.779998779296875, 42.56999969482422, 42.68000030517578, 42.87999725341797, 42.55999755859375, 42.90999984741211, 42.65999984741211, 42.86000061035156, 42.87999725341797, 42.93000030517578, 42.89999771118164, 42.90999984741211, 42.82999801635742, 42.97999954223633, 42.96999740600586, 43.0, 42.95000076293945, 42.93000030517578, 42.96999740600586, 42.959999084472656], "wall_time": [5.710651397705078, 8.694701671600342, 11.423465251922607, 14.306522369384766, 17.14149022102356, 20.097708225250244, 23.058310508728027, 25.99087619781494, 28.855986833572388, 31.79303240776062, 34.699223041534424, 37.57512664794922, 40.43328142166138, 43.35669302940369, 46.2541868686676, 49.03674101829529, 51.846179723739624, 54.65018391609192, 57.43719244003296, 60.30263090133667, 63.12673091888428, 65.98297953605652, 68.91562342643738, 71.85387682914734, 74.75274395942688, 77.6684935092926, 80.58911776542664, 83.51128435134888, 86.3005862236023, 89.13809847831726, 92.01015305519104, 94.86726427078247, 97.72320055961609, 100.68006563186646, 103.52091693878174, 106.3882064819336, 109.33097195625305, 112.29308795928955, 115.16692233085632, 118.01480317115784, 120.7566442489624, 123.64936351776123, 126.52760457992554, 129.43881106376648, 132.33446145057678, 135.21013021469116, 138.1282081604004, 140.98847126960754, 143.80156636238098, 146.63231587409973, 149.56001687049866, 152.39480352401733, 155.2248239517212, 158.1179392337799, 160.9313611984253, 163.77521014213562, 166.71092629432678, 169.41805934906006, 172.23905897140503, 175.07803320884705, 177.98677349090576, 180.81155014038086, 183.64283514022827, 186.54793429374695, 189.3560974597931, 192.28521156311035, 195.07872414588928, 197.9035084247589, 200.73557543754578, 203.55890250205994, 206.44487643241882, 209.35721230506897, 212.18672800064087, 214.97334575653076, 217.8404142856598, 220.70535826683044, 223.6766119003296, 226.45271968841553, 229.4368109703064, 232.3635904788971, 235.20243787765503, 237.9814567565918, 240.90932965278625, 243.7794029712677, 246.6249008178711, 249.43970036506653, 252.36128091812134, 255.1703004837036, 258.0862579345703, 260.9589514732361, 263.7642328739166, 266.63964581489563, 269.3529191017151, 272.173193693161, 274.9710154533386, 277.82206296920776, 280.71507811546326, 283.5458528995514, 286.38815569877625, 289.23712611198425], "val_loss": [4.8146022605895995, 4.34552499961853, 4.121365307617188, 3.9290897846221924, 3.860799822616577, 3.7506406959533694, 3.6747563148498537, 3.62991635055542, 3.6662099327087403, 3.532062085723877, 3.5567252433776857, 3.5195961040496826, 3.4909156005859376, 3.625301345062256, 3.3729587646484376, 3.411896452331543, 3.5053554740905764, 3.389763415527344, 3.3343552352905275, 3.4794063514709475, 3.6206671592712403, 3.323219079589844, 3.566402772903442, 3.4715140438079835, 3.435169421005249, 3.4754246574401857, 3.5811241359710695, 3.4098879486083984, 3.3289114013671877, 3.514263143539429, 3.482113724899292, 3.434518246459961, 3.9433954010009766, 3.476718765258789, 3.456824467086792, 3.541761994934082, 3.4921474433898925, 3.5768981952667236, 3.4491577964782714, 3.550436219406128, 3.458012958908081, 3.4134259719848634, 3.561664518737793, 3.6022586036682127, 3.3669701652526856, 3.961642395401001, 3.271684571838379, 3.1948656661987305, 3.2971592502593996, 3.2323840717315675, 3.171740238189697, 3.580848182296753, 3.1505786491394043, 3.103348540496826, 3.161464532470703, 3.086373492431641, 3.062610028076172, 2.992091149139404, 2.9871562744140623, 2.9648266876220704, 2.9065522945404054, 2.948846931838989, 3.0077956897735594, 2.9026356159210205, 2.8816987525939943, 2.8708694232940672, 2.8830744918823243, 2.80642421875, 2.8419290420532226, 2.8030411933898924, 2.8434264694213867, 2.842956937789917, 2.8321295963287354, 2.8219269577026367, 2.785126614379883, 2.784783811187744, 2.7702890724182128, 2.776951619720459, 2.7926543128967287, 2.74438736038208, 2.7481239448547363, 2.7612497123718263, 2.7456022232055664, 2.7356028522491456, 2.7395887981414795, 2.7365558128356935, 2.7355578826904297, 2.722928415679932, 2.72189095954895, 2.7211269989013673, 2.7192259689331055, 2.722638220977783, 2.7137279426574707, 2.714593740081787, 2.720566808319092, 2.7233925495147706, 2.712873080062866, 2.7154318325042723, 2.7163807430267335, 2.720091569519043],