{"loss": [], "acc": [], "test_loss": [4.687909803771973, 4.450793518066407, 4.10540631942749, 3.957468147277832, 3.8939528205871583, 3.8713227813720703, 3.7841519744873047, 3.7524387702941895, 3.7500290756225585, 3.72826328163147, 3.6613562156677246, 3.677954114532471, 3.7024644905090334, 3.8332027526855468, 3.944815976333618, 3.653588751220703, 3.5453517486572266, 3.53004769821167, 3.577432253265381, 3.556403084564209, 3.49777633895874, 3.545364644622803, 3.763403924560547, 3.664451192855835, 3.9177934143066406, 3.8374578216552733, 3.8008599601745607, 3.832087620925903, 3.921305373764038, 3.611998495864868, 3.727664463043213, 3.6950107192993165, 3.9176193687438965, 3.8083457847595215, 3.8956580669403076, 3.8945165786743163, 3.8940735656738283, 3.8266318168640137, 4.039614654541015, 3.9623763244628907, 4.094072063446045, 4.040229591369629, 4.096227060317993, 4.23059751739502, 4.249393003082275, 4.205161357879638, 4.255849353027344, 4.321403935241699, 4.201311722564697, 4.363916948699951, 4.282108255004883, 4.41731785736084, 4.355878769683838, 4.360937320709229, 4.87274460144043, 4.364821154785156, 4.567211178588868, 4.446375084686279, 4.3802482048034665, 4.34415571899414, 4.371475057220459, 4.420811799621582, 4.339933456420899, 4.422271109771729, 4.38124889755249, 4.349072834014892, 4.380606973266602, 4.340006790924072, 4.350155184936524, 4.337202018737793, 4.295928102874756, 4.290629689025879, 4.285247033691406, 4.274517538452148, 4.298767568206787, 4.259109439849854, 4.279695143890381, 4.257899195861817, 4.260331341552734, 4.259993311309814, 4.257876061248779, 4.2425076843261715, 4.257083417510986, 4.253122639465332, 4.256675080871582, 4.233076039123535, 4.243393144989014, 4.246864707946777, 4.233777664947509, 4.230837900543213, 4.248620023345947, 4.229526878356934, 4.236664930725098, 4.221708746337891, 4.225391665649414, 4.222996166229248, 4.230159856414795, 4.234146429443359, 4.230989764404297, 4.242588217163086], "test_acc": [1.0, 5.369999885559082, 7.710000038146973, 9.469999313354492, 9.329999923706055, 10.149999618530273, 11.819999694824219, 12.619999885559082, 13.6899995803833, 13.25, 14.309999465942383, 14.460000038146973, 14.929999351501465, 14.90999984741211, 14.4399995803833, 16.469999313354492, 17.8799991607666, 17.850000381469727, 17.5, 17.549999237060547, 19.40999984741211, 19.459999084472656, 17.889999389648438, 18.53999900817871, 17.85999870300293, 17.959999084472656, 18.850000381469727, 17.60999870300293, 17.389999389648438, 21.739999771118164, 20.559999465942383, 20.969999313354492, 18.389999389648438, 19.920000076293945, 21.78999900817871, 20.920000076293945, 21.829999923706055, 21.81999969482422, 20.739999771118164, 21.309999465942383, 20.6299991607666, 21.799999237060547, 22.469999313354492, 20.6299991607666, 22.119998931884766, 22.100000381469727, 22.760000228881836, 22.19999885559082, 23.279998779296875, 23.170000076293945, 23.619998931884766, 23.260000228881836, 23.729999542236328, 23.670000076293945, 19.520000457763672, 24.399999618530273, 23.34000015258789, 25.06999969482422, 25.649999618530273, 26.3799991607666, 25.670000076293945, 25.639999389648438, 26.299999237060547, 25.869998931884766, 26.059999465942383, 26.75, 26.059999465942383, 26.899999618530273, 26.809999465942383, 26.559999465942383, 26.489999771118164, 27.09000015258789, 27.01999855041504, 27.19999885559082, 26.809999465942383, 27.10999870300293, 27.369998931884766, 27.53999900817871, 27.689998626708984, 27.329999923706055, 27.26999855041504, 27.349998474121094, 27.189998626708984, 27.279998779296875, 27.219999313354492, 27.17999839782715, 27.3799991607666, 27.399999618530273, 27.5, 27.44999885559082, 27.189998626708984, 27.51999855041504, 27.40999984741211, 27.60999870300293, 27.439998626708984, 27.139999389648438, 27.510000228881836, 27.489999771118164, 27.349998474121094, 27.26999855041504], "wall_time": [3.596142292022705, 5.948962688446045, 8.226715564727783, 10.702141761779785, 13.21241283416748, 15.64658498764038, 17.90151309967041, 20.25221014022827, 22.65887975692749, 25.13237452507019, 27.488413333892822, 29.856175422668457, 32.233500957489014, 34.76946496963501, 37.14898109436035, 39.57317042350769, 42.04470705986023, 44.422666788101196, 46.752164125442505, 49.168230295181274, 51.47585415840149, 53.813693046569824, 56.16410946846008, 58.40599346160889, 60.682068824768066, 63.06130838394165, 65.42818713188171, 67.69120693206787, 69.99269223213196, 72.44918942451477, 74.82456636428833, 77.28257918357849, 79.57003259658813, 81.93834400177002, 84.51622319221497, 86.8265426158905, 89.17323589324951, 91.77282762527466, 94.2576334476471, 96.60519695281982, 99.02926874160767, 101.22292375564575, 103.69121313095093, 106.11343169212341, 108.61171841621399, 111.04716229438782, 113.51832222938538, 115.79041695594788, 118.28008818626404, 120.60175919532776, 123.11890435218811, 125.48576951026917, 127.79566287994385, 130.26279258728027, 132.4371416568756, 134.93394422531128, 137.3490149974823, 139.79425406455994, 142.3465142250061, 144.79719758033752, 147.27899432182312, 149.5741195678711, 152.03384613990784, 154.4016933441162, 156.8245565891266, 159.25195360183716, 161.59304928779602, 163.94977521896362, 166.3072474002838, 168.68983840942383, 171.17416620254517, 173.59404587745667, 175.8973205089569, 178.44402170181274, 180.52611923217773, 182.79207181930542, 185.05743312835693, 187.4839015007019, 190.05932760238647, 192.4309103488922, 194.78955483436584, 197.03066968917847, 199.35314869880676, 201.81207752227783, 204.23834466934204, 206.63742995262146, 208.99337148666382, 211.3450632095337, 213.76203322410583, 216.08794450759888, 218.4847333431244, 220.79644083976746, 223.23800539970398, 225.57067012786865, 228.08583521842957, 230.5551836490631, 232.91781783103943, 235.4123842716217, 237.79606461524963, 240.07550287246704], "val_loss": [4.691526187133789, 4.4558722709655765, 4.111244414138794, 3.969108885574341, 3.9128145503997804, 3.8767897438049315, 3.788479858016968, 3.7738663356781004, 3.742258247756958, 3.725431660461426, 3.6549590156555176, 3.6682241973876955, 3.6937903541564943, 3.8326483367919923, 3.9605027355194093, 3.6385856323242187, 3.5451536075592043, 3.5500047065734863, 3.585653834915161, 3.5556228675842285, 3.517314036178589, 3.544209120178223, 3.764091194152832, 3.6645671684265135, 3.879237400436401, 3.8207214401245118, 3.8019160640716554, 3.850447978210449, 3.9583578075408936, 3.6376599548339845, 3.7155684692382813, 3.688195921707153, 3.912864017868042, 3.7883320491790773, 3.910375827407837, 3.8852062564849854, 3.9175612258911134, 3.790516354370117, 4.037535954666137, 3.9876263481140137, 4.084787642669678, 4.02869129486084, 4.10022477645874, 4.230552862930298, 4.270174458312988, 4.206438009262085, 4.284930952835083, 4.3224884796142575, 4.2137391483306885, 4.375528485870361, 4.329120106887817, 4.4601700946807865, 4.381289784622193, 4.410319225311279, 4.883230244827271, 4.404274393844604, 4.577807870483398, 4.471810245513916, 4.400550275802613, 4.397485062408447, 4.438200661849976, 4.450484507751465, 4.3840480831146245, 4.4445528842926025, 4.409614765548706, 4.3976636932373045, 4.430427653503418, 4.399484303283692, 4.391069181060791, 4.355734135055542, 4.323235641479492, 4.32717142829895, 4.3233713527679445, 4.328203792572022, 4.360320308685303, 4.318951176452637, 4.3263807907104495, 4.3067186710357666, 4.311769444656372, 4.313854316711426, 4.304433734893799, 4.2795374271392825, 4.29790775680542, 4.293025399780274, 4.300478590393066, 4.275739981842041, 4.2845441944122316, 4.287547121810913, 4.273589759826661, 4.269703940963745, 4.286480529403686, 4.270591956329346, 4.276077708816528, 4.262206447219849, 4.264830838012696, 4.266865351867676, 4.26986021270752, 4.279441215515137, 4.275513423919678, 4.282165274047852],