{"loss": [], "acc": [], "test_loss": [4.6169592529296875, 4.300095896911621, 4.21581409072876, 4.139130318450928, 4.113006693267822, 4.016063506317138, 4.001907186889649, 3.903139842224121, 3.836941828918457, 3.9157544563293456, 3.8298535106658935, 3.779521635437012, 3.717865352630615, 3.6767707370758056, 3.7496729850769044, 3.7128575595855713, 3.741822580718994, 3.6695989612579347, 3.601756326293945, 3.6143731899261473, 3.577248807525635, 3.536011561203003, 3.6027266399383544, 3.5549697353363037, 3.6823456733703614, 3.4220707260131835, 3.3997328845977783, 3.413022402572632, 3.619731806182861, 3.578917219924927, 3.5421096843719484, 3.4671514514923096, 3.2803448104858397, 3.409354443359375, 3.443060125732422, 3.485953367614746, 3.27471448097229, 3.5907909770965576, 3.358901053237915, 3.3958897563934327, 3.4283783378601074, 3.618633739852905, 3.3159350593566894, 3.387521675109863, 3.5502603649139406, 3.3573361328125, 3.350553857421875, 3.573358293533325, 3.558727347946167, 3.418375400161743, 3.490029553985596, 3.4733188056945803, 3.491848458480835, 3.669446752166748, 3.6050693439483643, 3.550027936935425, 3.5692821659088136, 3.4790948005676268, 3.5830728019714355, 3.633099831390381, 3.8912193061828613, 3.6088927536010744, 3.7596611824035646, 3.6817836643218995, 3.8023789138793944, 3.741585580444336, 3.753229239654541, 3.7961776790618895, 3.7777809745788575, 3.784251708984375, 3.828770593261719, 3.8289610416412354, 3.800297841644287, 3.816219253540039, 3.83335387840271, 3.8315886863708495, 3.849805931854248, 3.8548216537475586, 3.855749835968018, 3.8695384464263918, 3.8369628845214843, 3.874808712387085, 3.8615957183837892, 3.8657967002868654, 3.8713336181640625, 3.8630112049102783, 3.851404071044922, 3.859532761001587, 3.851628068161011, 3.8577146308898924, 3.8490183197021484, 3.860403716278076, 3.848996672439575, 3.84777268409729, 3.8678466613769533, 3.8556727588653565, 3.846255834197998, 3.8666074527740477, 3.861732774734497, 3.858369941711426], "test_acc": [1.0, 4.019999980926514, 4.819999694824219, 6.37999963760376, 6.049999713897705, 8.34000015258789, 7.429999828338623, 9.229999542236328, 10.420000076293945, 10.139999389648438, 10.6899995803833, 11.979999542236328, 12.619999885559082, 13.089999198913574, 11.960000038146973, 13.699999809265137, 12.90999984741211, 13.799999237060547, 14.710000038146973, 15.5, 15.559999465942383, 16.90999984741211, 15.059999465942383, 16.43000030517578, 14.65999984741211, 19.079999923706055, 19.059999465942383, 19.06999969482422, 17.5, 17.69999885559082, 17.619998931884766, 18.6299991607666, 21.75, 21.09000015258789, 20.28999900817871, 19.670000076293945, 23.5, 18.899999618530273, 22.049999237060547, 22.549999237060547, 23.559999465942383, 22.239999771118164, 23.189998626708984, 23.219999313354492, 21.619998931884766, 24.1299991607666, 25.079999923706055, 22.529998779296875, 22.809999465942383, 25.3799991607666, 25.25, 26.3799991607666, 25.869998931884766, 24.049999237060547, 25.420000076293945, 26.44999885559082, 26.219999313354492, 28.119998931884766, 27.559999465942383, 26.279998779296875, 24.779998779296875, 27.3799991607666, 27.670000076293945, 28.94999885559082, 27.299999237060547, 28.85999870300293, 28.889999389648438, 29.01999855041504, 28.729999542236328, 28.969999313354492, 29.529998779296875, 29.149999618530273, 30.15999984741211, 30.329999923706055, 30.31999969482422, 30.81999969482422, 30.670000076293945, 30.90999984741211, 31.219999313354492, 31.42999839782715, 31.5, 31.44999885559082, 31.5, 31.25, 31.25, 31.299999237060547, 31.81999969482422, 31.849998474121094, 31.979999542236328, 31.920000076293945, 32.05999755859375, 31.739999771118164, 32.0, 31.829999923706055, 31.979999542236328, 31.899999618530273, 31.829999923706055, 31.979999542236328, 31.92999839782715, 32.0], "wall_time": [4.114459753036499, 7.322650671005249, 10.327935934066772, 13.200630187988281, 16.168057203292847, 19.153767824172974, 22.33192753791809, 25.26077127456665, 28.203731298446655, 31.32523202896118, 34.200188875198364, 36.83955144882202, 39.870519399642944, 42.91086149215698, 46.05683255195618, 49.12666320800781, 52.07096266746521, 55.047592639923096, 57.89729905128479, 61.04088377952576, 64.05568051338196, 66.93848609924316, 70.005868434906, 73.30963039398193, 76.3206672668457, 79.28069496154785, 82.26114201545715, 85.1355357170105, 88.16503691673279, 91.15570497512817, 94.28295254707336, 97.40102672576904, 100.4948525428772, 103.38612341880798, 106.25689673423767, 109.36029744148254, 112.148934841156, 115.21265983581543, 118.43450117111206, 121.44484448432922, 124.53087496757507, 127.30444955825806, 130.56676292419434, 133.71020793914795, 136.67980909347534, 139.15759801864624, 142.43333840370178, 145.57088422775269, 148.5474247932434, 151.75494480133057, 154.6245141029358, 157.667489528656, 160.63174438476562, 163.4528865814209, 166.4378161430359, 169.4618203639984, 172.56938409805298, 175.77692699432373, 178.91221380233765, 182.17247247695923, 184.70380234718323, 187.70464181900024, 190.51252126693726, 193.49712824821472, 196.39909887313843, 199.1437394618988, 202.28247094154358, 205.11853861808777, 208.05852389335632, 211.14306640625, 214.12923192977905, 217.287442445755, 220.3033242225647, 223.39465641975403, 226.34047150611877, 229.36368799209595, 232.2739372253418, 235.33814072608948, 238.2005479335785, 240.84590792655945, 243.76208305358887, 246.51460814476013, 249.81193089485168, 253.046311378479, 256.0262882709503, 259.0864939689636, 262.0993046760559, 265.04811429977417, 268.1093804836273, 270.6918921470642, 273.7451696395874, 276.73101830482483, 279.4990859031677, 282.50464129447937, 285.65112495422363, 288.5724472999573, 291.48788261413574, 294.36137866973877, 297.47147607803345, 300.4482696056366], "val_loss": [4.618399493408203, 4.316942883682251, 4.225551355361938, 4.148423587036133, 4.1295150379180905, 4.035074038696289, 4.008273433685303, 3.9067014095306396, 3.8364604583740234, 3.9126203155517576, 3.8390201099395753, 3.786327980041504, 3.7240583431243897, 3.6762757537841795, 3.748719217681885, 3.7199570182800294, 3.747347663116455, 3.6860551662445067, 3.6219721446990967, 3.614289754104614, 3.6114323341369627, 3.5567807220458985, 3.6068220565795897, 3.5579506496429443, 3.699618240737915, 3.4241907318115232, 3.416391459274292, 3.4430060855865476, 3.622039248275757, 3.597012654495239, 3.5289320823669432, 3.4887831817626953, 3.298235219192505, 3.4033002655029296, 3.4499439460754395, 3.4660198947906493, 3.2890667373657227, 3.6184512409210203, 3.3629315162658693, 3.3846262870788575, 3.4480460762023926, 3.633682118988037, 3.2971701023101807, 3.4051017108917234, 3.5575258197784425, 3.37371621131897, 3.3662198638916014, 3.5543918769836425, 3.586266602706909, 3.422805199432373, 3.536536326980591, 3.459704928588867, 3.480447713470459, 3.652517458724976, 3.5880496772766115, 3.5185445041656496, 3.6012347930908204, 3.495086682891846, 3.600310838317871, 3.640919566345215, 3.8903778839111327, 3.6305555488586427, 3.7607942100524903, 3.673554409790039, 3.772921950149536, 3.72916102104187, 3.7861368476867674, 3.799176331329346, 3.7957269912719727, 3.8197502849578857, 3.8462706214904787, 3.8672737281799314, 3.8099013710021974, 3.854180913925171, 3.907358164215088, 3.878428284454346, 3.875529267501831, 3.892120690917969, 3.897309930038452, 3.917938130950928, 3.8942740524291994, 3.9103033950805663, 3.9080929565429687, 3.9142293182373047, 3.905344478225708, 3.9217185218811035, 3.901751103210449, 3.905357977294922, 3.899153050231934, 3.902797896575928, 3.898796000671387, 3.9084363330841065, 3.8978983856201173, 3.893845629119873, 3.919457833099365, 3.9073929008483885, 3.8955729499816893, 3.917792195892334, 3.9131839458465576, 3.90936318397522],