{"loss": [], "acc": [], "test_loss": [27.920034771728517, 4.484101071929931, 4.303678140258789, 4.23889186706543, 4.099933541870117, 4.0731044822692875, 3.9604916496276856, 3.9723608810424804, 4.038686029052735, 3.848360983657837, 3.840145039367676, 3.839973110961914, 3.766276663208008, 3.7901790641784667, 3.764763793563843, 3.6781441581726075, 3.692038265991211, 3.633032302093506, 3.7569718338012694, 3.6119819274902345, 3.658255478286743, 3.631990151977539, 3.644715230178833, 3.7017041221618654, 3.578497200393677, 3.6862742835998534, 3.6273774612426757, 3.605296095275879, 3.6984888481140135, 3.6508786643981934, 3.610904270172119, 3.6446302783966065, 3.546047068786621, 3.6883429512023924, 3.7086844066619875, 3.755629867553711, 3.6747835514068603, 3.754457978820801, 3.677702457809448, 3.7770210258483887, 3.837463751220703, 3.847051602935791, 3.8913394317626953, 3.925253861999512, 4.0910210678100585, 3.975806322479248, 4.169543980407715, 4.043331798171997, 4.1782359008789065, 4.189563387298584, 4.3023117004394535, 4.321487911987305, 4.344019493103027, 4.31897246017456, 4.328721218109131, 4.426642157745361, 4.452719980621338, 4.366123046875, 4.435335234069824, 4.435437196350097, 4.520956568908692, 4.473812109375, 4.454363082122803, 4.497228697967529, 4.470510067749023, 4.511088941955566, 4.456572892761231, 4.488561835479737, 4.474088624572754, 4.462372156524658, 4.463242512512207, 4.460108477020263, 4.486063217926025, 4.488034097290039, 4.488339528656006, 4.453877391815186, 4.44308491821289, 4.45815463180542, 4.450153812408447, 4.458984158325196, 4.458710015106202, 4.456615963745117, 4.456076081848145, 4.4398463943481445, 4.439127079772949, 4.4542284568786625, 4.447306366729737, 4.430701641845703, 4.435320236206055, 4.444052972412109, 4.456660151672363, 4.44443628616333, 4.448650671386718, 4.446846611022949, 4.446493669128418, 4.443788930511475, 4.457665576171875, 4.438143048858643, 4.4536380859375, 4.44493463973999], "test_acc": [1.0, 3.18999981880188, 4.150000095367432, 4.319999694824219, 5.589999675750732, 5.339999675750732, 7.269999980926514, 8.529999732971191, 6.980000019073486, 10.09999942779541, 11.609999656677246, 10.989999771118164, 11.670000076293945, 11.869999885559082, 12.699999809265137, 14.179999351501465, 13.179999351501465, 14.50999927520752, 14.339999198913574, 15.6899995803833, 15.559999465942383, 15.569999694824219, 17.09000015258789, 16.78999900817871, 18.209999084472656, 17.469999313354492, 18.600000381469727, 19.079999923706055, 18.78999900817871, 20.18000030517578, 20.25, 20.18000030517578, 21.19999885559082, 20.779998779296875, 21.53999900817871, 21.689998626708984, 22.049999237060547, 21.850000381469727, 22.489999771118164, 22.399999618530273, 22.969999313354492, 22.420000076293945, 22.75, 22.920000076293945, 23.53999900817871, 23.5, 23.049999237060547, 24.26999855041504, 23.31999969482422, 23.34000015258789, 23.469999313354492, 23.8799991607666, 24.43000030517578, 24.369998931884766, 24.649999618530273, 24.18000030517578, 24.8799991607666, 25.649999618530273, 25.139999389648438, 26.35999870300293, 25.010000228881836, 25.78999900817871, 25.989999771118164, 26.10999870300293, 26.84000015258789, 26.549999237060547, 27.209999084472656, 26.670000076293945, 27.119998931884766, 26.889999389648438, 27.349998474121094, 27.099998474121094, 27.229999542236328, 26.939998626708984, 27.229999542236328, 27.3799991607666, 27.489999771118164, 27.44999885559082, 27.349998474121094, 27.439998626708984, 27.59000015258789, 27.420000076293945, 27.44999885559082, 27.25, 27.28999900817871, 27.35999870300293, 27.06999969482422, 27.469999313354492, 27.369998931884766, 27.459999084472656, 27.459999084472656, 27.260000228881836, 27.3799991607666, 27.25, 27.26999855041504, 27.28999900817871, 27.309999465942383, 27.42999839782715, 27.329999923706055, 27.219999313354492], "wall_time": [4.749443531036377, 9.022216558456421, 13.228352069854736, 16.60987138748169, 20.00630235671997, 24.152238607406616, 28.334388732910156, 32.38803148269653, 36.420746088027954, 39.85175919532776, 43.33765506744385, 46.194414377212524, 49.08205986022949, 53.45459342002869, 57.15892219543457, 61.33037352561951, 65.61073207855225, 69.67659139633179, 73.87602925300598, 77.76734352111816, 82.05162906646729, 85.37436294555664, 89.47504687309265, 93.45762491226196, 97.62241983413696, 101.94186592102051, 104.79961085319519, 108.77869725227356, 113.11461663246155, 117.22065901756287, 121.4178216457367, 125.62241339683533, 129.43514585494995, 133.661851644516, 137.3393681049347, 141.16486358642578, 145.5537464618683, 149.64584040641785, 153.73819971084595, 157.84834837913513, 161.83938908576965, 165.93990921974182, 170.22754168510437, 174.14640974998474, 177.80054593086243, 181.19267416000366, 184.6071548461914, 187.81961965560913, 191.56185626983643, 195.72262859344482, 199.73613214492798, 203.7555000782013, 207.7321536540985, 212.15038585662842, 216.32880234718323, 220.5179100036621, 224.73656725883484, 229.02209377288818, 233.4160578250885, 237.72351121902466, 241.46446442604065, 245.5800018310547, 249.53924036026, 253.10173153877258, 257.31648540496826, 261.3409605026245, 265.11949276924133, 267.9470725059509, 271.79026436805725, 276.0840208530426, 280.2769207954407, 284.4405791759491, 288.3775243759155, 292.25526666641235, 296.28563928604126, 300.23921847343445, 304.4331374168396, 307.26778531074524, 311.28937458992004, 315.1567780971527, 319.3285381793976, 323.3906455039978, 327.5820279121399, 331.803307056427, 335.7283868789673, 340.0024137496948, 344.31003522872925, 348.62278628349304, 352.9153378009796, 357.0956017971039, 360.8882167339325, 364.2627182006836, 367.6800847053528, 371.6671874523163, 375.9687442779541, 380.2285006046295, 384.62268447875977, 388.93475461006165, 391.83052277565, 395.384884595871], "val_loss": [28.049132208251955, 4.494108619689942, 4.313356587219238, 4.249089032745362, 4.117385833358765, 4.077154626464844, 3.9748152172088624, 3.9883948684692383, 4.052148847961425, 3.853951327896118, 3.845439712524414, 3.850122640991211, 3.7763317237854004, 3.790917316055298, 3.770052626800537, 3.6737251834869387, 3.7102552146911623, 3.6090758060455324, 3.7528481830596925, 3.621170352935791, 3.6674622215270998, 3.6632002601623537, 3.6729888301849365, 3.7298908000946045, 3.6108027755737306, 3.7140770935058596, 3.6655055061340334, 3.5883274841308594, 3.709529164505005, 3.668079391479492, 3.6362636878967285, 3.637765743255615, 3.541277146911621, 3.7184059631347655, 3.7206632946014406, 3.7843213340759276, 3.680599962615967, 3.7747797775268555, 3.6866577713012694, 3.7857286052703856, 3.850815088272095, 3.861613343048096, 3.8870722820281984, 3.9691938037872316, 4.127397585296631, 3.9994630561828615, 4.175089814376831, 4.066261204910278, 4.196579814910889, 4.209925044250488, 4.360758979034424, 4.3484629516601565, 4.348686660766601, 4.313466286087036, 4.344779011917114, 4.409983791351318, 4.446813767242432, 4.381531120681763, 4.475150257492065, 4.429566107940674, 4.570319756317138, 4.48496982536316, 4.481934181976318, 4.510725401306153, 4.478203804016113, 4.500962769317627, 4.475986852645874, 4.49632943649292, 4.482848976516723, 4.477939728927613, 4.48921827659607, 4.485895494842529, 4.506059403991699, 4.50297050819397, 4.497840127944946, 4.474948229217529, 4.471905844116211, 4.488146751785278, 4.464451789855957, 4.475775968170166, 4.474569595336914, 4.476248504638672, 4.473481051635742, 4.460667848205566, 4.4574562999725345, 4.472864962768555, 4.4701801124572755, 4.450574966049194, 4.45595703125, 4.461745560455323, 4.47788757019043, 4.458322683715821, 4.470576637268066, 4.461117458343506, 4.46461353225708, 4.4618250816345215, 4.476214778900147, 4.455930573654175, 4.466299942016602, 4.462537220001221],