{"loss": [], "acc": [], "test_loss": [1474.806466015625, 4.616561122131348, 4.627146311187744, 4.586944074249268, 4.534465371704101, 4.442791264343262, 4.43234275970459, 4.35640823135376, 4.3875123962402345, 4.400831615447998, 4.149320109558105, 4.137911573028564, 4.107809582519531, 4.1302796127319334, 3.9981246269226074, 3.9975174674987795, 3.906978530883789, 3.9573159420013426, 3.85868716506958, 3.8742824104309084, 3.850564868927002, 3.842982662963867, 3.7696118560791017, 3.882100745010376, 3.8108970108032225, 3.712759309387207, 3.735810878753662, 3.655149928665161, 3.6573764068603514, 3.6808976226806642, 3.9123022819519044, 3.8448931465148926, 3.7084144889831543, 3.7274132804870606, 3.8126695640563963, 3.8425184677124022, 3.7168730918884276, 3.837227197265625, 5.123047454071045, 3.812432497406006, 3.7767356925964357, 4.076192628479004, 3.9243423835754396, 3.900261721801758, 3.9412416564941406, 3.947798927307129, 4.016575871276856, 4.043065417098999, 3.9729546195983887, 3.91121370010376, 4.047032479095459, 4.0502873847961425, 4.110221220397949, 4.200289004516602, 4.123029305267334, 4.293918923187256, 4.250507299041748, 4.356729779052734, 4.292972778320313, 4.289358057403565, 4.392779511260986, 4.433735207366944, 4.564516796875, 4.443123171997071, 4.5792179206848145, 4.472512071228027, 4.585035906982422, 4.698788171386719, 4.586459819030762, 4.655350997161865, 4.613249554443359, 4.693371016693115, 4.612505253601074, 4.658766396331787, 4.66436955947876, 4.664799477386475, 4.692797254943848, 4.676390748596192, 4.686732935333252, 4.681740212249756, 4.69870112991333, 4.663743476867676, 4.681812722778321, 4.688492528533936, 4.691991889953614, 4.701061139678955, 4.685920922088623, 4.678913848114013, 4.681916697692871, 4.685502248382568, 4.693415293121338, 4.695641288757324, 4.675555892944336, 4.692638648223877, 4.693917851257324, 4.69596678237915, 4.695968672180176, 4.698261423492432, 4.695306685638427, 4.7118833679199215], "test_acc": [1.0, 1.0099999904632568, 1.3199999332427979, 1.5, 1.5799999237060547, 2.319999933242798, 2.5299999713897705, 3.059999942779541, 3.8899998664855957, 3.809999942779541, 4.960000038146973, 5.569999694824219, 5.460000038146973, 6.239999771118164, 7.509999752044678, 8.380000114440918, 8.739999771118164, 8.510000228881836, 10.25, 10.1899995803833, 10.639999389648438, 10.929999351501465, 11.729999542236328, 11.880000114440918, 12.0, 13.799999237060547, 13.539999961853027, 14.960000038146973, 14.619999885559082, 14.59999942779541, 12.90999984741211, 14.460000038146973, 16.06999969482422, 15.889999389648438, 15.889999389648438, 15.109999656677246, 16.829999923706055, 15.449999809265137, 17.119998931884766, 17.649999618530273, 18.85999870300293, 17.619998931884766, 19.06999969482422, 20.309999465942383, 19.15999984741211, 19.939998626708984, 20.10999870300293, 20.3799991607666, 21.619998931884766, 21.779998779296875, 20.619998931884766, 21.600000381469727, 20.739999771118164, 21.59000015258789, 21.719999313354492, 21.010000228881836, 22.25, 21.979999542236328, 22.260000228881836, 23.329999923706055, 22.350000381469727, 22.670000076293945, 22.719999313354492, 22.959999084472656, 22.56999969482422, 23.170000076293945, 23.31999969482422, 22.849998474121094, 23.559999465942383, 23.229999542236328, 23.920000076293945, 23.489999771118164, 24.010000228881836, 24.03999900817871, 24.329999923706055, 24.239999771118164, 24.51999855041504, 24.31999969482422, 24.760000228881836, 24.60999870300293, 24.459999084472656, 24.670000076293945, 24.849998474121094, 24.829999923706055, 24.709999084472656, 24.599998474121094, 24.809999465942383, 24.6299991607666, 24.760000228881836, 24.75, 24.84000015258789, 24.939998626708984, 24.989999771118164, 24.799999237060547, 24.709999084472656, 25.059999465942383, 24.889999389648438, 24.779998779296875, 24.959999084472656, 24.8799991607666], "wall_time": [6.276850938796997, 11.215970754623413, 15.821750402450562, 20.0802218914032, 24.852923154830933, 29.59885334968567, 34.065983057022095, 38.75755715370178, 43.6517596244812, 48.428832054138184, 53.327537059783936, 56.97735905647278, 61.42050814628601, 66.1654679775238, 71.08508372306824, 75.21441721916199, 79.99654650688171, 84.45757985115051, 89.14037919044495, 94.03530955314636, 98.81493496894836, 103.56376528739929, 108.26695251464844, 113.11152625083923, 117.50318145751953, 122.30743670463562, 127.43174004554749, 132.12172842025757, 136.8435254096985, 141.28552961349487, 146.2088017463684, 150.88562273979187, 155.80298113822937, 159.59989523887634, 164.2366144657135, 168.62244200706482, 173.29646110534668, 177.0452036857605, 180.58681845664978, 184.27777671813965, 188.8690104484558, 192.80062770843506, 196.94209241867065, 201.75751733779907, 206.4505910873413, 211.36482977867126, 216.11743450164795, 220.87127447128296, 225.49252581596375, 230.22920513153076, 234.98917961120605, 239.1098439693451, 243.96201348304749, 247.84334444999695, 252.45635676383972, 257.33643412590027, 261.4813234806061, 265.842059135437, 270.3792757987976, 274.95233607292175, 279.20852851867676, 283.9445812702179, 288.59433674812317, 293.3709554672241, 297.8160197734833, 302.56135606765747, 307.35520195961, 312.1104564666748, 316.647812128067, 321.4110074043274, 326.10893273353577, 330.8209762573242, 335.7656099796295, 340.4560332298279, 345.1992483139038, 349.9157338142395, 354.6107828617096, 358.3436303138733, 363.07407879829407, 367.8141894340515, 372.56564140319824, 377.43476271629333, 382.1706762313843, 386.8520758152008, 391.4508500099182, 396.15700602531433, 400.75180983543396, 404.67941093444824, 409.3842692375183, 414.35326051712036, 419.01360964775085, 423.2739269733429, 428.113942861557, 432.8123161792755, 437.66905403137207, 442.2090561389923, 447.06075072288513, 451.80911922454834, 456.61236572265625, 461.3055009841919], "val_loss": [1466.4755794921875, 4.618158087921143, 4.632671943664551, 4.586962316131592, 4.53351749420166, 4.442907752227783, 4.4326907127380375, 4.3627993087768555, 4.386985033416748, 4.3957621788024905, 4.159682559585571, 4.153515492630005, 4.1170069705963135, 4.141015331268311, 4.0074024055480955, 4.024588624191284, 3.9218730449676515, 3.974706055831909, 3.8793513530731203, 3.89062020072937, 3.860644847869873, 3.867745623779297, 3.7846636180877686, 3.8878239768981935, 3.810419013214111, 3.7364196380615233, 3.7411924499511717, 3.664868501281738, 3.6585177940368654, 3.709957149505615, 3.9041632751464843, 3.855187417221069, 3.7177992115020753, 3.70314545173645, 3.819561281585693, 3.866066443634033, 3.7231343299865722, 3.82946782913208, 5.17710100402832, 3.7995239944458006, 3.7830294425964355, 4.111463922119141, 3.9226658798217775, 3.915641889190674, 3.9637424125671386, 3.9170872467041016, 4.036086586761475, 4.036688262939453, 3.968346277618408, 3.920869175720215, 4.0317276672363285, 4.051125252532959, 4.13188685836792, 4.205946252441406, 4.197970207214356, 4.324839385986328, 4.256598176574707, 4.354326313018799, 4.297836388397217, 4.317365377044678, 4.415613494110107, 4.4666987274169925, 4.585156359863281, 4.48656947479248, 4.5938855728149415, 4.527131169891358, 4.622093969726563, 4.721525498962403, 4.654796555328369, 4.666008094787598, 4.650079783630371, 4.699692910003662, 4.651688538360595, 4.697364547729492, 4.71515405960083, 4.691841505432129, 4.747177866363526, 4.714601734161377, 4.730170256042481, 4.733713555145264, 4.739251248931885, 4.698914990997315, 4.71747474899292, 4.728617194366455, 4.726500695037842, 4.74291406326294, 4.729804465484619, 4.721414250946045, 4.728052500915528, 4.732875448608398, 4.74732048034668, 4.746570834350586, 4.726111295318604, 4.740363616943359, 4.743019673919678, 4.743349819946289, 4.742927759552002, 4.74400814743042, 4.74084091720581, 4.761771151733399],