{"loss": [], "acc": [], "test_loss": [165364.5784, 4.712915076446533, 4.610037998962403, 4.939791560363769, 4.553493451690674, 4.521596037292481, 4.494061120605469, 4.460750957489013, 4.359214734649658, 4.292380753326416, 4.238346723937989, 4.276888092041015, 4.23613392868042, 4.223030426025391, 4.140625048828125, 4.1066127868652345, 4.1247574317932125, 4.019912321472168, 4.126446616363525, 3.9216337776184083, 3.904576485443115, 3.886134259414673, 3.9133301071166993, 3.809167141723633, 3.903206831359863, 3.888510250854492, 3.849067022705078, 3.760310772705078, 3.7821652473449707, 3.9787161537170412, 3.7355687801361084, 3.6966063884735108, 3.633071503829956, 3.8059590061187745, 3.6526315589904783, 3.6059488494873047, 3.674281608581543, 3.6704522300720215, 3.6683908645629884, 3.8044315910339357, 3.6838033843994142, 3.5983129554748534, 3.644795645904541, 21.192934341430664, NaN, NaN, NaN, NaN, NaN, NaN, NaN, NaN, NaN, NaN, NaN, NaN, NaN, NaN, NaN, NaN, NaN, NaN, NaN, NaN, NaN, NaN, NaN, NaN, NaN, NaN, NaN, NaN, NaN, NaN, NaN, NaN, NaN, NaN, NaN, NaN, NaN, NaN, NaN, NaN, NaN, NaN, NaN, NaN, NaN, NaN, NaN, NaN, NaN, NaN, NaN, NaN, NaN, NaN, NaN, NaN], "test_acc": [1.0899999141693115, 1.1200000047683716, 0.8899999856948853, 1.5699999332427979, 1.7299998998641968, 2.169999837875366, 2.2799999713897705, 2.3999998569488525, 3.3399999141693115, 4.079999923706055, 4.579999923706055, 4.279999732971191, 4.579999923706055, 5.009999752044678, 6.0, 7.079999923706055, 6.759999752044678, 7.949999809265137, 6.659999847412109, 8.719999313354492, 8.460000038146973, 9.210000038146973, 9.859999656677246, 10.899999618530273, 10.139999389648438, 10.719999313354492, 11.319999694824219, 12.84999942779541, 11.920000076293945, 10.859999656677246, 12.9399995803833, 13.809999465942383, 14.539999961853027, 13.299999237060547, 15.089999198913574, 16.25, 15.639999389648438, 16.31999969482422, 16.260000228881836, 15.079999923706055, 16.619998931884766, 18.139999389648438, 18.1299991607666, 1.659999966621399, 0.029999999329447746, 0.2199999988079071, 0.08999999612569809, 0.0, 0.19999998807907104, 0.7099999785423279, 0.0, 0.2199999988079071, 0.0, 1.0, 0.0, 0.19999998807907104, 0.09999999403953552, 0.20999999344348907, 0.0, 0.22999998927116394, 0.29999998211860657, 0.14999999105930328, 0.4099999964237213, 0.5299999713897705, 0.2800000011920929, 0.12999999523162842, 0.09999999403953552, 0.029999999329447746, 0.0, 0.0, 0.0, 0.0, 0.22999998927116394, 0.0, 0.3799999952316284, 0.7699999809265137, 0.47999998927116394, 0.3700000047683716, 0.47999998927116394, 0.14999999105930328, 0.0, 0.47999998927116394, 0.22999998927116394, 0.09999999403953552, 0.0, 0.0, 0.08999999612569809, 0.22999998927116394, 0.07999999821186066, 0.05999999865889549, 0.5, 0.029999999329447746, 0.22999998927116394, 0.05999999865889549, 0.35999998450279236, 0.07000000029802322, 0.10999999940395355, 0.5299999713897705, 0.1899999976158142, 0.03999999910593033], "wall_time": [6.036236524581909, 10.666925191879272, 15.511364936828613, 19.296547651290894, 23.443588256835938, 27.57895588874817, 32.19420146942139, 36.751277923583984, 41.131598472595215, 45.751254081726074, 50.04634928703308, 54.60250210762024, 59.3968722820282, 64.28419089317322, 69.05964803695679, 73.75239753723145, 78.16153502464294, 82.79554152488708, 87.47345423698425, 92.262211561203, 96.97039556503296, 101.74500465393066, 106.42645049095154, 110.97824692726135, 115.77667427062988, 120.47736620903015, 125.159743309021, 130.00890851020813, 133.93180179595947, 138.08241939544678, 141.9596471786499, 146.54110765457153, 151.22524762153625, 155.93644666671753, 160.38752365112305, 165.19122195243835, 169.73978924751282, 174.57623410224915, 178.50989770889282, 182.39130568504333, 187.1911804676056, 191.21964859962463, 196.10501766204834, 201.02735686302185, 205.5828652381897, 210.3018057346344, 214.64483952522278, 218.58376240730286, 222.8078830242157, 226.95061254501343, 231.53683400154114, 235.85324096679688, 240.4407594203949, 245.14539432525635, 249.7102816104889, 254.60718894004822, 259.4072992801666, 263.64584612846375, 268.09425354003906, 271.6450695991516, 276.4164607524872, 280.65616154670715, 285.2799253463745, 289.94027495384216, 294.5256428718567, 299.05990266799927, 303.8729076385498, 308.686452627182, 313.142582654953, 317.63888335227966, 322.2843644618988, 327.05724239349365, 331.59425830841064, 336.212274312973, 341.0257284641266, 345.7683720588684, 350.46661257743835, 355.02132630348206, 359.680545091629, 364.3954725265503, 369.1764416694641, 373.06750202178955, 377.68085741996765, 382.49450850486755, 387.21262788772583, 390.39525270462036, 395.17102456092834, 399.6350202560425, 404.32691502571106, 409.08433413505554, 413.45660185813904, 418.1416459083557, 422.6243460178375, 426.35057830810547, 431.0155975818634, 435.6699502468109, 440.3527522087097, 444.24288606643677, 448.7535946369171, 452.5263774394989], "val_loss": [164910.4735625, 4.72771856842041, 4.612704714202881, 4.926030945587158, 4.558328636932373, 4.524828890991211, 4.5030750633239744, 4.4671382781982425, 4.370869448852539, 4.300518228912353, 4.252349201202392, 4.289338304901123, 4.247825994873047, 4.227025762939453, 4.149705840301514, 4.102480279541016, 4.1426816703796385, 4.014550936889648, 4.1341373874664304, 3.9205496482849123, 3.9069478416442873, 3.8968191719055176, 3.9369433032989503, 3.8202122478485108, 3.9135672439575195, 3.914957065963745, 3.8600582206726073, 3.76965901184082, 3.799755478668213, 3.980702262496948, 3.7486709156036375, 3.7155440002441407, 3.656366286468506, 3.8351836181640624, 3.668893333053589, 3.6399506092071534, 3.689915531158447, 3.7110354682922364, 3.7257112129211425, 3.846297671508789, 3.7449152755737303, 3.638136283493042, 3.6843801250457764, 21.325950344848632, NaN, NaN, NaN, NaN, NaN, NaN, NaN, NaN, NaN, NaN, NaN, NaN, NaN, NaN, NaN, NaN, NaN, NaN, NaN, NaN, NaN, NaN, NaN, NaN, NaN, NaN, NaN, NaN, NaN, NaN, NaN, NaN, NaN, NaN, NaN, NaN, NaN, NaN, NaN, NaN, NaN, NaN, NaN, NaN, NaN, NaN, NaN, NaN, NaN, NaN, NaN, NaN, NaN, NaN, NaN, NaN], "val_acc": [1.2300000190734863, 0.9799999594688416, 0.8499999642372131, 1.2599999904632568, 1.5899999141693115, 2.109999895095825, 2.4099998474121094, 2.5, 2.7799999713897705, 3.990000009536743, 4.329999923706055, 4.279999732971191, 4.489999771118164, 5.079999923706055, 6.339999675750732, 7.079999923706055, 7.119999885559082, 8.34999942779541, 6.679999828338623, 9.219999313354492, 8.979999542236328, 9.429999351501465, 9.679999351501465, 11.25, 9.90999984741211, 11.179999351501465, 11.449999809265137, 13.0, 12.059999465942383, 11.34999942779541, 13.670000076293945, 14.319999694824219, 14.449999809265137, 13.079999923706055, 15.119999885559082, 15.989999771118164, 15.299999237060547, 16.06999969482422, 15.4399995803833, 15.369999885559082, 15.609999656677246, 18.260000228881836, 17.770000457763672, 1.7799999713897705, 0.22999998927116394, 0.0, 0.550000011920929, 0.35999998450279236, 0.28999999165534973, 0.11999999731779099, 0.3100000023841858, 0.0, 0.550000011920929, 0.0, 0.28999999165534973, 0.28999999165534973, 0.0, 0.17999999225139618, 0.10999999940395355, 0.3400000035762787, 0.28999999165534973, 0.28999999165534973, 0.10999999940395355, 0.1599999964237213, 0.32999998331069946, 0.5199999809265137, 0.20999999344348907, 0.28999999165534973, 0.0, 0.0, 0.429999977350235, 0.5699999928474426, 0.44999998807907104, 0.0, 0.19999998807907104, 0.3400000035762787, 0.17999999225139618, 0.0, 0.2800000011920929, 0.4699999988079071, 0.19999998807907104, 0.28999999165534973, 0.0, 0.5, 0.0, 0.28999999165534973, 0.5199999809265137, 0.0, 0.22999998927116394, 0.07999999821186066, 0.0, 0.10999999940395355, 0.0, 0.25999999046325684, 0.17999999225139618, 0.7199999690055847, 0.10999999940395355, 0.28999999165534973, 0.5199999809265137, 0.12999999523162842]}