{"loss": [], "acc": [], "test_loss": [4.6183635688781735, 4.453573558044433, 4.352936930084229, 4.2032593223571775, 4.0139982177734375, 4.1017446578979495, 3.959208543395996, 3.940623355484009, 3.91186661529541, 3.719549493789673, 3.714748245239258, 3.7301261600494384, 3.702042077636719, 3.5793947731018068, 3.706525471496582, 3.655095160675049, 3.566174277114868, 3.5264348819732665, 3.657561014556885, 3.720056090927124, 3.509454051208496, 3.6558365543365476, 3.394278282928467, 3.507533281707764, 3.5373152458190917, 3.5088991771697997, 3.523883104324341, 3.375098162841797, 3.575143187713623, 3.5167785625457766, 3.7019326190948485, 3.4406001819610594, 3.413173583984375, 3.396069705581665, 3.6106256149291993, 3.675909597015381, 3.586382488632202, 3.595962690734863, 3.7550205253601074, 3.588173393249512, 3.5766118324279783, 3.6223258949279784, 3.7206375366210938, 3.6929960182189943, 3.6862798782348634, 3.7002758453369142, 3.7390383712768553, 3.7059188442230226, 3.8041257232666017, 4.07801000289917, 3.852702658081055, 4.171307627487183, 3.935934378051758, 4.000749869537353, 3.904487742233276, 4.091610635375977, 3.9889713653564454, 4.046428200149536, 4.031106900024414, 4.01780606918335, 3.9681112648010255, 4.056878484725952, 4.014393511199951, 4.090045849609375, 4.022702684020996, 4.0940959365844725, 4.119276812744141, 4.0353827545166014, 4.0515800331115726, 4.054336517333985, 4.078076434326172, 4.0267215339660645, 4.058130743408203, 4.057769894790649, 4.037750982666016, 4.041280278396607, 4.043187191009522, 4.025652103424072, 4.039592714691162, 4.029912090682983, 4.026824662399292, 4.009040623474121, 4.028788969421386, 4.023063372421265, 4.000911105728149, 4.019885066986084, 4.005152814483643, 4.012973202133178, 4.014560005187988, 4.023648731613159, 4.002466616821289, 4.008759638214111, 4.00644588508606, 3.994043534851074, 4.008479796981812, 4.013861795806885, 3.997850644683838, 4.002290092468262, 4.0178290309906, 4.013469152450561], "test_acc": [1.0, 2.759999990463257, 4.359999656677246, 5.62999963760376, 7.289999961853027, 6.819999694824219, 8.179999351501465, 8.90999984741211, 9.539999961853027, 12.25999927520752, 12.639999389648438, 12.34999942779541, 13.229999542236328, 15.519999504089355, 13.639999389648438, 15.029999732971191, 17.5, 17.10999870300293, 16.959999084472656, 16.25, 17.010000228881836, 17.420000076293945, 19.899999618530273, 19.260000228881836, 19.469999313354492, 21.469999313354492, 19.85999870300293, 21.309999465942383, 20.939998626708984, 21.189998626708984, 18.600000381469727, 22.709999084472656, 23.760000228881836, 23.809999465942383, 22.729999542236328, 21.889999389648438, 23.459999084472656, 23.65999984741211, 23.779998779296875, 23.920000076293945, 24.76999855041504, 25.28999900817871, 24.76999855041504, 25.26999855041504, 25.76999855041504, 25.81999969482422, 25.34000015258789, 26.649999618530273, 25.60999870300293, 24.35999870300293, 26.53999900817871, 25.67999839782715, 27.329999923706055, 27.34000015258789, 26.559999465942383, 26.099998474121094, 26.739999771118164, 27.529998779296875, 27.44999885559082, 28.149999618530273, 28.42999839782715, 28.049999237060547, 28.229999542236328, 29.06999969482422, 29.26999855041504, 29.149999618530273, 29.549999237060547, 29.579999923706055, 30.10999870300293, 29.92999839782715, 29.529998779296875, 29.989999771118164, 29.59000015258789, 30.40999984741211, 30.42999839782715, 29.94999885559082, 30.15999984741211, 30.53999900817871, 30.25, 30.670000076293945, 30.84000015258789, 30.899999618530273, 30.75, 30.649999618530273, 30.689998626708984, 30.559999465942383, 30.759998321533203, 30.639999389648438, 30.65999984741211, 30.60999870300293, 30.709999084472656, 30.76999855041504, 30.65999984741211, 30.779998779296875, 30.85999870300293, 30.739999771118164, 30.869998931884766, 30.67999839782715, 30.619998931884766, 30.78999900817871], "wall_time": [4.159161806106567, 7.973222017288208, 11.722743511199951, 15.21088981628418, 18.713069200515747, 21.760887384414673, 25.13256311416626, 28.709762573242188, 32.43072056770325, 36.00540280342102, 39.485312700271606, 43.160470485687256, 46.46444082260132, 50.147305488586426, 54.004273414611816, 57.51554870605469, 61.06376838684082, 64.70433259010315, 68.64799308776855, 72.46864676475525, 76.5082483291626, 80.25024771690369, 84.24597334861755, 88.10199856758118, 91.59615898132324, 94.98667907714844, 98.99443459510803, 102.2548680305481, 106.0815794467926, 109.21803617477417, 112.99895215034485, 116.53225827217102, 120.31320381164551, 124.04210638999939, 127.88291025161743, 131.54926586151123, 135.09475755691528, 138.97212028503418, 142.68039417266846, 146.24343538284302, 149.8143653869629, 153.23852944374084, 157.0042748451233, 160.9294409751892, 164.6275761127472, 168.05161380767822, 172.1331386566162, 175.80455088615417, 179.36495089530945, 182.60062837600708, 185.81306791305542, 189.17794919013977, 192.9921236038208, 196.6689329147339, 200.08050632476807, 203.69952416419983, 207.28218626976013, 210.6283664703369, 214.6647515296936, 218.41317677497864, 221.99574613571167, 225.96570754051208, 229.53612613677979, 233.21081161499023, 236.78998184204102, 240.3362581729889, 244.13730382919312, 247.85973286628723, 251.37414503097534, 255.53003764152527, 258.6442267894745, 262.2384388446808, 266.03452825546265, 269.9572846889496, 273.616619348526, 277.1260070800781, 280.7101593017578, 284.7173011302948, 288.29220271110535, 291.78314208984375, 295.4197642803192, 298.9541039466858, 302.6201910972595, 305.9464747905731, 309.45002794265747, 312.62386536598206, 315.84335470199585, 319.3016495704651, 323.0320370197296, 326.57450342178345, 329.990469455719, 333.8938584327698, 337.55257534980774, 341.29066491127014, 344.92246770858765, 348.77160358428955, 352.7908113002777, 356.0672731399536, 360.2161748409271, 364.3512773513794], "val_loss": [4.621872387695312, 4.460966154479981, 4.36107393989563, 4.199877062606811, 4.0236611164093015, 4.093868686676025, 3.9613967544555666, 3.9606447494506836, 3.921087260055542, 3.744774229812622, 3.7390779411315918, 3.760018780517578, 3.7135640842437745, 3.599904894256592, 3.7007396202087404, 3.686897424316406, 3.577893186950684, 3.5295513092041015, 3.6452345603942873, 3.7386678188323974, 3.5314845069885252, 3.64898265914917, 3.4058493713378906, 3.5042783611297605, 3.5339417991638182, 3.51830532951355, 3.521818065261841, 3.3939842239379883, 3.5912472839355467, 3.5493353256225584, 3.725959101104736, 3.464848246383667, 3.4631731914520265, 3.402634786224365, 3.6340883850097656, 3.6769687194824217, 3.6061983196258547, 3.5930258403778077, 3.752669488525391, 3.5667226974487303, 3.6163387531280518, 3.596455751800537, 3.743044359588623, 3.6930466667175295, 3.7254947204589843, 3.728240899658203, 3.7584218894958497, 3.7122705066680908, 3.848399179840088, 4.089283675003052, 3.875008214187622, 4.139735124206543, 3.9691442920684814, 4.042242567443847, 3.9678888175964357, 4.128795391845703, 4.024383673095703, 4.073605120849609, 4.060051015090942, 4.0579873611450195, 3.993737029266357, 4.096798796844483, 4.046294009399414, 4.090038634109497, 4.050016544723511, 4.112048122787476, 4.155126080322265, 4.075943560791016, 4.094021070480347, 4.0911981399536135, 4.1053899368286135, 4.039336106109619, 4.072061378097534, 4.093208505630493, 4.076362176132202, 4.088822718811035, 4.078028324508667, 4.067427700042725, 4.080126554107666, 4.064179095458984, 4.069836245727539, 4.049093528747559, 4.067734928512573, 4.061363984298706, 4.040106421279908, 4.053636300659179, 4.043686952209472, 4.051466506958008, 4.048903179168701, 4.054476454925537, 4.040591062164307, 4.044872510528564, 4.044103126525879, 4.032526466751099, 4.045447397994995, 4.0504103218078615, 4.033713388061523, 4.038473719787597, 4.055184217453003, 4.049509646987915],