{"loss": [], "acc": [], "test_loss": [40.59236982727051, 5.449157106781006, 4.430425157928466, 17.28409334259033, 4.288123251342774, 4.242101765441895, 4.122606845855713, 4.0975715454101564, 3.997256842803955, 3.972851247406006, 3.8722123916625977, 3.8838519130706786, 3.788297387313843, 3.7079089427947998, 307.5516961490631, 39154.03908384743, 3.596047436141968, 3.5520164779663084, 3.650446834945679, 3.4193302375793455, 3.483420686340332, 3.3469577060699462, 3.378692353057861, 3.343320203781128, 3.3409485038757323, 3.2781559062957766, 3.275347415924072, 3.343080351257324, 3.292794434738159, 3.2061004318237303, 3.4165652770996093, 3.3227987434387205, 3.295680132675171, 3.177524069595337, 3.219669794845581, 3.277647972488403, 3.1870881576538084, 3.243903071594238, 3.110473146438599, 3.121815816116333, 3.263697688293457, 3.1679120784759522, 3.2627548683166503, 3.16049137840271, 3.092456007003784, 3.1793441886901856, 3.156128701400757, 3.190516805267334, 3.1286566761016847, 3.0778803928375242, 3.147026510620117, 3.2773615528106688, 3.140575012207031, 3.1386762100219725, 3.1359555027008055, 3.0972859813690183, 3.1535874736785887, 3.1266187877655027, 3.188033795928955, 3.13568454208374, 3.1545883934020997, 3.179916706466675, 3.1192392311096193, 3.1267394664764403, 3.145044327545166, 3.232079845046997, 3.14348521194458, 3.245524164581299, 3.236850126647949, 3.218110201263428, 3.1693503295898435, 3.170014617919922, 3.2158302921295165, 3.166923752975464, 3.1829117156982423, 3.174318329620361, 3.1757517665863038, 3.219859519195557, 3.185576770782471, 3.144869731140137, 3.197871131134033, 3.1468050094604494, 3.186326187133789, 3.1801829315185546, 3.168453843307495, 3.1551482204437256, 3.1684883125305174, 3.1668265327453615, 3.1605552833557127, 3.177760192871094, 3.164919722366333, 3.1654149120330812, 3.1642183856964112, 3.176445610046387, 3.1576319492340086, 3.1760914863586427, 3.1729753456115724, 3.171883877182007, 3.1709000984191893, 3.1686608268737793], "test_acc": [1.0099999904632568, 1.7899999618530273, 3.179999828338623, 3.869999885559082, 4.509999752044678, 5.349999904632568, 6.46999979019165, 6.529999732971191, 8.289999961853027, 8.489999771118164, 10.050000190734863, 9.960000038146973, 11.420000076293945, 13.019999504089355, 13.479999542236328, 14.089999198913574, 15.089999198913574, 15.399999618530273, 15.819999694824219, 17.619998931884766, 17.459999084472656, 19.03999900817871, 18.739999771118164, 19.079999923706055, 19.459999084472656, 20.209999084472656, 20.229999542236328, 20.689998626708984, 20.739999771118164, 21.869998931884766, 19.709999084472656, 21.299999237060547, 21.90999984741211, 22.60999870300293, 23.349998474121094, 23.06999969482422, 24.349998474121094, 23.189998626708984, 25.170000076293945, 25.739999771118164, 24.1299991607666, 25.0, 24.989999771118164, 27.059999465942383, 27.049999237060547, 26.17999839782715, 26.989999771118164, 27.119998931884766, 27.639999389648438, 28.639999389648438, 27.029998779296875, 26.939998626708984, 28.399999618530273, 29.28999900817871, 29.51999855041504, 29.06999969482422, 29.579999923706055, 30.6299991607666, 29.579999923706055, 30.6299991607666, 29.829999923706055, 30.479999542236328, 31.489999771118164, 31.479999542236328, 31.459999084472656, 30.69999885559082, 31.649999618530273, 31.42999839782715, 31.059999465942383, 31.989999771118164, 32.43000030517578, 32.189998626708984, 32.57999801635742, 32.61000061035156, 33.18000030517578, 32.95000076293945, 33.029998779296875, 32.71999740600586, 33.02000045776367, 33.77000045776367, 33.31999969482422, 33.62999725341797, 33.91999816894531, 33.77000045776367, 33.529998779296875, 33.91999816894531, 33.66999816894531, 33.89999771118164, 34.040000915527344, 33.73999786376953, 33.93000030517578, 34.06999969482422, 34.32999801635742, 34.05999755859375, 34.189998626708984, 34.02000045776367, 34.040000915527344, 33.959999084472656, 34.0, 34.04999923706055], "wall_time": [4.555089473724365, 8.596410751342773, 12.931984186172485, 16.650218725204468, 20.803931951522827, 24.560974597930908, 28.871697902679443, 32.53724551200867, 36.48144841194153, 40.68346881866455, 44.88391423225403, 48.56821632385254, 53.02897047996521, 57.28136205673218, 61.392033100128174, 65.73430323600769, 69.77619338035583, 73.59746837615967, 77.99058055877686, 82.30093789100647, 85.95818662643433, 90.05161333084106, 93.8350121974945, 98.15241169929504, 102.13439846038818, 106.28939700126648, 110.76253080368042, 114.73900842666626, 118.72197914123535, 122.7090494632721, 126.85076117515564, 131.01936316490173, 135.1587154865265, 139.30471229553223, 143.11979246139526, 147.73458766937256, 151.9490110874176, 155.99077606201172, 160.03144693374634, 163.83689188957214, 167.40887117385864, 171.23119592666626, 175.4108498096466, 179.42945337295532, 183.63231301307678, 187.7053680419922, 191.36977529525757, 195.97376561164856, 199.39546418190002, 203.73822021484375, 207.66904067993164, 211.8887095451355, 215.6683008670807, 219.74442863464355, 224.35534024238586, 228.74944853782654, 233.1704602241516, 237.26849031448364, 241.9263505935669, 246.2091498374939, 250.26784324645996, 254.401358127594, 258.45893812179565, 262.6929154396057, 267.082884311676, 271.41304659843445, 276.0567433834076, 280.378315448761, 284.53628945350647, 288.7341876029968, 292.5367133617401, 296.8824074268341, 300.58513045310974, 304.4350574016571, 308.69439482688904, 313.0113706588745, 316.6063058376312, 320.8430619239807, 324.67997336387634, 328.84013199806213, 332.8822650909424, 336.5480008125305, 340.6141493320465, 344.5242989063263, 348.7947156429291, 352.98435258865356, 356.57463002204895, 360.8124418258667, 364.2561786174774, 368.2506322860718, 372.18087005615234, 376.40664052963257, 380.41645789146423, 384.38271403312683, 388.2554988861084, 392.24980998039246, 396.14963269233704, 400.47164273262024, 405.29714798927307, 409.11587738990784], "val_loss": [30.274405755615234, 5.428908912658692, 4.437848369598389, 31.793103439331055, 4.296047291946411, 4.24690200881958, 4.126983390808105, 4.100185727691651, 4.007358546829224, 3.974492158508301, 3.8752455909729004, 3.8878912616729737, 3.793533932495117, 3.7176129573822023, 8.411875616836548, 98099.42790282363, 3.6043418888092043, 3.560293579864502, 4.232210526657105, 3.542857999420166, 4.141243604278564, 3.355474519729614, 3.406725677871704, 3.37008941078186, 3.347359044647217, 3.3071078380584717, 3.314230274581909, 3.361190679168701, 3.3314399505615233, 3.2528552055358886, 3.4398574699401854, 3.3605767875671386, 3.333119072341919, 3.1880917053222655, 3.244510604095459, 3.2948496746063234, 3.2119503921508787, 3.3074757461547852, 3.1605786617279055, 3.1649997924804687, 3.3233068901062013, 3.218891244506836, 3.2959747356414795, 3.176029563522339, 3.135051761627197, 3.209785531234741, 3.193648876953125, 3.224542491531372, 3.1586089195251463, 3.116257867431641, 3.1681232517242433, 3.2609454898834227, 3.1618090629577638, 3.1856635173797607, 3.165162452697754, 3.1542762687683106, 3.1695127323150634, 3.153493792724609, 3.176194555282593, 3.176051943588257, 3.1701463676452635, 3.2397459518432616, 3.1529638355255125, 3.170721952056885, 3.1777890003204345, 3.2704682868957518, 3.1836820602416993, 3.297791421508789, 3.282288161087036, 3.2532053298950196, 3.1997498889923097, 3.2207469886779787, 3.2501826862335204, 3.202527682495117, 3.226761134719849, 3.206194493675232, 3.2395471942901612, 3.2812969089508055, 3.243092754364014, 3.200223872756958, 3.251638457107544, 3.212109471130371, 3.241156806564331, 3.2423897090911864, 3.2327458721160887, 3.2290880262374877, 3.232301190185547, 3.2366741706848146, 3.228615270614624, 3.241402205657959, 3.2295894668579104, 3.2332841640472414, 3.2247904430389402, 3.2405710777282715, 3.2179299266815184, 3.2392635391235354, 3.2369648403167726, 3.234063676071167, 3.2347073696136475, 3.229561573410034],