{"loss": [], "acc": [], "test_loss": [4.627181032562256, 4.458411924743652, 4.314732028198242, 4.176675699615479, 4.1225412002563475, 4.083938247680664, 4.0595540473937985, 3.9763544006347655, 3.9126998664855956, 3.9136232528686525, 3.9159050140380858, 3.9437104354858397, 3.7704246997833253, 3.7545867042541503, 3.7692346454620362, 3.7166852569580078, 3.6833296127319337, 3.6947373023986816, 3.6683576259613035, 3.6002499588012697, 3.67408433303833, 3.6261609558105468, 3.5344989555358888, 3.762008710479736, 3.456778564453125, 3.6199493923187256, 3.5885652755737305, 3.452970302963257, 3.6233608978271485, 3.532137840270996, 3.652792854690552, 3.59568696937561, 3.4887503929138184, 3.3834560508728027, 3.450611626815796, 3.4933672805786133, 3.5422506195068357, 3.5463156509399414, 3.4243909717559813, 3.395295711898804, 3.635626103973389, 3.422960521697998, 3.698718466949463, 3.51157731552124, 3.6059348472595216, 3.5746682525634768, 3.6364550075531006, 3.6059389099121093, 3.6246920318603517, 3.750308949661255, 3.618681468582153, 3.658894211578369, 3.760657657623291, 3.662766384124756, 3.7013101459503175, 3.8393599781036376, 3.894805467605591, 3.8203537422180176, 3.8235241973876954, 3.8388367805480956, 3.859443524169922, 3.804792834854126, 3.9605562118530275, 3.968877680206299, 3.897137380218506, 4.005145867919921, 4.018307257843017, 3.954471739578247, 3.9200831886291505, 4.076069076538086, 4.065830130767822, 4.100163470458984, 4.099277847290039, 4.120633039855957, 4.141276019287109, 4.119286951446533, 4.05214661026001, 4.1346990058898925, 4.072652479553223, 4.12206379699707, 4.151022705841064, 4.149549527740478, 4.145765339660644, 4.161896775054932, 4.163797052001953, 4.162361604309082, 4.173523538208008, 4.156989608764649, 4.175323691558838, 4.17806784362793, 4.190431304168701, 4.200592258453369, 4.18574270477295, 4.201924516296387, 4.169915297698974, 4.188451927185058, 4.175121881866455, 4.179681009674073, 4.182234118652344, 4.188107337188721], "test_acc": [1.0, 3.0799999237060547, 4.369999885559082, 4.440000057220459, 5.179999828338623, 6.179999828338623, 6.699999809265137, 7.299999713897705, 7.789999961853027, 9.25, 8.329999923706055, 10.09000015258789, 11.029999732971191, 11.969999313354492, 12.179999351501465, 13.469999313354492, 13.889999389648438, 14.00999927520752, 14.179999351501465, 15.129999160766602, 15.589999198913574, 15.719999313354492, 16.969999313354492, 14.859999656677246, 18.60999870300293, 16.889999389648438, 17.029998779296875, 19.139999389648438, 17.579999923706055, 18.350000381469727, 18.170000076293945, 18.170000076293945, 20.219999313354492, 20.28999900817871, 20.78999900817871, 19.989999771118164, 19.469999313354492, 20.079999923706055, 21.84000015258789, 22.260000228881836, 20.969999313354492, 22.51999855041504, 21.19999885559082, 22.239999771118164, 22.709999084472656, 21.90999984741211, 22.219999313354492, 22.399999618530273, 22.0, 23.26999855041504, 23.889999389648438, 23.709999084472656, 23.049999237060547, 24.099998474121094, 22.849998474121094, 22.969999313354492, 23.31999969482422, 24.239999771118164, 24.68000030517578, 24.56999969482422, 24.65999984741211, 25.889999389648438, 25.94999885559082, 25.10999870300293, 25.81999969482422, 25.389999389648438, 25.85999870300293, 25.809999465942383, 26.78999900817871, 26.439998626708984, 26.84000015258789, 26.299999237060547, 27.099998474121094, 26.8799991607666, 26.779998779296875, 26.59000015258789, 27.239999771118164, 27.209999084472656, 27.779998779296875, 27.75, 27.510000228881836, 27.510000228881836, 27.44999885559082, 27.6299991607666, 27.619998931884766, 27.869998931884766, 27.979999542236328, 28.0, 27.8799991607666, 28.209999084472656, 28.049999237060547, 27.8799991607666, 28.029998779296875, 28.01999855041504, 28.260000228881836, 28.029998779296875, 28.31999969482422, 28.19999885559082, 28.189998626708984, 28.189998626708984], "wall_time": [4.601690292358398, 8.803856372833252, 13.240074396133423, 17.901509761810303, 22.491801500320435, 27.029130458831787, 31.433873891830444, 35.929505825042725, 40.41724634170532, 45.13786339759827, 49.34760928153992, 53.931546211242676, 57.70171403884888, 62.33053779602051, 66.91520857810974, 71.48769974708557, 76.0449423789978, 80.12883353233337, 84.67102289199829, 89.15174961090088, 93.81307244300842, 98.06487226486206, 102.50169944763184, 106.7508134841919, 111.42018985748291, 115.9427227973938, 120.4793701171875, 124.78692674636841, 129.29924488067627, 133.66999125480652, 138.35639691352844, 142.6780333518982, 147.14097094535828, 151.4428231716156, 155.89103150367737, 160.3976185321808, 164.88663601875305, 169.01327657699585, 173.41134667396545, 177.72020959854126, 181.84003329277039, 186.45856642723083, 190.85460758209229, 195.27317070960999, 199.9158124923706, 204.59570693969727, 208.9401979446411, 213.45527482032776, 218.05575156211853, 222.58740735054016, 227.07428693771362, 231.6840009689331, 235.51973867416382, 239.00658869743347, 243.64191222190857, 247.36339926719666, 251.9271478652954, 256.31833815574646, 261.01142501831055, 265.402081489563, 269.90591287612915, 274.47256112098694, 279.0594174861908, 283.4318633079529, 287.8266279697418, 292.4250431060791, 296.8821005821228, 300.78012800216675, 304.9371078014374, 309.7033095359802, 313.9777030944824, 318.23632192611694, 322.25852966308594, 326.93937587738037, 331.6071500778198, 335.9671127796173, 340.481565952301, 345.0842561721802, 349.5959053039551, 354.24717473983765, 358.84662771224976, 363.3443570137024, 367.9616656303406, 372.54786682128906, 377.0926158428192, 381.86181569099426, 386.48247170448303, 391.1181197166443, 395.72448205947876, 400.301237821579, 404.03297543525696, 408.10557794570923, 412.6294984817505, 417.39667677879333, 421.7672257423401, 426.467542886734, 430.92883348464966, 435.01109552383423, 439.4394588470459, 444.1629753112793], "val_loss": [4.629240189361572, 4.462233229064942, 4.318540238189697, 4.187325255203247, 4.130844983673096, 4.083871145629883, 4.066872959136963, 3.9744915267944334, 3.920239052963257, 3.9271969539642333, 3.902618992614746, 3.941393888092041, 3.760982298660278, 3.755623064804077, 3.7632741958618166, 3.7201133701324465, 3.671793413925171, 3.6849017631530763, 3.6693445083618164, 3.6015391414642335, 3.6810472888946535, 3.6371022899627685, 3.5546221912384035, 3.753961548614502, 3.459110817337036, 3.6279889865875243, 3.605750730895996, 3.4718707206726074, 3.6447556476593017, 3.5304503704071046, 3.6756103118896486, 3.65018228225708, 3.5516137832641603, 3.3999307815551756, 3.478999662399292, 3.5041696212768554, 3.5309176635742188, 3.5566312019348145, 3.435309118270874, 3.423931461715698, 3.651032664489746, 3.43207011680603, 3.70631975440979, 3.5298021984100343, 3.6150349132537842, 3.583651652145386, 3.6613263114929198, 3.6210348739624023, 3.6638451511383057, 3.752113293838501, 3.625594990158081, 3.6769132846832275, 3.7869730445861816, 3.6950664680480956, 3.7164899337768555, 3.871303925704956, 3.922036677932739, 3.8673579891204835, 3.831010628128052, 3.8837075233459473, 3.8921952545166016, 3.8355051151275634, 3.9878688426971434, 4.035215198898316, 3.9293245586395265, 4.027000644683838, 4.047811009597778, 3.9789262508392333, 3.9697773319244383, 4.095390184402466, 4.102448629379272, 4.14259201927185, 4.14761987953186, 4.15129991607666, 4.159020306396484, 4.147853912353516, 4.089490205383301, 4.148000032043457, 4.1142216987609865, 4.152481258392334, 4.166917166137695, 4.182918630218506, 4.165792240905762, 4.198652807235717, 4.196430966186523, 4.194951105499268, 4.201345056915283, 4.193351096343994, 4.202631843566895, 4.20576496887207, 4.217917158889771, 4.2301967842102055, 4.208483377075195, 4.231382414245606, 4.196816396331787, 4.216753439331055, 4.203964049530029, 4.210080109786987, 4.213074768829346, 4.215875996780396],