{"loss": [], "acc": [], "test_loss": [5.127338813781738, 4.792393251800537, 4.45991722869873, 4.2922622581481935, 4.256874909210205, 4.174079597473145, 4.122054576873779, 4.090739538574219, 4.043693871307373, 3.9840564849853517, 3.9700399978637697, 3.8998385501861574, 3.87948971786499, 3.957205625152588, 3.8630396224975585, 3.855095544052124, 3.85527841758728, 3.721941624069214, 3.6567970111846924, 3.9386566429138186, 3.762509487915039, 3.592988668823242, 3.6602260704040526, 3.688668539810181, 3.5916433288574217, 3.6527247749328615, 3.6437985023498536, 3.6279481163024903, 3.5541717514038087, 3.6613478450775148, 3.5569052066802977, 3.6071034648895264, 3.58720230178833, 3.678588315963745, 3.593770160675049, 3.542267169189453, 3.5270288024902343, 3.649464380645752, 3.627621067428589, 3.570527713394165, 3.6431351211547853, 3.5644215980529785, 3.583941668701172, 3.5918416156768798, 3.7245550106048584, 3.6221844108581545, 3.607492850494385, 3.6278399322509767, 3.6788777130126955, 3.7314939849853515, 3.6091892768859863, 3.814872910308838, 3.732082734298706, 3.7993650993347168, 3.8199607891082765, 3.6280852642059327, 3.886078044128418, 3.8473025344848635, 3.874122895812988, 3.8408023529052735, 3.9548997772216796, 3.9394975784301756, 3.7714365005493162, 3.913496591949463, 3.925291919708252, 4.0142977809906, 3.9631257858276365, 3.9574482681274414, 4.0833974395751955, 4.019919327545166, 3.9657272880554197, 4.075769383239746, 4.013321999359131, 4.083960774230957, 4.136018841552734, 4.11038738861084, 4.097874863433838, 4.125296685791016, 4.165115454864502, 4.149745705413818, 4.157755368041992, 4.192510037994385, 4.1987228782653805, 4.22727495803833, 4.22727935333252, 4.251691645812988, 4.24879351348877, 4.250730264282226, 4.247274152374268, 4.262068527984619, 4.253617861938476, 4.267505432128906, 4.269784232330323, 4.274183444213867, 4.263731405639648, 4.277397668457032, 4.280773693084717, 4.276499100494385, 4.27992797241211, 4.285535729980468], "test_acc": [1.1200000047683716, 2.3299999237060547, 3.179999828338623, 3.990000009536743, 4.690000057220459, 5.5, 6.529999732971191, 6.389999866485596, 7.159999847412109, 8.079999923706055, 8.869999885559082, 8.960000038146973, 10.489999771118164, 9.149999618530273, 10.989999771118164, 10.75, 11.420000076293945, 12.369999885559082, 14.039999961853027, 10.699999809265137, 12.019999504089355, 14.539999961853027, 13.889999389648438, 13.559999465942383, 16.399999618530273, 14.809999465942383, 14.9399995803833, 14.889999389648438, 16.579999923706055, 16.03999900817871, 18.06999969482422, 16.529998779296875, 17.78999900817871, 17.219999313354492, 16.639999389648438, 18.31999969482422, 18.649999618530273, 17.979999542236328, 17.889999389648438, 18.600000381469727, 18.85999870300293, 19.670000076293945, 19.229999542236328, 19.209999084472656, 19.670000076293945, 19.93000030517578, 20.779998779296875, 20.229999542236328, 19.35999870300293, 19.670000076293945, 20.989999771118164, 20.899999618530273, 20.6299991607666, 20.469999313354492, 21.139999389648438, 21.84000015258789, 21.209999084472656, 21.31999969482422, 20.44999885559082, 21.489999771118164, 22.029998779296875, 22.260000228881836, 22.69999885559082, 23.229999542236328, 21.31999969482422, 21.529998779296875, 23.09000015258789, 23.279998779296875, 22.25, 24.10999870300293, 23.15999984741211, 23.60999870300293, 23.559999465942383, 23.399999618530273, 23.93000030517578, 23.729999542236328, 23.829999923706055, 24.239999771118164, 23.779998779296875, 23.869998931884766, 24.260000228881836, 24.079999923706055, 24.599998474121094, 24.219999313354492, 24.279998779296875, 24.389999389648438, 24.389999389648438, 24.760000228881836, 24.399999618530273, 24.81999969482422, 24.719999313354492, 24.869998931884766, 24.44999885559082, 24.59000015258789, 24.56999969482422, 24.709999084472656, 24.729999542236328, 24.75, 24.709999084472656, 24.76999855041504], "wall_time": [4.31225848197937, 8.260997295379639, 12.112390995025635, 15.83003544807434, 19.47524929046631, 23.153061628341675, 26.523183822631836, 30.254662036895752, 33.916977405548096, 37.56964302062988, 41.2375705242157, 44.660712242126465, 48.38483262062073, 51.90975308418274, 55.445444107055664, 59.49087977409363, 63.00218152999878, 66.83959746360779, 70.18727946281433, 73.73380470275879, 77.27508306503296, 81.06791234016418, 84.87605023384094, 88.89472937583923, 92.71829295158386, 96.48939371109009, 100.01109075546265, 103.88888835906982, 107.40382432937622, 111.24820494651794, 115.09597659111023, 118.38425898551941, 122.27348637580872, 125.98024845123291, 129.55364990234375, 132.89549565315247, 136.56032395362854, 140.61544466018677, 144.4068558216095, 148.13547587394714, 151.9453830718994, 155.65125560760498, 159.21836471557617, 162.72355127334595, 166.5469024181366, 170.39926385879517, 174.15556240081787, 178.1804060935974, 181.75190210342407, 185.31411218643188, 189.14996552467346, 192.75133180618286, 196.6685185432434, 200.1772997379303, 203.786461353302, 207.44320607185364, 211.1073431968689, 215.01507902145386, 218.62379026412964, 222.60067987442017, 226.32064199447632, 229.65670228004456, 233.49699187278748, 237.00909543037415, 240.88607239723206, 244.8442747592926, 248.69894552230835, 252.45413088798523, 256.380606174469, 259.93435549736023, 263.7614245414734, 267.7813501358032, 271.7575967311859, 275.62675046920776, 279.36179399490356, 282.96739387512207, 286.25033926963806, 290.0937888622284, 293.7559549808502, 297.7368185520172, 301.59322810173035, 305.5626320838928, 309.23589611053467, 312.72136926651, 316.1887550354004, 319.83612632751465, 323.6230092048645, 327.24239468574524, 330.9963655471802, 334.74058055877686, 338.4885666370392, 342.3189253807068, 345.6753125190735, 349.6143796443939, 353.5994894504547, 357.4927818775177, 361.2656717300415, 364.63925313949585, 368.30102801322937, 371.961220741272], "val_loss": [5.117552220153809, 4.784663452148438, 4.464606774139404, 4.287205847930908, 4.2600228805541995, 4.183978945541382, 4.134519888687134, 4.096525372314453, 4.045217381286621, 3.9926034519195555, 3.975687173461914, 3.905713436126709, 3.8841525074005125, 3.949711608123779, 3.859514171218872, 3.83193674697876, 3.857773625564575, 3.718351523208618, 3.6424060794830324, 3.9185075717926026, 3.758310980987549, 3.5969477233886717, 3.6512472370147706, 3.6706677749633787, 3.591487264633179, 3.6828875034332276, 3.637720853424072, 3.6498357963562014, 3.5437185325622558, 3.6536344146728514, 3.555005595397949, 3.6000377086639404, 3.5822314666748047, 3.6758540954589844, 3.5945404914855956, 3.545066442871094, 3.552719109725952, 3.659077084350586, 3.6371558113098144, 3.5841493579864503, 3.655094049835205, 3.5933177726745607, 3.5911840744018555, 3.6201572452545165, 3.757958562850952, 3.6072645992279053, 3.623346050643921, 3.6366426898956297, 3.6742884616851805, 3.7435021339416505, 3.6229658531188966, 3.8291557998657226, 3.7500421058654787, 3.8171992179870604, 3.8106372619628908, 3.634444316482544, 3.8853165184020995, 3.835092985534668, 3.8792193634033203, 3.8442276233673094, 3.9371490234375, 3.989594891357422, 3.809668719100952, 3.9445213874816893, 3.934498333740234, 4.014723952484131, 3.971710317611694, 3.9475760208129884, 4.034199904632568, 4.020058093643189, 3.9740662727355955, 4.093597697067261, 4.018236573791504, 4.092383484268188, 4.160100716400146, 4.132477341461182, 4.105674393463135, 4.140717538452148, 4.160999926376343, 4.138358404922485, 4.16339358177185, 4.193634655380249, 4.19501711807251, 4.225997241973877, 4.2283589611053465, 4.251516051483154, 4.242595364379882, 4.241707287216187, 4.245116684341431, 4.261925886154175, 4.2612030311584475, 4.2730705078125, 4.27254232673645, 4.273936227035523, 4.267194638824463, 4.280126403045655, 4.280451248168945, 4.276386662292481, 4.282447570800781, 4.284203455734253],