{"loss": [], "acc": [], "test_loss": [4.607148231506348, 4.416887688446045, 4.2083465896606445, 3.9960030281066894, 3.9205183753967283, 3.784963302612305, 3.7924045948028566, 3.7908448959350585, 3.681573126602173, 3.673078929901123, 3.6331272998809814, 3.563810990524292, 3.543305551147461, 3.421021546936035, 3.4208096118927003, 3.3546737255096435, 3.3888164878845215, 3.420728726577759, 3.528060361480713, 3.2791318824768068, 3.3754023307800294, 3.3696222229003907, 3.4136948219299317, 3.283223289489746, 3.51787659072876, 3.3017055953979493, 3.4606806575775146, 3.4647468299865722, 3.5497363780975344, 3.57279614944458, 3.474435866546631, 3.5133927276611328, 3.60174222946167, 3.511929035568237, 3.8277276943206786, 3.6127213970184324, 3.7644129970550537, 3.6310946529388426, 3.5999485218048095, 3.769608656311035, 3.9238533142089844, 4.077841901397705, 3.9597202247619627, 3.7440748611450196, 3.9934016510009767, 3.936252233886719, 3.9067472900390623, 3.8716500583648683, 4.034450624465943, 3.9413583671569823, 3.9261231948852537, 3.857441319274902, 3.8968980644226074, 3.9536938888549806, 3.8123426788330077, 3.834559725189209, 3.8278181686401367, 3.7815609691619874, 3.802336808013916, 3.721350099182129, 3.7123053482055663, 3.7039744400024412, 3.686134172439575, 3.6563477325439453, 3.632871213531494, 3.6221769329071045, 3.6060214588165285, 3.622795390701294, 3.5929372890472413, 3.580618999481201, 3.5532484146118164, 3.5631724250793457, 3.5460823429107666, 3.5135413021087647, 3.522769457244873, 3.5180595413208007, 3.4996162902832033, 3.5031069625854494, 3.495707250213623, 3.4872285202026365, 3.4858244709014894, 3.486073959350586, 3.4731721157073974, 3.4771637268066407, 3.4708535461425782, 3.4585244106292725, 3.4647861373901367, 3.4660983417510987, 3.4596213523864745, 3.458995301437378, 3.465010758972168, 3.4534135082244872, 3.4501400856018067, 3.4547182022094725, 3.4616067558288575, 3.4521886039733887, 3.4601228843688965, 3.458556690979004, 3.467459309387207, 3.463743830871582], "test_acc": [1.0, 3.5799999237060547, 5.5, 7.289999961853027, 8.1899995803833, 11.899999618530273, 11.329999923706055, 12.75999927520752, 13.380000114440918, 14.609999656677246, 15.279999732971191, 16.75, 17.25, 18.709999084472656, 18.94999885559082, 20.10999870300293, 19.75, 20.260000228881836, 19.760000228881836, 22.209999084472656, 22.299999237060547, 22.849998474121094, 22.75, 23.739999771118164, 21.26999855041504, 23.579999923706055, 24.329999923706055, 23.899999618530273, 23.53999900817871, 24.049999237060547, 25.35999870300293, 24.65999984741211, 25.559999465942383, 26.389999389648438, 23.979999542236328, 25.51999855041504, 24.920000076293945, 25.599998474121094, 27.989999771118164, 25.489999771118164, 26.40999984741211, 24.329999923706055, 26.619998931884766, 27.17999839782715, 26.729999542236328, 26.670000076293945, 27.90999984741211, 27.469999313354492, 27.17999839782715, 28.06999969482422, 29.10999870300293, 29.420000076293945, 30.029998779296875, 29.579999923706055, 29.869998931884766, 30.799999237060547, 30.989999771118164, 30.8799991607666, 31.170000076293945, 31.459999084472656, 31.76999855041504, 31.939998626708984, 32.15999984741211, 32.13999938964844, 32.06999969482422, 32.22999954223633, 32.30999755859375, 32.66999816894531, 32.43000030517578, 32.70000076293945, 32.80999755859375, 32.540000915527344, 32.97999954223633, 33.30999755859375, 33.41999816894531, 33.14999771118164, 33.34000015258789, 33.23999786376953, 33.45000076293945, 33.29999923706055, 33.46999740600586, 33.439998626708984, 33.619998931884766, 33.32999801635742, 33.55999755859375, 33.57999801635742, 33.46999740600586, 33.56999969482422, 33.56999969482422, 33.5, 33.59000015258789, 33.54999923706055, 33.56999969482422, 33.66999816894531, 33.5099983215332, 33.689998626708984, 33.54999923706055, 33.540000915527344, 33.79999923706055, 33.689998626708984], "wall_time": [4.088660001754761, 7.2211596965789795, 10.652705669403076, 13.441765546798706, 16.70140767097473, 20.269986391067505, 23.674344062805176, 27.266234874725342, 30.56933093070984, 34.16087341308594, 37.835535287857056, 41.30161213874817, 44.94975686073303, 48.61106276512146, 52.105356216430664, 55.61614942550659, 59.18319892883301, 62.81077194213867, 65.9570164680481, 69.31065368652344, 72.98187160491943, 76.5379695892334, 79.96419429779053, 83.56540060043335, 87.10294961929321, 90.55063152313232, 94.0460410118103, 97.23286318778992, 100.7307813167572, 103.89433097839355, 107.23167657852173, 110.42841625213623, 113.53922533988953, 116.96312046051025, 120.27226781845093, 123.6924409866333, 127.155428647995, 130.51645636558533, 133.57191514968872, 137.1021854877472, 140.54028415679932, 143.9817991256714, 147.49550604820251, 150.6164619922638, 153.29882860183716, 156.67834758758545, 159.86744570732117, 163.24432849884033, 166.69363617897034, 169.4747760295868, 173.03786158561707, 176.63095331192017, 180.1066975593567, 183.55748581886292, 187.23152923583984, 190.76350808143616, 194.39114785194397, 197.9627079963684, 201.30985832214355, 204.8981568813324, 208.04493832588196, 211.3109827041626, 214.34715032577515, 217.8462507724762, 221.24590611457825, 225.06496167182922, 228.51294445991516, 232.12557291984558, 235.71904373168945, 239.31195759773254, 242.84049034118652, 246.472571849823, 250.20878291130066, 253.96786046028137, 256.78860998153687, 260.35356545448303, 263.96568155288696, 267.54072976112366, 270.9414265155792, 274.36612701416016, 277.352792263031, 280.674560546875, 284.24283146858215, 287.5656831264496, 291.01478028297424, 294.5812871456146, 297.935115814209, 301.5177962779999, 304.4796826839447, 308.01342821121216, 311.3800835609436, 315.12240648269653, 318.0527927875519, 321.292950630188, 324.4755861759186, 327.89368772506714, 331.1718316078186, 334.6654155254364, 337.5797038078308, 340.94769740104675], "val_loss": [4.609482743835449, 4.429578533935547, 4.2177390953063965, 4.005623487091064, 3.929879531097412, 3.8017400398254395, 3.8193014083862304, 3.805658291244507, 3.689266372680664, 3.6868520809173586, 3.645249312591553, 3.5945831115722657, 3.5405173736572264, 3.4247092079162598, 3.4117614559173584, 3.3649192428588868, 3.3863520820617676, 3.4410630477905273, 3.5038869773864745, 3.3012658740997316, 3.393932492828369, 3.378722255706787, 3.42798874130249, 3.306733517074585, 3.495626191329956, 3.2984693378448484, 3.4619218688964843, 3.483098444366455, 3.5517264209747315, 3.559391460800171, 3.5139922050476073, 3.559993994522095, 3.605047012710571, 3.528580798339844, 3.829141999053955, 3.6435667743682862, 3.765103635787964, 3.6444741191864014, 3.6133278198242187, 3.7646061206817625, 3.8817921714782715, 4.065479143905639, 3.9743705253601074, 3.7589295280456545, 3.9793512409210203, 3.9717202896118162, 3.92994599571228, 3.8917269943237303, 4.083902508163452, 3.960016943359375, 3.9726512042999267, 3.9047598655700684, 3.9124801368713378, 3.934113613128662, 3.847396920013428, 3.8630929656982422, 3.836625839996338, 3.7947847114562987, 3.8182639080047607, 3.7165490016937257, 3.7163195655822756, 3.7157050537109373, 3.70020435256958, 3.6777303241729737, 3.6461519752502443, 3.6287268390655516, 3.6136757621765137, 3.6326070388793945, 3.59825068359375, 3.5854576889038086, 3.56227470741272, 3.5649046409606933, 3.556517666244507, 3.530506021118164, 3.5332006999969483, 3.5273183685302736, 3.5092572166442872, 3.522703347015381, 3.5070756713867186, 3.493358832168579, 3.4949335872650145, 3.498673839187622, 3.481943603897095, 3.489338733100891, 3.484946935272217, 3.4669621948242186, 3.4784233489990233, 3.4783930717468263, 3.4735557468414306, 3.4726035034179685, 3.4772854076385498, 3.4660438903808592, 3.4605797821044924, 3.4714514543533324, 3.4752181831359863, 3.4638788009643555, 3.4745958042144776, 3.4712251861572265, 3.4799103500366213, 3.478495944213867],