{"loss": [], "acc": [], "test_loss": [4.613370921325684, 4.567742546081543, 4.525820529174805, 4.231325168609619, 4.1731129669189455, 4.08599628982544, 3.9703995040893556, 3.8683868576049805, 3.912299895477295, 3.7683580383300783, 3.6789067611694337, 3.6860714557647705, 3.645870531463623, 3.6192924407958986, 3.524131234359741, 3.666810153198242, 3.614347190475464, 3.482191112136841, 3.5040713001251222, 3.5125531913757326, 3.5553948528289796, 3.4945823276519774, 3.5310118591308592, 3.719463848114014, 3.525606426620483, 3.4334151126861574, 3.4687855964660645, 3.5205681575775145, 3.452893556213379, 3.6183026668548584, 3.6524616134643555, 3.551947486114502, 3.5559485691070556, 3.6258300315856933, 3.545938701629639, 3.4333519626617433, 3.6540300914764403, 3.715146915435791, 3.6669001335144045, 3.7953613521575926, 3.655500412750244, 3.8672333061218263, 3.8452401947021486, 3.8461152587890624, 3.9209411308288575, 3.821808197784424, 3.855190305328369, 3.7889964973449706, 4.034179616546631, 3.920695740509033, 3.8918930824279787, 3.8800399951934814, 3.993250407409668, 4.003605841445923, 4.146978730773926, 4.075767980575561, 4.098663407897949, 4.014753466033936, 4.005403860473633, 4.172467317962647, 4.004996879577637, 4.087259295654297, 4.094646705627442, 4.009899513244629, 4.006828663635254, 4.032915952301026, 4.049717916870117, 3.9845308975219726, 4.0261561363220215, 3.9150351371765137, 3.93818370513916, 3.9541033203125, 3.8985188095092775, 3.9233885292053223, 3.9345770568847658, 3.9193822647094727, 3.894031552886963, 3.9118836307525635, 3.863575883483887, 3.8864287185668944, 3.881035810089111, 3.8768447494506835, 3.8854681022644044, 3.874258561706543, 3.863559164428711, 3.870985930633545, 3.8600266372680663, 3.8632267333984376, 3.85686293258667, 3.8467926399230956, 3.859059787750244, 3.8558858222961425, 3.8574058044433595, 3.860941564178467, 3.8536159332275393, 3.862947445678711, 3.856005271148682, 3.8553564094543455, 3.8444379638671875, 3.849643204498291], "test_acc": [1.0, 2.8899998664855957, 2.7200000286102295, 5.690000057220459, 5.679999828338623, 7.779999732971191, 9.59000015258789, 10.489999771118164, 10.170000076293945, 11.769999504089355, 13.139999389648438, 14.029999732971191, 14.25999927520752, 14.960000038146973, 16.209999084472656, 15.339999198913574, 16.0, 17.53999900817871, 18.189998626708984, 18.350000381469727, 18.35999870300293, 18.850000381469727, 19.06999969482422, 18.549999237060547, 20.68000030517578, 20.869998931884766, 20.979999542236328, 20.689998626708984, 20.90999984741211, 20.170000076293945, 20.65999984741211, 21.229999542236328, 21.85999870300293, 21.719999313354492, 22.059999465942383, 23.389999389648438, 22.209999084472656, 22.619998931884766, 22.350000381469727, 23.19999885559082, 23.239999771118164, 21.979999542236328, 23.81999969482422, 23.75, 23.5, 24.03999900817871, 25.099998474121094, 24.8799991607666, 24.239999771118164, 25.19999885559082, 25.60999870300293, 25.25, 25.0, 24.8799991607666, 25.479999542236328, 26.19999885559082, 25.78999900817871, 26.28999900817871, 27.809999465942383, 27.099998474121094, 27.920000076293945, 26.939998626708984, 28.389999389648438, 28.01999855041504, 28.81999969482422, 28.809999465942383, 28.619998931884766, 28.51999855041504, 28.670000076293945, 29.459999084472656, 29.329999923706055, 29.369998931884766, 29.420000076293945, 30.09000015258789, 30.119998931884766, 29.739999771118164, 30.09000015258789, 30.15999984741211, 30.5, 29.989999771118164, 30.369998931884766, 30.309999465942383, 30.439998626708984, 30.729999542236328, 30.479999542236328, 30.829999923706055, 30.81999969482422, 30.579999923706055, 30.65999984741211, 30.529998779296875, 30.799999237060547, 30.92999839782715, 30.689998626708984, 30.69999885559082, 30.6299991607666, 30.869998931884766, 30.849998474121094, 30.76999855041504, 30.92999839782715, 30.779998779296875], "wall_time": [4.421227693557739, 8.151135683059692, 12.23034405708313, 16.288073539733887, 20.460665941238403, 24.460464000701904, 28.411088466644287, 32.136367321014404, 36.22549104690552, 40.254727840423584, 44.369115591049194, 48.39259886741638, 52.78723073005676, 56.620525598526, 60.728506565093994, 64.90763330459595, 68.61369037628174, 72.40542578697205, 76.60700392723083, 80.36903691291809, 83.82520794868469, 87.79179739952087, 91.75428009033203, 95.79631423950195, 99.90253686904907, 104.17105388641357, 107.86596179008484, 111.78089141845703, 115.14693975448608, 119.27506422996521, 123.10496377944946, 127.2084105014801, 131.29314351081848, 135.30960512161255, 139.4147355556488, 143.59667086601257, 146.8142831325531, 151.0588836669922, 154.85010075569153, 159.09121322631836, 163.0749535560608, 166.99277877807617, 171.0460124015808, 175.32672905921936, 179.42117595672607, 183.59293293952942, 187.9982500076294, 191.4870090484619, 195.37749004364014, 199.82573795318604, 203.99134993553162, 208.2484655380249, 212.35273385047913, 216.56103658676147, 220.69549298286438, 223.71840476989746, 227.0580906867981, 230.89786219596863, 235.06763172149658, 239.25541162490845, 243.04652523994446, 247.11576867103577, 250.7142448425293, 254.87818455696106, 258.61094784736633, 262.71385431289673, 266.82739186286926, 270.7898714542389, 274.96097922325134, 279.08865189552307, 283.2702465057373, 287.1952941417694, 291.1714699268341, 294.66628432273865, 298.6479558944702, 302.5069077014923, 306.5829474925995, 309.6935682296753, 313.850302696228, 317.85416316986084, 321.56247448921204, 325.58307790756226, 329.9995665550232, 334.0406610965729, 338.26622438430786, 342.40562105178833, 346.4297912120819, 350.64281392097473, 353.74137568473816, 357.86080145835876, 361.5582740306854, 365.3898255825043, 369.15912413597107, 373.2814962863922, 377.12635254859924, 381.1011884212494, 385.32780957221985, 389.5421652793884, 393.1705689430237, 396.84818935394287], "val_loss": [4.613052406311035, 4.571149612426757, 4.541027324676514, 4.2404174221038815, 4.180004490661621, 4.112325057220459, 3.982475588989258, 3.880850978469849, 3.9216404026031495, 3.7834245555877684, 3.693378189086914, 3.7092123947143554, 3.665875687789917, 3.6439452373504637, 3.539413249206543, 3.678166332244873, 3.6169936420440676, 3.4956096385955813, 3.5250615814208985, 3.5132343727111817, 3.575193569946289, 3.4930190101623535, 3.5330234916687013, 3.75339111328125, 3.491868376159668, 3.4613267539978025, 3.468817021560669, 3.48733752822876, 3.4465493450164795, 3.6599181167602537, 3.643788862991333, 3.576426615142822, 3.5421725212097166, 3.599309450149536, 3.549360322570801, 3.4399593479156496, 3.644183851623535, 3.7403914947509764, 3.6779519847869873, 3.7912907348632814, 3.6552305965423586, 3.875836352157593, 3.8231493240356444, 3.870461156082153, 3.9009298049926757, 3.7992256233215334, 3.864998837661743, 3.8306741653442384, 4.03358567199707, 3.9196993507385254, 3.928527438354492, 3.9344295906066895, 4.005857316589355, 3.9773785205841063, 4.176486811065674, 4.073147366333008, 4.119646105957031, 4.0368634155273435, 4.038768737411499, 4.204940591430664, 4.025930860900879, 4.123919424438476, 4.108258966445923, 4.024014458847046, 4.031485563659668, 4.064835906600952, 4.059321027374268, 4.004614958953858, 4.041503569030762, 3.9368746715545653, 3.9719456798553465, 3.9919667507171632, 3.9531446506500245, 3.9675113731384277, 3.969294083023071, 3.9603055789947508, 3.926886479949951, 3.949376545715332, 3.9008956161499024, 3.9254948886871337, 3.9256922260284424, 3.9213897064208982, 3.9256037158966066, 3.9165880401611326, 3.915875115966797, 3.92216579208374, 3.9059783660888674, 3.9105940895080566, 3.902353936004639, 3.888377110671997, 3.9025125106811522, 3.8995233573913572, 3.8969487144470216, 3.9049006000518798, 3.889649387359619, 3.904881564331055, 3.8934021141052244, 3.897468146133423, 3.8800352127075195, 3.8877381187438966],