{"loss": [], "acc": [], "test_loss": [5.365095732116699, 4.536864511871338, 4.498269883728027, 4.401661144256591, 4.3001492416381835, 4.224686708831787, 112.52658704833985, 5.678441835021973, 4.033822533035278, 5.3107858959198, 8.065822311401368, 3.950263980102539, 3.8666750679016113, 3.8168173709869384, 3.8558260681152343, 3.785960404968262, 3.7283398765563964, 3.711847232055664, 3.741192514801025, 3.697490087890625, 3.638470266723633, 3.74563018951416, 3.7559808837890625, 3.663550999069214, 3.6209099113464354, 3.6489545806884767, 3.7107686042785644, 3.6132279682159423, 3.5171477291107176, 3.518369569015503, 3.451285522842407, 3.5284553260803224, 3.609642212677002, 3.4915708988189698, 3.574549340057373, 3.486984262084961, 3.682423836135864, 3.541929323577881, 3.463079883956909, 3.920470430755615, 3.5018730628967285, 3.533276107788086, 3.535643741989136, 3.4830277954101563, 3.4613349998474123, 3.598819944000244, 3.574356837463379, 3.6024631660461424, 3.4534351627349853, 3.531628952026367, 3.686655352783203, 3.583771397018433, 3.7303666133880613, 3.6843862968444823, 3.920365460205078, 3.870801001358032, 3.8273511348724365, 3.7807285583496095, 3.7771204593658445, 3.7908810470581056, 3.788369715881348, 3.8258548851013185, 3.834509078979492, 3.8852987869262696, 3.827323050689697, 3.9272706634521484, 3.956144194030762, 3.956033718109131, 4.073435035705566, 4.10474323425293, 3.9411704708099364, 4.072571524047851, 4.003442757415772, 4.013070573806763, 4.005346752929688, 3.986431018066406, 4.003233727264404, 4.0509187049865725, 3.9971010917663574, 4.0435821731567385, 4.035026826477051, 4.021846948623657, 4.010183297348022, 4.015978289031983, 4.034028857803345, 4.036073872375488, 4.00092541885376, 4.024220553588867, 4.00404418258667, 4.007098861312866, 4.005512459564209, 4.0072681503295895, 4.010301881408691, 4.00852022895813, 4.024499953460693, 4.0114186721801754, 4.004921903991699, 4.013474951553345, 4.017546376800537, 4.012666831970215], "test_acc": [1.5699999332427979, 1.5099999904632568, 2.869999885559082, 3.1599998474121094, 4.099999904632568, 4.589999675750732, 5.739999771118164, 6.099999904632568, 6.819999694824219, 7.710000038146973, 7.710000038146973, 8.550000190734863, 8.90999984741211, 10.309999465942383, 9.170000076293945, 11.380000114440918, 12.359999656677246, 13.09999942779541, 12.519999504089355, 13.380000114440918, 14.00999927520752, 14.449999809265137, 13.729999542236328, 13.969999313354492, 14.679999351501465, 15.059999465942383, 14.989999771118164, 15.309999465942383, 17.600000381469727, 17.34000015258789, 18.31999969482422, 17.969999313354492, 17.869998931884766, 18.309999465942383, 18.85999870300293, 18.989999771118164, 17.439998626708984, 18.209999084472656, 20.779998779296875, 16.239999771118164, 19.719999313354492, 19.19999885559082, 19.78999900817871, 21.53999900817871, 22.40999984741211, 21.06999969482422, 20.779998779296875, 21.299999237060547, 22.549999237060547, 22.5, 20.869998931884766, 23.1299991607666, 21.149999618530273, 21.719999313354492, 20.119998931884766, 20.85999870300293, 21.969999313354492, 23.889999389648438, 23.139999389648438, 23.90999984741211, 23.279998779296875, 23.299999237060547, 23.779998779296875, 23.53999900817871, 24.34000015258789, 24.40999984741211, 24.18000030517578, 23.489999771118164, 24.260000228881836, 24.75, 24.889999389648438, 24.639999389648438, 25.139999389648438, 25.349998474121094, 25.489999771118164, 25.69999885559082, 25.799999237060547, 26.03999900817871, 25.899999618530273, 26.149999618530273, 25.939998626708984, 25.92999839782715, 25.849998474121094, 26.079999923706055, 26.209999084472656, 26.389999389648438, 26.439998626708984, 26.25, 26.209999084472656, 26.619998931884766, 26.56999969482422, 26.549999237060547, 26.489999771118164, 26.739999771118164, 26.479999542236328, 26.649999618530273, 26.809999465942383, 26.670000076293945, 26.510000228881836, 26.56999969482422], "wall_time": [4.4300737380981445, 9.292927503585815, 13.342845439910889, 18.12464475631714, 22.73466396331787, 27.17446231842041, 31.82484245300293, 36.614041566848755, 41.1040997505188, 45.282474517822266, 49.29924249649048, 54.08337116241455, 58.28543829917908, 62.49126601219177, 67.1389467716217, 71.92439699172974, 76.37957048416138, 80.85691356658936, 85.51873993873596, 89.9428129196167, 94.4708788394928, 98.48192238807678, 102.87458157539368, 107.08925175666809, 112.03412771224976, 116.66045951843262, 120.92743849754333, 125.5522608757019, 130.1879918575287, 134.83506798744202, 139.09429955482483, 143.5239884853363, 148.3412470817566, 152.94622015953064, 157.43940782546997, 161.7048304080963, 166.28591227531433, 170.964497089386, 175.25496649742126, 179.12345480918884, 184.05970072746277, 188.84112977981567, 193.605721950531, 198.03795886039734, 202.68318152427673, 207.23319816589355, 212.0035138130188, 216.416987657547, 221.06961917877197, 225.9854793548584, 230.59743523597717, 235.110018491745, 238.85432720184326, 243.4959852695465, 248.29912996292114, 252.80835938453674, 257.3413944244385, 261.8396637439728, 266.61160039901733, 271.30939054489136, 275.57623529434204, 279.69886326789856, 284.5229103565216, 288.3849718570709, 292.85036301612854, 297.5753436088562, 302.31971073150635, 306.8498203754425, 311.23897767066956, 315.06802892684937, 319.310045003891, 323.16060280799866, 327.5420289039612, 331.4358637332916, 335.8441767692566, 340.31167340278625, 344.6053717136383, 349.0357973575592, 353.87103176116943, 358.5163152217865, 363.04433035850525, 367.70868945121765, 372.18008399009705, 376.9441750049591, 381.6563367843628, 386.2826957702637, 391.1847333908081, 395.50397753715515, 400.1646583080292, 404.1949827671051, 408.94422721862793, 413.5707232952118, 417.9964394569397, 422.45866107940674, 426.231920003891, 430.96838116645813, 435.46276473999023, 440.03499364852905, 444.6744303703308, 449.48815393447876], "val_loss": [5.391750103759765, 4.536726471710205, 4.512152689361573, 4.408163988494873, 4.300236114501953, 4.223009798812866, 94.30878141937256, 5.320660936355591, 4.041714875030517, 5.038137265777588, 5.793028348922729, 3.9463840675354005, 3.87066316947937, 3.8236274154663086, 3.8715102840423583, 3.7978215560913084, 3.7288829246521, 3.726627719116211, 3.7457533645629884, 3.7042173458099366, 3.646852593231201, 3.739194338607788, 3.7687043727874756, 3.6694411262512205, 3.6395821598052978, 3.6401041542053223, 3.725063943862915, 3.6210098373413087, 3.4948849639892576, 3.521452851486206, 3.4506666790008547, 3.530091007232666, 3.6412125289916992, 3.4890466396331785, 3.5942738945007324, 3.4869113410949706, 3.685269630432129, 3.5372470836639405, 3.4881532447814942, 3.9612012893676756, 3.5101557865142823, 3.5456525653839113, 3.5434099864959716, 3.5178350387573243, 3.478200926589966, 3.6184841705322266, 3.5655378341674804, 3.6305289527893065, 3.468248977279663, 3.539830271911621, 3.735876894378662, 3.608530972290039, 3.752167816543579, 3.6982836292266845, 3.898278080749512, 3.8689548530578612, 3.870735075378418, 3.8145161968231203, 3.803917071533203, 3.7882933685302733, 3.787547801208496, 3.887406481933594, 3.842409901809692, 3.919750241088867, 3.8508821296691895, 3.9637494705200194, 3.9766774837493895, 4.015904936218262, 4.131184243011474, 4.145834890747071, 3.945583026123047, 4.096112340164185, 4.06601111907959, 4.045586996841431, 4.037374704360962, 4.025378101348877, 4.034803237915039, 4.090662214660645, 4.046079907608032, 4.078055137634277, 4.0623953147888185, 4.066635800933838, 4.043466811370849, 4.041038945007324, 4.083852458190918, 4.0633671249389645, 4.03018740158081, 4.047194243621826, 4.0368966995239255, 4.040617679595948, 4.040752305221558, 4.0320698928833005, 4.043379500579834, 4.045062387084961, 4.05960862236023, 4.044486169052124, 4.036682098388672, 4.045193065643311, 4.055866902542114, 4.045330494308471],