{"loss": [], "acc": [], "test_loss": [4.655409391784668, 4.23796517944336, 4.215157611083985, 4.023835948944091, 4.009229232025146, 3.9497085029602053, 3.858347325515747, 3.8828585678100587, 3.7974521171569826, 3.784205629348755, 3.726390882873535, 3.7539207382202147, 3.710469389343262, 3.585228538894653, 3.6521293968200683, 3.6700617469787598, 3.7791018081665038, 3.590598279571533, 3.7269296905517577, 3.5666031173706054, 3.5914232330322267, 3.5846841094970703, 3.768520869445801, 3.6243357597351076, 3.663216345977783, 3.5232464252471924, 3.7349298843383787, 3.6914876678466797, 3.6926504829406737, 3.6242396709442137, 3.6266364334106447, 3.7967695724487305, 3.751878666687012, 3.6843583221435545, 3.923710474395752, 3.9377677070617674, 3.880310796356201, 3.9194905822753907, 3.91687593460083, 3.917232917022705, 4.040885546112061, 3.9326925754547117, 3.943352756500244, 3.956506665802002, 4.044529845809937, 4.0196689453125, 4.197795645141602, 4.20642154006958, 4.289158100891114, 4.154709289932251, 4.248787480163574, 4.371205419158936, 4.37479116897583, 4.411037506103516, 4.419311246490478, 4.449983413696289, 4.425151198577881, 4.3161030204772945, 4.353359423828125, 4.4341679878234865, 4.413814221954346, 4.380414604187012, 4.419343558502197, 4.461035691833496, 4.341160724639892, 4.372263059234619, 4.346065928649902, 4.333333996582032, 4.292787517547607, 4.289313955688477, 4.2890112045288085, 4.283662182617188, 4.27818702545166, 4.255930179595947, 4.2747704147338865, 4.256821566772461, 4.248930348205566, 4.238869576263427, 4.231200109863281, 4.2268362236022945, 4.220112122344971, 4.2260147552490235, 4.209005591583252, 4.207868182373047, 4.204484998321533, 4.195448789215088, 4.1967769119262694, 4.199326215362549, 4.184742859649658, 4.205435536193848, 4.191557045745849, 4.190714344787597, 4.19399521484375, 4.190510227966309, 4.201644465637207, 4.192503664398194, 4.202714527893066, 4.189567931365967, 4.19269038848877, 4.188634777832031], "test_acc": [1.209999918937683, 5.429999828338623, 5.849999904632568, 7.519999980926514, 7.75, 8.989999771118164, 10.389999389648438, 10.769999504089355, 11.399999618530273, 11.579999923706055, 12.449999809265137, 13.979999542236328, 13.929999351501465, 14.889999389648438, 15.129999160766602, 14.949999809265137, 14.309999465942383, 17.170000076293945, 15.210000038146973, 18.299999237060547, 18.389999389648438, 18.639999389648438, 17.489999771118164, 19.40999984741211, 19.34000015258789, 21.139999389648438, 19.15999984741211, 19.799999237060547, 19.309999465942383, 21.34000015258789, 21.189998626708984, 20.28999900817871, 20.219999313354492, 21.939998626708984, 20.0, 21.670000076293945, 21.44999885559082, 20.869998931884766, 21.06999969482422, 21.739999771118164, 20.869998931884766, 22.34000015258789, 23.03999900817871, 23.529998779296875, 22.920000076293945, 24.6299991607666, 22.8799991607666, 23.469999313354492, 23.59000015258789, 24.68000030517578, 24.01999855041504, 23.849998474121094, 23.56999969482422, 24.51999855041504, 24.469999313354492, 24.869998931884766, 25.349998474121094, 25.619998931884766, 25.31999969482422, 26.139999389648438, 25.729999542236328, 26.920000076293945, 25.75, 25.59000015258789, 26.40999984741211, 26.599998474121094, 26.69999885559082, 26.969999313354492, 27.439998626708984, 27.719999313354492, 27.989999771118164, 27.75, 27.369998931884766, 27.829999923706055, 28.03999900817871, 27.979999542236328, 27.959999084472656, 27.81999969482422, 27.849998474121094, 27.939998626708984, 28.1299991607666, 27.969999313354492, 28.099998474121094, 28.099998474121094, 28.1299991607666, 28.01999855041504, 28.139999389648438, 28.31999969482422, 28.28999900817871, 28.309999465942383, 28.229999542236328, 28.219999313354492, 28.209999084472656, 28.260000228881836, 28.329999923706055, 28.25, 28.1299991607666, 28.51999855041504, 28.35999870300293, 28.349998474121094], "wall_time": [3.5263664722442627, 5.442480087280273, 7.496678829193115, 9.661052465438843, 11.78335690498352, 13.856826782226562, 15.9246985912323, 17.841256618499756, 19.981407642364502, 22.15493392944336, 24.458264112472534, 26.518043994903564, 28.57511615753174, 30.693593978881836, 32.846834659576416, 34.930729389190674, 37.01431441307068, 39.298770904541016, 41.460989475250244, 43.589998722076416, 45.61885070800781, 47.62342286109924, 49.680341958999634, 52.07862949371338, 54.17836785316467, 56.38030767440796, 58.42297434806824, 60.53057909011841, 62.61153602600098, 64.66396570205688, 66.78264999389648, 68.89380812644958, 70.97210955619812, 73.03395795822144, 75.13997507095337, 77.38934540748596, 79.48405885696411, 81.48588538169861, 83.59061050415039, 85.68583822250366, 87.70338988304138, 89.9107358455658, 92.13587307929993, 94.30238175392151, 96.43577909469604, 98.58445596694946, 100.6874041557312, 102.73397135734558, 104.76749634742737, 106.83798623085022, 108.92098140716553, 111.07434272766113, 113.18819308280945, 115.27119827270508, 117.32968544960022, 119.42592430114746, 121.43169617652893, 123.64652061462402, 125.92652583122253, 128.0188364982605, 129.96974444389343, 132.0540075302124, 134.21559858322144, 136.27091145515442, 138.6045846939087, 140.7348883152008, 143.0088231563568, 145.03025937080383, 147.0010585784912, 149.1132481098175, 151.00959420204163, 153.10183835029602, 155.1570611000061, 157.51193189620972, 159.53867506980896, 161.66011905670166, 163.6819999217987, 165.7554862499237, 167.81358242034912, 169.92288541793823, 172.08445572853088, 174.15724349021912, 176.29770374298096, 178.3942461013794, 180.5586941242218, 182.62264370918274, 184.7512240409851, 186.86352276802063, 188.85636687278748, 190.90994095802307, 192.93679332733154, 195.07506203651428, 197.1866798400879, 199.09301352500916, 201.0169334411621, 203.02932691574097, 205.05186915397644, 207.29108238220215, 209.56974077224731, 211.57484817504883], "val_loss": [4.661029349517822, 4.2371418697357175, 4.233099561691284, 4.02808197517395, 4.038305374526978, 3.963498258972168, 3.8737104438781738, 3.8963740821838377, 3.800756382369995, 3.7817711868286135, 3.7300918045043945, 3.774810396194458, 3.7353016395568845, 3.584792572402954, 3.663275179672241, 3.677258662033081, 3.7737477561950685, 3.579598136520386, 3.755616571044922, 3.601779186248779, 3.5978481548309325, 3.6164471462249757, 3.80852960395813, 3.637480471038818, 3.679644525146484, 3.5613537502288817, 3.732657955932617, 3.724056741333008, 3.7205665519714355, 3.666233039093018, 3.6089727798461912, 3.8339159843444826, 3.7579266696929934, 3.6729483448028564, 3.9410193126678466, 3.93393911857605, 3.8645342948913575, 3.9226333415985106, 3.9217480178833006, 3.9065817077636718, 4.039232159423828, 3.9423538681030275, 3.963300085067749, 3.990668566894531, 4.067080685424805, 4.015840969848632, 4.1574353511810305, 4.183243325424194, 4.285649571609497, 4.142455687713623, 4.262295985412598, 4.363234015655517, 4.34469641418457, 4.403207374572754, 4.50077516860962, 4.491073257064819, 4.417073176574707, 4.320354607009888, 4.373517212677002, 4.435622629928589, 4.433027816009521, 4.364054206085205, 4.401445267105102, 4.462382009124756, 4.341742626190186, 4.366171036911011, 4.353287902450561, 4.328768296051026, 4.28513681678772, 4.316413180541992, 4.30723921661377, 4.292351670074463, 4.283368008041382, 4.258359510803222, 4.27202607421875, 4.256032376861572, 4.250242641448975, 4.23800309753418, 4.239758103942871, 4.231196482849121, 4.226734674835205, 4.2325980049133305, 4.212298442459106, 4.215355921173096, 4.207048048782348, 4.203921670532226, 4.203491414260864, 4.203098020553589, 4.187160247039795, 4.207700417709351, 4.192362045288086, 4.197534058380127, 4.196472665023804, 4.1932251873016355, 4.207543816375733, 4.198764880752563, 4.206740632629394, 4.191200160217285, 4.196303372955322, 4.193602783203125],