{"loss": [], "acc": [], "test_loss": [4.685450706481934, 4.297200300598145, 4.2066687393188475, 4.134701485443116, 4.0419978805542, 3.9491074028015136, 3.886261421203613, 3.8351059856414795, 3.795950961303711, 3.77300638961792, 3.7039986347198486, 3.7161240196228027, 3.6286378318786623, 3.6422665046691893, 3.6246051139831543, 3.5859769569396973, 3.5887742820739748, 3.599797272491455, 3.557358755874634, 3.6624237586975097, 3.5635982902526857, 3.541006653213501, 3.725376643371582, 3.5101566707611083, 3.591483187866211, 3.6923230564117433, 3.612207065200806, 3.554316068267822, 3.698314450073242, 3.8240785331726075, 3.740615180206299, 3.728792593383789, 3.747201475524902, 3.739553872299194, 3.7764268394470215, 3.944139953994751, 3.814450339889526, 3.9250489986419677, 3.8121106212615965, 3.9370310180664063, 3.8519059967041014, 4.014680107498169, 3.949736317443848, 4.037324419403076, 4.015681118011474, 4.149427727127075, 4.132535516357422, 4.155424861145019, 4.225780213165283, 4.291852233886718, 4.21265223236084, 4.276549678039551, 4.332795867919922, 4.354884240722656, 4.449389501953125, 4.415573396301269, 4.38431572265625, 4.477380400085449, 4.51206300201416, 4.52328918838501, 4.489497904968261, 4.518500709533692, 4.5476228034973145, 4.610557025146484, 4.530944450378418, 4.556991640472412, 4.562701743316651, 4.5367255165100095, 4.564065090942383, 4.493111416625976, 4.510977677154541, 4.520427286529541, 4.497845445251465, 4.4798184425354, 4.4853296463012695, 4.47457933807373, 4.487043244171143, 4.46974437713623, 4.497719334411621, 4.467641663360595, 4.4732401702880855, 4.462723301696777, 4.455274438476563, 4.451537207794189, 4.439440921020508, 4.431228540039062, 4.43311028213501, 4.450534304809571, 4.430199159240723, 4.448538648223877, 4.4274251167297365, 4.439569915008545, 4.443259393310547, 4.450269140625, 4.443453297424316, 4.434112905120849, 4.430611106872559, 4.43289400177002, 4.435012371063232, 4.446926193237305], "test_acc": [1.0, 5.179999828338623, 5.869999885559082, 6.710000038146973, 8.019999504089355, 8.699999809265137, 9.90999984741211, 10.34999942779541, 11.229999542236328, 12.569999694824219, 14.1899995803833, 13.389999389648438, 13.75, 14.639999389648438, 15.219999313354492, 16.34000015258789, 16.1299991607666, 15.799999237060547, 16.44999885559082, 16.25, 17.35999870300293, 18.469999313354492, 16.279998779296875, 19.600000381469727, 19.469999313354492, 17.8799991607666, 19.25, 20.06999969482422, 18.489999771118164, 18.059999465942383, 18.81999969482422, 19.549999237060547, 18.579999923706055, 19.93000030517578, 20.149999618530273, 19.189998626708984, 20.779998779296875, 21.34000015258789, 20.489999771118164, 19.520000457763672, 21.60999870300293, 20.459999084472656, 21.81999969482422, 21.459999084472656, 22.219999313354492, 20.649999618530273, 21.809999465942383, 21.459999084472656, 22.329999923706055, 21.729999542236328, 22.260000228881836, 22.729999542236328, 22.94999885559082, 22.350000381469727, 22.510000228881836, 23.26999855041504, 24.079999923706055, 23.469999313354492, 23.189998626708984, 23.619998931884766, 24.10999870300293, 24.709999084472656, 24.389999389648438, 23.979999542236328, 24.599998474121094, 24.739999771118164, 24.969999313354492, 24.84000015258789, 25.389999389648438, 25.969999313354492, 25.619998931884766, 26.17999839782715, 25.989999771118164, 25.920000076293945, 25.899999618530273, 25.76999855041504, 26.10999870300293, 26.139999389648438, 26.25, 26.19999885559082, 26.229999542236328, 26.279998779296875, 26.389999389648438, 26.279998779296875, 26.31999969482422, 26.349998474121094, 26.40999984741211, 26.529998779296875, 26.389999389648438, 26.479999542236328, 26.309999465942383, 26.19999885559082, 26.34000015258789, 26.389999389648438, 26.26999855041504, 26.279998779296875, 26.15999984741211, 26.420000076293945, 26.299999237060547, 26.40999984741211], "wall_time": [3.27213716506958, 5.474497556686401, 7.590794801712036, 9.736042499542236, 11.908039808273315, 14.105445384979248, 16.434311389923096, 18.525954723358154, 20.77694344520569, 22.908512830734253, 25.018115043640137, 27.040268182754517, 29.185933113098145, 31.27973747253418, 33.40452980995178, 35.6429808139801, 37.8004686832428, 40.02702188491821, 42.187899589538574, 44.19575905799866, 46.36652374267578, 48.50062966346741, 50.65112566947937, 52.8411328792572, 54.851170778274536, 57.033019065856934, 59.15116882324219, 61.21605443954468, 63.31459331512451, 65.45119094848633, 67.56010508537292, 69.72581386566162, 71.73208928108215, 73.89224147796631, 76.04676985740662, 78.19631838798523, 80.26097750663757, 82.42159175872803, 84.49725151062012, 86.61767244338989, 88.71627235412598, 90.81974720954895, 92.95552515983582, 95.03097081184387, 97.17099928855896, 99.34289908409119, 101.39114046096802, 103.49115657806396, 105.64441728591919, 107.83605241775513, 109.81562113761902, 112.04913139343262, 114.23932456970215, 116.45659041404724, 118.60682320594788, 120.70999360084534, 122.91117405891418, 125.05513525009155, 127.10225033760071, 129.21779584884644, 131.36418318748474, 133.35555863380432, 135.56556224822998, 137.6810495853424, 139.78296494483948, 141.97431898117065, 144.0571186542511, 146.03798007965088, 148.1888885498047, 150.34264278411865, 152.5016484260559, 154.6413857936859, 156.84029746055603, 158.8839190006256, 161.07423949241638, 163.25956273078918, 165.4849190711975, 167.80155849456787, 169.8685109615326, 172.03066086769104, 174.27487802505493, 176.1583001613617, 178.3022494316101, 180.56630516052246, 182.63063406944275, 184.82914423942566, 187.02411699295044, 189.12988376617432, 191.30040097236633, 193.4632909297943, 195.59651255607605, 197.71928477287292, 200.06124687194824, 202.30732011795044, 204.4142644405365, 206.57142210006714, 208.90704584121704, 211.038743019104, 213.21199011802673, 215.40375447273254], "val_loss": [4.694182895660401, 4.305443517303467, 4.223054372787476, 4.152093990325928, 4.044172506332398, 3.9537697746276854, 3.905847425842285, 3.8477076694488526, 3.7909221340179444, 3.768172298049927, 3.7172662101745604, 3.720282827758789, 3.640314658355713, 3.665873970413208, 3.631277659225464, 3.597110540008545, 3.605976377105713, 3.5998018096923827, 3.5495414512634276, 3.647295534515381, 3.576099603652954, 3.5373556648254394, 3.727913701629639, 3.4997781009674074, 3.5860022396087645, 3.694556272125244, 3.6226452770233153, 3.532302098083496, 3.696076206970215, 3.822458533859253, 3.756298194885254, 3.713394867324829, 3.740033975601196, 3.7042300384521485, 3.771960104370117, 3.8868965072631836, 3.797799919128418, 3.9318074382781982, 3.7730678638458253, 3.9324297119140623, 3.87027353477478, 4.048706192398071, 3.9848544288635255, 4.013191828536987, 3.9832587509155273, 4.1566273231506345, 4.172571131896973, 4.208664974212646, 4.241897747039795, 4.328724349975586, 4.235819081115722, 4.265778965759277, 4.362726650238037, 4.401807897567749, 4.50242039642334, 4.41407113571167, 4.4022580459594725, 4.482837218475342, 4.543388929367065, 4.538589157867432, 4.518736474609375, 4.533679063415527, 4.592460433959961, 4.615211383056641, 4.526977071380616, 4.549212554931641, 4.599298924255371, 4.5623429634094235, 4.5832343154907225, 4.524378924560547, 4.549180786132813, 4.542326676177979, 4.510631715393067, 4.480568926239013, 4.495235958862304, 4.491601605987549, 4.5038744079589845, 4.479847088623047, 4.504296590423584, 4.475651445007324, 4.482649464416504, 4.471464683532715, 4.472999644470215, 4.469413603210449, 4.457563273620606, 4.446104990386963, 4.442662866210937, 4.4612687393188475, 4.44342017288208, 4.466036932373047, 4.43745202331543, 4.4517395889282225, 4.456437956237793, 4.460915865325927, 4.457244328308105, 4.449006983184814, 4.441817806243897, 4.446022959899902, 4.447044812011718, 4.4579298881530764],