{"loss": [], "acc": [], "test_loss": [4.784202091217041, 4.436307102966309, 4.023264642333984, 3.9285577796936035, 3.836949551010132, 3.7097735748291014, 3.661370684051514, 3.6124885147094727, 3.7309627292633056, 3.5209991077423095, 3.621848097229004, 3.626036547470093, 3.514054265975952, 3.5875182750701904, 3.5985986831665038, 3.5304800952911375, 3.675134907531738, 3.5593257316589355, 3.6946292098999023, 3.885766916656494, 3.9443782958984377, 3.804723523712158, 3.643135416030884, 3.7259572143554687, 3.873341315841675, 3.814622673034668, 3.818010319519043, 3.7482252281188964, 3.8374154357910157, 3.921696067428589, 3.9961674308776853, 3.928882943725586, 4.0385274284362795, 4.3211714431762696, 3.9980671115875244, 4.139643766021728, 4.172430883026123, 4.25178210067749, 4.092827059173584, 4.293328778076172, 4.287766431427002, 4.178355326080323, 4.256394106292724, 4.209215746307373, 4.2705173828125, 4.285111199951172, 4.285896249389649, 4.2871604293823244, 4.203431129455566, 4.26251131439209, 4.27083420791626, 4.210254997253418, 4.290271615600586, 4.2091763252258305, 4.28483122177124, 4.233541437530517, 4.170993672180176, 4.149473374176026, 4.127538216400146, 4.08783511505127, 4.106845509338379, 4.09486689453125, 4.106056948852539, 4.040952591705322, 4.037392417144775, 4.0369136581420895, 4.009135268402099, 4.013541944122315, 3.9936209953308106, 3.9834278343200684, 3.9706976402282717, 3.96967897644043, 3.9508123039245606, 3.946529586029053, 3.930893581390381, 3.942796305847168, 3.9255094230651855, 3.909988162994385, 3.91236407623291, 3.9114001319885254, 3.911192470550537, 3.900881396484375, 3.90340693359375, 3.9051296264648436, 3.8944172073364256, 3.8884982330322266, 3.8959357643127444, 3.8855716583251954, 3.8866680839538574, 3.890217330932617, 3.884332046508789, 3.8830239791870116, 3.8843356506347657, 3.874895309448242, 3.884226050567627, 3.8770803802490232, 3.895335718536377, 3.8825400367736815, 3.8919993881225587, 3.880795496368408], "test_acc": [1.5899999141693115, 6.62999963760376, 7.569999694824219, 9.09999942779541, 11.369999885559082, 12.769999504089355, 14.299999237060547, 14.25999927520752, 14.149999618530273, 16.190000534057617, 16.239999771118164, 16.299999237060547, 18.139999389648438, 18.10999870300293, 18.229999542236328, 18.829999923706055, 18.260000228881836, 19.989999771118164, 18.69999885559082, 16.60999870300293, 18.979999542236328, 20.260000228881836, 22.06999969482422, 21.489999771118164, 20.969999313354492, 21.0, 22.639999389648438, 22.60999870300293, 23.60999870300293, 23.26999855041504, 21.60999870300293, 22.90999984741211, 22.969999313354492, 22.26999855041504, 24.139999389648438, 24.34000015258789, 23.10999870300293, 23.09000015258789, 24.779998779296875, 23.229999542236328, 23.369998931884766, 24.84000015258789, 23.399999618530273, 25.139999389648438, 24.510000228881836, 25.149999618530273, 25.029998779296875, 25.689998626708984, 26.439998626708984, 26.209999084472656, 25.969999313354492, 26.649999618530273, 26.670000076293945, 26.959999084472656, 26.189998626708984, 26.92999839782715, 27.219999313354492, 27.420000076293945, 27.619998931884766, 27.760000228881836, 28.119998931884766, 28.099998474121094, 28.119998931884766, 28.479999542236328, 28.31999969482422, 28.219999313354492, 28.510000228881836, 28.170000076293945, 28.079999923706055, 28.299999237060547, 28.76999855041504, 28.3799991607666, 28.40999984741211, 28.489999771118164, 28.40999984741211, 28.65999984741211, 28.639999389648438, 28.599998474121094, 28.729999542236328, 28.579999923706055, 28.469999313354492, 28.53999900817871, 28.65999984741211, 28.599998474121094, 28.729999542236328, 28.69999885559082, 28.729999542236328, 28.729999542236328, 28.739999771118164, 28.56999969482422, 28.739999771118164, 28.709999084472656, 28.76999855041504, 28.65999984741211, 28.849998474121094, 28.60999870300293, 28.67999839782715, 28.670000076293945, 28.56999969482422, 28.75], "wall_time": [3.214064121246338, 4.5366761684417725, 6.003767251968384, 7.4105939865112305, 8.865979194641113, 10.279920816421509, 12.004581212997437, 13.32956576347351, 14.807047367095947, 16.294551134109497, 17.812828063964844, 19.381203174591064, 20.910940647125244, 22.433200359344482, 23.965906143188477, 25.30522394180298, 26.801698207855225, 28.364806652069092, 29.684837341308594, 31.052603483200073, 32.57588982582092, 34.14033627510071, 35.530741691589355, 37.02335977554321, 38.38969588279724, 39.72258472442627, 41.052449464797974, 42.70318126678467, 44.11753797531128, 45.5352349281311, 47.03778553009033, 48.5438916683197, 50.213751792907715, 51.69058680534363, 53.150893449783325, 54.61499643325806, 55.9487738609314, 57.334962606430054, 58.82663083076477, 60.3057656288147, 61.90174674987793, 63.41743516921997, 64.92544865608215, 66.43052268028259, 67.93325686454773, 69.53700351715088, 70.96215415000916, 72.48966765403748, 73.9749584197998, 75.51873993873596, 77.06267762184143, 78.47004699707031, 79.8011589050293, 81.17449450492859, 82.49657416343689, 83.90000629425049, 85.28289818763733, 86.77873373031616, 88.39367485046387, 89.8862202167511, 91.32844185829163, 92.95714783668518, 94.43035125732422, 96.07606339454651, 97.56882786750793, 98.91055846214294, 100.47842574119568, 102.08091354370117, 103.70435070991516, 105.1047523021698, 106.4801652431488, 108.01468896865845, 109.52400708198547, 111.02270531654358, 112.62158942222595, 113.9692792892456, 115.52176308631897, 117.08982491493225, 118.612051486969, 119.9390664100647, 121.34631395339966, 122.87777328491211, 124.49629235267639, 126.05882835388184, 127.37525010108948, 128.7971532344818, 130.37941360473633, 131.6917963027954, 133.09663152694702, 134.5368251800537, 136.13831233978271, 137.61499452590942, 139.17917490005493, 140.73414254188538, 142.27485537528992, 143.86282086372375, 145.33645153045654, 146.85732245445251, 148.37649846076965, 149.86456680297852], "val_loss": [4.790084695434571, 4.464363607025146, 4.037756301879883, 3.9540752044677734, 3.842232367706299, 3.7177562088012697, 3.6591343032836914, 3.6398936222076417, 3.7513125049591065, 3.550232481384277, 3.6055674087524414, 3.630391494369507, 3.5346800567626953, 3.6123165534973145, 3.584400401687622, 3.5336430675506594, 3.703545831298828, 3.5573083026885985, 3.69360927696228, 3.907302778625488, 3.9397553184509277, 3.7924012886047365, 3.661034986114502, 3.7013992233276367, 3.8882112697601316, 3.796127680969238, 3.786958736038208, 3.742344710922241, 3.827645941925049, 3.896384075164795, 3.9997785598754882, 3.9099861106872558, 4.02081217918396, 4.230642511749267, 4.037298895645142, 4.149376256942749, 4.1607932876586915, 4.241512574768066, 4.0926883514404295, 4.300664854431153, 4.293893661499023, 4.186300857543945, 4.324748690032959, 4.200154716491699, 4.284477101898194, 4.343387349700928, 4.286886498260498, 4.278754901123047, 4.187349915313721, 4.2673992294311525, 4.258570648193359, 4.2321550582885745, 4.297063399505615, 4.184775299072266, 4.269676258850097, 4.265485494995117, 4.190363833618164, 4.148476683807373, 4.1500963119506835, 4.081619718933106, 4.103923106384277, 4.117873307800293, 4.115902612304687, 4.043481424713135, 4.054216212463379, 4.044186138153076, 4.012970607757568, 4.015359222412109, 3.9919020095825197, 3.99200598526001, 3.9748505897521973, 3.9777036918640136, 3.9511665054321288, 3.9565448272705077, 3.942365843963623, 3.9481349014282228, 3.9393650131225586, 3.921069058227539, 3.9175524551391603, 3.9105674240112305, 3.914348942565918, 3.902311534881592, 3.901352970123291, 3.9126789154052735, 3.8963521934509275, 3.893086698150635, 3.899572763824463, 3.8915404098510744, 3.8921983306884766, 3.8945788665771484, 3.892208940887451, 3.8881407135009765, 3.8903547103881837, 3.8824769927978515, 3.8916229316711424, 3.8837187309265135, 3.9010869552612304, 3.885864093780518, 3.9001307540893553, 3.886167512512207],