{"loss": [], "acc": [], "test_loss": [5.953737835693359, 4.2880907760620115, 4.155496379852295, 4.087528079986572, 3.9511446369171144, 3.8835555282592775, 3.809878150177002, 3.8169204982757567, 3.7628056896209716, 3.620468685531616, 3.9398631286621093, 3.594560437011719, 3.638143351364136, 3.567157307434082, 3.6278720672607423, 3.4953750343322754, 3.461636343765259, 3.40753172416687, 3.3695533084869385, 3.3356267246246336, 3.2084570873260496, 3.424218300628662, 3.6742249740600585, 3.476240580749512, 3.304854038619995, 3.145427946472168, 3.1825487327575686, 3.1752534477233887, 3.228530767059326, 3.1175312854766846, 2.991541989135742, 3.042482584762573, 3.094563161087036, 3.1023573657989503, 3.0422313335418703, 3.195545821762085, 3.037003835296631, 2.867254839706421, 2.9096207984924316, 3.0345493690490724, 2.856085189819336, 2.894293717956543, 2.7641102806091307, 2.741350410461426, 2.8068712287902833, 2.858905830383301, 2.715103815078735, 2.7568702507019043, 2.7969942859649657, 2.6629979312896728, 2.7008258083343506, 2.7601279056549073, 2.647728924560547, 2.6391944606781004, 2.597697618103027, 2.6221278200149536, 2.5450196004867554, 2.6000341217041014, 2.5814427232742307, 2.5811154296875, 2.5334591899871826, 2.507541223526001, 2.49429556388855, 2.499858315658569, 2.493184162902832, 2.456664522743225, 2.4649492118835448, 2.437615099334717, 2.4194477569580077, 2.5039370723724366, 2.454072728729248, 2.432239505004883, 2.3860439208984374, 2.4468836833953858, 2.427606530380249, 2.400752133178711, 2.391831846237183, 2.4011552280426027, 2.375944333267212, 2.3877897132873533, 2.3852421630859375, 2.399724932861328, 2.3995924278259277, 2.3942848468780515, 2.391538188934326, 2.3971093994140626, 2.377230484390259, 2.38884895362854, 2.3879877975463866, 2.3773160873413084, 2.3782418853759766, 2.3828317695617676, 2.380099174118042, 2.390877782821655, 2.386068257141113, 2.386122760772705, 2.382613452911377, 2.3868329399108887, 2.3877384819030762, 2.3811019260406496], "test_acc": [1.709999918937683, 4.869999885559082, 6.399999618530273, 6.87999963760376, 8.829999923706055, 9.389999389648438, 9.210000038146973, 10.0, 11.449999809265137, 12.739999771118164, 10.609999656677246, 13.559999465942383, 14.139999389648438, 14.579999923706055, 14.420000076293945, 16.100000381469727, 16.56999969482422, 17.44999885559082, 18.84000015258789, 17.69999885559082, 20.719999313354492, 17.969999313354492, 15.119999885559082, 18.1299991607666, 19.149999618530273, 21.260000228881836, 20.729999542236328, 22.94999885559082, 21.219999313354492, 23.1299991607666, 25.239999771118164, 24.260000228881836, 24.44999885559082, 23.469999313354492, 24.34000015258789, 22.559999465942383, 25.26999855041504, 26.76999855041504, 27.139999389648438, 25.559999465942383, 27.849998474121094, 27.90999984741211, 29.649999618530273, 30.279998779296875, 28.979999542236328, 29.029998779296875, 31.139999389648438, 30.369998931884766, 30.76999855041504, 32.40999984741211, 31.529998779296875, 31.809999465942383, 32.91999816894531, 33.25, 33.80999755859375, 34.189998626708984, 35.5, 34.96999740600586, 34.88999938964844, 34.93000030517578, 35.89999771118164, 37.09000015258789, 36.599998474121094, 37.75, 37.37999725341797, 38.12999725341797, 37.82999801635742, 38.90999984741211, 39.0099983215332, 38.40999984741211, 39.22999954223633, 39.2599983215332, 39.939998626708984, 39.72999954223633, 39.689998626708984, 40.459999084472656, 40.61000061035156, 40.15999984741211, 40.91999816894531, 40.72999954223633, 40.82999801635742, 40.90999984741211, 40.97999954223633, 41.18000030517578, 41.15999984741211, 40.959999084472656, 41.29999923706055, 41.43000030517578, 41.39999771118164, 41.47999954223633, 41.369998931884766, 41.80999755859375, 41.64999771118164, 41.59000015258789, 41.47999954223633, 41.64999771118164, 41.61000061035156, 41.73999786376953, 41.70000076293945, 41.779998779296875], "wall_time": [3.2035720348358154, 5.456849575042725, 7.9271392822265625, 10.22117829322815, 12.277352571487427, 14.652262210845947, 16.767182111740112, 19.14307165145874, 21.449204444885254, 23.549147605895996, 25.84038496017456, 28.31534242630005, 30.636558055877686, 33.004801988601685, 35.31875419616699, 37.447094678878784, 39.6610050201416, 41.95396876335144, 44.35682463645935, 46.54440093040466, 48.70723342895508, 50.92565870285034, 53.13192296028137, 55.19134783744812, 57.437132358551025, 59.70531177520752, 61.92184805870056, 64.07752585411072, 66.45907711982727, 68.93956232070923, 71.02975964546204, 73.25787210464478, 75.56106996536255, 77.50298261642456, 79.88690114021301, 82.2877426147461, 84.61121320724487, 86.73665499687195, 88.6003429889679, 90.7957227230072, 93.0125880241394, 95.30358576774597, 97.32953977584839, 99.6437394618988, 101.85563611984253, 103.93092060089111, 106.07185101509094, 108.07043433189392, 110.37074732780457, 112.53950643539429, 114.67521929740906, 117.0427565574646, 119.24479579925537, 121.69998502731323, 123.97956109046936, 126.10317206382751, 128.26986622810364, 130.5686399936676, 132.66061663627625, 134.97406816482544, 137.55249619483948, 139.75093126296997, 141.81546640396118, 144.11302638053894, 146.43694734573364, 148.61424660682678, 150.75943279266357, 152.84147000312805, 155.06217217445374, 157.39878463745117, 159.69413352012634, 161.82844352722168, 164.13203501701355, 166.4785294532776, 168.75006747245789, 170.8469386100769, 173.07388472557068, 175.17783665657043, 177.40649724006653, 179.7755310535431, 182.24137115478516, 184.5443868637085, 186.7162868976593, 189.14734745025635, 190.9868824481964, 193.06019711494446, 195.38019561767578, 197.58139514923096, 199.71363949775696, 201.9185779094696, 204.00109887123108, 206.49666452407837, 208.76757264137268, 211.09521174430847, 213.1587142944336, 215.34561681747437, 217.21184062957764, 219.43901133537292, 221.65623116493225, 223.96525764465332], "val_loss": [5.939327328491211, 4.285447066497802, 4.156744945526123, 4.085852687835693, 3.950520141220093, 3.8873547496795653, 3.8226238540649415, 3.830795578384399, 3.7795793197631835, 3.629372856903076, 3.9497381443023682, 3.6126112369537355, 3.643108256149292, 3.5722998767852783, 3.6333968788146973, 3.488885907363892, 3.4861809841156006, 3.399385496520996, 3.3683727222442625, 3.3388613677978514, 3.2328357013702393, 3.424163554382324, 3.7114650688171387, 3.452952435684204, 3.3115579818725585, 3.1551917030334473, 3.205844926071167, 3.1839440212249754, 3.2316266021728515, 3.1428077560424805, 3.0185982345581053, 3.0523911159515382, 3.088162939071655, 3.0971902923583983, 3.044908561325073, 3.1962125579833986, 3.0576053592681887, 2.906733501434326, 2.932278049468994, 3.045607199859619, 2.864629541015625, 2.917879585647583, 2.774355995178223, 2.762844493103027, 2.8386967906951903, 2.8933031097412107, 2.7329189743041993, 2.7713218444824217, 2.8124972522735594, 2.674023544692993, 2.711176259994507, 2.768058387374878, 2.6694072425842283, 2.688814845275879, 2.641890739440918, 2.629036504364014, 2.56460749168396, 2.6145337997436524, 2.588826879119873, 2.5803510074615477, 2.5345303840637206, 2.4954067459106444, 2.481898282241821, 2.482240815734863, 2.4773405412673952, 2.4508034740448, 2.458500596618652, 2.4382560832977296, 2.416635329055786, 2.496509638977051, 2.442031034851074, 2.412828762817383, 2.3667249673843385, 2.419120267868042, 2.4182427497863768, 2.3804454303741456, 2.3746280895233154, 2.3884712265014647, 2.359026918029785, 2.3608522258758544, 2.361095934677124, 2.3770722095489503, 2.3640446853637695, 2.3649106658935546, 2.3601508026123046, 2.3673069999694825, 2.342069981002808, 2.3635478591918946, 2.3557470443725586, 2.346803811264038, 2.3432692241668702, 2.35380118522644, 2.350904139328003, 2.357555369758606, 2.351553181838989, 2.352263904571533, 2.347440641784668, 2.3525503219604493, 2.3526299198150635, 2.3461507453918458],