{"loss": [], "acc": [], "test_loss": [4.6362903106689455, 4.328244465637207, 4.244939315032959, 4.0281071189880375, 3.958664859008789, 3.88784789352417, 3.751262197113037, 3.697186566925049, 3.684865311050415, 3.649578122329712, 3.7343509910583497, 3.5997032203674317, 3.5069942626953123, 3.5259238636016845, 3.4053192192077635, 3.53418295173645, 3.454072731399536, 3.449651511001587, 3.6283362411499023, 3.3529206787109374, 3.4960621318817138, 3.502639054107666, 3.4831645034790037, 3.6293141883850097, 3.49924874458313, 3.508479570770264, 3.5144675155639646, 3.514411198043823, 3.433478536987305, 3.5917424240112306, 3.6244362854003906, 3.6456957916259767, 3.602097594833374, 3.654237149810791, 3.6784781204223633, 3.7208095741271974, 3.8409228675842284, 3.71109873008728, 3.7995899475097654, 3.852444034576416, 4.023521717071533, 3.8373066772460938, 3.862955410003662, 3.9263583015441896, 3.977441549682617, 3.835529998779297, 3.8460166229248047, 3.7460455284118654, 3.860883687591553, 3.7917555335998534, 3.842323831176758, 3.812951558685303, 3.7762495529174807, 3.7605747360229493, 3.6344640426635744, 3.6120076889038084, 3.556346071624756, 3.578519659423828, 3.5077521728515624, 3.5252964866638186, 3.456839865875244, 3.4176704208374025, 3.397802939605713, 3.3620519683837893, 3.3496388671875, 3.3159391143798826, 3.307274647140503, 3.2832596698760987, 3.2728811218261717, 3.2622361362457277, 3.248424203109741, 3.2308792304992675, 3.2333806873321533, 3.2283934608459472, 3.198219542694092, 3.1743655342102053, 3.158521838760376, 3.1647695808410643, 3.144857669067383, 3.1470152378082275, 3.1547927028656004, 3.13360007019043, 3.149265419769287, 3.1271576244354247, 3.131810431289673, 3.1330650104522704, 3.1198684310913087, 3.123092984008789, 3.128012244415283, 3.1279867893218993, 3.1142338375091554, 3.1198395767211915, 3.113396213531494, 3.123626543426514, 3.1167285743713378, 3.1165767883300783, 3.1190208126068115, 3.1171705078125, 3.1273925765991213, 3.121087403869629], "test_acc": [1.0, 5.539999961853027, 6.119999885559082, 8.800000190734863, 8.670000076293945, 10.5, 12.789999961853027, 14.00999927520752, 13.380000114440918, 14.779999732971191, 13.799999237060547, 15.25999927520752, 17.619998931884766, 17.0, 19.369998931884766, 17.729999542236328, 19.619998931884766, 19.170000076293945, 18.09000015258789, 20.549999237060547, 19.760000228881836, 20.809999465942383, 20.619998931884766, 19.3799991607666, 21.25, 21.719999313354492, 21.549999237060547, 22.329999923706055, 23.849998474121094, 21.799999237060547, 23.299999237060547, 23.119998931884766, 24.329999923706055, 23.15999984741211, 24.219999313354492, 23.31999969482422, 24.15999984741211, 24.979999542236328, 25.94999885559082, 24.78999900817871, 23.049999237060547, 25.739999771118164, 25.53999900817871, 25.510000228881836, 25.399999618530273, 26.989999771118164, 26.829999923706055, 27.799999237060547, 28.139999389648438, 28.689998626708984, 28.260000228881836, 28.459999084472656, 28.920000076293945, 29.689998626708984, 30.709999084472656, 30.59000015258789, 30.81999969482422, 31.01999855041504, 31.529998779296875, 31.399999618530273, 31.60999870300293, 32.130001068115234, 32.05999755859375, 32.39999771118164, 32.95000076293945, 33.27000045776367, 32.98999786376953, 33.32999801635742, 33.41999816894531, 33.57999801635742, 33.02000045776367, 33.59000015258789, 33.48999786376953, 33.59000015258789, 33.709999084472656, 34.07999801635742, 34.05999755859375, 34.40999984741211, 34.040000915527344, 34.029998779296875, 33.98999786376953, 34.22999954223633, 34.189998626708984, 34.04999923706055, 34.040000915527344, 34.040000915527344, 34.14999771118164, 34.349998474121094, 34.119998931884766, 34.279998779296875, 34.52000045776367, 34.540000915527344, 34.47999954223633, 34.459999084472656, 34.439998626708984, 34.37999725341797, 34.41999816894531, 34.47999954223633, 34.45000076293945, 34.5], "wall_time": [3.7397401332855225, 6.636364698410034, 9.153223991394043, 11.974356174468994, 14.81593632698059, 17.513859033584595, 20.599541187286377, 23.29790472984314, 26.115284204483032, 29.101033687591553, 31.82950496673584, 34.495267391204834, 37.11763381958008, 39.92249083518982, 42.660130977630615, 45.61392021179199, 48.127073526382446, 50.8724627494812, 53.63365936279297, 56.48395752906799, 59.28489804267883, 62.13782596588135, 64.85026955604553, 67.45459127426147, 70.30531406402588, 72.88281059265137, 75.76858377456665, 78.44791102409363, 81.11705565452576, 83.8729476928711, 86.54213356971741, 89.28989148139954, 92.05755090713501, 94.76108479499817, 97.31944870948792, 100.03620481491089, 102.7965395450592, 105.50183248519897, 108.08150959014893, 111.00345635414124, 113.58411955833435, 116.36818337440491, 119.2786033153534, 122.28733992576599, 125.14696788787842, 128.03143000602722, 130.68111658096313, 133.39680409431458, 136.03194522857666, 138.71525597572327, 141.47245264053345, 144.0786156654358, 146.73031759262085, 149.44906568527222, 152.15171194076538, 154.83615899085999, 157.5958170890808, 160.16564226150513, 162.814603805542, 165.45418763160706, 168.19076490402222, 170.8847107887268, 173.52006316184998, 176.15912222862244, 178.71091651916504, 181.40349793434143, 184.150244474411, 186.85618257522583, 189.4594748020172, 192.10919761657715, 194.92552781105042, 197.36250281333923, 200.03001880645752, 202.6583535671234, 205.35520124435425, 208.07175993919373, 210.93891167640686, 213.76303791999817, 216.58104252815247, 219.26009368896484, 221.9199333190918, 224.53629064559937, 227.26865243911743, 229.90702557563782, 232.37338018417358, 234.98428964614868, 237.59386086463928, 240.2178075313568, 242.9124743938446, 245.60920000076294, 248.25761461257935, 251.01500248908997, 253.57136392593384, 256.33042669296265, 259.10839009284973, 262.0950560569763, 264.7488672733307, 267.5893454551697, 270.3893036842346, 273.02831196784973], "val_loss": [4.635014926147461, 4.33672702255249, 4.274293881988525, 4.027283849334717, 3.976133351898193, 3.887291473007202, 3.754436719894409, 3.7096219734191895, 3.69733669090271, 3.6646568767547607, 3.7309962913513184, 3.5913420280456543, 3.522972659301758, 3.5365313022613525, 3.4117394897460938, 3.521070799255371, 3.450656898498535, 3.464131322860718, 3.632201329803467, 3.3518414581298828, 3.4817972877502443, 3.4898954845428465, 3.4585225028991697, 3.621584206008911, 3.5112945194244385, 3.5119323249816894, 3.5527494724273683, 3.489915768432617, 3.44233031539917, 3.5929871463775633, 3.657649845123291, 3.629975425338745, 3.641637068939209, 3.66813885307312, 3.739840929031372, 3.741392138671875, 3.875584460067749, 3.715684880065918, 3.8451208690643313, 3.829780192565918, 4.058887475204468, 3.8417299057006837, 3.858338565826416, 3.939539588165283, 3.962763784790039, 3.8322726470947264, 3.8658733180999754, 3.7383176277160644, 3.869311277770996, 3.8115246326446535, 3.8557186054229735, 3.8219323936462404, 3.798438999938965, 3.776516495132446, 3.6390739463806154, 3.615116620635986, 3.5368146842956545, 3.576030623626709, 3.49863190574646, 3.5306912216186523, 3.4415642753601072, 3.3920750427246094, 3.3893687248229982, 3.352423450088501, 3.3333158084869385, 3.293194323730469, 3.2892919723510743, 3.2698294857025147, 3.2542354736328125, 3.2366468902587893, 3.2411485874176025, 3.2103913299560545, 3.200443359375, 3.204336352157593, 3.1725217418670653, 3.1459181060791015, 3.1389745903015136, 3.143964321899414, 3.1259523887634275, 3.1286017486572266, 3.130330158996582, 3.108760988998413, 3.1202735954284666, 3.1074297874450685, 3.106427110671997, 3.1064520416259764, 3.091624393463135, 3.099262831115723, 3.101066983413696, 3.099939683532715, 3.090220908355713, 3.0962564113616944, 3.091470178985596, 3.0977662952423097, 3.0932320404052733, 3.09262353477478, 3.093407627868652, 3.0927803009033203, 3.101594275665283, 3.097660092544556],