{"loss": [], "acc": [], "test_loss": [4.603966691589355, 4.298455833435058, 4.0265178234100345, 3.8927461181640624, 3.864812275314331, 3.745862813949585, 3.6910535133361817, 3.653374817276001, 3.7069548015594482, 3.498470051574707, 3.551432971191406, 3.449124499511719, 3.576321813201904, 3.5695200912475586, 3.53802883644104, 3.5026874809265136, 3.538468809127808, 3.4407512775421143, 3.42263349609375, 3.345754029083252, 3.569298232269287, 3.552788384246826, 3.4508805488586427, 3.5939681610107423, 3.5057617359161375, 3.462825523376465, 3.3892535820007326, 3.45639292678833, 3.444873026275635, 3.631260988998413, 3.5188461418151857, 3.6403119903564454, 3.7044222381591796, 3.692277742767334, 3.6379709533691407, 3.7531632778167725, 3.7703754734039308, 3.8134143447875974, 3.6955388847351074, 3.922932068634033, 3.7172068504333495, 3.8022864990234373, 3.7962294593811037, 3.845531771850586, 3.989983186340332, 3.8568808280944826, 3.8745067459106446, 3.8394985275268554, 4.278100583648682, 3.816688654327393, 3.872657809448242, 3.7692987670898437, 3.676280582046509, 3.695395074081421, 3.684053476715088, 3.697047592163086, 3.5567646896362306, 3.5752269371032717, 3.5211398475646973, 3.4783646076202395, 3.4451370429992676, 3.4226737754821777, 3.405637489700317, 3.3872866065979004, 3.3464382164001463, 3.375802869415283, 3.3896250328063964, 3.333921788787842, 3.3098218860626223, 3.3173149139404297, 3.2706605876922605, 3.2802866535186768, 3.2619770206451415, 3.2680081050872802, 3.2507147747039795, 3.2443373359680177, 3.2360881160736086, 3.2345359535217284, 3.2233725341796875, 3.2097024482727052, 3.2261152549743652, 3.2104783458709716, 3.191986045074463, 3.1926549755096434, 3.1868549125671386, 3.186788064956665, 3.179777320098877, 3.175886289215088, 3.1790725479125976, 3.1806178493499755, 3.1655465465545656, 3.167170623397827, 3.170484824371338, 3.16868288192749, 3.175482423019409, 3.1755732372283934, 3.1728345794677733, 3.17843392829895, 3.175383315658569, 3.1693246162414552], "test_acc": [1.3299999237060547, 5.779999732971191, 7.829999923706055, 9.84999942779541, 11.969999313354492, 13.059999465942383, 13.069999694824219, 13.960000038146973, 14.429999351501465, 16.56999969482422, 16.059999465942383, 18.520000457763672, 16.60999870300293, 17.229999542236328, 18.170000076293945, 18.850000381469727, 18.6299991607666, 20.809999465942383, 21.329999923706055, 22.68000030517578, 19.739999771118164, 21.65999984741211, 22.94999885559082, 20.59000015258789, 21.75, 23.31999969482422, 24.099998474121094, 23.489999771118164, 23.719999313354492, 23.979999542236328, 24.1299991607666, 24.809999465942383, 23.809999465942383, 24.260000228881836, 25.90999984741211, 24.56999969482422, 24.760000228881836, 25.6299991607666, 25.529998779296875, 24.689998626708984, 27.489999771118164, 26.399999618530273, 26.06999969482422, 27.349998474121094, 25.85999870300293, 26.649999618530273, 27.649999618530273, 28.799999237060547, 24.869998931884766, 28.369998931884766, 27.76999855041504, 29.639999389648438, 30.189998626708984, 30.51999855041504, 29.899999618530273, 30.56999969482422, 31.459999084472656, 31.209999084472656, 31.649999618530273, 31.639999389648438, 32.380001068115234, 32.619998931884766, 32.599998474121094, 33.099998474121094, 33.61000061035156, 33.2599983215332, 32.93000030517578, 33.68000030517578, 33.80999755859375, 33.5099983215332, 33.70000076293945, 33.959999084472656, 34.31999969482422, 34.20000076293945, 34.25, 34.22999954223633, 34.21999740600586, 34.29999923706055, 34.369998931884766, 34.63999938964844, 34.55999755859375, 34.39999771118164, 34.599998474121094, 34.5099983215332, 34.64999771118164, 34.619998931884766, 34.64999771118164, 34.790000915527344, 34.52000045776367, 34.72999954223633, 34.72999954223633, 34.79999923706055, 35.02000045776367, 34.849998474121094, 34.5, 34.80999755859375, 34.75, 34.87999725341797, 34.80999755859375, 34.959999084472656], "wall_time": [3.1194469928741455, 5.277956962585449, 7.470270395278931, 9.833290338516235, 12.193145990371704, 14.61303973197937, 16.66862726211548, 19.104164361953735, 21.336992979049683, 23.575379371643066, 25.880386352539062, 28.03193759918213, 30.45807957649231, 32.81146025657654, 35.30939555168152, 37.57540011405945, 39.89582681655884, 42.350441217422485, 44.675715923309326, 46.786213636398315, 49.19873547554016, 51.34729361534119, 53.56042218208313, 55.66581153869629, 57.88987374305725, 60.250972270965576, 62.47517371177673, 64.69679641723633, 66.96936082839966, 69.22304773330688, 71.69333863258362, 74.00025773048401, 76.39082193374634, 78.71740412712097, 81.07848024368286, 83.30572271347046, 85.63895606994629, 87.91724514961243, 90.4731068611145, 92.62485074996948, 95.04533839225769, 97.38779973983765, 99.76270127296448, 102.14030265808105, 104.40260744094849, 106.58436369895935, 108.90981030464172, 111.25257563591003, 113.5917501449585, 115.8007698059082, 118.17409992218018, 120.66562986373901, 122.92614531517029, 125.40598750114441, 127.5537736415863, 129.73420119285583, 131.5730321407318, 133.89727878570557, 136.0567593574524, 138.44576168060303, 140.8233232498169, 143.09629821777344, 145.3603012561798, 147.79827427864075, 150.08703565597534, 152.52466583251953, 154.49063873291016, 156.72806477546692, 158.97337365150452, 161.52930855751038, 164.0243399143219, 166.3502173423767, 168.6634829044342, 171.0119504928589, 173.61465525627136, 176.10567259788513, 178.23131489753723, 180.59332180023193, 183.02942943572998, 185.30920147895813, 187.5878233909607, 189.8333191871643, 192.0576310157776, 194.34805750846863, 196.627991437912, 199.18758344650269, 201.5349702835083, 203.8966772556305, 206.15433144569397, 208.49062061309814, 210.61880159378052, 212.734956741333, 215.11760139465332, 217.46351647377014, 219.85820746421814, 222.28512930870056, 224.4026439189911, 226.79650473594666, 229.23097944259644, 231.47070789337158], "val_loss": [4.60430792312622, 4.295490647125244, 4.031628743362427, 3.8883120613098145, 3.866220277786255, 3.754470037841797, 3.704085641860962, 3.6503688667297363, 3.701600774765015, 3.481107772064209, 3.56299393119812, 3.4412044799804686, 3.5967244667053224, 3.6050489093780516, 3.5349401668548586, 3.5151540222167967, 3.5745067081451416, 3.4145487327575683, 3.44131621131897, 3.380308534622192, 3.6121179386138915, 3.575605365753174, 3.443599754333496, 3.598737004852295, 3.5365017234802245, 3.479695302581787, 3.4129944133758543, 3.4565113746643066, 3.480130030441284, 3.635047381591797, 3.514467728805542, 3.6398172050476076, 3.7168800441741943, 3.7028489517211916, 3.595866014480591, 3.7831745544433595, 3.7614025260925295, 3.8530465854644778, 3.738395651245117, 4.022487973403931, 3.7506473892211916, 3.8681664207458497, 3.8596371887207033, 3.889662086105347, 4.027467976760864, 3.871500905227661, 3.913867944717407, 3.837961780548096, 4.314043685150146, 3.8661326206207276, 3.9349525100708007, 3.778810772323608, 3.7128688400268555, 3.7088407318115233, 3.7342743953704836, 3.709020802307129, 3.546394818878174, 3.59234718170166, 3.5349120220184327, 3.482694757080078, 3.4437828662872314, 3.4310018424987794, 3.4121339668273927, 3.398916231536865, 3.34987965965271, 3.3814436500549316, 3.4076730812072755, 3.3462419692993164, 3.297056452178955, 3.3009525020599364, 3.2836235626220702, 3.2716459182739257, 3.255181830596924, 3.254758549499512, 3.239459044265747, 3.2339487743377684, 3.2256294952392577, 3.216801572036743, 3.208464002609253, 3.1911287303924563, 3.2098070865631105, 3.192522328186035, 3.1771893798828126, 3.181348390197754, 3.169653536605835, 3.1710374267578123, 3.1676932361602783, 3.1643793365478516, 3.1655859802246096, 3.169625751876831, 3.1515570083618165, 3.155923291015625, 3.157056558227539, 3.1570041763305663, 3.161639064025879, 3.163977111053467, 3.1583567947387694, 3.16460597076416, 3.1591819168090822, 3.156544820022583],