{"loss": [], "acc": [], "test_loss": [4.480766031646729, 4.558252183532715, 4.0365121559143065, 3.9348924163818357, 3.7466523166656494, 3.600274394226074, 3.5645142318725584, 3.51795541305542, 3.4457517776489257, 3.534196336364746, 3.4293716812133788, 3.282040754699707, 3.2549271991729736, 3.4045623752593994, 3.32765950012207, 3.3506367656707763, 3.2585190189361573, 3.4114458183288576, 3.2503594692230227, 3.2375889232635497, 3.32028810005188, 3.274293003845215, 3.2698652656555174, 3.1730330123901367, 3.246771283340454, 3.1927713020324706, 3.251706842803955, 3.3188496360778807, 3.3246313095092774, 3.3835139499664306, 3.2772286331176756, 3.316799036407471, 3.2688495208740234, 3.316842785644531, 3.3794932960510256, 3.2829594604492187, 3.2878885330200194, 3.414331555175781, 3.3035477550506593, 3.299428296279907, 3.306757303237915, 3.274678614807129, 3.2752963943481443, 3.147494669342041, 3.1469701011657714, 3.165141905212402, 3.1477511978149413, 3.084545947265625, 3.0769135917663575, 3.091493472290039, 3.00352513961792, 2.9893317138671875, 2.9443646976470945, 3.008842538833618, 2.9818710235595702, 2.975334009552002, 2.87055403175354, 2.908986009597778, 2.844580764389038, 2.81496629486084, 2.785868342971802, 2.8075083908081053, 2.8081403999328614, 2.766398592376709, 2.754580551147461, 2.746660209274292, 2.7401025409698487, 2.7222519515991213, 2.7310316116333007, 2.726407095336914, 2.7064109634399416, 2.7287157722473143, 2.697291458129883, 2.692882923126221, 2.6895668937683106, 2.678327962112427, 2.683082172012329, 2.6757967113494874, 2.677524408340454, 2.661875443649292, 2.654889030838013, 2.6609056072235107, 2.6625760242462158, 2.6532683082580566, 2.6522485862731933, 2.6507050830841066, 2.641006782913208, 2.6461869941711424, 2.643643649673462, 2.6436999240875245, 2.641674191665649, 2.638721534729004, 2.6447599739074708, 2.643657734298706, 2.6475382328033445, 2.6445267162322996, 2.649384090042114, 2.6400626304626464, 2.642084246826172, 2.6400402446746827], "test_acc": [3.2799999713897705, 5.609999656677246, 9.329999923706055, 11.069999694824219, 12.729999542236328, 15.429999351501465, 16.329999923706055, 17.869998931884766, 17.81999969482422, 18.489999771118164, 20.3799991607666, 22.399999618530273, 23.06999969482422, 20.760000228881836, 22.60999870300293, 22.939998626708984, 23.719999313354492, 22.649999618530273, 25.3799991607666, 25.209999084472656, 25.329999923706055, 26.03999900817871, 26.19999885559082, 28.389999389648438, 27.439998626708984, 28.119998931884766, 28.549999237060547, 27.92999839782715, 28.619998931884766, 27.489999771118164, 30.10999870300293, 30.099998474121094, 29.899999618530273, 30.889999389648438, 30.939998626708984, 32.0, 31.809999465942383, 31.399999618530273, 32.21999740600586, 32.63999938964844, 32.39999771118164, 32.849998474121094, 33.20000076293945, 34.41999816894531, 34.5, 34.82999801635742, 35.38999938964844, 35.939998626708984, 35.709999084472656, 35.62999725341797, 36.540000915527344, 36.75, 37.05999755859375, 36.790000915527344, 37.15999984741211, 36.87999725341797, 38.279998779296875, 37.27000045776367, 38.57999801635742, 38.68000030517578, 38.87999725341797, 38.90999984741211, 38.97999954223633, 39.5, 39.5, 39.32999801635742, 39.41999816894531, 39.68000030517578, 39.22999954223633, 39.32999801635742, 39.7599983215332, 39.61000061035156, 40.06999969482422, 39.849998474121094, 39.75, 39.78999710083008, 39.37999725341797, 40.0099983215332, 39.91999816894531, 40.06999969482422, 40.16999816894531, 39.939998626708984, 39.68000030517578, 39.959999084472656, 39.939998626708984, 40.14999771118164, 40.11000061035156, 39.93000030517578, 40.15999984741211, 39.7599983215332, 40.11000061035156, 40.06999969482422, 39.97999954223633, 39.96999740600586, 39.849998474121094, 39.96999740600586, 39.90999984741211, 40.029998779296875, 40.14999771118164, 39.96999740600586], "wall_time": [3.289883852005005, 5.6440818309783936, 7.712695360183716, 9.994805812835693, 12.122025489807129, 14.2407968044281, 16.389482498168945, 18.33413553237915, 20.4951171875, 22.53095269203186, 24.681880235671997, 26.811105012893677, 28.825448513031006, 30.95278525352478, 33.42302584648132, 35.76447916030884, 37.95584845542908, 40.16812014579773, 42.370490312576294, 44.325557231903076, 46.5204439163208, 49.06262159347534, 51.11730360984802, 53.54167366027832, 55.89611506462097, 57.77139353752136, 59.946157455444336, 62.07796049118042, 64.09626626968384, 66.1553111076355, 68.44744849205017, 70.78205704689026, 72.95052766799927, 75.06680512428284, 77.12949204444885, 79.1471598148346, 81.47926020622253, 83.72052192687988, 85.81859374046326, 87.95721960067749, 89.9719591140747, 92.01352715492249, 93.97350215911865, 96.09921932220459, 98.06021881103516, 100.19620871543884, 102.32874178886414, 104.51236510276794, 106.68876719474792, 108.88497161865234, 111.13268041610718, 113.35566520690918, 115.53274059295654, 117.72739267349243, 119.99592518806458, 122.15256834030151, 124.37613892555237, 126.4423451423645, 128.5653636455536, 130.7475266456604, 132.69764041900635, 134.6947169303894, 136.91687417030334, 139.09213972091675, 141.19131231307983, 143.44311547279358, 145.76904797554016, 147.76900339126587, 149.8592505455017, 151.87692141532898, 154.0556538105011, 156.14248657226562, 158.2710931301117, 160.40424227714539, 162.6737060546875, 164.83591318130493, 166.8997495174408, 168.94248461723328, 170.89857029914856, 172.87913489341736, 175.2309067249298, 177.45155310630798, 179.61107182502747, 181.6257345676422, 183.60224199295044, 185.64252185821533, 187.76804661750793, 189.97602009773254, 192.0826177597046, 194.10222148895264, 196.29360961914062, 198.4524462223053, 200.58097791671753, 202.6446509361267, 204.90828132629395, 207.11102938652039, 209.337575674057, 211.41132736206055, 213.57999897003174, 215.58654975891113], "val_loss": [4.484000286102295, 4.58149228515625, 4.055215718078613, 3.938396817779541, 3.7529026988983154, 3.608738174057007, 3.5747117958068846, 3.5245291175842284, 3.451709084701538, 3.5399935943603515, 3.4384104415893555, 3.316390184402466, 3.2641408668518066, 3.414838963699341, 3.3464530952453613, 3.3484999118804932, 3.2516396533966065, 3.377752222061157, 3.222632524108887, 3.2567364471435547, 3.3518859996795656, 3.270191170883179, 3.3054244174957277, 3.205842359161377, 3.2808221214294435, 3.24148935546875, 3.27838829498291, 3.344875249481201, 3.343798665237427, 3.413900326919556, 3.2736897972106935, 3.3146638195037843, 3.2871833755493163, 3.3481718406677246, 3.3879999797821045, 3.32211720199585, 3.3163606803894043, 3.4216577209472656, 3.322117387008667, 3.318571797943115, 3.3297595993041993, 3.3080761730194093, 3.2634418869018553, 3.139012128448486, 3.1219119369506836, 3.16108623046875, 3.1550299854278565, 3.0678406337738036, 3.0554019481658936, 3.1098367946624754, 3.0221483112335203, 2.9694766151428222, 2.954185152435303, 2.975303564834595, 2.9720221961975097, 2.932406288146973, 2.866061982345581, 2.8858915676116945, 2.815176832199097, 2.7772382942199707, 2.7651678771972654, 2.793098680114746, 2.77684321975708, 2.763901087188721, 2.751733463668823, 2.7344732902526854, 2.72996565284729, 2.697393236541748, 2.7101827827453615, 2.7088425426483154, 2.678473619842529, 2.704817901992798, 2.6601964054107667, 2.6588144886016845, 2.6590480880737304, 2.6389482025146482, 2.652701124572754, 2.6368164596557615, 2.6379064594268797, 2.6293613471984862, 2.622603429412842, 2.630964172363281, 2.6264779067993165, 2.613300239944458, 2.614677085876465, 2.6159518718719483, 2.6087861461639403, 2.6096614044189455, 2.612343265914917, 2.6081099517822266, 2.606612060546875, 2.60645611038208, 2.6082378341674803, 2.6077682758331298, 2.612081837463379, 2.608907166290283, 2.610490766906738, 2.603943824005127, 2.6046583152770997, 2.6027471912384033],