{"loss": [], "acc": [], "test_loss": [4.655930404663086, 4.395785076141357, 4.080017285919189, 3.9258682472229003, 3.711695669937134, 3.7921125953674317, 3.6008238422393797, 3.526499074172974, 3.5392440696716307, 3.549314593887329, 3.59196449546814, 3.3632031085968017, 3.3459483238220216, 3.4367957706451415, 3.3712007926940917, 3.595469807815552, 3.638223419189453, 3.4674527587890625, 3.446351651382446, 3.4623087215423585, 3.7808194328308105, 3.3911850566864015, 3.6137541778564453, 3.452006440734863, 3.5065585590362547, 3.527804881286621, 3.637272459411621, 3.638445548248291, 3.595013785171509, 3.609703890991211, 3.895127833557129, 3.840573829650879, 3.629050860595703, 3.7359623237609862, 3.870568857574463, 3.9038532135009767, 3.78601325302124, 3.870809927368164, 3.896837255859375, 3.9438269439697264, 3.9829532402038574, 3.858382662963867, 3.7979850463867186, 3.799471686553955, 3.6888183906555176, 3.828484680175781, 3.722723120880127, 3.705246968460083, 3.6538624683380125, 3.5041933589935303, 3.489574118423462, 3.4067619522094725, 3.3883405899047854, 3.363910924530029, 3.3087680702209474, 3.265991661834717, 3.254042236328125, 3.208076365661621, 3.2041433486938478, 3.163396368026733, 3.1680565856933596, 3.1312917724609375, 3.1016815174102783, 3.1165432258605956, 3.093374943161011, 3.0771670581817627, 3.0386240329742433, 3.0386037670135497, 3.0281809516906737, 3.0152773063659666, 3.024369590759277, 3.003778628540039, 2.9967562423706053, 2.9909796401977538, 2.989947094345093, 2.9744675312042235, 2.978620420074463, 2.9653347045898437, 2.94991300201416, 2.9551268852233887, 2.9501960651397705, 2.9432865699768067, 2.946886390686035, 2.948634809875488, 2.944611396026611, 2.9474788463592527, 2.9439637268066408, 2.9373411449432374, 2.9327352851867676, 2.9356857513427737, 2.939569613647461, 2.9363151878356932, 2.936600793457031, 2.9344876304626464, 2.937436298751831, 2.931155533981323, 2.940454941558838, 2.9348875778198242, 2.932332309341431, 2.9304923252105715], "test_acc": [1.0099999904632568, 5.089999675750732, 8.9399995803833, 10.279999732971191, 12.779999732971191, 12.829999923706055, 15.239999771118164, 17.279998779296875, 16.68000030517578, 17.1299991607666, 16.760000228881836, 20.90999984741211, 21.279998779296875, 20.350000381469727, 21.209999084472656, 19.899999618530273, 20.049999237060547, 21.239999771118164, 21.829999923706055, 23.899999618530273, 20.219999313354492, 24.989999771118164, 22.09000015258789, 25.44999885559082, 25.1299991607666, 25.81999969482422, 25.51999855041504, 25.829999923706055, 25.260000228881836, 26.399999618530273, 24.40999984741211, 25.19999885559082, 26.989999771118164, 26.90999984741211, 26.279998779296875, 26.559999465942383, 27.44999885559082, 26.829999923706055, 27.189998626708984, 26.8799991607666, 26.709999084472656, 28.809999465942383, 28.489999771118164, 29.920000076293945, 30.3799991607666, 29.299999237060547, 29.78999900817871, 30.509998321533203, 30.989999771118164, 31.85999870300293, 31.920000076293945, 33.05999755859375, 33.189998626708984, 33.41999816894531, 33.81999969482422, 34.2599983215332, 34.40999984741211, 34.349998474121094, 34.5, 34.59000015258789, 34.689998626708984, 34.84000015258789, 34.95000076293945, 34.75, 35.2599983215332, 35.57999801635742, 35.77000045776367, 35.619998931884766, 35.82999801635742, 35.599998474121094, 35.55999755859375, 35.93000030517578, 35.66999816894531, 35.84000015258789, 36.06999969482422, 36.029998779296875, 36.16999816894531, 36.459999084472656, 36.36000061035156, 36.32999801635742, 36.290000915527344, 36.599998474121094, 36.5099983215332, 36.279998779296875, 36.45000076293945, 36.369998931884766, 36.41999816894531, 36.64999771118164, 36.61000061035156, 36.529998779296875, 36.5, 36.47999954223633, 36.39999771118164, 36.30999755859375, 36.5099983215332, 36.47999954223633, 36.56999969482422, 36.46999740600586, 36.46999740600586, 36.529998779296875], "wall_time": [3.7845940589904785, 5.820039749145508, 7.804613351821899, 9.738426446914673, 11.747672080993652, 13.71669864654541, 15.75079083442688, 17.998891592025757, 20.07049322128296, 22.002180576324463, 23.882670640945435, 25.76659917831421, 27.79405927658081, 29.96794295310974, 31.715744495391846, 33.62349343299866, 35.652939796447754, 37.71958875656128, 39.89170026779175, 42.1460280418396, 44.27510929107666, 46.36235594749451, 48.23754119873047, 50.1030068397522, 52.17241096496582, 54.27411484718323, 56.16355037689209, 58.152273654937744, 60.3688428401947, 62.296600341796875, 64.26167750358582, 66.3275797367096, 68.26636791229248, 70.24514818191528, 72.30742502212524, 74.19122886657715, 76.15508341789246, 77.99862456321716, 80.25878953933716, 82.35567450523376, 84.27757525444031, 86.19025349617004, 88.28185153007507, 90.3172345161438, 92.33798599243164, 94.37026190757751, 96.3688313961029, 98.43895220756531, 100.26486158370972, 102.40872812271118, 104.36813449859619, 106.46465492248535, 108.42368125915527, 110.55513954162598, 112.49616837501526, 114.55489420890808, 116.64634871482849, 118.81619167327881, 120.9697196483612, 123.08120608329773, 125.20748519897461, 127.42673015594482, 129.56667923927307, 131.6889410018921, 133.61658430099487, 135.70351719856262, 138.02081418037415, 140.10632729530334, 142.27938723564148, 144.2848403453827, 146.31767511367798, 148.39855575561523, 150.63445901870728, 152.94858598709106, 154.91115641593933, 156.96923780441284, 158.89655780792236, 160.82252407073975, 162.89366579055786, 164.7497148513794, 166.82016801834106, 168.70384693145752, 170.57319855690002, 172.64615416526794, 174.91893649101257, 177.1421456336975, 179.3134777545929, 181.44473814964294, 183.54395484924316, 185.38315796852112, 187.42330932617188, 189.35783576965332, 191.3271553516388, 193.40867805480957, 195.45574736595154, 197.51360440254211, 199.4947247505188, 201.3454191684723, 203.50247526168823, 205.42383456230164], "val_loss": [4.656634899139404, 4.402411804199219, 4.0900756408691405, 3.9302476470947267, 3.7291936153411864, 3.80518274269104, 3.6139821720123293, 3.5330025939941407, 3.544980779647827, 3.578411212539673, 3.591503758621216, 3.3712543701171875, 3.3685582748413085, 3.4125647315979, 3.382464761352539, 3.5675676498413087, 3.607116065979004, 3.440321853637695, 3.4544782947540282, 3.482498031234741, 3.8150489486694337, 3.422872852706909, 3.614396104812622, 3.4488850452423097, 3.55516506690979, 3.5446283538818357, 3.675770063781738, 3.6621677967071533, 3.5982212936401368, 3.6348550479888915, 3.908568896484375, 3.8383754653930664, 3.651089057922363, 3.693466070175171, 3.8730520511627198, 3.8944080173492432, 3.75132043838501, 3.8547751815795896, 3.8892418224334717, 3.9387899314880372, 3.991753067779541, 3.828668058395386, 3.78064910697937, 3.7454081378936768, 3.666700120925903, 3.8517863563537595, 3.7039550994873047, 3.7080526554107665, 3.6372368564605715, 3.5101100383758546, 3.4756225135803223, 3.392922426223755, 3.3821254291534424, 3.374354249572754, 3.296327577972412, 3.252128397369385, 3.25025160446167, 3.2133663570404054, 3.1857693977355956, 3.1452665218353273, 3.1544818477630616, 3.1169625804901124, 3.095648361968994, 3.0874074546813963, 3.0692255771636963, 3.0481177135467528, 3.0133020893096925, 3.0179499282836915, 3.002096494293213, 3.0008000999450686, 2.9984364700317383, 2.9850964504241944, 2.970519660949707, 2.9615093162536623, 2.968473281478882, 2.9521120517730712, 2.9541660781860353, 2.937693727874756, 2.9224200450897215, 2.9254531089782714, 2.9188580963134765, 2.9140352043151854, 2.9159095680236815, 2.9155718128204344, 2.9140032505035403, 2.915397900390625, 2.911390266418457, 2.9054625247955324, 2.902066402435303, 2.9025330989837648, 2.9061121643066405, 2.9033659885406493, 2.904688919067383, 2.9005034309387208, 2.9042092670440676, 2.8980367988586426, 2.906370072937012, 2.901767571258545, 2.897646681213379, 2.895890232849121],