{"loss": [], "acc": [], "test_loss": [10.266113850402832, 5.249012478637695, 4.5479763336181644, 4.2598764450073245, 4.140348539733886, 3.9307255935668945, 3.8237553657531738, 3.715728875732422, 3.577561130523682, 3.509639590835571, 3.460559646606445, 3.4429265785217287, 3.3327282291412352, 3.2949066146850585, 3.2013492401123047, 3.2739643680572508, 3.286845759963989, 3.1436092918395997, 3.1581941368103026, 3.166278145599365, 2.9969493743896485, 2.952953308868408, 2.9516763244628907, 3.0594479007720947, 2.9636410011291505, 2.9170247158050535, 2.873463037109375, 2.894969214630127, 2.813615421295166, 2.8302379531860353, 2.8199214836120605, 2.774556262207031, 2.748861373138428, 2.722770116043091, 2.88346510848999, 2.811690969467163, 2.7131351161956787, 2.69374515914917, 2.6516587081909178, 2.7793673160552976, 2.7051421005249026, 2.631626697540283, 2.68858415222168, 2.6259533699035646, 2.5539377861022947, 2.694002758026123, 2.6208500267028807, 2.6043936756134034, 2.5537771602630617, 2.5225116764068605, 2.854945857620239, 2.5187319583892824, 2.4949717903137207, 2.5311432205200197, 2.483167314529419, 2.5006924295425415, 2.540376122665405, 2.5143107681274413, 2.414492861175537, 2.459655195617676, 2.4358158336639404, 2.4356541931152345, 2.3563900844573973, 2.4303853675842286, 2.4617365753173828, 2.40863490562439, 2.394114602279663, 2.3727092361450195, 2.374516834640503, 2.3770342109680174, 2.373354605102539, 2.317979775238037, 2.3127621955871582, 2.346372790145874, 2.320283433532715, 2.306810247421265, 2.302019918823242, 2.2936352546691894, 2.309551103591919, 2.3071985774993897, 2.29667892074585, 2.2808758502960207, 2.2898300170898436, 2.292401587295532, 2.279346090698242, 2.2789136772155763, 2.2793313159942628, 2.2731991676330567, 2.278939659881592, 2.2735883949279785, 2.274028393173218, 2.2732282989501953, 2.271307724380493, 2.277936933517456, 2.2733251594543455, 2.2730903717041016, 2.267927328491211, 2.274781086730957, 2.27615894241333, 2.27730864982605], "test_acc": [2.1599998474121094, 4.589999675750732, 7.509999752044678, 8.269999504089355, 10.65999984741211, 12.039999961853027, 12.469999313354492, 14.779999732971191, 16.420000076293945, 17.600000381469727, 18.40999984741211, 18.260000228881836, 20.149999618530273, 20.729999542236328, 22.529998779296875, 20.56999969482422, 20.689998626708984, 23.760000228881836, 23.239999771118164, 22.809999465942383, 26.279998779296875, 27.69999885559082, 27.079999923706055, 26.19999885559082, 27.139999389648438, 28.44999885559082, 28.969999313354492, 29.219999313354492, 29.76999855041504, 29.17999839782715, 29.989999771118164, 30.969999313354492, 32.029998779296875, 32.15999984741211, 29.53999900817871, 31.10999870300293, 33.21999740600586, 33.5099983215332, 34.82999801635742, 32.38999938964844, 34.13999938964844, 35.599998474121094, 34.11000061035156, 35.5, 36.790000915527344, 34.529998779296875, 36.05999755859375, 36.54999923706055, 37.25, 38.099998474121094, 33.79999923706055, 38.189998626708984, 38.16999816894531, 38.71999740600586, 39.709999084472656, 39.86000061035156, 39.11000061035156, 39.06999969482422, 40.72999954223633, 40.34000015258789, 40.66999816894531, 41.43000030517578, 42.27000045776367, 41.48999786376953, 40.70000076293945, 41.689998626708984, 42.38999938964844, 42.47999954223633, 42.80999755859375, 42.43000030517578, 42.95000076293945, 43.53999710083008, 43.459999084472656, 43.37999725341797, 43.689998626708984, 44.06999969482422, 44.06999969482422, 44.43000030517578, 44.12999725341797, 43.89999771118164, 44.46999740600586, 44.689998626708984, 44.619998931884766, 44.349998474121094, 44.36000061035156, 44.36000061035156, 44.59000015258789, 44.689998626708984, 44.619998931884766, 44.529998779296875, 44.47999954223633, 44.62999725341797, 44.57999801635742, 44.56999969482422, 44.82999801635742, 44.869998931884766, 44.779998779296875, 44.78999710083008, 44.75, 44.81999969482422], "wall_time": [3.3159546852111816, 5.502068281173706, 7.676476716995239, 9.71668028831482, 12.02360224723816, 14.263659238815308, 16.37119436264038, 18.36758017539978, 20.518903970718384, 22.733488082885742, 24.83243703842163, 26.79429841041565, 28.798336505889893, 30.854708194732666, 33.01141023635864, 35.1144437789917, 37.17417287826538, 39.30066895484924, 41.43382000923157, 43.64303517341614, 45.83510899543762, 47.801656007766724, 49.92691111564636, 52.061665773391724, 54.26028537750244, 56.46177291870117, 58.651700258255005, 61.003968715667725, 63.0663046836853, 65.06500244140625, 67.23273777961731, 69.31702399253845, 71.47362923622131, 73.61179447174072, 75.84499168395996, 78.06341242790222, 80.09709811210632, 82.36749458312988, 84.41843438148499, 86.5581042766571, 88.80491065979004, 90.75236678123474, 92.91332960128784, 95.27672266960144, 97.22546076774597, 99.23834490776062, 101.42894983291626, 103.58539032936096, 105.80181193351746, 107.84979486465454, 109.9033534526825, 112.0608777999878, 114.45758056640625, 116.67216420173645, 118.79386067390442, 121.08830237388611, 123.19628024101257, 125.14845061302185, 127.23766422271729, 129.2771635055542, 131.2973210811615, 133.161226272583, 135.17326736450195, 137.31380677223206, 139.4566924571991, 141.60900330543518, 143.72203040122986, 145.72484469413757, 147.88071870803833, 149.95899295806885, 152.16082620620728, 154.26086497306824, 156.4442014694214, 158.66876006126404, 160.79525351524353, 162.90109753608704, 165.00034523010254, 167.19143319129944, 169.2156262397766, 171.34783220291138, 173.33331656455994, 175.40908646583557, 177.77597427368164, 180.04742789268494, 182.02039647102356, 184.35851001739502, 186.62150740623474, 188.9364423751831, 191.1407356262207, 193.33141255378723, 195.50166487693787, 197.610689163208, 200.0367786884308, 202.13951659202576, 204.2453737258911, 206.5610957145691, 208.75233626365662, 210.8040041923523, 212.9841446876526, 215.14094591140747], "val_loss": [10.196412191772461, 5.2368709808349605, 4.5649947280883785, 4.248261804580689, 4.131529278945923, 3.9494850833892823, 3.8237835601806642, 3.7166082164764402, 3.5932208103179932, 3.5157346279144286, 3.4645775371551513, 3.4552819248199462, 3.343189267730713, 3.3036845954895018, 3.2117616924285888, 3.2782205490112304, 3.296512826538086, 3.166686626815796, 3.1525851596832277, 3.1666329071044923, 3.005023720550537, 2.941210134124756, 2.964353483963013, 3.0646138763427735, 2.9592228607177735, 2.919364337158203, 2.8811210758209227, 2.9125144821166993, 2.810534774017334, 2.840735178375244, 2.8290236576080323, 2.763479833984375, 2.7316696475982667, 2.7076423042297364, 2.891793392562866, 2.781010252380371, 2.72748185710907, 2.6905550329208374, 2.6582833198547364, 2.7825037071228027, 2.7382278347015383, 2.623807678794861, 2.695131962966919, 2.6325551391601563, 2.559303477859497, 2.683393687057495, 2.6181333866119383, 2.5811952072143556, 2.5567655185699465, 2.499591064453125, 2.873554851531982, 2.519318208694458, 2.490447850990295, 2.499789126777649, 2.4678908599853515, 2.4919366201400757, 2.502629956436157, 2.5006447834014893, 2.397780322647095, 2.4376082794189453, 2.4042618282318116, 2.4066423751831056, 2.3457967304229737, 2.4059323532104493, 2.4264476879119874, 2.385608547592163, 2.377840821456909, 2.3384818531036378, 2.342899225616455, 2.337196454048157, 2.3185998512268067, 2.293402791595459, 2.2793261980056765, 2.3130316051483155, 2.289860411453247, 2.28632312335968, 2.2695017265319826, 2.256956311416626, 2.260166809082031, 2.2648912548065185, 2.263353366088867, 2.243424388504028, 2.2446293434143065, 2.2464657680511473, 2.23951580581665, 2.2323528594970705, 2.2348840274810793, 2.234886128616333, 2.2330694410324097, 2.2231742519378663, 2.2259392528533937, 2.227113988304138, 2.222933787727356, 2.230667916679382, 2.228679479598999, 2.228126191520691, 2.2199158447265623, 2.228049574661255, 2.2316106678009033, 2.2304998106002807],