{"loss": [], "acc": [], "test_loss": [11.725650299072266, 5.667910402679444, 4.481596504211426, 4.516359452056885, 4.388792706298828, 4.159889008331299, 4.122611423492431, 3.776225396347046, 3.7724034358978273, 3.5870537601470946, 3.5751690505981446, 3.549847868347168, 3.4923785972595214, 3.406659623718262, 3.4810452003479004, 3.335778270339966, 3.413334916305542, 3.25163012008667, 3.213482350921631, 3.425553165054321, 3.204866437911987, 3.2285371017456055, 3.1482158763885497, 3.1795561965942385, 3.1210441791534422, 3.110677275085449, 3.1053559104919435, 2.9751521286010743, 3.0245150226593016, 2.9860784934997557, 2.9540653652191162, 3.0058064807891847, 2.8685639823913576, 2.9441035121917722, 2.840019221878052, 2.940933968734741, 2.8260303661346438, 2.7575845668792724, 2.7339465831756593, 2.757234344100952, 2.7601109970092774, 2.702402766418457, 2.8490783123016357, 2.6918312511444094, 2.588933618927002, 2.6686835498809813, 2.6716767292022707, 2.57513705368042, 2.5749989555358885, 2.5445431983947753, 2.5559570331573487, 2.5680895343780517, 2.468310020828247, 2.5231422695159913, 2.413073397445679, 2.4351957649230958, 2.479138391113281, 2.480131552886963, 2.383720670700073, 2.3892568504333496, 2.3922622562408447, 2.3857666244506834, 2.3294974403381348, 2.4190604164123535, 2.34308984375, 2.322718098068237, 2.3263788261413576, 2.3141820335388186, 2.345692350769043, 2.3309072914123536, 2.3102103702545165, 2.287339348983765, 2.292138603210449, 2.2842055843353273, 2.265345517730713, 2.269453969573975, 2.234840835571289, 2.2611946018218996, 2.263121875, 2.2643007595062254, 2.2634691204071045, 2.2320978939056397, 2.233688804626465, 2.2326001766204833, 2.236556060028076, 2.23640020904541, 2.2200010360717775, 2.2211055870056153, 2.2219720142364503, 2.222612229156494, 2.227455474090576, 2.223603810119629, 2.2161156440734864, 2.2218844879150392, 2.22251869430542, 2.2205093826293947, 2.2206765827178954, 2.22302262802124, 2.223458625793457, 2.221033390045166], "test_acc": [1.5699999332427979, 4.909999847412109, 6.690000057220459, 6.980000019073486, 6.739999771118164, 9.359999656677246, 8.6899995803833, 12.25, 12.59000015258789, 15.539999961853027, 15.229999542236328, 15.75999927520752, 17.420000076293945, 17.68000030517578, 17.579999923706055, 19.059999465942383, 17.850000381469727, 20.809999465942383, 21.739999771118164, 17.969999313354492, 21.850000381469727, 22.489999771118164, 22.869998931884766, 22.260000228881836, 23.31999969482422, 24.049999237060547, 23.6299991607666, 25.67999839782715, 25.229999542236328, 25.8799991607666, 26.459999084472656, 25.829999923706055, 27.959999084472656, 26.899999618530273, 29.76999855041504, 27.28999900817871, 29.779998779296875, 30.1299991607666, 31.239999771118164, 31.51999855041504, 30.75, 32.45000076293945, 29.479999542236328, 32.46999740600586, 33.45000076293945, 32.31999969482422, 32.790000915527344, 33.72999954223633, 34.62999725341797, 34.91999816894531, 35.5099983215332, 35.31999969482422, 36.2599983215332, 35.90999984741211, 37.689998626708984, 37.65999984741211, 36.64999771118164, 37.540000915527344, 38.93000030517578, 39.20000076293945, 38.959999084472656, 38.689998626708984, 39.86000061035156, 38.5099983215332, 39.78999710083008, 40.20000076293945, 39.959999084472656, 40.32999801635742, 40.21999740600586, 40.849998474121094, 40.55999755859375, 40.96999740600586, 41.03999710083008, 41.16999816894531, 41.599998474121094, 41.91999816894531, 42.279998779296875, 42.099998474121094, 42.48999786376953, 42.189998626708984, 42.459999084472656, 42.27000045776367, 43.07999801635742, 42.84000015258789, 42.7599983215332, 42.91999816894531, 43.23999786376953, 43.349998474121094, 43.06999969482422, 43.029998779296875, 42.959999084472656, 43.05999755859375, 43.23999786376953, 43.2599983215332, 43.15999984741211, 43.14999771118164, 43.27000045776367, 43.30999755859375, 43.21999740600586, 43.05999755859375], "wall_time": [3.456801176071167, 5.652453660964966, 7.828948736190796, 9.896735429763794, 12.236415386199951, 14.597367286682129, 17.039568424224854, 19.292157888412476, 21.52140522003174, 23.89591073989868, 25.90279507637024, 28.219237327575684, 30.414958715438843, 32.615835428237915, 34.65409183502197, 36.86252236366272, 38.98819541931152, 41.064433097839355, 43.30595898628235, 45.43460750579834, 47.59424352645874, 49.702404499053955, 52.16252851486206, 54.43381881713867, 56.76226353645325, 59.00052046775818, 61.13709044456482, 63.401875257492065, 65.70291662216187, 68.0808732509613, 70.29575228691101, 72.51070618629456, 74.52165675163269, 76.82448720932007, 78.92809081077576, 81.25132870674133, 83.55069613456726, 85.74465370178223, 87.99067616462708, 90.18841814994812, 92.36724138259888, 94.554358959198, 96.81846070289612, 99.07016134262085, 101.30707550048828, 103.5918836593628, 105.84692645072937, 108.08594393730164, 110.41314601898193, 112.77668356895447, 115.24870109558105, 117.75630474090576, 120.20795154571533, 122.60132193565369, 125.05332398414612, 127.37215662002563, 129.6619622707367, 132.04761219024658, 134.50332188606262, 136.97638845443726, 139.38240504264832, 141.82726454734802, 144.3170838356018, 146.81617784500122, 149.12848114967346, 151.4469017982483, 153.67900729179382, 156.07256245613098, 158.59781622886658, 160.91453552246094, 163.35121488571167, 165.6971185207367, 167.8735990524292, 169.8890619277954, 172.0412256717682, 174.32249426841736, 176.56556844711304, 178.64844179153442, 180.64462113380432, 182.81045079231262, 184.96597480773926, 187.32037711143494, 189.66177678108215, 191.84843850135803, 194.11777639389038, 196.1376760005951, 198.28163695335388, 200.6748869419098, 202.82404923439026, 205.09664797782898, 207.18480920791626, 209.47055506706238, 211.65813398361206, 214.30352330207825, 216.38770723342896, 218.72224974632263, 221.00422430038452, 223.2137894630432, 225.63984727859497, 227.9884376525879], "val_loss": [11.731843663024902, 5.665158702850341, 4.50584103012085, 4.511319257354736, 4.388475341033936, 4.1814280780792235, 4.140012127685547, 3.791459362030029, 3.7978932876586913, 3.593266580963135, 3.589741625213623, 3.569328787994385, 3.5116512241363527, 3.4339140842437743, 3.48753829536438, 3.335580908203125, 3.435323755264282, 3.268225070953369, 3.222680400085449, 3.439850938034058, 3.2017193881988524, 3.2477156692504883, 3.1649998764038085, 3.2082519412994386, 3.149318048095703, 3.1039179725646973, 3.111458525466919, 3.0096179744720457, 3.0412648029327394, 3.0100230365753173, 2.982664699935913, 3.0256303451538087, 2.8739270771026613, 2.9175347904205324, 2.835584826660156, 2.928092884063721, 2.830564358520508, 2.77073974609375, 2.7490006950378416, 2.7613025009155274, 2.7799222690582277, 2.706541651916504, 2.857784466171265, 2.6876995864868163, 2.5850270984649657, 2.6520927898406983, 2.6647312503814695, 2.5675081081390383, 2.5687523529052734, 2.5387849349975586, 2.5749165985107423, 2.577357479095459, 2.4676465591430663, 2.508216763305664, 2.419402710533142, 2.4398899154663085, 2.4624128868103026, 2.467882257080078, 2.362894424819946, 2.3740285751342776, 2.365614171218872, 2.3611105903625487, 2.303900014305115, 2.3873465030670165, 2.3145580450057985, 2.28795817527771, 2.298546329879761, 2.2860164615631104, 2.314109852218628, 2.3015727073669434, 2.2600121877670287, 2.2651221363067626, 2.2512094676971435, 2.2443955116271974, 2.231065964126587, 2.2230463943481444, 2.1895261615753174, 2.2206990295410156, 2.2078564552307127, 2.2081883747100832, 2.2032636302947997, 2.1845282039642333, 2.1809611949920655, 2.183046683502197, 2.1795574241638183, 2.182279570770264, 2.1671506328582764, 2.1724812995910643, 2.1682104698181153, 2.165722755432129, 2.171784617233276, 2.171413883972168, 2.1606154903411867, 2.1652912021636963, 2.1680743644714355, 2.1646334354400634, 2.1622247131347656, 2.166570305633545, 2.169830247879028, 2.1636563079833984],