{"loss": [], "acc": [], "test_loss": [4.6380736419677735, 4.705420641326905, 4.724379216766358, 4.45876007232666, 4.243322087097168, 4.236838286590576, 4.298559958648681, 4.358847737884521, 4.3243040893554685, 4.333333474731445, 4.351106827545166, 4.349196476745606, 4.368668134307861, 4.461633210754394, 4.376765029144287, 4.513735247802734, 4.444671524810791, 4.523113594055176, 4.573581890106201, 4.750805876922607, 4.634781812286377, 4.581524757385254, 4.61143567276001, 4.844096318054199, 4.770182315063477, 4.8057639747619625, 5.015138526153565, 5.020522228240967, 5.019306826019287, 5.0460058715820315, 5.053076427459716, 5.1744365379333495, 5.086464354705811, 5.0764689491271975, 5.219974728393555, 5.287371582794189, 5.290071347045899, 5.4022672088623045, 5.4177975730896, 5.4824518203735355, 5.5600015129089355, 5.719857549285889, 5.5657935737609865, 5.600728508758545, 5.69111229095459, 5.708142581939697, 5.8403410125732425, 5.84372738571167, 5.848969696044922, 5.87959966583252, 5.911190396118164, 5.855204470825195, 5.864898290252685, 5.919947357177734, 5.844205532073975, 5.790414912414551, 5.874680666351319, 5.911416871643066, 5.880404029846192, 5.9670900588989255, 5.946588299560547, 5.9423179496765135, 5.9378636497497554, 5.913611488342285, 5.878391828155517, 5.898035858917236, 5.908794718933105, 5.928524544525146, 5.925455456542969, 5.902260647583008, 5.874131916809082, 5.868200061798095, 5.890082112884522, 5.876211297607422, 5.860050520324707, 5.85861948928833, 5.853482806396484, 5.874013979339599, 5.854775096130371, 5.8660535171508785, 5.855742890167236, 5.8572353134155275, 5.872165058898926, 5.855322944641113, 5.864038967895508, 5.8720947319030765, 5.866273136138916, 5.873496392822266, 5.870453002929687, 5.873516198730469, 5.856984406280517, 5.862511887359619, 5.854057670593262, 5.869261906433105, 5.872649559783936, 5.85040785446167, 5.861577416229248, 5.885864206695556, 5.869965697479248, 5.88187918548584], "test_acc": [1.0, 1.0, 1.1999999284744263, 2.8899998664855957, 5.62999963760376, 6.319999694824219, 6.190000057220459, 5.539999961853027, 7.21999979019165, 6.5, 7.019999980926514, 7.25, 7.9599995613098145, 8.319999694824219, 8.760000228881836, 7.689999580383301, 8.789999961853027, 8.630000114440918, 9.369999885559082, 8.960000038146973, 10.119999885559082, 10.569999694824219, 9.969999313354492, 10.039999961853027, 9.829999923706055, 10.469999313354492, 10.300000190734863, 9.869999885559082, 10.09000015258789, 9.779999732971191, 10.0, 10.319999694824219, 11.369999885559082, 11.670000076293945, 11.609999656677246, 11.449999809265137, 11.420000076293945, 11.039999961853027, 11.0, 11.279999732971191, 11.559999465942383, 10.769999504089355, 11.569999694824219, 11.719999313354492, 11.989999771118164, 11.869999885559082, 11.710000038146973, 11.979999542236328, 12.15999984741211, 12.049999237060547, 12.5, 11.649999618530273, 12.549999237060547, 12.5, 12.639999389648438, 13.119999885559082, 12.839999198913574, 12.979999542236328, 13.210000038146973, 12.829999923706055, 12.670000076293945, 12.460000038146973, 12.899999618530273, 13.210000038146973, 13.069999694824219, 12.809999465942383, 12.75, 12.889999389648438, 13.019999504089355, 13.15999984741211, 13.170000076293945, 13.149999618530273, 13.279999732971191, 13.549999237060547, 13.449999809265137, 13.369999885559082, 13.460000038146973, 13.549999237060547, 13.460000038146973, 13.369999885559082, 13.339999198913574, 13.359999656677246, 13.299999237060547, 13.4399995803833, 13.460000038146973, 13.34999942779541, 13.529999732971191, 13.399999618530273, 13.489999771118164, 13.4399995803833, 13.359999656677246, 13.399999618530273, 13.50999927520752, 13.449999809265137, 13.449999809265137, 13.420000076293945, 13.420000076293945, 13.539999961853027, 13.40999984741211, 13.5], "wall_time": [3.416877031326294, 4.972578048706055, 6.563239336013794, 8.158900022506714, 9.736931085586548, 11.327736854553223, 12.953042984008789, 14.553267478942871, 16.156662702560425, 17.74141573905945, 19.348402976989746, 20.927985429763794, 22.52316117286682, 24.1146719455719, 25.704208850860596, 27.298343181610107, 28.856627225875854, 30.440804481506348, 31.987489461898804, 33.541884422302246, 35.1093316078186, 36.684385776519775, 38.27412819862366, 39.85880923271179, 41.45244789123535, 43.03838610649109, 44.62667107582092, 46.18043899536133, 47.753780126571655, 49.328614711761475, 50.92604327201843, 52.526642084121704, 54.091585636138916, 55.685203552246094, 57.24799180030823, 58.839956760406494, 60.420342206954956, 62.00340509414673, 63.59126687049866, 65.19126152992249, 66.78334164619446, 68.40467143058777, 69.97099804878235, 71.57764840126038, 73.25415015220642, 74.84189629554749, 76.43026518821716, 78.0055878162384, 79.58425331115723, 81.1968002319336, 82.79575085639954, 84.38982915878296, 85.95538282394409, 87.57077693939209, 89.17762637138367, 90.74197220802307, 92.31700372695923, 93.89476466178894, 95.44228100776672, 97.13051629066467, 98.73086404800415, 100.33590626716614, 101.9280858039856, 103.5260751247406, 105.11535787582397, 106.71144318580627, 108.30690693855286, 109.90108704566956, 111.52215933799744, 113.13276863098145, 114.74330306053162, 116.35909223556519, 117.94495344161987, 119.52704739570618, 121.13880634307861, 122.72432374954224, 124.30545568466187, 125.91843557357788, 127.54803419113159, 129.12543153762817, 130.7361924648285, 132.3148500919342, 133.89056849479675, 135.47421836853027, 137.0495114326477, 138.66299200057983, 140.26096272468567, 141.86658000946045, 143.46699571609497, 145.0588517189026, 146.63052082061768, 148.1995439529419, 149.75590777397156, 151.3400628566742, 152.9218292236328, 154.53488636016846, 156.1103551387787, 157.68097066879272, 159.27900290489197, 160.84388852119446], "val_loss": [4.638472946166992, 4.714576591491699, 4.730933219146729, 4.462025732421875, 4.253375819778443, 4.245132102966308, 4.280000193405152, 4.3535583908081055, 4.345247387695313, 4.3644800395965575, 4.35380143737793, 4.3461841823577885, 4.393894880676269, 4.456701623535157, 4.370344193649292, 4.52424750213623, 4.447079290008545, 4.471285545349121, 4.571774437332153, 4.7425683433532715, 4.618743113708496, 4.58005958518982, 4.618241083526612, 4.8099239135742184, 4.748012608337402, 4.77537447052002, 5.004692069244385, 4.969508082580567, 5.00964468460083, 5.0389540565490725, 5.0555356491088865, 5.1742932319641115, 5.081382933807373, 5.070144990539551, 5.221604849243164, 5.281839220428467, 5.315681941223144, 5.404881777954102, 5.444909657287598, 5.498179505157471, 5.534988854217529, 5.72412166519165, 5.557526107025146, 5.5958312828063965, 5.69283099822998, 5.720937007904053, 5.82226784286499, 5.838431827545166, 5.877915835571289, 5.887944677734375, 5.9037769821167, 5.848321862792969, 5.902296450805664, 5.926396951293945, 5.825600173950195, 5.763893336486817, 5.851917707061768, 5.894949153900146, 5.902898740386963, 5.997709467315674, 5.946919973754883, 5.929112286376953, 5.912169184112549, 5.8963519332885745, 5.8856842361450195, 5.904264682769775, 5.9131838394165035, 5.942065088653565, 5.947684656524658, 5.92736951751709, 5.899119038391113, 5.885292339324951, 5.908322221374512, 5.891750880432129, 5.874233438110352, 5.874836573028564, 5.869288181304932, 5.895098307037354, 5.87691718673706, 5.889141966247559, 5.875554146575928, 5.87680312423706, 5.895118563842773, 5.879419497680664, 5.886680810546875, 5.893894421386719, 5.889092451477051, 5.894368341827392, 5.894963724517822, 5.896020705413818, 5.8798806091308595, 5.8853010597229005, 5.877683365631103, 5.894656331634521, 5.9007877990722655, 5.874623712158203, 5.886959234619141, 5.909304669189453, 5.895865668487549, 5.906461029052735],