{"loss": [], "acc": [], "test_loss": [4.039458646392823, 3.754238904571533, 3.6915088066101074, 3.475202071380615, 3.3078588745117186, 3.3283930938720703, 3.123448253631592, 2.9923096656799317, 2.9149675842285157, 2.838982691192627, 2.8850489288330077, 2.8980695648193358, 2.6807271995544433, 2.743587483596802, 2.6940046939849855, 2.5561439430236814, 2.643127843475342, 2.5337992561340332, 2.495557703781128, 2.522963021469116, 2.453335362625122, 2.505066940689087, 2.5593376163482664, 2.4681521179199217, 2.423256708908081, 2.451098402404785, 2.4957348892211915, 2.529915396118164, 2.3896575736999512, 2.39365477104187, 2.6266377555847167, 2.3515098388671873, 2.347094506072998, 2.3738027053833006, 2.329006187438965, 2.479608277130127, 2.5278166595458984, 2.371543138504028, 2.324853674697876, 2.482692349624634, 2.259049462509155, 2.294476253128052, 2.2974972887039184, 2.3958327209472654, 2.288382656669617, 2.482868057823181, 2.2963642078399658, 2.2894008338928225, 2.217787040901184, 2.3674401504516602, 2.373307147216797, 2.345388168716431, 2.441627349090576, 2.3259806102752685, 2.325007096481323, 2.420506983566284, 2.2868816215515135, 2.3589231842041016, 2.418342190170288, 2.3572453311920167, 2.2767452562332156, 2.4066321968078612, 2.4887137775421144, 2.3657861877441406, 2.369336707496643, 2.386763516998291, 2.404703489303589, 2.393573139190674, 2.3694449584960937, 2.3810259742736815, 2.385235848236084, 2.3595862091064452, 2.3854657848358154, 2.384452680206299, 2.3757959171295164, 2.38672958946228, 2.3773213306427, 2.3759910835266114, 2.386575831604004, 2.352606628417969, 2.3505138710021973, 2.3369413944244384, 2.3457856201171876, 2.342508158493042, 2.34557891998291, 2.3425403820037842, 2.3295623489379884, 2.3389529300689698, 2.3250787685394285, 2.3334640575408936, 2.326753806304932, 2.3234708011627196, 2.3380907356262206, 2.3294994579315187, 2.320850927734375, 2.3336509796142577, 2.325011506652832, 2.327847228240967, 2.3300779277801515, 2.328383712387085], "test_acc": [7.87999963760376, 11.729999542236328, 12.649999618530273, 16.299999237060547, 19.25, 19.209999084472656, 21.959999084472656, 24.920000076293945, 26.279998779296875, 27.56999969482422, 26.69999885559082, 27.729999542236328, 31.059999465942383, 30.19999885559082, 30.469999313354492, 33.47999954223633, 31.35999870300293, 34.21999740600586, 36.09000015258789, 35.32999801635742, 36.91999816894531, 36.09000015258789, 34.790000915527344, 36.38999938964844, 38.279998779296875, 37.14999771118164, 37.72999954223633, 36.22999954223633, 38.98999786376953, 38.66999816894531, 35.65999984741211, 40.16999816894531, 39.53999710083008, 40.43000030517578, 40.849998474121094, 38.7599983215332, 37.86000061035156, 40.48999786376953, 41.05999755859375, 39.40999984741211, 42.869998931884766, 43.09000015258789, 42.65999984741211, 41.41999816894531, 43.459999084472656, 40.77000045776367, 42.959999084472656, 44.279998779296875, 44.88999938964844, 43.78999710083008, 42.40999984741211, 43.97999954223633, 42.75, 43.93000030517578, 45.46999740600586, 43.369998931884766, 46.87999725341797, 44.849998474121094, 44.53999710083008, 46.53999710083008, 48.189998626708984, 45.66999816894531, 45.849998474121094, 46.779998779296875, 47.94999694824219, 47.619998931884766, 48.18000030517578, 48.46999740600586, 48.78999710083008, 49.18000030517578, 49.40999984741211, 49.39999771118164, 49.73999786376953, 49.90999984741211, 50.23999786376953, 50.48999786376953, 50.55999755859375, 50.7599983215332, 50.79999923706055, 51.13999938964844, 51.43000030517578, 51.79999923706055, 51.47999954223633, 51.87999725341797, 52.23999786376953, 52.22999954223633, 52.18000030517578, 52.1099967956543, 52.12999725341797, 52.31999969482422, 52.07999801635742, 52.25, 52.209999084472656, 52.13999938964844, 52.38999938964844, 52.06999969482422, 52.30999755859375, 52.13999938964844, 52.349998474121094, 52.28999710083008], "wall_time": [7.269767999649048, 12.894076108932495, 18.570797204971313, 24.222253561019897, 29.89603281021118, 35.552278995513916, 41.18378567695618, 46.83942890167236, 52.47703266143799, 58.132248878479004, 63.76807713508606, 69.37295651435852, 75.01765155792236, 80.66346096992493, 86.22155618667603, 91.78960919380188, 97.41966795921326, 103.05492043495178, 108.69187569618225, 114.2196147441864, 119.75911045074463, 125.31381177902222, 130.8692889213562, 136.39338207244873, 142.06959867477417, 148.49878001213074, 154.54084253311157, 160.44265794754028, 166.49923539161682, 172.5772385597229, 178.67875051498413, 184.6782968044281, 190.32283902168274, 195.95406532287598, 201.59430932998657, 207.21566152572632, 212.7723753452301, 218.31011867523193, 223.85743379592896, 229.4968650341034, 235.11665987968445, 240.8293538093567, 246.45177841186523, 252.06801056861877, 257.72778582572937, 263.3431043624878, 268.996395111084, 274.66037702560425, 280.3420021533966, 285.985107421875, 291.58810901641846, 297.1877830028534, 302.79702520370483, 308.4852569103241, 314.12132477760315, 319.8176076412201, 325.51070833206177, 331.1527717113495, 336.77101159095764, 342.4051556587219, 348.07168221473694, 353.7415671348572, 359.37665271759033, 365.02133440971375, 370.69030570983887, 376.3816635608673, 382.0148961544037, 387.6512224674225, 393.30816674232483, 398.98406887054443, 404.6622667312622, 410.35483264923096, 416.0441563129425, 421.7120170593262, 427.3512079715729, 433.00247621536255, 438.5963237285614, 444.2085769176483, 449.8805613517761, 455.5177638530731, 461.17033791542053, 466.8195090293884, 472.50498604774475, 478.17177724838257, 483.8070640563965, 489.45188879966736, 495.1366264820099, 500.80350375175476, 506.5020594596863, 512.1566069126129, 517.7275578975677, 523.3425400257111, 528.9117681980133, 534.4880981445312, 540.0671699047089, 545.7788417339325, 551.4749882221222, 557.137371301651, 562.7800331115723, 568.4682266712189], "val_loss": [4.054458821105957, 3.753626428604126, 3.7024243549346925, 3.5104128509521484, 3.3296581478118896, 3.336228959274292, 3.1299789390563966, 3.0216719711303712, 2.940600505447388, 2.8650237476348877, 2.920336885070801, 2.941816538619995, 2.700693056106567, 2.78419527053833, 2.715781686782837, 2.58006416015625, 2.6784349727630614, 2.5723657474517823, 2.537567004776001, 2.5141625244140626, 2.4854434226989746, 2.530916862106323, 2.6021735076904298, 2.5134682788848877, 2.473052098083496, 2.501511135482788, 2.5274698017120363, 2.538802558517456, 2.408711228561401, 2.4353830760955812, 2.6431419620513914, 2.4133012660980224, 2.4016147705078126, 2.391119073486328, 2.36161711807251, 2.5457246124267576, 2.577297584152222, 2.4208165885925292, 2.3370963195800782, 2.5456595668792725, 2.285637314796448, 2.3528324405670165, 2.312111991882324, 2.4280860191345215, 2.3527791580200197, 2.5183937076568603, 2.3294200942993166, 2.3058247356414796, 2.2565743495941164, 2.3870759254455565, 2.384430060195923, 2.3574999042510987, 2.4492067516326905, 2.341375280380249, 2.329654705429077, 2.4346080821990967, 2.3109713424682616, 2.3649422283172608, 2.442548831176758, 2.3490991495132447, 2.2813257944107055, 2.412251526260376, 2.5186827239990235, 2.3554084720611574, 2.3999626560211182, 2.3687848041534423, 2.4138071769714355, 2.397309154701233, 2.378617426490784, 2.3921504669189453, 2.3954523670196535, 2.3621266483306886, 2.3951369911193847, 2.3786079488754273, 2.391346155166626, 2.384034757232666, 2.369880373764038, 2.37767507019043, 2.392750866508484, 2.3634791519165037, 2.3621720193862914, 2.34786269493103, 2.35353913269043, 2.3591248010635377, 2.35701510219574, 2.352376086807251, 2.332788860321045, 2.3411091209411623, 2.329947873687744, 2.3316427812576292, 2.327363102722168, 2.322165242767334, 2.3442154539108278, 2.331773461151123, 2.327076016998291, 2.3311914192199708, 2.327472630882263, 2.329651315307617, 2.3309274375915527, 2.329298077392578],