{"loss": [], "acc": [], "test_loss": [4.240636097335815, 3.895086378097534, 3.7610303951263426, 3.567253833770752, 3.5963969356536865, 3.4448838493347167, 3.231045439529419, 3.1535368545532227, 3.144714169692993, 3.0432430389404295, 2.970746266555786, 2.981799482727051, 3.2187560207366945, 2.7970939990997317, 2.9494423454284666, 2.769045964050293, 2.6737589950561524, 2.7245155040740965, 2.962036873245239, 2.643667918395996, 2.555595262527466, 3.1104207302093507, 2.4863011207580565, 2.435236555480957, 2.4702577003479003, 2.484062923049927, 2.613314888000488, 2.5884627094268797, 2.521646753311157, 2.580929641342163, 2.991471014022827, 2.574312684249878, 2.4713426979064943, 2.6278496368408204, 2.3625362327575683, 2.7448459716796876, 2.5921693389892577, 2.5659476867675783, 2.3302137660980224, 2.34131229057312, 2.531122138214111, 2.2818227706909178, 2.299340336036682, 2.4160261142730715, 2.6866240421295164, 2.480771688079834, 2.5384297485351563, 2.4301908859252928, 2.3019529651641846, 2.428852104949951, 2.3312886154174803, 2.357849036026001, 2.375716603088379, 2.398789227294922, 2.520648947525024, 2.400538802719116, 2.32667926902771, 2.4386858165740968, 2.36511725692749, 2.3386586730957033, 2.499727404785156, 2.3934297550201418, 2.5437571464538573, 2.431909674835205, 2.376976937866211, 2.4242321565628053, 2.4098932056427, 2.5133144638061524, 2.5003333770751954, 2.527724869155884, 2.525724054336548, 2.5507961097717287, 2.505439907836914, 2.6189711334228516, 2.5732836040496827, 2.5818416564941407, 2.6039278690338135, 2.621999687385559, 2.5964448699951173, 2.5964786907196045, 2.636162536621094, 2.6245771408081056, 2.614724577713013, 2.618076993560791, 2.6291072246551512, 2.630614163970947, 2.645522964477539, 2.638406154251099, 2.635090077972412, 2.649531541824341, 2.632800151062012, 2.6388436714172365, 2.6455155044555663, 2.639659971618652, 2.647803172302246, 2.641328980255127, 2.625829806137085, 2.6369001441955566, 2.6436178977966307, 2.654585601043701], "test_acc": [5.670000076293945, 8.199999809265137, 11.579999923706055, 13.519999504089355, 15.449999809265137, 16.65999984741211, 19.719999313354492, 22.68000030517578, 22.44999885559082, 23.53999900817871, 25.139999389648438, 24.68000030517578, 21.170000076293945, 28.759998321533203, 26.53999900817871, 28.729999542236328, 30.149999618530273, 30.25, 26.510000228881836, 31.969999313354492, 33.939998626708984, 24.219999313354492, 34.75, 35.68000030517578, 35.36000061035156, 35.70000076293945, 32.65999984741211, 33.91999816894531, 35.13999938964844, 34.57999801635742, 28.25, 34.75, 35.62999725341797, 33.96999740600586, 38.22999954223633, 32.80999755859375, 34.540000915527344, 34.86000061035156, 38.77000045776367, 38.709999084472656, 36.40999984741211, 40.32999801635742, 40.099998474121094, 39.04999923706055, 36.18000030517578, 38.45000076293945, 37.5, 39.37999725341797, 42.0, 39.98999786376953, 41.56999969482422, 41.36000061035156, 41.73999786376953, 41.28999710083008, 40.78999710083008, 41.619998931884766, 43.09000015258789, 41.959999084472656, 43.13999938964844, 43.369998931884766, 41.16999816894531, 43.87999725341797, 41.98999786376953, 44.61000061035156, 45.27000045776367, 44.72999954223633, 44.369998931884766, 44.22999954223633, 44.98999786376953, 45.13999938964844, 45.0, 45.82999801635742, 46.369998931884766, 45.18000030517578, 46.16999816894531, 46.69999694824219, 46.849998474121094, 47.04999923706055, 46.91999816894531, 47.90999984741211, 47.47999954223633, 48.43000030517578, 48.5, 48.48999786376953, 48.37999725341797, 48.18000030517578, 48.39999771118164, 48.18000030517578, 48.54999923706055, 48.37999725341797, 48.75, 48.53999710083008, 48.40999984741211, 48.71999740600586, 48.709999084472656, 48.5, 48.55999755859375, 48.81999969482422, 48.529998779296875, 48.5099983215332], "wall_time": [8.277582883834839, 14.750212907791138, 21.16079092025757, 27.61568784713745, 34.007665157318115, 40.43682599067688, 46.93916058540344, 53.40544509887695, 59.86963391304016, 66.31147074699402, 72.88283729553223, 79.47171998023987, 85.82565021514893, 92.27444171905518, 98.80910277366638, 105.27298378944397, 111.69158911705017, 118.18732953071594, 124.74311065673828, 131.17941403388977, 137.53849339485168, 143.94779300689697, 150.32249999046326, 156.7709515094757, 163.3064000606537, 169.85959601402283, 176.3680396080017, 182.8914601802826, 189.32089376449585, 195.8811957836151, 202.5556173324585, 209.14742469787598, 215.56349086761475, 222.15400505065918, 228.572918176651, 235.02029252052307, 241.39303493499756, 247.8221321105957, 254.25690269470215, 260.7096300125122, 267.0776352882385, 273.5412771701813, 280.03382086753845, 286.5142664909363, 292.9804153442383, 299.41143584251404, 305.8502585887909, 312.3017506599426, 318.74678087234497, 325.2392053604126, 331.7170977592468, 338.1367931365967, 344.6076877117157, 351.1560642719269, 357.6593613624573, 364.1029727458954, 370.5670917034149, 377.04757356643677, 383.3668432235718, 389.84605598449707, 396.3371560573578, 402.8305015563965, 409.21879744529724, 415.73402738571167, 422.10637164115906, 428.53815722465515, 435.05109333992004, 441.4642632007599, 447.832781791687, 454.405526638031, 460.90213441848755, 467.32725286483765, 473.819931268692, 480.31925892829895, 486.7811417579651, 493.3296582698822, 499.8424377441406, 506.3574697971344, 512.8156521320343, 519.3823013305664, 525.7755992412567, 532.3044013977051, 538.7869248390198, 545.2777488231659, 551.7279431819916, 558.1062831878662, 564.4959490299225, 571.0503671169281, 577.3569738864899, 583.7830169200897, 590.1749904155731, 596.5497555732727, 603.066073179245, 609.5450527667999, 616.0282204151154, 622.4941685199738, 628.9461092948914, 635.4078094959259, 641.7790842056274, 648.1578018665314], "val_loss": [4.250939345932006, 3.9072921352386474, 3.7788431213378906, 3.5912827827453615, 3.6221027770996095, 3.4624678062438963, 3.2763349449157713, 3.184988468170166, 3.183482500457764, 3.056198306655884, 2.998356351852417, 2.997240895462036, 3.2385089702606202, 2.81846512298584, 3.0006465442657473, 2.804368002319336, 2.71146554107666, 2.769438451766968, 2.9974985397338867, 2.6888422008514405, 2.5665842628479005, 3.1358585262298586, 2.5162490062713623, 2.4912712535858152, 2.5113950202941893, 2.5364782585144043, 2.636512808609009, 2.6041616142272948, 2.6086495765686033, 2.6047145679473878, 3.0238013660430907, 2.601383560562134, 2.5042543689727785, 2.6678355312347413, 2.3785399168014525, 2.8252721576690676, 2.6316038646698, 2.6104808387756346, 2.389468109512329, 2.3770130420684814, 2.5909373241424563, 2.3077590021133423, 2.33834466342926, 2.4775143089294436, 2.729250445175171, 2.5271146114349365, 2.5672735523223875, 2.4637283306121827, 2.3457258417129516, 2.453269306945801, 2.3794296459198, 2.4215816413879394, 2.408991171646118, 2.4226295860290525, 2.605061423492432, 2.4639570114135743, 2.3690086025238037, 2.5108183883666992, 2.4178127115249635, 2.395911701965332, 2.539688052368164, 2.419381418609619, 2.558072785949707, 2.46424767036438, 2.4264978523254395, 2.4521761577606203, 2.457140442276001, 2.553854522323608, 2.5313747692108155, 2.568831449127197, 2.5819915874481203, 2.5818461093902587, 2.560720546722412, 2.645472821044922, 2.59067361907959, 2.600494784164429, 2.624665272521973, 2.68584377822876, 2.679405913543701, 2.6445425094604493, 2.6566414821624758, 2.6451857643127443, 2.6314662899017334, 2.6447928413391115, 2.6287861248016355, 2.6391163497924803, 2.6455050773620608, 2.6520685829162596, 2.6511286544799804, 2.6644213623046875, 2.655507456970215, 2.6530107719421387, 2.6598161514282226, 2.650300373840332, 2.6622449810028077, 2.6550754180908203, 2.6381776626586912, 2.6462766994476317, 2.6626189544677734, 2.6628563941955568],