{"loss": [], "acc": [], "test_loss": [4.79421510925293, 4.3095819366455075, 4.0915620933532715, 3.953184080886841, 3.8928359748840333, 3.855564757537842, 3.82386374206543, 3.733289753341675, 3.7082232303619387, 3.6165703590393066, 3.6806635719299314, 3.6518753177642824, 3.6649728607177736, 3.633262202453613, 3.505693112945557, 3.5601191902160645, 3.5878143966674805, 3.7617022399902345, 3.6216570671081545, 3.617127670288086, 3.6650019241333007, 3.5315618194580076, 3.655534656524658, 3.6105548866271975, 3.6652667156219483, 3.6582731098175048, 3.783772031402588, 3.897803776550293, 3.8693869983673097, 3.8067312927246095, 3.8999435691833497, 3.7475316902160642, 3.902051778793335, 3.92100944480896, 3.7954497749328615, 3.9451920852661133, 3.9807018424987795, 4.15379465637207, 3.9820978088378904, 3.9843951751708984, 4.186092809295654, 4.173211953735351, 4.3194156257629395, 4.1289782615661625, 4.24285358505249, 4.253507610321045, 4.328399822235108, 4.283628283691407, 4.363363147735596, 4.233384886932373, 4.340491295623779, 4.328593064117432, 4.373050494384765, 4.401903548431396, 4.337360264587402, 4.348731912994385, 4.358770053863525, 4.3520004875183105, 4.388974488067627, 4.415400106811523, 4.344697898864746, 4.391224467468262, 4.315971379089356, 4.302336343383789, 4.289388563537598, 4.282657710266113, 4.249973650360108, 4.230235443878174, 4.2144424339294435, 4.22993920211792, 4.205857662963867, 4.1812478630065915, 4.177320356750489, 4.176786398315429, 4.17243470993042, 4.158331642150879, 4.173562738037109, 4.163583734893799, 4.138335473632813, 4.135564865112305, 4.1388771354675296, 4.124116902923584, 4.121761141204834, 4.124459713745117, 4.124653983306885, 4.12319109954834, 4.112952760314942, 4.114934194946289, 4.114408841705322, 4.115699787902832, 4.1258826820373535, 4.112658368682862, 4.108799785614013, 4.1108976715087895, 4.105460231018067, 4.102878149414063, 4.104862032318115, 4.116474670410156, 4.115077026367188, 4.110315149688721], "test_acc": [1.0499999523162842, 6.62999963760376, 7.87999963760376, 9.329999923706055, 8.920000076293945, 9.34000015258789, 11.389999389648438, 13.079999923706055, 12.679999351501465, 14.269999504089355, 13.710000038146973, 14.589999198913574, 14.649999618530273, 15.4399995803833, 17.139999389648438, 18.59000015258789, 17.579999923706055, 16.19999885559082, 17.94999885559082, 17.979999542236328, 18.739999771118164, 20.170000076293945, 19.229999542236328, 20.01999855041504, 20.439998626708984, 20.76999855041504, 20.329999923706055, 20.170000076293945, 19.899999618530273, 20.81999969482422, 21.239999771118164, 22.639999389648438, 21.439998626708984, 22.209999084472656, 23.149999618530273, 22.01999855041504, 22.989999771118164, 21.149999618530273, 22.75, 23.760000228881836, 21.51999855041504, 23.3799991607666, 22.0, 24.059999465942383, 24.10999870300293, 23.549999237060547, 24.049999237060547, 24.869998931884766, 24.139999389648438, 25.34000015258789, 24.59000015258789, 25.5, 24.3799991607666, 25.219999313354492, 25.760000228881836, 25.760000228881836, 25.760000228881836, 26.479999542236328, 26.119998931884766, 26.139999389648438, 26.81999969482422, 26.26999855041504, 27.26999855041504, 27.239999771118164, 27.059999465942383, 27.170000076293945, 27.78999900817871, 27.65999984741211, 27.599998474121094, 27.81999969482422, 27.989999771118164, 28.25, 28.119998931884766, 28.15999984741211, 28.399999618530273, 28.28999900817871, 28.059999465942383, 28.139999389648438, 28.189998626708984, 28.17999839782715, 28.189998626708984, 28.219999313354492, 28.3799991607666, 28.469999313354492, 28.389999389648438, 28.389999389648438, 28.44999885559082, 28.469999313354492, 28.329999923706055, 28.56999969482422, 28.349998474121094, 28.399999618530273, 28.369998931884766, 28.260000228881836, 28.459999084472656, 28.619998931884766, 28.31999969482422, 28.389999389648438, 28.369998931884766, 28.42999839782715], "wall_time": [4.176092863082886, 6.466576337814331, 8.802566289901733, 11.132735967636108, 13.447917222976685, 15.842114686965942, 18.22556757926941, 20.575695753097534, 22.881977319717407, 25.32998013496399, 27.608176708221436, 29.94990062713623, 32.22966289520264, 34.54057288169861, 36.805652379989624, 39.14171099662781, 41.412564277648926, 43.72502422332764, 46.02026009559631, 48.36502194404602, 50.71101188659668, 53.07194423675537, 55.400826930999756, 57.71052265167236, 60.086703062057495, 62.47704529762268, 64.78708624839783, 67.07842969894409, 69.56661081314087, 71.98381543159485, 74.1964545249939, 76.58158588409424, 78.8886444568634, 81.19503235816956, 83.49405288696289, 85.88510513305664, 88.27203917503357, 90.55876588821411, 92.84830904006958, 95.1253809928894, 97.41280102729797, 99.78737616539001, 102.11306309700012, 104.47108268737793, 106.76692771911621, 109.16345167160034, 111.51598644256592, 113.83380603790283, 116.0870885848999, 118.39303040504456, 120.75948119163513, 123.12706303596497, 125.49212551116943, 127.78197264671326, 130.0602252483368, 132.41938138008118, 134.68489122390747, 137.06456422805786, 139.32614946365356, 141.61445689201355, 143.9384355545044, 146.28060126304626, 148.65002584457397, 150.97721362113953, 153.28544902801514, 155.6155481338501, 158.04127383232117, 160.38391017913818, 162.63972282409668, 165.0177984237671, 167.33001112937927, 169.61209630966187, 171.9353165626526, 174.26501774787903, 176.5485324859619, 178.85011172294617, 181.16876029968262, 183.4559290409088, 185.80673742294312, 188.07672452926636, 190.39374017715454, 192.66290593147278, 194.9414143562317, 197.17862820625305, 199.50791835784912, 201.8820357322693, 204.18499493598938, 206.50563526153564, 208.86058807373047, 211.212824344635, 213.60020279884338, 215.9472188949585, 218.2335286140442, 220.5273997783661, 222.79066729545593, 225.1313533782959, 227.47262406349182, 229.82312631607056, 232.19051122665405, 234.51771020889282], "val_loss": [4.80296780090332, 4.332070867919922, 4.10587259979248, 3.9691663536071777, 3.909039260482788, 3.870632867050171, 3.8488946075439454, 3.746201364135742, 3.7238560737609863, 3.638552564239502, 3.70161090927124, 3.665943388366699, 3.6741326293945313, 3.652245796585083, 3.5092583209991455, 3.5658941265106203, 3.596244045639038, 3.7276469066619873, 3.6306993503570557, 3.592425631713867, 3.6645684558868408, 3.539761770629883, 3.6511810749053955, 3.630355355834961, 3.6565584365844725, 3.635012784576416, 3.7243266262054444, 3.8550249614715577, 3.8546674392700195, 3.838608416366577, 3.860707537460327, 3.721967003250122, 3.882468900680542, 3.935697374343872, 3.798583444595337, 3.922365495300293, 4.026233978271485, 4.1224659748077395, 3.9971065742492677, 4.011091320037842, 4.189971825408936, 4.219166816711426, 4.2944247505187985, 4.12186614151001, 4.2444334342956545, 4.243356657409668, 4.362326594543457, 4.310282973861694, 4.345519853210449, 4.255571322250367, 4.349783301544189, 4.356521696472168, 4.404269006347656, 4.438140460205078, 4.360886595153809, 4.378424055480957, 4.433113459014892, 4.404048693084717, 4.459402408218383, 4.447604169464111, 4.383979361724854, 4.421807360839844, 4.371376023101806, 4.3558819931030275, 4.327631434631348, 4.328547858047485, 4.298868030929565, 4.282926062011719, 4.256687036514283, 4.283334307479858, 4.240362295532226, 4.225835182571411, 4.229900817108154, 4.224218896484375, 4.2158356971740725, 4.200417739868164, 4.214763674926758, 4.202568016052246, 4.179288061523438, 4.176521434402466, 4.180464099884033, 4.162408944702149, 4.159884143829346, 4.161975899124146, 4.169932703399658, 4.165139099884033, 4.154571573257447, 4.155137824630737, 4.156692727661133, 4.156104746627808, 4.166741033172608, 4.155743787384033, 4.1524459224700925, 4.156830638504029, 4.1500258544921875, 4.145718629074096, 4.150503284835815, 4.1613644649505614, 4.158340982055664, 4.155404418182373],