{"loss": [], "acc": [], "test_loss": [4.629956579589844, 4.247970771789551, 4.1495124496459965, 4.091465556335449, 4.0692040031433105, 3.9866472869873046, 3.874371515274048, 3.800771285247803, 3.9408584468841554, 3.832148133850098, 3.8043688232421875, 3.6934619899749754, 3.7834933586120605, 3.5756212196350097, 3.546005088043213, 3.5396146419525145, 3.5844245498657226, 3.566751598358154, 3.482982328796387, 3.43155947227478, 3.606308787536621, 3.42688169631958, 3.5904325847625733, 3.5529605171203613, 3.4752900257110597, 3.4410339031219483, 3.7284277114868165, 3.6335393154144286, 3.5447180633544924, 3.4265270286560057, 3.559777007293701, 3.5484210220336916, 3.5945845703125, 3.3975865539550782, 3.544382374572754, 3.5426874866485596, 3.524390063858032, 3.466980368423462, 3.6249792182922365, 3.7258402099609373, 3.627064130401611, 3.7858272033691405, 3.6544102878570555, 3.7047300872802733, 3.895884442138672, 3.7245340202331545, 3.7311641761779786, 3.7630996227264406, 3.715633984375, 3.7844235065460206, 3.897643118286133, 3.87273963470459, 3.8295047981262207, 3.899056930541992, 3.9255921157836915, 3.9834168113708497, 3.9433795795440676, 4.06150334777832, 4.099480256652832, 4.133479412841797, 4.077803169250489, 4.074229933929443, 4.115606873321533, 4.121728713989258, 4.1270088203430175, 4.203717871856689, 4.200011561584473, 4.181711798095703, 4.2307019020080565, 4.16150509262085, 4.216612021636963, 4.232562330627442, 4.216491813659668, 4.226771729278564, 4.20827568283081, 4.203282395172119, 4.213486015319824, 4.209458617401123, 4.190978254699707, 4.196081131744385, 4.166955279541016, 4.168068727874756, 4.170710702514649, 4.194947782897949, 4.192712831115722, 4.18917114868164, 4.199008923339844, 4.181295155334473, 4.176606786346436, 4.187372049713135, 4.183343864440918, 4.1647527870178225, 4.187868085479736, 4.186909999847412, 4.1704418655395505, 4.180602479553222, 4.180386219787597, 4.172923179626465, 4.187559434509278, 4.1754508972167965], "test_acc": [1.0, 3.6499998569488525, 5.099999904632568, 6.940000057220459, 7.409999847412109, 7.919999599456787, 9.529999732971191, 11.59000015258789, 9.239999771118164, 12.199999809265137, 12.34000015258789, 13.859999656677246, 12.380000114440918, 15.109999656677246, 16.270000457763672, 15.9399995803833, 16.309999465942383, 16.31999969482422, 17.8799991607666, 18.520000457763672, 17.28999900817871, 19.479999542236328, 17.6299991607666, 18.279998779296875, 20.439998626708984, 20.84000015258789, 17.279998779296875, 19.09000015258789, 20.899999618530273, 21.75, 20.10999870300293, 20.68000030517578, 20.85999870300293, 23.239999771118164, 20.51999855041504, 22.670000076293945, 22.600000381469727, 23.35999870300293, 21.850000381469727, 22.689998626708984, 23.469999313354492, 22.28999900817871, 23.43000030517578, 23.279998779296875, 22.8799991607666, 24.0, 24.099998474121094, 25.03999900817871, 25.01999855041504, 24.5, 24.260000228881836, 24.979999542236328, 25.510000228881836, 25.19999885559082, 24.889999389648438, 25.689998626708984, 25.01999855041504, 25.15999984741211, 25.69999885559082, 25.5, 26.939998626708984, 26.69999885559082, 26.549999237060547, 27.19999885559082, 27.170000076293945, 27.299999237060547, 27.369998931884766, 28.059999465942383, 27.979999542236328, 28.26999855041504, 28.67999839782715, 28.53999900817871, 28.75, 27.939998626708984, 28.619998931884766, 29.119998931884766, 29.10999870300293, 28.809999465942383, 29.009998321533203, 28.85999870300293, 29.079999923706055, 29.26999855041504, 29.279998779296875, 29.5, 29.35999870300293, 29.17999839782715, 29.229999542236328, 29.309999465942383, 29.35999870300293, 29.229999542236328, 29.099998474121094, 29.259998321533203, 29.19999885559082, 29.31999969482422, 29.25, 29.42999839782715, 29.389999389648438, 29.149999618530273, 29.469999313354492, 29.35999870300293], "wall_time": [3.890377998352051, 6.269811153411865, 8.45476746559143, 10.661840200424194, 13.090043306350708, 15.421737909317017, 17.958436965942383, 20.182498693466187, 22.549535274505615, 24.71062922477722, 26.832152366638184, 29.044272422790527, 31.43787980079651, 33.810455560684204, 36.13868522644043, 38.37709832191467, 40.72624897956848, 43.01333737373352, 45.36043953895569, 47.478320360183716, 49.599575996398926, 52.03712749481201, 54.25624322891235, 56.46280360221863, 58.644230127334595, 60.82727932929993, 63.06507730484009, 65.50831437110901, 67.88687443733215, 70.15123867988586, 72.37506699562073, 74.56496357917786, 76.84686303138733, 79.09862685203552, 81.36901473999023, 83.55213522911072, 85.66699409484863, 88.01153445243835, 90.18459510803223, 92.41364622116089, 94.64805865287781, 96.76778650283813, 99.02374696731567, 101.44188117980957, 103.7917218208313, 106.19619417190552, 108.43321442604065, 110.69111800193787, 113.03474187850952, 115.36151480674744, 117.68579053878784, 120.08205723762512, 122.40763974189758, 124.60913252830505, 126.82735443115234, 129.06351447105408, 131.44973754882812, 133.77767133712769, 136.26298022270203, 138.62754845619202, 141.06504893302917, 143.2198417186737, 145.67837572097778, 148.0096251964569, 150.34346103668213, 152.70609331130981, 155.155344247818, 157.29626154899597, 159.46015071868896, 161.73210835456848, 164.0672709941864, 166.251944065094, 168.67996406555176, 171.05415868759155, 173.39857125282288, 175.71180868148804, 178.03016233444214, 180.40713572502136, 182.7165801525116, 184.96515774726868, 187.148775100708, 189.2941451072693, 191.56728386878967, 193.83483481407166, 195.96453642845154, 198.10949802398682, 200.36832642555237, 202.67598462104797, 204.93783926963806, 207.22717022895813, 209.46751189231873, 211.86086416244507, 214.20551824569702, 216.51196956634521, 218.65817594528198, 221.02562808990479, 223.21801042556763, 225.56622910499573, 227.92690110206604, 230.27896237373352], "val_loss": [4.63079658203125, 4.253395165252686, 4.163446772766113, 4.1001554893493655, 4.085909698867797, 3.998637689590454, 3.8868541458129884, 3.8073862998962404, 3.9410945529937744, 3.8409369743347166, 3.8183103385925294, 3.703162056350708, 3.778614921569824, 3.6126982467651367, 3.5773163761138917, 3.573020978164673, 3.597422534942627, 3.584085353088379, 3.496843695831299, 3.4583907848358155, 3.6014263263702393, 3.4212035911560057, 3.5869866138458253, 3.5682826103210448, 3.497152066421509, 3.446714992904663, 3.7138764324188234, 3.6331638889312745, 3.534743740081787, 3.4445335735321043, 3.569258931350708, 3.553436085510254, 3.6033527324676515, 3.3885877422332764, 3.5413416358947756, 3.566801709938049, 3.5382033046722414, 3.4961393451690674, 3.668937677383423, 3.750886656188965, 3.622700643157959, 3.8124878646850586, 3.645508028793335, 3.7196298286437988, 3.8859807258605956, 3.7219667304992674, 3.7420434452056885, 3.7988247619628908, 3.747577395629883, 3.8161458435058595, 3.9125413593292238, 3.9042544342041015, 3.87418381729126, 3.941945532989502, 3.9525804252624512, 4.018665007400513, 3.9902821102142334, 4.0927159896850585, 4.145847364044189, 4.168444241333008, 4.160387676620483, 4.119652972030639, 4.139012860107422, 4.180444454193116, 4.186150850296021, 4.271457333374023, 4.2311378120422365, 4.22368893737793, 4.262352208709717, 4.213766466522217, 4.2752275390625, 4.276122760772705, 4.238671548080444, 4.257692107391358, 4.241802447509766, 4.235725609207154, 4.263801343917847, 4.250928706741333, 4.247758761978149, 4.233568696594238, 4.221838071060181, 4.223363024520874, 4.221068222045899, 4.239123845672608, 4.246818427276612, 4.24142732963562, 4.241792029571533, 4.231828865814209, 4.231453185272216, 4.2430738319396974, 4.24046749420166, 4.219375369262695, 4.244501525497436, 4.235327164459228, 4.220488674926758, 4.232221348953247, 4.233790872955322, 4.2244020362854, 4.240492827224731, 4.222690756225586],