{"loss": [], "acc": [], "test_loss": [4.15751325302124, 3.9669348602294923, 3.7224732612609865, 3.6744308498382567, 3.500350442123413, 3.4505682914733886, 3.447905735015869, 3.277262424850464, 3.291021992492676, 3.2678276920318603, 3.147017136001587, 3.0755118190765383, 3.091008638381958, 2.8315694313049318, 2.9314875370025635, 2.9712282321929933, 2.786142523574829, 2.6821984268188475, 2.73341935005188, 2.8124553966522217, 2.771907978439331, 2.73999722366333, 2.7454830570220947, 2.770581151199341, 2.5464580772399903, 2.7987395664215087, 2.47604393119812, 2.4689433837890626, 2.6247461879730225, 2.5469350540161133, 2.65133896484375, 2.3792126167297365, 2.598481420516968, 2.499476234436035, 2.5288242610931397, 2.3950316497802735, 2.4750112144470213, 2.5029924255371094, 2.282687508201599, 2.4711797660827637, 2.360809579849243, 2.487780157470703, 2.3196519989013673, 2.365489715576172, 2.304851870727539, 2.250603680419922, 2.3733590782165526, 2.298634197235107, 2.0963708610534666, 2.2819466644287107, 2.1932893604278565, 2.3138726070404054, 2.213758032798767, 2.2165829057693482, 2.326498964691162, 2.176615937423706, 2.2638325286865233, 2.2005304500579834, 2.3829181228637695, 2.2284919483184815, 2.1807909133911134, 2.211521181869507, 2.2490623153686524, 2.305889908981323, 2.1837197177886964, 2.194679363632202, 2.208146042633057, 2.193008977508545, 2.2318853729248045, 2.1865330533981324, 2.198212938308716, 2.243544049072266, 2.177072950363159, 2.222148978805542, 2.2797580657958982, 2.3191270236968995, 2.2993215076446534, 2.269743788528442, 2.2657590600967406, 2.289425023651123, 2.2988936408996583, 2.2726550064086912, 2.3005885288238526, 2.315825545883179, 2.335374102783203, 2.3217142711639402, 2.312295820617676, 2.3059571521759032, 2.3263954706192016, 2.338079958343506, 2.337413879776001, 2.3279061866760253, 2.31366784362793, 2.3138407768249514, 2.3252835075378417, 2.3159336654663085, 2.3259239501953126, 2.3187630126953125, 2.3267751373291015, 2.3234141460418702], "test_acc": [4.960000038146973, 7.869999885559082, 11.5, 13.069999694824219, 14.949999809265137, 16.31999969482422, 16.559999465942383, 19.329999923706055, 19.309999465942383, 18.829999923706055, 22.40999984741211, 23.94999885559082, 23.049999237060547, 27.299999237060547, 26.239999771118164, 25.78999900817871, 28.420000076293945, 31.079999923706055, 30.03999900817871, 28.09000015258789, 28.889999389648438, 30.649999618530273, 30.09000015258789, 29.969999313354492, 33.849998474121094, 29.829999923706055, 35.369998931884766, 35.689998626708984, 32.619998931884766, 34.93000030517578, 33.5099983215332, 38.21999740600586, 34.0099983215332, 36.119998931884766, 35.349998474121094, 37.959999084472656, 36.5, 36.540000915527344, 40.689998626708984, 37.82999801635742, 39.30999755859375, 37.63999938964844, 39.64999771118164, 38.849998474121094, 40.66999816894531, 41.45000076293945, 40.11000061035156, 40.70000076293945, 44.81999969482422, 42.689998626708984, 43.869998931884766, 41.5099983215332, 42.98999786376953, 42.80999755859375, 42.38999938964844, 44.53999710083008, 43.7599983215332, 44.84000015258789, 42.439998626708984, 44.369998931884766, 45.80999755859375, 45.80999755859375, 44.96999740600586, 44.97999954223633, 46.5099983215332, 46.71999740600586, 46.14999771118164, 47.12999725341797, 47.439998626708984, 48.14999771118164, 48.88999938964844, 47.66999816894531, 49.36000061035156, 49.369998931884766, 48.939998626708984, 49.099998474121094, 49.68000030517578, 49.7599983215332, 50.18000030517578, 50.46999740600586, 50.69999694824219, 50.86000061035156, 51.09000015258789, 51.12999725341797, 51.07999801635742, 51.209999084472656, 51.62999725341797, 51.529998779296875, 51.81999969482422, 51.68000030517578, 51.619998931884766, 51.63999938964844, 51.959999084472656, 51.87999725341797, 51.869998931884766, 51.709999084472656, 52.029998779296875, 51.959999084472656, 51.94999694824219, 51.82999801635742], "wall_time": [7.097492694854736, 13.287055015563965, 19.550856113433838, 26.031717538833618, 32.374855756759644, 38.742836475372314, 45.26153755187988, 51.82634663581848, 58.14603543281555, 64.60772037506104, 70.71983480453491, 76.89614295959473, 83.05633020401001, 89.05101442337036, 95.04236221313477, 101.06187605857849, 107.50205397605896, 113.99707412719727, 120.47225546836853, 126.87639021873474, 133.04965496063232, 139.1556270122528, 145.34496140480042, 151.67836165428162, 158.11655402183533, 164.35891270637512, 170.91496968269348, 177.24698734283447, 183.5437207221985, 189.7277750968933, 195.95952463150024, 202.34742641448975, 208.95659637451172, 215.37679409980774, 222.00505805015564, 228.56852746009827, 235.08969736099243, 241.75046396255493, 248.34698057174683, 254.6439094543457, 261.10662150382996, 267.52413988113403, 273.7515196800232, 280.2658784389496, 286.8991467952728, 293.0971534252167, 299.5167074203491, 306.1831901073456, 312.4097988605499, 318.98443579673767, 325.44210743904114, 331.96007084846497, 338.4564719200134, 345.11282229423523, 351.74927949905396, 358.0535423755646, 364.54542565345764, 371.1058521270752, 377.5379226207733, 383.8735544681549, 390.081271648407, 396.59249663352966, 403.15289282798767, 409.7811350822449, 416.31522583961487, 422.4503335952759, 428.6100552082062, 434.7359037399292, 440.75241446495056, 446.8145844936371, 453.4168839454651, 460.1270704269409, 466.61498069763184, 473.23495745658875, 479.6135711669922, 486.05089926719666, 492.8128764629364, 499.1850516796112, 505.6509311199188, 512.1628873348236, 518.2792620658875, 524.5364446640015, 530.9196813106537, 537.2851059436798, 543.3689706325531, 549.6623566150665, 556.2263708114624, 562.4808142185211, 568.5653800964355, 574.6292371749878, 581.0181322097778, 587.54505443573, 593.8830645084381, 600.044456243515, 606.6768043041229, 612.9539167881012, 619.5517957210541, 625.9108278751373, 632.3656783103943, 638.656031370163], "val_loss": [4.159535218811035, 3.97160821685791, 3.752173250579834, 3.7052148193359375, 3.5355050506591796, 3.4796269008636473, 3.489763007736206, 3.3010395908355714, 3.3023449493408203, 3.29782813873291, 3.144669592666626, 3.0812358745574953, 3.1164179386138917, 2.8594784000396727, 2.97546983795166, 3.001502811050415, 2.82990398979187, 2.720528116607666, 2.764925312805176, 2.8374859535217287, 2.7860550861358644, 2.7732496440887453, 2.7671895057678224, 2.812112321472168, 2.5839866596221923, 2.8441186305999757, 2.5125478675842285, 2.5104620613098145, 2.650827351760864, 2.5807065814971923, 2.662892201042175, 2.4322927421569824, 2.62991276473999, 2.541832143211365, 2.5435817373275755, 2.428067766571045, 2.5403131286621092, 2.537989356613159, 2.279111435699463, 2.5146341663360596, 2.3703797370910644, 2.5233090579986572, 2.3651130699157714, 2.346242230987549, 2.318800284194946, 2.322776710319519, 2.383519664764404, 2.346096564865112, 2.130606156539917, 2.3111034942626953, 2.240044010925293, 2.356401778411865, 2.254184951400757, 2.277958165359497, 2.359195094680786, 2.2139079627990723, 2.291239973258972, 2.2220249000549317, 2.3799996154785155, 2.265209854507446, 2.170805244064331, 2.228736163520813, 2.2552449251174926, 2.3145742233276367, 2.2017135805130006, 2.187963268661499, 2.2186150283813477, 2.2034351022720338, 2.2245508001327514, 2.2159759481430052, 2.2164630210876464, 2.2221971227645874, 2.2237528116226195, 2.2471490863800048, 2.3122610160827635, 2.317613138961792, 2.320230283164978, 2.293774447441101, 2.2831588943481447, 2.3076932247161865, 2.285853325653076, 2.2692339752197266, 2.28471173286438, 2.320519866371155, 2.3340608795166014, 2.3259871477127074, 2.3086594844818116, 2.3044396188735963, 2.3240240869522095, 2.3282146713256835, 2.324292650604248, 2.3168259408950806, 2.3069533065795897, 2.3083605621337893, 2.307833899307251, 2.3162024383544924, 2.3216200357437136, 2.3105700668334963, 2.3182463026046753, 2.3185371635437013],