{"loss": [], "acc": [], "test_loss": [4.299754108428955, 3.974065283203125, 3.987074068450928, 3.741873265838623, 3.6922760318756103, 3.784520295715332, 3.438497319793701, 3.385197322463989, 3.44112106628418, 3.2917113761901855, 3.281727717208862, 3.22465698928833, 3.0935528980255125, 3.340496598434448, 3.1177356483459473, 2.942839928436279, 3.0091838306427, 2.7999081714630125, 2.8104023178100586, 2.7074913089752197, 2.705406986618042, 2.806820573425293, 2.7403011753082276, 2.7635836585998534, 2.632976385498047, 2.8106649768829346, 2.7623232139587404, 2.5780347534179686, 2.614687230300903, 2.5212147697448732, 2.500515329360962, 2.8543798889160157, 2.5478459743499755, 2.513850939941406, 2.853956582260132, 2.608567314910889, 2.5762693756103516, 2.715085168838501, 2.3333144172668456, 2.434974715423584, 2.4668428169250487, 2.420993201637268, 2.235939788818359, 2.3494499561309814, 2.2275594108581545, 2.4541796226501464, 2.4641257553100586, 2.229602099990845, 2.1920874309539795, 2.1875450119018556, 2.3924263187408448, 2.1870588233947754, 2.207449993896484, 2.102940542793274, 2.187674112701416, 2.1271467544555662, 2.1778529174804686, 2.118034376525879, 2.0912600969314576, 2.0560575511932373, 2.187939910507202, 2.1098314189910887, 1.9675194395065307, 2.0654969118118287, 2.00981395072937, 2.0714305421829224, 1.9984064125061036, 1.961454323577881, 1.9569554569244385, 1.9685212467193605, 1.9197572124481201, 1.933581378173828, 1.948232863998413, 1.992326954269409, 1.9851686038970948, 1.9960365837097167, 1.9804940620422364, 1.990588039970398, 1.9912479469299316, 1.96500137424469, 2.0102787448883057, 2.015649436187744, 2.0241254768371584, 1.9899102031707763, 1.9958715923309327, 1.979320319366455, 2.0039869132995607, 2.007301599884033, 2.02817794342041, 2.0344266426086426, 2.023434692001343, 2.0314356452941893, 2.039520573425293, 2.037694815826416, 2.0463805782318114, 2.039662166213989, 2.0501600200653076, 2.039131482696533, 2.0443531051635744, 2.046711106491089], "test_acc": [4.619999885559082, 6.619999885559082, 8.489999771118164, 11.5, 13.25, 11.9399995803833, 16.100000381469727, 17.09000015258789, 16.479999542236328, 19.56999969482422, 19.65999984741211, 18.78999900817871, 22.389999389648438, 19.189998626708984, 22.329999923706055, 23.989999771118164, 25.139999389648438, 27.549999237060547, 27.85999870300293, 29.489999771118164, 28.799999237060547, 28.369998931884766, 29.42999839782715, 29.219999313354492, 31.059999465942383, 29.229999542236328, 29.299999237060547, 33.04999923706055, 31.09000015258789, 34.32999801635742, 34.790000915527344, 28.809999465942383, 33.849998474121094, 33.540000915527344, 32.0099983215332, 33.13999938964844, 34.32999801635742, 32.66999816894531, 37.07999801635742, 36.869998931884766, 35.91999816894531, 37.12999725341797, 40.75, 38.09000015258789, 41.029998779296875, 36.77000045776367, 37.279998779296875, 41.63999938964844, 41.97999954223633, 42.689998626708984, 38.55999755859375, 42.78999710083008, 42.04999923706055, 44.25, 42.98999786376953, 43.57999801635742, 43.029998779296875, 44.2599983215332, 45.15999984741211, 46.23999786376953, 44.21999740600586, 44.75, 47.959999084472656, 46.79999923706055, 47.41999816894531, 47.07999801635742, 47.68000030517578, 49.119998931884766, 49.57999801635742, 49.47999954223633, 50.63999938964844, 50.189998626708984, 49.97999954223633, 49.98999786376953, 50.48999786376953, 51.279998779296875, 51.65999984741211, 51.25, 51.43000030517578, 52.2599983215332, 52.189998626708984, 52.25, 51.97999954223633, 52.529998779296875, 52.64999771118164, 53.2599983215332, 53.37999725341797, 53.44999694824219, 53.34000015258789, 53.2599983215332, 53.55999755859375, 53.69999694824219, 53.82999801635742, 53.779998779296875, 53.87999725341797, 54.05999755859375, 54.19999694824219, 54.02000045776367, 54.23999786376953, 53.94999694824219], "wall_time": [7.607513427734375, 13.585201978683472, 20.516597986221313, 27.28428888320923, 34.16945123672485, 40.48740243911743, 46.7756609916687, 52.951244831085205, 59.562925815582275, 66.168142080307, 73.16121673583984, 79.30360221862793, 86.05435824394226, 91.77837800979614, 98.57832098007202, 105.32562923431396, 111.76269507408142, 118.73550200462341, 125.5083818435669, 132.42891883850098, 139.34280467033386, 146.29951810836792, 153.32875514030457, 160.1655979156494, 167.11834597587585, 174.00480103492737, 180.67617797851562, 187.30693984031677, 193.9607925415039, 199.62673687934875, 205.24079275131226, 212.02549839019775, 218.58331823349, 225.12858033180237, 232.10587167739868, 237.7225694656372, 243.34611678123474, 248.96795225143433, 256.1206851005554, 263.1146385669708, 270.1144816875458, 277.1788549423218, 283.890310049057, 290.87958335876465, 297.73060965538025, 303.7104957103729, 310.4888732433319, 317.55198764801025, 324.5767250061035, 330.89089250564575, 337.85989713668823, 344.8681797981262, 351.98986625671387, 358.5135281085968, 364.664302110672, 371.6838240623474, 378.7457432746887, 384.9415555000305, 391.2664885520935, 398.15924191474915, 405.2316646575928, 412.12506103515625, 419.0120749473572, 425.34792709350586, 432.10186553001404, 439.0159113407135, 445.47043466567993, 451.80945658683777, 458.6675910949707, 465.0644257068634, 471.4270451068878, 477.60643911361694, 484.25009417533875, 490.543585062027, 496.8935868740082, 503.3948450088501, 510.1716890335083, 516.7868475914001, 523.6209065914154, 529.6638417243958, 535.4966840744019, 542.2737293243408, 548.9965732097626, 555.5297782421112, 562.0450592041016, 568.2849962711334, 574.5514030456543, 580.7425315380096, 587.0285201072693, 594.0631659030914, 600.8872895240784, 607.9037816524506, 614.6746304035187, 621.6167068481445, 627.8742616176605, 633.4778978824615, 639.0926623344421, 645.3584859371185, 651.5842754840851, 658.2958710193634], "val_loss": [4.311572881317138, 3.9893293308258055, 3.9957445014953614, 3.762978839111328, 3.705869839859009, 3.7941906883239747, 3.4562176231384276, 3.3920914367675783, 3.4462672721862795, 3.2883336799621583, 3.312754109573364, 3.246893448638916, 3.1095530509948732, 3.3823479537963865, 3.1147545265197754, 2.9765200851440428, 3.0621886398315428, 2.840527941894531, 2.834612646484375, 2.7074570808410643, 2.712793557357788, 2.818951644515991, 2.772823350906372, 2.7694645999908447, 2.682122183227539, 2.838786687850952, 2.785948874282837, 2.6056604610443115, 2.6411508892059326, 2.5470741493225098, 2.519271513748169, 2.8857053344726564, 2.5806101402282713, 2.5422085762023925, 2.8862981521606446, 2.6177276454925535, 2.590664511871338, 2.734062508392334, 2.3567485111236572, 2.469812833404541, 2.5016678020477294, 2.4715093032836912, 2.255119191360474, 2.3658773612976076, 2.2688074308395385, 2.479861989212036, 2.4802878787994387, 2.2331612327575683, 2.2314114986419677, 2.2032406135559084, 2.4550240392684937, 2.2342638854980468, 2.2170025558471678, 2.1184345363616943, 2.250987914276123, 2.1603537837982176, 2.204539393043518, 2.1355351318359377, 2.119499108505249, 2.112473436355591, 2.2375396560668945, 2.1178619987487792, 2.0113226263046267, 2.087587591934204, 2.0526683338165284, 2.109407204437256, 2.061171866607666, 1.991378546333313, 1.998674864578247, 1.9978020195007324, 1.9417068887710571, 1.9934868648529054, 1.9773076568603516, 2.017380248260498, 2.0343354049682616, 2.039741213607788, 2.001182364654541, 2.0270773456573488, 2.0544971641540526, 1.9918834432601928, 2.0401682359695434, 2.0243780883789064, 2.055849828338623, 2.0312118398666383, 2.0353096172332763, 2.026456707000732, 2.042472914123535, 2.0518689270019532, 2.074143985748291, 2.075396836471558, 2.0542283769607543, 2.0536865047454835, 2.0762086765289305, 2.072799633216858, 2.0760921012878417, 2.066622961807251, 2.0795745506286623, 2.0720596042633055, 2.071802639389038, 2.0793123094558714],