{"loss": [], "acc": [], "test_loss": [4.70109324798584, 4.886202188873291, 4.724812157440185, 4.585414080047608, 4.44681962814331, 4.265152034759521, 4.36198314666748, 4.281985674285889, 4.524012888336181, 4.361448288726806, 4.407099797058105, 4.30466789932251, 4.462489717102051, 4.65572893371582, 4.795182508087159, 4.755354634094238, 4.855365765380859, 4.929389581298828, 5.068468630218506, 5.498451339721679, 5.331320785522461, 5.114156226348877, 5.211299366760254, 5.485592782592773, 5.6700896484375, 5.599138039398193, 5.690054384613037, 5.691164746856689, 5.621569251251221, 5.805183485412598, 5.968380390930176, 6.027150012969971, 5.912818323516846, 6.149538933563233, 6.013889866638183, 6.2349916885375976, 5.9779813125610355, 5.974851605224609, 6.068690159606934, 6.031406853485107, 6.01010880203247, 6.051149774169922, 6.300847338104248, 6.094596168518066, 6.190053658294678, 6.172526954650879, 6.110789595031738, 6.049797268676758, 6.092703215789795, 6.105109191894531, 6.05771884765625, 6.008408192443848, 5.973126572418213, 5.965447269439697, 5.9494765251159665, 5.956443804168702, 5.952413198852539, 5.992196558380127, 5.960408024597168, 5.920695823669433, 5.876519879150391, 5.915860919189453, 5.916869952392578, 5.908536444854736, 5.8929899894714355, 5.890921852111816, 5.879959934997559, 5.890733399963379, 5.882939097595215, 5.905054930877686, 5.892038558959961, 5.87265726852417, 5.863184562683106, 5.857504769134522, 5.872531454467773, 5.859440559387207, 5.856867113494873, 5.851421241760254, 5.838270809936524, 5.847481834411621, 5.846454113006592, 5.842245600128174, 5.846457038879395, 5.858382880401611, 5.851836330413819, 5.8588467277526854, 5.847911093139649, 5.8462174659729005, 5.845228840637207, 5.844231233978271, 5.848731494140625, 5.848495420837402, 5.8499137550354, 5.863385163116455, 5.863284814453125, 5.854653081512451, 5.851706469726563, 5.844105670928955, 5.849425005340576, 5.855678626251221], "test_acc": [1.0, 1.0, 1.5299999713897705, 3.879999876022339, 4.829999923706055, 6.769999980926514, 6.0, 7.799999713897705, 7.179999828338623, 7.899999618530273, 8.969999313354492, 8.75, 9.199999809265137, 8.779999732971191, 9.279999732971191, 9.019999504089355, 10.119999885559082, 9.449999809265137, 9.210000038146973, 9.719999313354492, 10.210000038146973, 10.119999885559082, 11.179999351501465, 9.969999313354492, 10.289999961853027, 11.50999927520752, 10.889999389648438, 10.710000038146973, 11.649999618530273, 11.529999732971191, 10.889999389648438, 12.34999942779541, 11.34000015258789, 10.90999984741211, 11.389999389648438, 10.739999771118164, 12.289999961853027, 11.609999656677246, 11.389999389648438, 12.239999771118164, 11.9399995803833, 11.869999885559082, 11.329999923706055, 12.25999927520752, 12.889999389648438, 11.719999313354492, 12.34999942779541, 13.0, 12.960000038146973, 12.579999923706055, 13.079999923706055, 13.109999656677246, 13.619999885559082, 13.630000114440918, 13.969999313354492, 13.6899995803833, 13.559999465942383, 13.359999656677246, 13.710000038146973, 13.969999313354492, 14.00999927520752, 14.130000114440918, 13.869999885559082, 13.779999732971191, 14.289999961853027, 14.139999389648438, 13.859999656677246, 13.859999656677246, 13.9399995803833, 14.0, 14.039999961853027, 14.019999504089355, 14.299999237060547, 14.25, 14.25999927520752, 14.069999694824219, 14.25999927520752, 14.299999237060547, 14.15999984741211, 14.130000114440918, 14.379999160766602, 14.449999809265137, 14.269999504089355, 14.269999504089355, 14.309999465942383, 14.279999732971191, 14.34999942779541, 14.319999694824219, 14.429999351501465, 14.5, 14.4399995803833, 14.389999389648438, 14.399999618530273, 14.429999351501465, 14.399999618530273, 14.429999351501465, 14.319999694824219, 14.399999618530273, 14.40999984741211, 14.5], "wall_time": [3.5690393447875977, 4.819398880004883, 6.033282995223999, 7.243900537490845, 8.471447467803955, 9.697917461395264, 10.910249948501587, 12.105525493621826, 13.328425645828247, 14.546646356582642, 15.756126165390015, 16.947112321853638, 18.196810245513916, 19.40544366836548, 20.62532663345337, 21.827095985412598, 23.042701244354248, 24.235036373138428, 25.451120376586914, 26.636666297912598, 27.848294734954834, 29.072109699249268, 30.28908610343933, 31.470961332321167, 32.70314908027649, 33.93250036239624, 35.128117084503174, 36.352787733078, 37.57703471183777, 38.750980615615845, 39.955695152282715, 41.16405129432678, 42.384254932403564, 43.56749510765076, 44.7584867477417, 45.963095903396606, 47.17314314842224, 48.37208414077759, 49.50832796096802, 50.728537797927856, 51.93006682395935, 53.139795780181885, 54.34883427619934, 55.5403037071228, 56.751919746398926, 57.97699522972107, 59.20692300796509, 60.425344467163086, 61.613221406936646, 62.810054779052734, 64.0709445476532, 65.27605438232422, 66.50049877166748, 67.70921015739441, 68.95029330253601, 70.18384146690369, 71.36432552337646, 72.55496716499329, 73.76502537727356, 74.9877417087555, 76.20284581184387, 77.43326115608215, 78.60121965408325, 79.82266616821289, 81.05705094337463, 82.29427552223206, 83.52459192276001, 84.693106174469, 85.92037844657898, 87.135493516922, 88.37870717048645, 89.60474228858948, 90.82342290878296, 92.00991249084473, 93.19198036193848, 94.36995720863342, 95.56200337409973, 96.7779004573822, 98.00176405906677, 99.22863531112671, 100.42969632148743, 101.63040447235107, 102.84345626831055, 104.04173827171326, 105.23548698425293, 106.47012686729431, 107.69221210479736, 108.87550640106201, 110.07037711143494, 111.28594589233398, 112.51918625831604, 113.73386812210083, 114.95458054542542, 116.14265060424805, 117.32478857040405, 118.52334189414978, 119.77478432655334, 120.9990599155426, 122.22955417633057, 123.42414927482605], "val_loss": [4.706325023651123, 4.90203477859497, 4.731967984008789, 4.60506474685669, 4.46756872253418, 4.28556037902832, 4.3743303169250485, 4.3018261970520015, 4.541367115020752, 4.373326822662354, 4.447229874420166, 4.350461318969726, 4.462338776016235, 4.6553601585388185, 4.815410404968262, 4.775474659729004, 4.842487316894531, 4.916562610626221, 5.070118511199952, 5.51261608505249, 5.2985335609436035, 5.149767330169678, 5.2325864562988285, 5.520753783416748, 5.646235996246338, 5.607942230987549, 5.644923041534424, 5.652387096405029, 5.6501509452819825, 5.785769453430175, 5.965135555267334, 5.992210791015625, 5.877603746795654, 6.080258399963379, 6.009594297790527, 6.228825874328614, 5.985848610687256, 5.957261602783203, 6.095387780761719, 6.038657995605469, 5.993706832122803, 6.068192998504639, 6.246839878845215, 6.1113769134521485, 6.21188999786377, 6.165213411712647, 6.089445960998535, 6.051616159820557, 6.085724110412598, 6.122283930969238, 6.090676908874512, 6.035526280212403, 5.999341676330566, 5.971756197357178, 5.955178172302246, 5.958169178771973, 5.961944233703614, 5.994174752807617, 5.964456667327881, 5.933631977081299, 5.8930406112670894, 5.92211464920044, 5.934824114227295, 5.930746502685547, 5.916376689147949, 5.910259879302979, 5.905711196136474, 5.91521095123291, 5.904944651031494, 5.923872718048096, 5.91442509765625, 5.894219444274903, 5.881194959259033, 5.877622504425049, 5.896237171173095, 5.882165310668945, 5.879108464050293, 5.869351107788086, 5.858851192474365, 5.8673306083679195, 5.866964603424072, 5.863274695587158, 5.868313515472412, 5.8796624725341795, 5.870437660217285, 5.880346242523193, 5.8705990028381345, 5.869172969818115, 5.8657890190124515, 5.86376173248291, 5.867170014953613, 5.866636714172364, 5.868533626556396, 5.880506549835205, 5.882497388458252, 5.875057917022705, 5.87219679107666, 5.866668495178223, 5.87035233078003, 5.874544689941406],