{"loss": [], "acc": [], "test_loss": [4.633585906219483, 4.64541333694458, 4.654873792266845, 4.549583985137939, 4.307704513549805, 4.316664337921143, 4.473464881896972, 4.420273651123047, 4.3469079391479495, 4.266367872619629, 4.345942638397217, 4.298875449371338, 4.2906784858703615, 4.259066819763183, 4.300716911315918, 4.421482894897461, 4.3298889282226565, 4.272665323638916, 4.377170042419434, 4.443162734985352, 4.431209399414063, 4.617661503601075, 4.387873562622071, 4.483056941986084, 4.525469068908691, 4.4882273071289065, 4.529391748046875, 4.673368688201904, 4.675068364715576, 4.725728987884522, 4.656514225006103, 4.871249800109863, 5.028048120880127, 4.890699822998047, 5.037858429718018, 4.99112829284668, 5.023159851074219, 5.173711002349854, 5.122751021575928, 5.251069748687744, 5.2475739875793455, 5.226446200561523, 5.391478842163086, 5.289939979553223, 5.440414033508301, 5.646688871765137, 5.660565023040771, 5.591176416015625, 5.6918770080566405, 5.708986009979248, 5.689005661010742, 5.790538627624512, 5.916339128112793, 5.708543103790284, 5.835463333892823, 5.817027263641357, 5.900111975860596, 5.902190356445312, 5.908256851959228, 5.899479718017578, 5.880587368011475, 5.865169441223144, 5.9312837608337405, 5.961700096893311, 5.960897331237793, 6.005010619354248, 6.010322118377686, 6.003907676696778, 5.982795248413086, 6.004585827636719, 5.991901583862305, 5.98718862915039, 6.007836717224121, 6.006511829376221, 6.008792325592041, 6.018526023864746, 6.000060995483398, 5.986021033477783, 5.994540107727051, 5.973716431427002, 6.007739827728272, 6.005633531188965, 6.002050422668457, 6.003964307403565, 6.001597329711914, 6.01664089050293, 6.010524546051025, 5.993050740814209, 5.997170539093018, 6.003875451660156, 6.010202210998536, 6.007065998077392, 6.014934173583985, 6.016189373779297, 6.009055152893066, 6.008415444946289, 6.004311946868897, 5.984546661376953, 6.032333303833008, 6.020170349121094], "test_acc": [1.0, 1.0, 1.0, 2.1599998474121094, 4.339999675750732, 4.460000038146973, 4.880000114440918, 5.199999809265137, 6.119999885559082, 6.819999694824219, 6.460000038146973, 7.149999618530273, 7.199999809265137, 7.579999923706055, 7.349999904632568, 8.050000190734863, 8.899999618530273, 9.40999984741211, 9.09999942779541, 8.139999389648438, 8.929999351501465, 9.210000038146973, 9.920000076293945, 9.050000190734863, 9.630000114440918, 9.800000190734863, 10.130000114440918, 9.479999542236328, 10.479999542236328, 9.899999618530273, 10.229999542236328, 9.779999732971191, 9.920000076293945, 9.929999351501465, 10.199999809265137, 10.170000076293945, 9.279999732971191, 10.00999927520752, 10.84000015258789, 10.559999465942383, 10.710000038146973, 10.630000114440918, 11.0, 10.949999809265137, 10.84000015258789, 10.800000190734863, 10.609999656677246, 11.529999732971191, 9.989999771118164, 10.219999313354492, 11.25999927520752, 10.489999771118164, 10.989999771118164, 11.130000114440918, 10.819999694824219, 11.649999618530273, 11.059999465942383, 11.670000076293945, 12.139999389648438, 12.34000015258789, 12.170000076293945, 12.59000015258789, 11.6899995803833, 11.969999313354492, 12.630000114440918, 12.149999618530273, 12.279999732971191, 12.369999885559082, 12.34000015258789, 12.380000114440918, 12.519999504089355, 12.729999542236328, 12.50999927520752, 12.479999542236328, 12.389999389648438, 12.75, 12.859999656677246, 12.729999542236328, 12.739999771118164, 12.819999694824219, 12.949999809265137, 12.960000038146973, 13.019999504089355, 13.210000038146973, 13.170000076293945, 13.149999618530273, 13.139999389648438, 12.889999389648438, 13.00999927520752, 13.109999656677246, 13.15999984741211, 13.09999942779541, 13.039999961853027, 13.079999923706055, 13.029999732971191, 13.059999465942383, 13.139999389648438, 13.00999927520752, 13.0, 13.019999504089355], "wall_time": [2.516298532485962, 3.8380284309387207, 5.110382556915283, 6.435029983520508, 7.712263107299805, 9.039084911346436, 10.310718536376953, 11.60480523109436, 12.878738403320312, 14.142075777053833, 15.403345346450806, 16.71369957923889, 17.98423671722412, 19.337008714675903, 20.647775650024414, 21.972131967544556, 23.25131630897522, 24.576013803482056, 25.878563165664673, 27.154615879058838, 28.47147226333618, 29.71842622756958, 31.037265300750732, 32.31270956993103, 33.57976675033569, 34.84743642807007, 36.10905885696411, 37.403239250183105, 38.70536923408508, 40.007426500320435, 41.29445743560791, 42.61617183685303, 43.916518688201904, 45.22079300880432, 46.53302192687988, 47.80897545814514, 49.12175726890564, 50.4469792842865, 51.7320454120636, 52.98015832901001, 54.24071478843689, 55.54046154022217, 56.88731336593628, 58.19836616516113, 59.526225566864014, 60.78439903259277, 62.10653233528137, 63.399213790893555, 64.67287850379944, 65.96272230148315, 67.23546957969666, 68.50511479377747, 69.79197144508362, 71.04093337059021, 72.32525420188904, 73.60207939147949, 74.87029004096985, 76.15537214279175, 77.45777797698975, 78.76066637039185, 80.02366518974304, 81.36875462532043, 82.68360781669617, 83.99577474594116, 85.2749571800232, 86.5384292602539, 87.79281091690063, 89.10902619361877, 90.40033602714539, 91.65535044670105, 92.96274518966675, 94.24850535392761, 95.55694556236267, 96.85570240020752, 98.1822280883789, 99.48904776573181, 100.75059032440186, 102.0154983997345, 103.31846022605896, 104.6245322227478, 105.93482732772827, 107.14950895309448, 108.40205335617065, 109.68735861778259, 110.97410297393799, 112.26765012741089, 113.60401821136475, 114.89611148834229, 116.20844912528992, 117.52262377738953, 118.74622797966003, 120.03829407691956, 121.32333874702454, 122.60699987411499, 123.88992547988892, 125.1725332736969, 126.38984441757202, 127.64152598381042, 128.91292023658752, 130.1955783367157], "val_loss": [4.635007797241211, 4.647252208709717, 4.663564920043945, 4.556040824890137, 4.314478232955933, 4.319394388961792, 4.469192232513428, 4.4012989288330076, 4.325787470626831, 4.274999034500122, 4.331653157806397, 4.296131974029541, 4.284551638793945, 4.260716987609864, 4.307451092529297, 4.422788860321045, 4.3222877944946285, 4.271654167938232, 4.381781852340699, 4.457115845870971, 4.441152562713623, 4.601431352615356, 4.388193757629394, 4.500063529205322, 4.493872005844116, 4.477098790740967, 4.526972228622436, 4.65555025100708, 4.673599375915527, 4.695411250686646, 4.647801792907715, 4.857476823425293, 5.016572662353516, 4.917009950256348, 5.05940048828125, 4.974465602874756, 5.012132183837891, 5.1418175140380855, 5.110340209197998, 5.194326753234863, 5.264409049224853, 5.224082025527954, 5.346702325439453, 5.2676379638671875, 5.421825380706787, 5.600584247589111, 5.6380353401184085, 5.601390619659424, 5.630229345703125, 5.643150476074219, 5.694593538665772, 5.796908480072021, 5.906106256103516, 5.68425944366455, 5.869181838989258, 5.820623168182373, 5.916934280395508, 5.891130525970459, 5.895542776489258, 5.861780197906494, 5.850674090576172, 5.858278797149659, 5.9026595428466795, 5.90953071975708, 5.915066410827636, 5.936716426849365, 5.954946974182129, 5.954458906555176, 5.94419486541748, 5.963236268615723, 5.972430093383789, 5.960549967956543, 5.962049733734131, 5.959486599731445, 5.9560907905578615, 5.9650571868896485, 5.957549422454834, 5.944550564575195, 5.953914645385742, 5.93310299987793, 5.967814158630371, 5.966776054382324, 5.961325295257568, 5.9587405380249026, 5.954973011779785, 5.972726044464111, 5.96884239654541, 5.950480797576905, 5.952619097137451, 5.957267306518554, 5.965790620422363, 5.960032256317139, 5.968397651672364, 5.967560766601562, 5.9596514305114745, 5.959474117279052, 5.958567786407471, 5.940836016082764, 5.986451545715332, 5.9707811775207515],