{"loss": [], "acc": [], "test_loss": [4.67068960723877, 4.369490035247803, 4.100251699829101, 3.983755601501465, 3.8657122623443603, 3.7430058197021485, 3.722757543563843, 3.7807530876159667, 3.624166568374634, 3.61659907951355, 3.5410181537628174, 3.5647577690124512, 3.585404190444946, 3.5284486568450926, 3.573615051269531, 3.479598677444458, 3.605497805023193, 3.55261926574707, 3.991897525024414, 3.647368491744995, 3.5178489574432374, 3.57744601020813, 3.6448129245758056, 3.544031340789795, 3.600564919281006, 3.5171547786712645, 3.739090636062622, 3.5647608039855956, 3.5907524883270265, 3.6898675048828125, 3.6512494464874266, 3.672014595413208, 3.7880849151611327, 3.9271116794586183, 3.860893900299072, 4.0980604568481445, 4.125706195449829, 4.156025927734375, 3.991648286819458, 4.057412435913086, 4.1201732421875, 4.094261054992676, 4.094458243560791, 4.302916301727295, 4.129972534179688, 4.1518083122253415, 4.202942189025879, 4.2625312355041505, 4.103141960144043, 4.290672952270508, 4.2212570259094235, 4.225482503509522, 4.115691760253906, 4.192111431884766, 4.115362699127197, 4.0529670265197755, 4.061696824645996, 4.050941793060303, 4.023244653320313, 4.004131133270263, 3.9782083465576172, 4.0157750068664555, 3.9524857818603514, 3.9332874534606934, 3.9187092910766603, 3.915504105377197, 3.91671958694458, 3.9021345489501953, 3.907910890197754, 3.886998440551758, 3.873943299102783, 3.8629970146179198, 3.866565863800049, 3.852738461303711, 3.842154104614258, 3.836732554626465, 3.8393296203613283, 3.817609521484375, 3.8109322174072267, 3.8042040748596193, 3.8011916610717775, 3.7942866249084473, 3.807172850036621, 3.803379150390625, 3.802361870574951, 3.7950269500732423, 3.789657322692871, 3.788314878845215, 3.7806062507629394, 3.787555578613281, 3.783623336791992, 3.7886234008789064, 3.787080680847168, 3.7870377571105958, 3.7841993850708007, 3.78344172668457, 3.777040015411377, 3.7751531211853027, 3.7810209770202636, 3.7902252449035645], "test_acc": [1.1899999380111694, 5.269999980926514, 7.269999980926514, 8.84000015258789, 10.5, 12.429999351501465, 12.839999198913574, 13.269999504089355, 15.429999351501465, 15.269999504089355, 16.329999923706055, 16.60999870300293, 18.06999969482422, 17.600000381469727, 18.079999923706055, 18.670000076293945, 18.559999465942383, 18.549999237060547, 18.170000076293945, 19.68000030517578, 20.6299991607666, 21.239999771118164, 22.65999984741211, 22.369998931884766, 22.529998779296875, 24.09000015258789, 22.85999870300293, 23.209999084472656, 24.31999969482422, 24.510000228881836, 23.889999389648438, 24.35999870300293, 22.84000015258789, 22.899999618530273, 24.549999237060547, 22.59000015258789, 23.079999923706055, 23.25, 24.899999618530273, 25.389999389648438, 24.719999313354492, 25.889999389648438, 26.219999313354492, 25.510000228881836, 26.35999870300293, 26.59000015258789, 26.369998931884766, 25.849998474121094, 27.19999885559082, 24.85999870300293, 26.92999839782715, 27.15999984741211, 27.670000076293945, 27.889999389648438, 28.559999465942383, 28.969999313354492, 29.15999984741211, 29.15999984741211, 29.5, 29.549999237060547, 29.599998474121094, 29.599998474121094, 30.029998779296875, 30.189998626708984, 30.549999237060547, 29.969999313354492, 30.739999771118164, 30.739999771118164, 30.579999923706055, 30.479999542236328, 30.6299991607666, 30.649999618530273, 30.67999839782715, 30.670000076293945, 30.509998321533203, 30.639999389648438, 30.459999084472656, 30.6299991607666, 30.709999084472656, 30.799999237060547, 30.60999870300293, 30.799999237060547, 30.829999923706055, 30.759998321533203, 30.809999465942383, 30.75, 30.90999984741211, 30.76999855041504, 30.920000076293945, 30.84000015258789, 30.78999900817871, 30.899999618530273, 30.84000015258789, 30.94999885559082, 30.920000076293945, 30.899999618530273, 31.0, 31.009998321533203, 30.939998626708984, 30.829999923706055], "wall_time": [4.90133810043335, 7.603843450546265, 10.238005638122559, 12.911470174789429, 15.53627347946167, 18.241539239883423, 20.913179874420166, 23.54979944229126, 26.400868892669678, 29.062400817871094, 31.665233850479126, 34.32259225845337, 36.97667932510376, 39.62916398048401, 42.277209997177124, 44.95923948287964, 47.613640546798706, 50.34075927734375, 53.003432512283325, 55.654040813446045, 58.26610827445984, 60.93328261375427, 63.661749839782715, 66.31501531600952, 68.96070265769958, 71.616042137146, 74.26827955245972, 76.91148447990417, 79.53083872795105, 82.18170166015625, 84.84558749198914, 87.46084976196289, 90.09668731689453, 92.7423746585846, 95.40590929985046, 98.09586024284363, 100.75453782081604, 103.52305483818054, 106.21242022514343, 108.86348509788513, 111.53391575813293, 114.14345097541809, 116.82078409194946, 119.50042223930359, 122.1300859451294, 124.77686047554016, 127.4109616279602, 130.03891515731812, 132.69336462020874, 135.33782935142517, 138.24078249931335, 140.89782619476318, 143.54844999313354, 146.2061665058136, 148.92287182807922, 151.57121086120605, 154.23504066467285, 156.90415024757385, 159.5879728794098, 162.249107837677, 164.96872568130493, 167.6992645263672, 170.3810453414917, 173.0926377773285, 175.73376417160034, 178.39671802520752, 181.0440022945404, 183.69055223464966, 186.37546277046204, 189.04125237464905, 191.71752548217773, 194.40161228179932, 197.06576943397522, 199.72344398498535, 202.40140843391418, 205.08356714248657, 207.70619893074036, 210.39506363868713, 213.08279371261597, 215.76497554779053, 218.4126877784729, 221.12497973442078, 223.794007062912, 226.43777632713318, 229.130140542984, 231.81401348114014, 234.47543096542358, 237.1458921432495, 239.80536532402039, 242.44950556755066, 245.06858468055725, 247.7591347694397, 250.45031785964966, 253.12645864486694, 255.813143491745, 258.498966217041, 261.16130542755127, 263.79281306266785, 266.4670503139496, 269.11275839805603], "val_loss": [4.678119718933106, 4.376749838256836, 4.105130458068848, 4.013423771286011, 3.888874536895752, 3.7551961570739745, 3.728337914276123, 3.78404588470459, 3.6431641330718993, 3.6389235954284667, 3.565626996612549, 3.5982286712646485, 3.5655192977905275, 3.5228872253417967, 3.5750470958709717, 3.4692329666137693, 3.6166259033203123, 3.5503249767303466, 4.032179067611694, 3.6669398948669434, 3.490886658859253, 3.603627014160156, 3.6440372478485106, 3.5521746253967286, 3.6082212909698486, 3.5501581146240233, 3.76201280670166, 3.5438598136901858, 3.568871102142334, 3.6759225296020506, 3.6637304244995117, 3.6460030857086183, 3.7756156856536864, 3.910123642730713, 3.8806828994750977, 4.111800082778931, 4.116872230529785, 4.133815758895874, 3.994610983276367, 4.028339167785645, 4.135376273345948, 4.111780709075927, 4.105129275131225, 4.306165183639527, 4.123401052856445, 4.167108658599854, 4.221238427734375, 4.293701856994629, 4.131018709182739, 4.314981452178955, 4.2385214344024655, 4.233980614471435, 4.135951132202148, 4.214414111328125, 4.143495652008057, 4.068145923614502, 4.076944067764282, 4.1016180793762205, 4.039544226837158, 4.004025967407227, 3.9817129055023193, 4.048237089920044, 3.9794959842681883, 3.9664484195709226, 3.9470140628814696, 3.93609154548645, 3.934227877807617, 3.927621353149414, 3.9233805599212648, 3.900621393966675, 3.889245223236084, 3.874418099975586, 3.876763165664673, 3.864618009185791, 3.8453473701477052, 3.843973126983643, 3.841102559661865, 3.8192708080291746, 3.8149594631195067, 3.8065533458709715, 3.807076748657227, 3.799426776885986, 3.8082905349731444, 3.809612315750122, 3.8043466400146486, 3.7996997749328614, 3.7952181507110594, 3.7960013637542724, 3.7865330131530763, 3.7961451248168947, 3.7907126598358154, 3.795374602508545, 3.7917298641204833, 3.7919666770935057, 3.7931075187683105, 3.7923602500915528, 3.7826745933532715, 3.7846985748291018, 3.787288600921631, 3.7954029876708986],