{"loss": [], "acc": [], "test_loss": [4.646743132019043, 4.291780067443848, 4.140938984680176, 4.136173751068116, 3.8812019927978514, 3.908815966796875, 3.8646550399780275, 3.846807799911499, 3.73816325302124, 3.859598625946045, 3.6685207252502443, 3.6722606884002684, 3.7032364070892334, 3.704188017272949, 3.682717975616455, 3.6188124366760253, 3.6423340148925782, 3.6511843040466307, 3.581581972503662, 3.4281709114074705, 3.3906772094726563, 3.721889665222168, 3.4812620578765867, 3.4736281745910644, 3.5387136810302735, 3.6047167892456056, 3.589754568862915, 3.987536884689331, 3.7563575958251954, 3.6063254749298097, 3.698869984436035, 3.612327759552002, 3.659119529724121, 3.7511334957122804, 3.612049073791504, 3.7678660499572754, 3.683374098968506, 3.6404863208770752, 4.01657981338501, 3.927082229614258, 4.050561529541016, 3.816697848892212, 3.981398332977295, 3.9909769191741944, 4.083113190460205, 4.143372667694091, 4.207791536712646, 3.9864666126251223, 4.068987670516968, 4.047104948425293, 4.317428620147705, 4.253105487823486, 4.2296139389038085, 4.185520111846924, 4.174857160186767, 4.285360585021973, 4.179091167449951, 4.212579371643066, 4.317506797790528, 4.270256767272949, 4.368130757141113, 4.226420411682129, 4.250833226013183, 4.233082568359375, 4.285906746673584, 4.294772388458252, 4.275780862426758, 4.242070978546143, 4.2299570381164555, 4.242468933105469, 4.232306186676025, 4.228474314880371, 4.216545831298828, 4.226370778656006, 4.1804885498046875, 4.2102747161865235, 4.193098781585693, 4.173461898803711, 4.177404810333252, 4.173774353790283, 4.1592810935974125, 4.16890906906128, 4.1675016326904295, 4.157792420959472, 4.155602210998535, 4.156931304931641, 4.1523886528015135, 4.154664389038086, 4.162350901794434, 4.150639304351807, 4.149481242370605, 4.136911263275146, 4.155597821044922, 4.142909829711914, 4.141001554107666, 4.149619429779053, 4.154690878295899, 4.145623552703857, 4.151498719787598, 4.159771204376221], "test_acc": [1.0, 5.409999847412109, 5.420000076293945, 7.289999961853027, 10.359999656677246, 9.039999961853027, 10.139999389648438, 11.019999504089355, 13.079999923706055, 11.949999809265137, 13.4399995803833, 14.239999771118164, 13.960000038146973, 15.289999961853027, 15.359999656677246, 15.519999504089355, 16.899999618530273, 15.739999771118164, 18.31999969482422, 19.799999237060547, 20.219999313354492, 17.399999618530273, 20.579999923706055, 19.899999618530273, 19.739999771118164, 20.010000228881836, 20.850000381469727, 18.3799991607666, 20.19999885559082, 22.549999237060547, 21.719999313354492, 22.209999084472656, 22.329999923706055, 20.939998626708984, 23.979999542236328, 22.44999885559082, 23.68000030517578, 24.26999855041504, 22.760000228881836, 22.369998931884766, 21.979999542236328, 24.639999389648438, 23.31999969482422, 24.0, 23.31999969482422, 23.8799991607666, 22.69999885559082, 25.28999900817871, 25.139999389648438, 25.369998931884766, 24.719999313354492, 24.709999084472656, 25.529998779296875, 25.78999900817871, 26.01999855041504, 25.139999389648438, 26.3799991607666, 26.459999084472656, 26.35999870300293, 27.139999389648438, 26.010000228881836, 27.389999389648438, 27.559999465942383, 27.989999771118164, 27.549999237060547, 27.639999389648438, 27.889999389648438, 27.94999885559082, 28.729999542236328, 28.67999839782715, 28.529998779296875, 28.510000228881836, 29.009998321533203, 29.01999855041504, 29.219999313354492, 29.44999885559082, 29.28999900817871, 29.549999237060547, 29.299999237060547, 29.369998931884766, 29.75, 29.529998779296875, 29.259998321533203, 29.439998626708984, 29.17999839782715, 29.209999084472656, 29.28999900817871, 29.420000076293945, 29.5, 29.60999870300293, 29.529998779296875, 29.399999618530273, 29.3799991607666, 29.5, 29.689998626708984, 29.53999900817871, 29.509998321533203, 29.599998474121094, 29.479999542236328, 29.329999923706055], "wall_time": [3.580606698989868, 5.705360174179077, 7.889891147613525, 10.041006088256836, 12.225341558456421, 14.486925601959229, 16.646018743515015, 18.78085446357727, 20.789883375167847, 23.03076171875, 25.224602222442627, 27.29703640937805, 29.397467613220215, 31.646491765975952, 33.80386185646057, 36.02695631980896, 38.340768337249756, 40.47723960876465, 42.72657537460327, 45.065367460250854, 47.26408004760742, 49.575122356414795, 51.63605618476868, 53.86721754074097, 55.964088916778564, 58.19944500923157, 60.36087775230408, 62.5939576625824, 64.87653183937073, 67.13172674179077, 69.2575933933258, 71.33832120895386, 73.42968201637268, 75.55220484733582, 77.85015320777893, 79.91740894317627, 82.03809118270874, 84.19309735298157, 86.52608728408813, 88.77717423439026, 90.86376237869263, 93.05408787727356, 95.252277135849, 97.4945981502533, 99.74545431137085, 101.88264226913452, 104.01630449295044, 106.34387755393982, 108.59588861465454, 110.79585075378418, 112.99681329727173, 115.17340517044067, 117.36653971672058, 119.56667494773865, 121.72487783432007, 123.88065767288208, 126.04512739181519, 128.15817856788635, 130.35292959213257, 132.5536081790924, 134.7646565437317, 136.87428379058838, 139.00730776786804, 141.05787992477417, 143.1623306274414, 145.25302076339722, 147.42058086395264, 149.5662751197815, 151.70718383789062, 153.90043115615845, 156.14793610572815, 158.38936114311218, 160.67408442497253, 162.87928366661072, 164.96559739112854, 167.1072392463684, 169.1917381286621, 171.4309868812561, 173.55206060409546, 175.84271264076233, 177.93361830711365, 180.05923676490784, 182.14114427566528, 184.1765332221985, 186.2644760608673, 188.31968474388123, 190.42903995513916, 192.4976372718811, 194.7080385684967, 196.89883375167847, 199.01539540290833, 201.2004156112671, 203.4015393257141, 205.57438683509827, 207.72366499900818, 209.95300555229187, 212.13351941108704, 214.37085366249084, 216.5093080997467, 218.60045313835144], "val_loss": [4.652933790588379, 4.294510282897949, 4.139698204803467, 4.129509092712403, 3.887019592285156, 3.901844978713989, 3.876570232009888, 3.870119071960449, 3.737778751373291, 3.887396655654907, 3.6664438175201415, 3.671057605743408, 3.7144532485961914, 3.69708579826355, 3.683389535140991, 3.6117248542785645, 3.668218978881836, 3.6646280498504638, 3.601507437515259, 3.424297128677368, 3.4132080299377443, 3.713487644958496, 3.486730992889404, 3.4673747932434082, 3.566939540863037, 3.6327334712982178, 3.6016085033416747, 4.0346686576843265, 3.7667333923339843, 3.6348144607543946, 3.7318715980529786, 3.6498463256835936, 3.672907877731323, 3.7944331607818604, 3.6306014835357665, 3.7718079257965087, 3.698631819534302, 3.6887847953796387, 4.032133220672607, 3.9226514430999755, 4.044244414520263, 3.8394370643615723, 3.9472759929656984, 4.020849056243897, 4.0545521804809574, 4.145896272277832, 4.221392008972168, 4.013621175384522, 4.107603737640381, 4.032890558624268, 4.325806631851196, 4.275756224060059, 4.263638175201416, 4.238376441192627, 4.222891830062866, 4.292498654174804, 4.1774165782928465, 4.243797983551025, 4.294446387863159, 4.25363321762085, 4.378680488204956, 4.284849423217773, 4.29035311050415, 4.256174145126343, 4.281786262130737, 4.314132381820679, 4.310266064071655, 4.270541923141479, 4.259443785858155, 4.256034027099609, 4.240440414428711, 4.2246753074646, 4.218698970031738, 4.243721125030517, 4.186649296569824, 4.214628987121582, 4.204828732681275, 4.186981042480468, 4.192335830307007, 4.177199417114258, 4.165388613891602, 4.173546404647827, 4.175553404617309, 4.170724912261963, 4.170856103134155, 4.173986474227905, 4.165320144271851, 4.165620798492432, 4.1732560157775875, 4.16315212097168, 4.161540183639526, 4.146377289581299, 4.169939207458496, 4.152564375686645, 4.1505784393310545, 4.163140641784668, 4.16689271774292, 4.158231090164184, 4.162352469635009, 4.171372835159302],