{"loss": [], "acc": [], "test_loss": [723.8950884277343, 6.118018858337402, 1295.090746522522, 66445157.5958125, 4.628150379180908, 4.5370293098449705, 4.420377007293701, 4.558715924072265, 4.449858697509765, 4.302641402435302, 4.516257353210449, 4.319033874511719, 4.225904941558838, 4.21597541885376, 4.296629968261719, 4.387483718109131, 4.471666123962402, 4.156147912597656, 4.194200189971924, 4.1277798034667965, 4.084060525512696, 4.312013497924805, 4.072224573516846, 3.998082186126709, 4.1234348655700686, 4.104288841247558, 4.033804323577881, 4.164488664245606, 4.036524642944336, 4.135069315338135, 3.9875580116271974, 4.073307538604737, 4.067195903778076, 4.076726495361328, 4.2402937171936035, 4.036802468109131, 3.826835597229004, 3.856505644226074, 3.8462758514404296, 3.9098985443115235, 3.8443812202453613, 3.9975046062469484, 4.064962094116211, 4.012517816925048, 3.845060373687744, 3.763515040588379, 3.7398284118652345, 4.078762285232544, 3.5861627975463866, 3.644224546051025, 3.6174007904052736, 3.5970864028930665, 3.6179850742340087, 3.880553742980957, 3.63242165145874, 3.5866802684783936, 3.630947547531128, 3.7950270362854006, 3.5479998420715333, 3.463011491394043, 3.529883448791504, 3.677463720321655, 3.5423134078979492, 3.6387668968200684, 3.427886784744263, 3.503560694885254, 3.476568492126465, 3.5169185539245604, 3.4087518455505372, 3.388184896469116, 3.4064462574005128, 3.3670001194000245, 3.419650214767456, 3.384735178756714, 3.371701574707031, 3.3650008132934572, 3.4063816436767578, 3.387279256439209, 3.3540499282836915, 3.3753674922943113, 3.305056267929077, 3.412210849761963, 3.453030766296387, 3.313440135574341, 3.291161591720581, 3.3257388500213625, 3.3053655502319335, 3.297318519592285, 3.2955801792144777, 3.278091662597656, 3.279719177246094, 3.2860287517547606, 3.2786262798309327, 3.2794350242614745, 3.276419226837158, 3.2735300941467287, 3.272629901885986, 3.2726853633880615, 3.2815440326690672, 3.276968873977661], "test_acc": [0.7099999785423279, 0.9699999690055847, 1.1899999380111694, 1.159999966621399, 1.4800000190734863, 2.3899998664855957, 3.549999952316284, 2.5199999809265137, 3.0, 3.369999885559082, 3.0399999618530273, 4.049999713897705, 5.159999847412109, 5.139999866485596, 5.62999963760376, 4.119999885559082, 3.93999981880188, 5.960000038146973, 5.460000038146973, 6.539999961853027, 7.649999618530273, 6.21999979019165, 7.309999942779541, 8.40999984741211, 7.369999885559082, 8.510000228881836, 9.019999504089355, 7.289999961853027, 9.34999942779541, 9.550000190734863, 9.84000015258789, 8.5, 10.079999923706055, 10.219999313354492, 8.229999542236328, 10.429999351501465, 12.239999771118164, 12.59999942779541, 12.239999771118164, 11.929999351501465, 12.65999984741211, 11.979999542236328, 11.130000114440918, 10.679999351501465, 13.179999351501465, 14.4399995803833, 14.960000038146973, 12.289999961853027, 16.529998779296875, 16.219999313354492, 15.629999160766602, 15.589999198913574, 16.34000015258789, 14.5, 16.979999542236328, 17.119998931884766, 17.100000381469727, 15.739999771118164, 17.8799991607666, 18.59000015258789, 18.260000228881836, 17.1299991607666, 18.719999313354492, 18.469999313354492, 19.729999542236328, 18.989999771118164, 19.93000030517578, 19.010000228881836, 20.829999923706055, 21.010000228881836, 20.76999855041504, 21.369998931884766, 21.239999771118164, 21.739999771118164, 22.729999542236328, 21.94999885559082, 21.850000381469727, 21.209999084472656, 22.920000076293945, 21.869998931884766, 23.389999389648438, 21.969999313354492, 21.1299991607666, 23.189998626708984, 23.69999885559082, 23.029998779296875, 23.709999084472656, 23.56999969482422, 23.5, 23.959999084472656, 23.969999313354492, 23.549999237060547, 24.059999465942383, 23.849998474121094, 24.1299991607666, 24.1299991607666, 24.029998779296875, 24.260000228881836, 23.989999771118164, 24.1299991607666], "wall_time": [3.9296669960021973, 6.794854640960693, 10.453311204910278, 13.748884677886963, 17.259976148605347, 20.583409070968628, 24.204307317733765, 27.30525803565979, 30.44717812538147, 33.895355224609375, 37.174826860427856, 40.57777166366577, 43.301554918289185, 46.71843385696411, 49.89398765563965, 53.15305995941162, 56.435675859451294, 59.25448751449585, 62.26092505455017, 65.28792691230774, 68.6452317237854, 71.85013699531555, 74.95213222503662, 77.71405243873596, 81.17565202713013, 84.79978513717651, 88.00157070159912, 91.7789855003357, 95.23888564109802, 98.58068776130676, 102.3143208026886, 105.4751307964325, 108.24775409698486, 111.74134349822998, 115.36688113212585, 118.7646369934082, 122.25456833839417, 125.20288133621216, 128.0697638988495, 131.6083962917328, 135.084547996521, 138.27689003944397, 141.3310158252716, 144.47897696495056, 147.76792979240417, 151.0555477142334, 154.46248579025269, 157.20004868507385, 160.23543787002563, 163.4015772342682, 166.81684637069702, 169.88190531730652, 173.69734048843384, 177.0682783126831, 180.67215013504028, 184.18360543251038, 187.8150565624237, 190.98007655143738, 194.4960539340973, 197.90346837043762, 201.33305048942566, 204.62740564346313, 207.98654079437256, 211.09231400489807, 214.2437744140625, 217.85270881652832, 221.1804759502411, 224.44809412956238, 228.03258848190308, 230.9643805027008, 234.46809077262878, 237.5154881477356, 240.53674030303955, 243.8681082725525, 247.34727931022644, 250.51814794540405, 254.0914328098297, 257.47350311279297, 260.3962848186493, 263.81537103652954, 267.5447778701782, 270.78997778892517, 273.92571091651917, 277.41691160202026, 280.7601659297943, 284.3033347129822, 287.7478621006012, 290.97831559181213, 293.7613399028778, 296.83040595054626, 299.793443441391, 302.96717047691345, 306.8059434890747, 310.05402302742004, 313.27136397361755, 317.1072165966034, 320.6144030094147, 324.07276153564453, 327.51738691329956, 331.20490646362305], "val_loss": [744.126466796875, 5.263513928985596, 4.686258037567138, 4.732134080505371, 4.627447458648682, 4.543864794158935, 4.4305258537292485, 4.559419137191773, 4.466834257507324, 4.310197882080078, 4.525058274841308, 4.341338874053955, 4.2466658721923825, 4.223431874084473, 4.324028917694092, 4.404268870925903, 4.487390263748169, 4.170996368026733, 4.207084677124024, 4.147494729995728, 4.098969481658935, 4.339202967071533, 4.093320504760742, 4.013602628326416, 4.151898391342163, 4.123219325637818, 4.062622524261474, 4.179840194702148, 4.063288723373413, 4.182276190948486, 4.0215820152282715, 4.093218750762939, 4.113894495010376, 4.102030601501465, 4.281747402954101, 4.0680577877044675, 3.8506091049194335, 3.8816201847076415, 3.879839962387085, 3.9364345123291016, 3.8621004577636717, 4.035417219924927, 4.096970920944214, 4.049035227203369, 3.87215807723999, 3.7916872833251953, 3.758142171096802, 4.0969111328125, 3.6189019538879394, 3.675736079788208, 3.6433955615997315, 3.6239304805755617, 3.63753211517334, 3.893485927581787, 3.6587519218444826, 3.590417685699463, 3.6574193309783936, 3.788821919250488, 3.5732478855133056, 3.4769390430450438, 3.555736824417114, 3.719180500793457, 3.5635608989715575, 3.6456463474273684, 3.4474776428222658, 3.5269389110565186, 3.507632660675049, 3.5227847309112548, 3.4479851879119874, 3.404666668701172, 3.435049015045166, 3.3893603729248047, 3.4553150577545164, 3.411880739212036, 3.405928547668457, 3.406213441467285, 3.4264461769104004, 3.4002261417388917, 3.388263067626953, 3.4048815910339356, 3.3374864421844483, 3.4322538482666016, 3.468785802078247, 3.3430746978759767, 3.3227623497009278, 3.3549531734466553, 3.340551732635498, 3.3309858715057374, 3.3262132781982423, 3.3156361881256102, 3.3153107666015624, 3.319979424667358, 3.316286605834961, 3.3136889614105223, 3.3160171977996824, 3.308473761367798, 3.3065231956481935, 3.307819774246216, 3.3144857452392578, 3.3126251792907713],