{"loss": [], "acc": [], "test_loss": [4.612518238067627, 4.5682672554016115, 4.315384242248535, 4.23096646194458, 4.111524742889404, 4.0631454788208, 3.941314143371582, 4.0393573120117185, 3.76062433052063, 3.7656782444000245, 3.721739226913452, 3.6954417682647707, 3.847282389831543, 3.648702387237549, 3.543550416946411, 3.61214676322937, 3.520036172103882, 3.573267987060547, 3.8551604919433595, 3.403646315002441, 3.412913028717041, 3.6519653774261474, 3.325771266937256, 3.4633208042144776, 3.6054057041168215, 3.332020262145996, 3.284514503097534, 3.344224859619141, 3.334793341064453, 3.3853992374420168, 3.269839574813843, 3.273955854034424, 3.43474592590332, 3.5107962631225584, 3.2821496852874756, 3.2602984802246096, 3.2121594230651858, 3.2702505233764647, 3.3861108337402346, 3.321039003753662, 3.2696116554260253, 3.4905690963745117, 3.7197469944000243, 3.3135608753204346, 3.3265065086364745, 3.3756744178771974, 3.4157442527771, 3.533092021560669, 3.47595298576355, 3.4813404899597167, 3.7256598068237303, 3.50100101852417, 3.5031883136749267, 3.545241188430786, 3.4384420108795166, 3.415243662643433, 3.613094352722168, 3.5674143726348877, 3.50776064491272, 3.5844792209625242, 3.4477049564361573, 3.581534978866577, 3.6921654865264895, 3.6764443836212157, 3.7159268211364744, 3.6802635124206544, 3.6101897338867186, 3.577559231567383, 3.652462755584717, 3.6562837799072265, 3.6103813835144045, 3.643166237258911, 3.636553845977783, 3.637090358352661, 3.6780558681488036, 3.6443669876098634, 3.6831733253479, 3.6484800743103025, 3.64995671005249, 3.668477690887451, 3.6728673248291015, 3.657404779434204, 3.6577200225830078, 3.648971436691284, 3.6605914108276365, 3.6545950271606444, 3.6650452854156494, 3.6577408111572267, 3.6621102375030516, 3.671759687042236, 3.6587840259552, 3.6628914367675782, 3.664042293548584, 3.6578356903076172, 3.657043061828613, 3.6646538215637205, 3.6623800857543944, 3.6642514183044432, 3.662997331237793, 3.654636288070679], "test_acc": [1.2200000286102295, 1.709999918937683, 3.5999999046325684, 4.099999904632568, 6.25, 7.259999752044678, 7.279999732971191, 8.210000038146973, 9.960000038146973, 10.569999694824219, 11.90999984741211, 13.359999656677246, 12.239999771118164, 14.369999885559082, 15.079999923706055, 14.929999351501465, 16.729999542236328, 15.979999542236328, 14.739999771118164, 18.0, 18.469999313354492, 17.329999923706055, 20.75, 18.56999969482422, 19.309999465942383, 21.579999923706055, 22.529998779296875, 23.670000076293945, 22.85999870300293, 23.279998779296875, 24.59000015258789, 23.549999237060547, 23.579999923706055, 23.739999771118164, 26.170000076293945, 26.420000076293945, 27.56999969482422, 27.92999839782715, 26.349998474121094, 27.719999313354492, 27.17999839782715, 27.869998931884766, 25.969999313354492, 29.17999839782715, 28.510000228881836, 29.6299991607666, 29.219999313354492, 29.579999923706055, 28.719999313354492, 30.53999900817871, 27.829999923706055, 30.779998779296875, 30.67999839782715, 31.119998931884766, 32.21999740600586, 32.07999801635742, 31.489999771118164, 32.05999755859375, 32.709999084472656, 32.47999954223633, 34.189998626708984, 33.89999771118164, 33.18000030517578, 33.5099983215332, 34.040000915527344, 34.52000045776367, 35.02000045776367, 35.61000061035156, 35.06999969482422, 34.86000061035156, 35.82999801635742, 35.82999801635742, 35.79999923706055, 36.0, 35.32999801635742, 35.939998626708984, 36.119998931884766, 36.290000915527344, 36.439998626708984, 36.099998474121094, 36.27000045776367, 36.099998474121094, 36.709999084472656, 36.47999954223633, 36.56999969482422, 36.599998474121094, 36.61000061035156, 36.88999938964844, 36.64999771118164, 36.34000015258789, 36.5, 36.68000030517578, 36.5, 36.779998779296875, 36.5099983215332, 36.65999984741211, 36.70000076293945, 36.66999816894531, 36.79999923706055, 36.540000915527344], "wall_time": [3.9486422538757324, 6.8989949226379395, 9.702377557754517, 12.622416019439697, 15.894266366958618, 18.860576152801514, 21.797505140304565, 24.645211458206177, 27.25432801246643, 30.276555061340332, 33.20850491523743, 36.1593132019043, 39.25347447395325, 42.1668963432312, 44.9833927154541, 47.88861632347107, 50.77108883857727, 53.85942625999451, 56.85294818878174, 59.582889556884766, 62.473044872283936, 65.23359537124634, 67.94714665412903, 70.59959197044373, 73.67582607269287, 77.0515558719635, 79.80987358093262, 82.62422370910645, 85.92337465286255, 88.64245796203613, 91.76379990577698, 94.96926760673523, 98.13276171684265, 100.80024886131287, 103.84775900840759, 106.86354517936707, 109.7577702999115, 112.38030052185059, 115.35456418991089, 118.2495608329773, 121.07201027870178, 124.24205017089844, 127.03883814811707, 129.88487076759338, 132.74472379684448, 135.68892168998718, 138.43712759017944, 141.33306121826172, 144.66662049293518, 147.60015511512756, 150.70697402954102, 153.77109289169312, 156.51388335227966, 159.43978762626648, 162.34157872200012, 165.3194284439087, 168.04947996139526, 170.94532942771912, 173.944659948349, 177.25355505943298, 180.35766053199768, 183.39939856529236, 186.26944780349731, 188.92156291007996, 191.49816226959229, 194.57343530654907, 197.892413854599, 200.9595696926117, 203.72971510887146, 206.8870084285736, 209.9097011089325, 212.39610838890076, 215.48702335357666, 218.13382625579834, 220.52083587646484, 223.31625986099243, 226.2779746055603, 228.96258783340454, 232.09553027153015, 234.87235045433044, 237.5351321697235, 240.49132370948792, 243.0944483280182, 246.1185646057129, 248.93294954299927, 251.49751496315002, 254.77223181724548, 257.68028140068054, 260.6076600551605, 263.709059715271, 266.3355116844177, 269.39059233665466, 272.4628417491913, 275.47330927848816, 278.7891900539398, 281.7499010562897, 284.6074028015137, 287.16198658943176, 289.7630293369293, 292.45991039276123], "val_loss": [4.6141756149291995, 4.5766889785766605, 4.334568431854248, 4.24418858833313, 4.118703746414185, 4.061556419754028, 3.9493683990478514, 4.038007471466065, 3.7589964824676514, 3.7702875484466554, 3.730829633331299, 3.702643300628662, 3.8191276229858397, 3.651010943222046, 3.5411601596832276, 3.5793005702972414, 3.5134718315124513, 3.5815832611083986, 3.8457753593444823, 3.420676393890381, 3.424079273223877, 3.6561394958496094, 3.3312216808319093, 3.4838444938659667, 3.58234264793396, 3.3333588932037355, 3.29707031288147, 3.3253593841552735, 3.3451453353881835, 3.4093206951141357, 3.238671755218506, 3.2998074920654297, 3.4838147422790526, 3.520792068862915, 3.2874551654815676, 3.2742549346923826, 3.2548447410583496, 3.284895458984375, 3.41106180229187, 3.366272770690918, 3.305256992721558, 3.5165935276031495, 3.7392253051757813, 3.365720540237427, 3.3421864906311036, 3.4373901111602785, 3.4561134895324708, 3.594109225845337, 3.512378120422363, 3.513271430969238, 3.7479429611206054, 3.508829508972168, 3.5171936252593996, 3.5458074562072754, 3.473770453643799, 3.492549703216553, 3.6270788860321046, 3.558113021850586, 3.5558288639068603, 3.640094951248169, 3.4442736015319824, 3.6134947082519533, 3.7167414218902586, 3.715021269226074, 3.762343085479736, 3.7177658641815188, 3.650058024978638, 3.6290518714904785, 3.7035566268920896, 3.6974505249023437, 3.6584101028442384, 3.674571136474609, 3.665729118347168, 3.664170891571045, 3.724364432525635, 3.689373886489868, 3.706862108230591, 3.671266904067993, 3.6800490592956545, 3.710795150375366, 3.7184738090515137, 3.693329536437988, 3.6909051666259765, 3.688922523498535, 3.6957636894226074, 3.6946998992919924, 3.6962021675109864, 3.691632872390747, 3.6952289009094237, 3.705373401641846, 3.691853045654297, 3.6968389991760255, 3.6959738273620606, 3.6961409591674803, 3.6864133529663086, 3.7015805137634277, 3.6978452583312986, 3.701390481567383, 3.692628187561035, 3.6885713485717773],