{"loss": [], "acc": [], "test_loss": [4.621836345672607, 4.266666075897216, 4.198461305236816, 4.282204238128662, 4.12077798461914, 3.9685149574279786, 4.053120596313477, 3.979509777069092, 3.9419046226501466, 3.8367588912963866, 3.774119313812256, 3.84493822555542, 3.978114990234375, 3.875108741760254, 3.8176316749572754, 3.7004912689208984, 3.7457689910888674, 3.531774451446533, 3.6920893371582033, 3.6253399444580077, 3.406805937576294, 3.490895947265625, 3.678392973327637, 3.4176553356170656, 3.4885215911865233, 3.4010949272155764, 3.2226446807861326, 3.4037335853576662, 3.2486931549072264, 3.255490236282349, 3.2165079280853273, 3.31559912109375, 3.1853083724975586, 3.151431086730957, 3.2716196784973146, 3.344695025253296, 3.1312823238372802, 3.238226064682007, 3.2409764015197755, 3.1768863094329833, 3.1684034996032713, 3.0567723987579347, 3.1642282978057863, 3.3287894676208496, 3.028825214767456, 3.026290072631836, 3.1466435150146483, 3.213069549560547, 3.1436751461029053, 3.036511450958252, 3.2518709197998046, 3.050193440246582, 3.153366396331787, 3.142998404312134, 3.270392583847046, 3.1609365242004395, 3.1591434494018555, 3.15943677482605, 3.13072180519104, 3.2847041748046877, 3.4645302894592285, 3.211270059967041, 3.2332540420532228, 3.184333480834961, 3.186877919769287, 3.291447673034668, 3.2330763374328613, 3.2762223777770996, 3.3164731887817385, 3.3244791217803957, 3.3183536643981935, 3.345860717010498, 3.3697222427368163, 3.369813207244873, 3.326133865356445, 3.4255427726745604, 3.4511488578796388, 3.3742259979248046, 3.419014060974121, 3.403872755432129, 3.46266248626709, 3.4400227462768553, 3.3787688583374025, 3.4078396408081053, 3.414702507019043, 3.412612045288086, 3.405586427307129, 3.4122744850158693, 3.4037573554992675, 3.387508714294434, 3.395020263671875, 3.41162268447876, 3.411353978729248, 3.4016063316345213, 3.410506285095215, 3.411761361694336, 3.400798693847656, 3.412730896759033, 3.409750771331787, 3.4099624488830567], "test_acc": [1.2599999904632568, 3.629999876022339, 5.549999713897705, 4.710000038146973, 6.440000057220459, 7.599999904632568, 7.419999599456787, 8.559999465942383, 9.279999732971191, 10.59999942779541, 11.5, 9.460000038146973, 9.630000114440918, 11.239999771118164, 11.639999389648438, 12.84999942779541, 12.219999313354492, 14.889999389648438, 13.179999351501465, 14.989999771118164, 17.69999885559082, 16.270000457763672, 15.170000076293945, 17.69999885559082, 16.25, 18.719999313354492, 20.68000030517578, 18.779998779296875, 20.689998626708984, 21.889999389648438, 21.889999389648438, 19.93000030517578, 23.049999237060547, 22.939998626708984, 22.329999923706055, 22.10999870300293, 24.059999465942383, 23.469999313354492, 24.299999237060547, 25.399999618530273, 25.170000076293945, 26.579999923706055, 25.18000030517578, 23.799999237060547, 27.84000015258789, 28.85999870300293, 27.170000076293945, 27.60999870300293, 28.920000076293945, 29.899999618530273, 27.599998474121094, 29.119998931884766, 30.25, 29.6299991607666, 29.229999542236328, 30.719999313354492, 31.60999870300293, 31.239999771118164, 32.52000045776367, 30.709999084472656, 30.329999923706055, 32.70000076293945, 32.57999801635742, 33.63999938964844, 33.93000030517578, 33.369998931884766, 34.11000061035156, 34.65999984741211, 34.029998779296875, 35.20000076293945, 34.849998474121094, 34.90999984741211, 34.41999816894531, 34.86000061035156, 35.61000061035156, 34.93000030517578, 35.31999969482422, 35.849998474121094, 35.290000915527344, 36.25, 35.32999801635742, 36.369998931884766, 36.63999938964844, 36.39999771118164, 36.30999755859375, 36.349998474121094, 36.619998931884766, 36.70000076293945, 36.77000045776367, 36.959999084472656, 37.16999816894531, 36.869998931884766, 37.18000030517578, 37.27000045776367, 37.029998779296875, 37.14999771118164, 37.07999801635742, 37.05999755859375, 37.13999938964844, 37.209999084472656], "wall_time": [4.191128969192505, 7.269397974014282, 10.460814714431763, 13.37856411933899, 16.300089597702026, 19.40539312362671, 22.51924443244934, 25.62789559364319, 28.618404150009155, 31.66186833381653, 34.86162853240967, 37.945178747177124, 41.04382133483887, 44.173983097076416, 47.20561861991882, 50.271124839782715, 53.364208936691284, 56.50733399391174, 59.62851166725159, 62.635154724121094, 65.76785135269165, 68.765469789505, 71.93403911590576, 74.79141688346863, 78.01364469528198, 81.04850578308105, 83.83606314659119, 86.89224648475647, 90.05723690986633, 93.13831830024719, 96.2559163570404, 99.33213448524475, 102.44170689582825, 105.48387265205383, 108.61226677894592, 111.7264621257782, 115.16172194480896, 118.26819515228271, 121.37365579605103, 124.53112888336182, 127.7040479183197, 130.85265183448792, 133.9652395248413, 137.02007007598877, 140.2971591949463, 143.4320011138916, 146.624263048172, 149.48569989204407, 152.52125668525696, 155.47243928909302, 158.52737665176392, 161.59101843833923, 164.63060450553894, 167.64707589149475, 170.57459425926208, 173.87871646881104, 176.96636414527893, 179.93742847442627, 182.89381957054138, 186.0443892478943, 189.13539385795593, 192.3761293888092, 195.3748517036438, 198.49034929275513, 201.6623375415802, 204.80498337745667, 207.85063982009888, 210.89033222198486, 214.05170392990112, 217.14427256584167, 220.26580429077148, 223.07454872131348, 226.15511322021484, 229.2982931137085, 232.18644428253174, 234.99881982803345, 238.18187284469604, 241.11522579193115, 244.29299235343933, 247.40163493156433, 250.38870429992676, 253.43471002578735, 256.58004903793335, 259.39766573905945, 262.4420042037964, 265.50586891174316, 268.3267967700958, 271.3853003978729, 274.4457845687866, 277.6653501987457, 280.4907400608063, 283.64167523384094, 286.7569236755371, 290.0093927383423, 293.13673996925354, 296.20997047424316, 299.31393218040466, 302.21447372436523, 305.31216621398926, 308.48478293418884], "val_loss": [4.619586924743652, 4.28325920715332, 4.217107704544067, 4.303104483032227, 4.120132894897461, 3.9930613998413085, 4.077536686706543, 4.00085308265686, 3.9486356449127196, 3.8450992958068846, 3.781815747833252, 3.8383197620391845, 3.9734087493896486, 3.877031448364258, 3.8351408794403077, 3.706378572463989, 3.7649519744873046, 3.5363792907714844, 3.7136211822509764, 3.656894067764282, 3.4329972560882567, 3.5296166259765624, 3.705037823867798, 3.421951162338257, 3.5194340789794922, 3.4120326862335206, 3.2304636222839354, 3.405472541809082, 3.2733998443603514, 3.2986438594818117, 3.2580212574005127, 3.3504799854278566, 3.2046587211608886, 3.1894828018188477, 3.2998781116485594, 3.3564135787963867, 3.166095140838623, 3.2726633319854734, 3.297331126022339, 3.204853499984741, 3.159965850830078, 3.0661580436706544, 3.1695220848083494, 3.332540368270874, 3.057644984436035, 3.0662319732666017, 3.172640791320801, 3.219959336090088, 3.168403512954712, 3.095183317565918, 3.2699159423828124, 3.088281410980225, 3.199395152282715, 3.1466919399261473, 3.313728282546997, 3.1661850772857667, 3.1826547496795654, 3.1956079601287843, 3.1733346099853517, 3.3311296928405763, 3.510710272979736, 3.281986000061035, 3.2899585514068606, 3.23039666595459, 3.2807268585205076, 3.344680447769165, 3.2928167190551756, 3.281177875518799, 3.3670109588623047, 3.390219817733765, 3.352617921066284, 3.3770652183532714, 3.3761360122680664, 3.404461828613281, 3.3752647541046144, 3.4550921810150146, 3.493334373474121, 3.434446365737915, 3.4475490745544435, 3.458837107849121, 3.500132725524902, 3.4593444076538087, 3.419894921875, 3.472991084289551, 3.4668766418457033, 3.4719287315368654, 3.4593599609375, 3.4560771160125734, 3.4420943954467775, 3.427722255706787, 3.4323335834503172, 3.4475837635040283, 3.455114060211182, 3.4476467918395994, 3.4573309844970703, 3.4592322681427, 3.4500121433258055, 3.463187097167969, 3.4574539710998535, 3.4646925788879392],