{"loss": [], "acc": [], "test_loss": [4.647235879516602, 4.252026575469971, 4.171404887390136, 3.9789185470581057, 3.8672578056335447, 3.812149787902832, 3.7365696823120116, 3.7766427108764646, 3.634885573196411, 3.5334878669738767, 3.4586341430664063, 3.3944169906616213, 3.4051082702636717, 3.256410877609253, 3.2105177940368654, 3.2227608303070068, 3.247888129425049, 3.1388521404266356, 3.206454628753662, 3.3447643615722655, 3.044682172012329, 3.172925233078003, 3.0881523357391356, 3.1129332000732424, 3.367659748458862, 3.1034552253723144, 3.1895111129760743, 3.080608931350708, 3.2285466911315917, 3.24482435798645, 3.418536322021484, 3.163895207595825, 3.2890322132110597, 3.076375431060791, 3.0494204612731934, 3.1116645206451414, 3.16682804145813, 3.2494310623168947, 3.2098358657836914, 3.136235612487793, 3.346991499710083, 3.3232313835144045, 3.3019824653625487, 3.241266301345825, 3.3193031463623046, 3.310593539428711, 3.2882095848083495, 3.275564754486084, 3.510793566131592, 3.269024175262451, 3.3041744285583494, 3.1936965473175047, 3.1654724975585937, 3.2833887199401857, 3.196764294433594, 3.2306122665405272, 3.18312763671875, 3.145417254638672, 3.187133090209961, 3.0732653511047365, 3.0658154693603517, 3.037515791320801, 3.0501033462524414, 3.09234900970459, 3.0089349010467528, 3.04941654586792, 3.021573442077637, 2.9950314041137696, 3.0126392265319826, 2.974503813934326, 2.97916630897522, 2.9606205081939696, 2.966923923110962, 2.946551573562622, 2.9691988681793213, 2.935117132949829, 2.9282690147399904, 2.921250410461426, 2.9340793586730958, 2.922944199371338, 2.922808904647827, 2.8980047485351563, 2.894823937225342, 2.9006581298828125, 2.901794323730469, 2.8931404361724855, 2.891988550567627, 2.889332915878296, 2.8849253620147706, 2.899719049835205, 2.8914509441375733, 2.889553369140625, 2.8850363986968994, 2.8897415760040284, 2.8911946311950683, 2.8822407962799073, 2.8885562370300293, 2.880043039321899, 2.885894345855713, 2.888404634475708], "test_acc": [1.0, 5.37999963760376, 7.46999979019165, 8.949999809265137, 10.300000190734863, 12.789999961853027, 12.869999885559082, 13.229999542236328, 15.239999771118164, 17.170000076293945, 18.90999984741211, 18.809999465942383, 20.439998626708984, 22.689998626708984, 22.619998931884766, 23.729999542236328, 23.599998474121094, 25.5, 24.43000030517578, 24.28999900817871, 28.559999465942383, 26.65999984741211, 28.209999084472656, 29.529998779296875, 26.44999885559082, 30.19999885559082, 29.259998321533203, 31.76999855041504, 30.509998321533203, 30.0, 28.19999885559082, 31.329999923706055, 31.309999465942383, 33.84000015258789, 34.209999084472656, 34.14999771118164, 34.77000045776367, 33.439998626708984, 34.46999740600586, 35.68000030517578, 34.209999084472656, 33.029998779296875, 35.290000915527344, 36.40999984741211, 35.34000015258789, 35.86000061035156, 36.38999938964844, 37.64999771118164, 34.64999771118164, 36.849998474121094, 37.73999786376953, 38.45000076293945, 38.80999755859375, 38.099998474121094, 39.0099983215332, 39.06999969482422, 38.97999954223633, 39.18000030517578, 39.72999954223633, 41.189998626708984, 41.07999801635742, 41.30999755859375, 41.23999786376953, 40.71999740600586, 41.7599983215332, 40.89999771118164, 41.59000015258789, 41.79999923706055, 41.38999938964844, 42.0099983215332, 41.65999984741211, 42.529998779296875, 42.209999084472656, 42.39999771118164, 41.91999816894531, 42.65999984741211, 42.119998931884766, 42.439998626708984, 42.34000015258789, 42.63999938964844, 42.41999816894531, 42.7599983215332, 42.79999923706055, 42.96999740600586, 42.73999786376953, 43.0099983215332, 42.72999954223633, 43.11000061035156, 43.04999923706055, 42.96999740600586, 43.05999755859375, 43.279998779296875, 43.0099983215332, 42.75, 42.78999710083008, 43.12999725341797, 43.04999923706055, 43.14999771118164, 42.79999923706055, 42.89999771118164], "wall_time": [3.663297414779663, 5.885533332824707, 7.987016916275024, 10.135897636413574, 12.449846029281616, 14.658049821853638, 16.920923709869385, 19.090468883514404, 21.280458450317383, 23.41744112968445, 25.59516453742981, 27.77346682548523, 29.97220754623413, 32.24285554885864, 34.44664478302002, 36.60941529273987, 38.82104539871216, 40.968268632888794, 43.17861270904541, 45.33944129943848, 47.677729845047, 49.85071849822998, 52.01083469390869, 54.2820086479187, 56.48064374923706, 58.81337809562683, 60.981165170669556, 63.110772132873535, 65.32516884803772, 67.52723097801208, 69.7034604549408, 71.85305786132812, 74.05487489700317, 76.09095811843872, 78.29632520675659, 80.4638352394104, 82.6912751197815, 84.88273501396179, 87.2804000377655, 89.47183442115784, 91.69079160690308, 93.87997579574585, 96.01772928237915, 98.1984498500824, 100.39971113204956, 102.55366468429565, 104.7525634765625, 106.93492484092712, 109.01768136024475, 111.14871954917908, 113.33813214302063, 115.65686798095703, 117.84925055503845, 120.0280613899231, 122.19661617279053, 124.33373522758484, 126.50334048271179, 128.6494197845459, 130.96838855743408, 133.1297845840454, 135.34965896606445, 137.50840878486633, 139.65175199508667, 141.79387426376343, 143.96417117118835, 146.10298132896423, 148.2789328098297, 150.5274007320404, 152.75880813598633, 154.90508341789246, 157.0898404121399, 159.25870180130005, 161.42352175712585, 163.6049189567566, 165.75540781021118, 167.94377994537354, 170.19293880462646, 172.47832989692688, 174.61663579940796, 176.81865310668945, 178.94661331176758, 181.15121054649353, 183.34836387634277, 185.67333126068115, 187.82653212547302, 189.95628452301025, 192.154949426651, 194.45351099967957, 196.7357838153839, 198.905339717865, 201.09165382385254, 203.32488107681274, 205.54818892478943, 207.73594331741333, 209.8865613937378, 212.03234243392944, 214.13359451293945, 216.2588291168213, 218.46594977378845, 220.57217049598694], "val_loss": [4.646865763092041, 4.2592551727294925, 4.169777075195313, 4.0074561462402345, 3.882338466644287, 3.8399201568603516, 3.7471774684906007, 3.785242152404785, 3.6478925621032716, 3.5560801273345946, 3.471816937255859, 3.4223292320251466, 3.4351125270843506, 3.2892880207061768, 3.256557035446167, 3.2366477085113528, 3.256188229370117, 3.1843461444854735, 3.232843398284912, 3.373339315032959, 3.0681267318725585, 3.1683212631225586, 3.061065120315552, 3.137220799636841, 3.355473459625244, 3.0819050052642822, 3.1805635192871096, 3.064162610244751, 3.2067093940734863, 3.248204573059082, 3.4457800994873047, 3.1784096130371093, 3.2958702819824217, 3.1075433967590333, 3.08013311920166, 3.1292695823669434, 3.17888381690979, 3.2656203956604, 3.212752750015259, 3.129233890533447, 3.3090391330718996, 3.3796580966949463, 3.271707883834839, 3.2272060791015624, 3.317517946624756, 3.3709211738586426, 3.2641339340209963, 3.2641224716186525, 3.4915809043884276, 3.242293375015259, 3.3037634174346926, 3.172036107254028, 3.1274448287963867, 3.2932389587402344, 3.168385173034668, 3.1594667472839357, 3.174449813079834, 3.158075630187988, 3.1848071655273436, 3.103583394241333, 3.0575078353881837, 3.049337377166748, 3.0883801414489747, 3.10514616317749, 3.0142783531188964, 3.0333395988464353, 3.0201366119384767, 2.9854113967895506, 2.9999779724121094, 2.9711033401489257, 2.991407246398926, 2.9534536575317385, 2.9740020164489747, 2.936612313079834, 2.949552173614502, 2.9373450283050535, 2.9170450004577635, 2.9248871688842772, 2.921317724609375, 2.9082199775695803, 2.902931601333618, 2.8853553771972655, 2.8898061416625977, 2.884526242828369, 2.8942277870178224, 2.884953483581543, 2.8808424869537355, 2.8790505249023437, 2.8774494216918947, 2.8912791347503664, 2.885880283355713, 2.880357116699219, 2.8794355068206787, 2.886612495422363, 2.8826784286499025, 2.87643145980835, 2.8822556884765627, 2.879179186248779, 2.879293687438965, 2.8856212631225584],