{"loss": [], "acc": [], "test_loss": [4.6644329299926754, 4.486503483581543, 4.342096723937988, 4.082437265777588, 3.9884881477355956, 3.86767700881958, 3.8822212100982667, 3.917840510559082, 3.85894871673584, 3.9199230361938477, 3.7434798847198487, 3.7361986061096193, 3.828591414260864, 3.7131602294921877, 3.732675915145874, 3.677645088195801, 3.703745072174072, 3.6890659782409667, 3.482630101776123, 3.5472312351226805, 3.7002385665893556, 3.757755415725708, 3.570164176559448, 3.439079476547241, 3.5383920204162598, 3.486611119842529, 3.4702247962951662, 3.5959329071044923, 3.4269178428649902, 3.546514455795288, 3.4779820922851563, 3.6766864334106444, 3.4082123416900636, 3.9677678314208986, 3.6574937149047853, 3.580649709701538, 3.695869826889038, 3.7326171726226804, 3.536495249557495, 3.756335259246826, 3.7439539543151854, 3.7309051834106444, 3.5974955238342283, 3.7045695735931394, 3.791341032409668, 3.7617459983825685, 3.6906254379272463, 4.028176753616333, 3.7030533401489256, 3.824487936782837, 3.94765532951355, 3.829604447555542, 3.814078755950928, 3.7957449012756346, 3.8882502143859865, 3.938223703765869, 3.8625118934631346, 3.8408359436035155, 3.801799454498291, 3.7911934524536135, 3.8059381454467776, 3.7478113883972166, 3.7531385345458985, 3.8139132373809814, 3.7554199676513673, 3.8630000858306883, 3.7850353004455566, 3.749756364440918, 3.8000824478149413, 3.715232424163818, 3.69130065612793, 3.6899591117858885, 3.6834336948394775, 3.6462817443847655, 3.661164109039307, 3.6647532970428465, 3.626210637664795, 3.633080994415283, 3.6063319831848144, 3.6046477165222166, 3.6027629707336426, 3.5751392906188966, 3.6004520709991454, 3.575308533477783, 3.5745135734558104, 3.5757622192382814, 3.5638826446533205, 3.588491341781616, 3.5575452255249025, 3.5729394863128663, 3.5621381019592286, 3.5565088802337645, 3.5490272853851317, 3.548382480239868, 3.551614440536499, 3.5563803424835205, 3.5437103118896482, 3.5560398067474366, 3.5487002025604246, 3.5425069580078126], "test_acc": [1.0, 4.0, 5.899999618530273, 7.599999904632568, 9.239999771118164, 10.670000076293945, 11.279999732971191, 11.050000190734863, 12.319999694824219, 11.789999961853027, 13.339999198913574, 13.949999809265137, 12.0, 14.839999198913574, 15.079999923706055, 15.819999694824219, 15.769999504089355, 16.09000015258789, 19.43000030517578, 19.279998779296875, 17.149999618530273, 17.09000015258789, 19.93000030517578, 22.369998931884766, 21.18000030517578, 21.78999900817871, 22.010000228881836, 20.78999900817871, 22.26999855041504, 22.139999389648438, 23.979999542236328, 21.649999618530273, 24.829999923706055, 19.619998931884766, 23.53999900817871, 24.979999542236328, 24.059999465942383, 23.03999900817871, 26.19999885559082, 25.049999237060547, 24.889999389648438, 25.849998474121094, 27.34000015258789, 25.760000228881836, 26.239999771118164, 27.03999900817871, 27.76999855041504, 25.809999465942383, 28.189998626708984, 28.260000228881836, 26.53999900817871, 29.549999237060547, 29.369998931884766, 29.899999618530273, 29.10999870300293, 28.3799991607666, 30.69999885559082, 30.67999839782715, 30.139999389648438, 31.0, 31.559999465942383, 31.709999084472656, 31.75, 31.399999618530273, 32.66999816894531, 31.239999771118164, 32.32999801635742, 32.290000915527344, 31.60999870300293, 32.63999938964844, 32.869998931884766, 32.630001068115234, 33.290000915527344, 33.37999725341797, 33.62999725341797, 33.52000045776367, 33.59000015258789, 33.54999923706055, 33.779998779296875, 33.86000061035156, 33.96999740600586, 34.57999801635742, 34.04999923706055, 34.189998626708984, 34.06999969482422, 34.20000076293945, 34.34000015258789, 34.11000061035156, 34.55999755859375, 34.47999954223633, 34.32999801635742, 34.56999969482422, 34.52000045776367, 34.38999938964844, 34.59000015258789, 34.439998626708984, 34.66999816894531, 34.34000015258789, 34.52000045776367, 34.529998779296875], "wall_time": [5.677032709121704, 8.230224847793579, 10.912315130233765, 13.523404598236084, 16.03780770301819, 18.617339372634888, 21.310401916503906, 23.93302297592163, 26.291155338287354, 29.021060943603516, 31.46455717086792, 34.20785140991211, 37.02853870391846, 39.667786598205566, 42.31282138824463, 44.90404415130615, 47.30595850944519, 49.92450428009033, 52.51144552230835, 55.07321739196777, 57.726150035858154, 60.32738995552063, 62.94304871559143, 65.6048014163971, 68.212073802948, 70.81598353385925, 73.49467444419861, 76.0376455783844, 78.88487577438354, 81.4387834072113, 84.0293517112732, 86.47654819488525, 89.26807975769043, 91.83191561698914, 94.3580732345581, 97.02656054496765, 99.67921090126038, 102.32901811599731, 105.02762269973755, 107.58769130706787, 110.06941771507263, 112.63054347038269, 115.22575306892395, 117.76519298553467, 120.41111087799072, 122.90230917930603, 125.46737313270569, 128.0399990081787, 130.83038020133972, 133.33307600021362, 135.99860167503357, 138.69239807128906, 141.38887095451355, 144.11440539360046, 146.82998871803284, 149.52926540374756, 152.17706108093262, 154.66760301589966, 157.21602964401245, 159.84392833709717, 162.39422225952148, 164.8388168811798, 167.347647190094, 169.8688781261444, 172.6516354084015, 175.21108436584473, 177.65089201927185, 180.43179535865784, 183.0692949295044, 185.55048155784607, 188.13986563682556, 190.75951480865479, 193.3006627559662, 195.99785113334656, 198.63014149665833, 201.18706154823303, 203.69251656532288, 206.3422510623932, 208.93242383003235, 211.3970983028412, 214.02029967308044, 216.56962609291077, 219.1764554977417, 221.6431176662445, 224.28614211082458, 227.03273630142212, 229.57974362373352, 232.1970419883728, 234.70425295829773, 237.35071539878845, 239.9980480670929, 242.6745412349701, 245.20069456100464, 247.75465869903564, 250.47300720214844, 253.12993359565735, 255.6956021785736, 258.42714762687683, 261.0691885948181, 263.81543374061584], "val_loss": [4.66475972290039, 4.505940155792237, 4.3534085571289065, 4.0985207298278805, 4.011699822235108, 3.876532241821289, 3.8768869213104247, 3.928075458526611, 3.864966981887817, 3.9451147338867187, 3.749261448287964, 3.7447395782470703, 3.8305216159820556, 3.7309708618164064, 3.727192493057251, 3.7073294311523437, 3.689007913208008, 3.7232705055236814, 3.520419952392578, 3.568184098815918, 3.6981731426239013, 3.7931062435150147, 3.5948796062469484, 3.456884189224243, 3.5417563133239747, 3.487059379196167, 3.4634685821533204, 3.6271540977478027, 3.4727261405944825, 3.5794608322143553, 3.492360807800293, 3.682293321990967, 3.47674446105957, 4.007198295974732, 3.6956775444030763, 3.620396500015259, 3.720600759124756, 3.7440406219482423, 3.5486080196380616, 3.789996636962891, 3.801283551025391, 3.7619677543640138, 3.671807855606079, 3.772353730010986, 3.7788372314453125, 3.831945766830444, 3.7686022762298585, 4.117920384216308, 3.7402612937927247, 3.917258737182617, 3.9910684776306153, 3.838337707901001, 3.86120930480957, 3.81583095703125, 3.955013221740723, 3.987496880722046, 3.9118006401062013, 3.909814427185059, 3.8433518856048585, 3.8477230884552003, 3.8436844245910646, 3.795495851898193, 3.7849436737060547, 3.8209413360595703, 3.790821056365967, 3.863104933166504, 3.8323751342773438, 3.7589953746795652, 3.8485908996582032, 3.728723403930664, 3.7549862182617186, 3.7369942695617677, 3.7401342880249024, 3.695678071594238, 3.6896426654815673, 3.7001266635894776, 3.644310655593872, 3.6573106880187987, 3.6324865608215333, 3.6256855968475343, 3.6382333377838134, 3.613075341415405, 3.6385982482910157, 3.6100638038635253, 3.6076861545562746, 3.6087045288085937, 3.593434549713135, 3.6207403167724608, 3.590785233306885, 3.6060579162597657, 3.596966817855835, 3.5906281990051268, 3.580801258087158, 3.582851723098755, 3.5850788536071776, 3.588616857147217, 3.577570626449585, 3.5903769458770753, 3.582263028717041, 3.5744200347900392],