{"loss": [], "acc": [], "test_loss": [4.726977545166015, 4.464363432312012, 4.195335781860352, 4.219865132904053, 3.9928472930908203, 3.9988193672180175, 4.0395193130493166, 3.9430813663482667, 3.866465143966675, 3.764556312942505, 3.8960619338989257, 3.741367852783203, 3.845984926986694, 3.7504757732391356, 3.7503309772491455, 3.589916653060913, 3.8249955909729003, 3.7937679519653322, 4.1836763259887695, 3.7314201263427735, 3.5363690769195557, 3.4994968379974365, 3.669853435897827, 3.5607815738677977, 3.6354989681243897, 3.527095631790161, 3.4258643173217775, 3.6146141952514648, 3.450008982467651, 3.6341783164978025, 3.662134603500366, 3.4434867664337157, 3.567594790267944, 3.7295065338134767, 3.335052491378784, 3.501326683807373, 3.776809952545166, 3.5714411293029786, 3.551308731842041, 3.687686950302124, 3.5878540699005126, 3.534882737350464, 3.7182489784240724, 4.012686721038818, 3.6384916969299317, 3.83702508354187, 3.624260555267334, 3.7644247364044188, 3.876330696105957, 3.7697713428497313, 3.7323548416137697, 3.8330394340515137, 3.7070703842163084, 3.9237298248291017, 3.7796285751342773, 3.9470670623779296, 3.8931693511962893, 3.847863008880615, 3.875939644622803, 3.945482447052002, 3.869144246673584, 3.8788378730773925, 3.8570175323486326, 3.889108982849121, 4.036898485946655, 3.996817504501343, 3.8979810386657716, 3.90207963180542, 3.8756404594421388, 3.9488729347229006, 3.9185401390075683, 3.7732720630645753, 3.789612405395508, 3.8089981758117677, 3.779143074417114, 3.793157960510254, 3.744170112609863, 3.7680223548889162, 3.7634172866821287, 3.730153646850586, 3.7884082611083985, 3.7387296531677245, 3.7216263061523436, 3.721943698501587, 3.732515043258667, 3.713392015838623, 3.7064309768676758, 3.7077154220581057, 3.7148625930786134, 3.6961899559020996, 3.7070452857971192, 3.709309429168701, 3.7053231578826904, 3.698345973968506, 3.697181160736084, 3.695637003326416, 3.7036221324920655, 3.7016562324523927, 3.7016523155212404, 3.7046756088256836], "test_acc": [0.9899999499320984, 4.929999828338623, 5.989999771118164, 6.389999866485596, 8.519999504089355, 8.789999961853027, 8.84999942779541, 9.279999732971191, 10.829999923706055, 11.75, 11.429999351501465, 13.109999656677246, 11.279999732971191, 12.859999656677246, 13.739999771118164, 16.299999237060547, 13.9399995803833, 15.289999961853027, 11.569999694824219, 15.489999771118164, 18.010000228881836, 19.31999969482422, 18.059999465942383, 19.03999900817871, 17.899999618530273, 19.689998626708984, 20.889999389648438, 19.649999618530273, 21.489999771118164, 19.939998626708984, 20.369998931884766, 21.8799991607666, 20.869998931884766, 21.119998931884766, 24.639999389648438, 22.139999389648438, 20.219999313354492, 24.219999313354492, 23.849998474121094, 23.149999618530273, 23.51999855041504, 24.15999984741211, 23.619998931884766, 22.119998931884766, 24.479999542236328, 24.579999923706055, 25.90999984741211, 25.85999870300293, 24.09000015258789, 25.809999465942383, 26.78999900817871, 26.939998626708984, 26.76999855041504, 25.28999900817871, 26.549999237060547, 26.279998779296875, 27.34000015258789, 27.899999618530273, 28.829999923706055, 27.67999839782715, 28.69999885559082, 29.709999084472656, 29.469999313354492, 29.729999542236328, 28.209999084472656, 28.649999618530273, 30.19999885559082, 29.439998626708984, 30.920000076293945, 29.049999237060547, 29.84000015258789, 31.26999855041504, 31.19999885559082, 30.78999900817871, 31.67999839782715, 31.549999237060547, 31.78999900817871, 31.639999389648438, 32.029998779296875, 32.119998931884766, 31.239999771118164, 31.59000015258789, 32.05999755859375, 32.41999816894531, 32.04999923706055, 31.979999542236328, 32.20000076293945, 32.27000045776367, 32.45000076293945, 32.27000045776367, 32.30999755859375, 32.07999801635742, 32.38999938964844, 32.439998626708984, 32.5099983215332, 32.54999923706055, 32.529998779296875, 32.279998779296875, 32.54999923706055, 32.47999954223633], "wall_time": [4.4602179527282715, 7.569461345672607, 10.695033550262451, 13.488125562667847, 16.515586137771606, 19.61514687538147, 22.753937244415283, 25.76809573173523, 28.864726543426514, 31.960582494735718, 35.11207818984985, 38.318424463272095, 41.41987705230713, 44.46902561187744, 47.51658868789673, 50.58606028556824, 53.97591805458069, 57.10199332237244, 60.223705530166626, 63.30144023895264, 66.24906015396118, 69.33311438560486, 72.39788484573364, 75.35574555397034, 78.39122486114502, 81.31641221046448, 84.18486189842224, 87.50976347923279, 90.78550934791565, 93.77192544937134, 96.95651602745056, 99.96119213104248, 102.84020519256592, 105.88835430145264, 108.87182331085205, 111.98953557014465, 115.14038801193237, 118.2853798866272, 121.26215410232544, 123.97858023643494, 127.04481911659241, 130.17857789993286, 133.15400910377502, 135.91279697418213, 139.09029412269592, 142.0638029575348, 145.10262966156006, 148.1587677001953, 151.16745257377625, 154.30843925476074, 157.27854800224304, 160.52013397216797, 163.28683185577393, 166.40817213058472, 169.5780370235443, 172.71243381500244, 175.53765392303467, 178.63834190368652, 181.76142621040344, 184.96413111686707, 187.9753863811493, 191.18885135650635, 194.1835024356842, 196.99835753440857, 199.74785780906677, 202.85534405708313, 206.0015218257904, 209.12502765655518, 212.1158573627472, 215.22112774848938, 217.9427649974823, 220.97402238845825, 223.83239340782166, 226.94089674949646, 229.57864236831665, 232.56849431991577, 235.71098160743713, 238.76156759262085, 241.64695763587952, 244.31697964668274, 247.3654203414917, 250.39169216156006, 253.2937250137329, 255.82100439071655, 258.7112410068512, 261.85558438301086, 264.7852120399475, 267.7555420398712, 270.8272190093994, 273.62059354782104, 276.713152885437, 279.8417446613312, 282.8365218639374, 286.0281505584717, 288.91175079345703, 291.96488904953003, 295.0974237918854, 298.2686903476715, 301.33692026138306, 304.5261218547821], "val_loss": [4.730001100921631, 4.461372138214111, 4.204772451400757, 4.236913549041748, 3.9950968379974365, 4.00791298904419, 4.070037225723267, 3.9539513851165773, 3.8960982139587403, 3.7708764308929443, 3.9132174476623534, 3.759550930786133, 3.8604272598266602, 3.767270165634155, 3.7800788707733153, 3.6315223628997804, 3.839585401916504, 3.802576094055176, 4.1699810806274415, 3.7884272174835205, 3.5712096450805664, 3.5314587242126465, 3.710550193786621, 3.6061604305267334, 3.6774222087860107, 3.605822005844116, 3.478583679962158, 3.670112523651123, 3.4613599670410156, 3.6499804069519044, 3.736879390716553, 3.471356864929199, 3.5974005317687987, 3.737589052581787, 3.3460343994140627, 3.5658990745544434, 3.8044458000183106, 3.622368515777588, 3.6045480625152586, 3.716535581970215, 3.6762106002807617, 3.5429326583862304, 3.789611463928223, 4.04773129272461, 3.714004510498047, 3.850573969268799, 3.638615296936035, 3.810542896270752, 3.9155084762573242, 3.7788534622192382, 3.7346116233825684, 3.8813872604370117, 3.6781188980102537, 3.89688325881958, 3.7796546031951905, 3.9925714111328126, 3.9340002853393554, 3.8356036010742187, 3.919618127441406, 3.9284944374084474, 3.863520429992676, 3.866575395965576, 3.8968992698669433, 3.9708302497863768, 4.076782402801514, 4.036110333251953, 3.930460234069824, 3.922804895019531, 3.901611447906494, 3.995368268585205, 3.979454793548584, 3.8228314682006834, 3.8508915855407713, 3.8685534591674804, 3.8178701431274416, 3.835832115936279, 3.781497998046875, 3.7917457550048828, 3.795160922241211, 3.7617063552856447, 3.839804998779297, 3.7814061325073243, 3.751093923187256, 3.761976153564453, 3.7752039237976076, 3.7516344871520997, 3.7470195068359375, 3.752300619506836, 3.7523637054443357, 3.731447147369385, 3.7380197616577147, 3.742459912109375, 3.7314836395263673, 3.7296006797790526, 3.7287161911010744, 3.722811656188965, 3.7294864486694337, 3.7303773223876955, 3.727578427886963, 3.7358960708618163],