{"loss": [], "acc": [], "test_loss": [4.643060845947265, 4.2193358016967775, 4.249365419769287, 4.135191599273682, 4.0553363521575925, 3.9250667472839353, 3.796721318054199, 3.887764000701904, 3.7934476020812986, 3.648216281890869, 3.7174137306213377, 3.7435787868499757, 3.594903388977051, 3.810341311645508, 3.467322622299194, 3.5401805011749268, 3.489492919921875, 3.4676502166748047, 3.3271815582275392, 3.531527550506592, 3.393793128204346, 3.401315417098999, 3.50513846282959, 3.479334754180908, 3.2565058475494384, 3.3403317485809327, 3.229292233276367, 3.411052953720093, 3.423151727294922, 3.212807967376709, 3.4308987171173095, 3.470280818557739, 3.569334428024292, 3.4524919704437256, 3.4785763683319093, 3.3662147468566896, 3.2598298572540285, 3.4403883293151853, 3.4545749977111817, 3.7054640895843507, 3.3972796020507814, 3.627071068572998, 3.4130785633087157, 3.8769238288879393, 3.4150633766174314, 3.553830471038818, 3.482310997772217, 3.46129687538147, 3.6806338653564454, 3.545682731246948, 3.529446152496338, 3.463274394226074, 3.442842436981201, 3.615435929107666, 3.5775714683532716, 3.4461838161468505, 3.493208229827881, 3.451491014480591, 3.6565736011505128, 3.492918377685547, 3.3759105995178222, 3.6291018089294433, 3.487370143890381, 3.3674399368286134, 3.4024303230285646, 3.4382309860229494, 3.3976032264709475, 3.337720742034912, 3.3600862339019777, 3.3583224018096924, 3.3038920001983643, 3.246837910461426, 3.3647789573669433, 3.321983638763428, 3.302648966217041, 3.2671786262512206, 3.2749723545074465, 3.2492608032226564, 3.230015047454834, 3.2180986614227294, 3.238676647186279, 3.226611446762085, 3.2008562545776367, 3.1809497550964356, 3.1832324531555174, 3.171390846633911, 3.1818553714752196, 3.174817331695557, 3.1856352565765382, 3.1830458351135253, 3.166197800064087, 3.1696373207092283, 3.1669271484375, 3.161704775238037, 3.1671933570861817, 3.1720749908447265, 3.1706474227905272, 3.1699482833862302, 3.167849629211426, 3.1691600814819334], "test_acc": [1.0, 5.670000076293945, 6.079999923706055, 6.929999828338623, 8.269999504089355, 9.989999771118164, 11.15999984741211, 10.920000076293945, 12.789999961853027, 15.799999237060547, 14.579999923706055, 14.719999313354492, 17.06999969482422, 14.9399995803833, 18.899999618530273, 19.029998779296875, 18.0, 18.469999313354492, 22.079999923706055, 20.529998779296875, 21.689998626708984, 22.40999984741211, 21.479999542236328, 22.420000076293945, 24.56999969482422, 24.8799991607666, 25.399999618530273, 24.760000228881836, 24.279998779296875, 26.529998779296875, 24.119998931884766, 24.309999465942383, 24.979999542236328, 26.06999969482422, 27.1299991607666, 27.42999839782715, 28.719999313354492, 26.959999084472656, 27.75, 25.44999885559082, 29.579999923706055, 27.729999542236328, 30.219999313354492, 26.049999237060547, 30.099998474121094, 29.69999885559082, 31.56999969482422, 31.839998245239258, 30.76999855041504, 31.15999984741211, 32.61000061035156, 32.86000061035156, 33.43000030517578, 32.369998931884766, 32.599998474121094, 34.88999938964844, 34.66999816894531, 34.5, 33.189998626708984, 34.540000915527344, 35.89999771118164, 33.7599983215332, 35.21999740600586, 36.02000045776367, 36.209999084472656, 36.040000915527344, 36.45000076293945, 37.11000061035156, 36.599998474121094, 36.41999816894531, 37.0, 38.16999816894531, 36.88999938964844, 37.13999938964844, 37.59000015258789, 37.290000915527344, 37.45000076293945, 38.029998779296875, 38.189998626708984, 38.36000061035156, 37.97999954223633, 38.31999969482422, 38.209999084472656, 38.88999938964844, 38.369998931884766, 38.5099983215332, 38.52000045776367, 38.21999740600586, 38.279998779296875, 38.57999801635742, 38.70000076293945, 38.599998474121094, 38.64999771118164, 38.81999969482422, 38.7599983215332, 38.71999740600586, 38.68000030517578, 38.62999725341797, 38.79999923706055, 38.84000015258789], "wall_time": [3.7527377605438232, 5.9820005893707275, 8.07871127128601, 10.156018495559692, 12.290591478347778, 14.556631565093994, 16.763105869293213, 18.92980980873108, 21.315988302230835, 23.49318242073059, 25.688734531402588, 27.916006088256836, 30.05407452583313, 32.200519323349, 34.40692090988159, 36.65076398849487, 38.89788746833801, 40.878859996795654, 43.19511103630066, 45.45470595359802, 47.58808517456055, 49.9028902053833, 51.84868502616882, 53.95668840408325, 56.16533064842224, 58.515785694122314, 60.67871594429016, 62.7983455657959, 64.94886612892151, 67.09369015693665, 69.30645108222961, 71.47991371154785, 73.78257083892822, 76.10831308364868, 78.54775810241699, 80.73288774490356, 82.80315041542053, 84.99090361595154, 87.24145126342773, 89.37513828277588, 91.51571536064148, 93.71200466156006, 95.83287072181702, 98.14262628555298, 100.34339046478271, 102.74679636955261, 104.84272480010986, 106.89066696166992, 109.03449606895447, 111.16037321090698, 113.39880776405334, 115.46457242965698, 117.63610482215881, 119.92576169967651, 121.98295664787292, 124.18043851852417, 126.4174690246582, 128.5501561164856, 130.7827513217926, 132.94576501846313, 135.19523406028748, 137.37094640731812, 139.66572618484497, 141.90410494804382, 144.20247149467468, 146.3806073665619, 148.7652575969696, 150.90501523017883, 153.3119478225708, 155.51489186286926, 157.61552667617798, 159.67652201652527, 161.84437465667725, 164.0669252872467, 165.9962866306305, 168.22907304763794, 170.45630192756653, 172.6495440006256, 174.78627634048462, 176.82768869400024, 178.99129915237427, 181.35678911209106, 183.53306102752686, 185.87001824378967, 188.2117555141449, 190.45352172851562, 192.5763382911682, 194.80226373672485, 197.0071370601654, 199.19587349891663, 201.469544172287, 203.74517583847046, 205.9386019706726, 208.0304114818573, 210.30854678153992, 212.45507049560547, 214.60805988311768, 216.83792972564697, 219.05195498466492, 221.38072681427002], "val_loss": [4.64735622253418, 4.238576474380493, 4.260348620605469, 4.158981629562378, 4.073121282958985, 3.947051848220825, 3.8041702224731444, 3.892901926040649, 3.8271154579162596, 3.6470827919006346, 3.7460740154266357, 3.7572467876434326, 3.618520129776001, 3.8169721107482912, 3.465856969451904, 3.527509037780762, 3.5092312461853026, 3.504067820739746, 3.3382835567474367, 3.566171252441406, 3.421702367401123, 3.4130760452270508, 3.500143005371094, 3.515199594497681, 3.2703712341308595, 3.3882575397491457, 3.2374921882629395, 3.4808018058776855, 3.4590217189788817, 3.256642042541504, 3.4697675975799562, 3.4855707221984864, 3.5903083202362063, 3.4714343700408934, 3.5049453773498533, 3.382904737472534, 3.3162753440856934, 3.455279821777344, 3.4494091640472413, 3.6528541637420653, 3.4135355792999267, 3.6115964809417727, 3.3959284957885743, 3.9160983291625975, 3.4730315761566164, 3.5773231513977053, 3.47797232131958, 3.479606887054443, 3.6668378021240233, 3.587153353500366, 3.545745997619629, 3.527409365463257, 3.473508362197876, 3.645273907470703, 3.588995951461792, 3.4760897571563723, 3.4918073356628416, 3.48878131980896, 3.6438916625976563, 3.512611291885376, 3.41738472366333, 3.667462591171265, 3.505778485870361, 3.3923371696472167, 3.441296407699585, 3.478383935546875, 3.4405683032989502, 3.3965643241882324, 3.3937412269592286, 3.4107730640411376, 3.3594510242462157, 3.3010845703125, 3.3858715534210204, 3.3683015182495115, 3.348890965270996, 3.316817343902588, 3.3250305152893067, 3.28481381111145, 3.2877928604125977, 3.2693946811676025, 3.2899823192596434, 3.2626726779937743, 3.2537727142333983, 3.234707653427124, 3.233386860656738, 3.218966891479492, 3.2326431045532225, 3.2271947231292724, 3.2365594451904296, 3.2287114650726316, 3.21725153427124, 3.2235068534851075, 3.222255041503906, 3.2138311115264893, 3.2191619262695315, 3.218571086502075, 3.2224088314056396, 3.219529895401001, 3.2215000705718992, 3.2212282413482667],