{"loss": [], "acc": [], "test_loss": [4.630700965881347, 4.5956710372924805, 4.177570613098145, 4.1562953903198245, 4.033495695495605, 3.9579046073913573, 3.9637008155822753, 3.802909931182861, 4.072584605407715, 3.669589518737793, 3.7010446239471437, 3.8536984741210936, 3.644973946762085, 3.6296540924072267, 3.528103106689453, 3.3964993965148924, 3.3944494564056398, 3.336435422515869, 3.243220363998413, 3.3054101345062255, 3.3402113723754883, 3.1231076896667482, 3.299300875854492, 3.042330069351196, 2.953555210876465, 3.1037429122924807, 3.0111946327209473, 2.931704837799072, 3.017097309875488, 3.068131852722168, 2.9993329738616943, 3.0093369243621826, 3.0333601768493654, 3.0264397315979004, 2.911592387008667, 2.9569135410308838, 3.1256754207611084, 2.936757596588135, 3.121087083053589, 3.153063259124756, 3.2339523391723635, 3.033302043914795, 2.928652028274536, 3.081690145111084, 3.0123721473693847, 2.823548971557617, 2.9434303367614745, 2.9820459411621094, 3.0645681995391847, 2.883678101348877, 3.026761791229248, 2.9200699592590333, 2.9572026550292967, 3.192700521469116, 3.021679887008667, 2.9986709384918213, 3.0643644145965574, 3.0270735515594485, 3.159505646133423, 3.0961083908081055, 3.1330738105773928, 3.1765179672241213, 3.1161169067382812, 3.092404704284668, 3.0981536651611328, 3.0904695846557617, 3.1564857543945313, 3.2500548351287843, 3.2047335552215577, 3.1592134742736815, 3.216248985671997, 3.193997520828247, 3.1525451164245606, 3.2518399688720705, 3.1851453475952147, 3.1833776390075683, 3.3211281074523926, 3.2338526718139646, 3.260814017868042, 3.2018969738006593, 3.227572819137573, 3.2200092864990233, 3.253585654449463, 3.259943427658081, 3.2641421722412107, 3.2510332626342775, 3.2283346389770506, 3.2155422065734864, 3.238963200378418, 3.2142619434356687, 3.2259382606506346, 3.229534194946289, 3.2242564895629884, 3.2348183727264406, 3.2264169769287108, 3.230992869567871, 3.235046862411499, 3.2237482208251955, 3.2327588073730467, 3.229578470993042], "test_acc": [1.0, 3.8399999141693115, 5.039999961853027, 6.049999713897705, 7.210000038146973, 7.62999963760376, 8.559999465942383, 9.889999389648438, 8.469999313354492, 13.059999465942383, 12.75, 11.819999694824219, 14.269999504089355, 13.869999885559082, 16.119998931884766, 17.78999900817871, 18.079999923706055, 19.3799991607666, 20.579999923706055, 19.489999771118164, 19.260000228881836, 22.549999237060547, 21.219999313354492, 23.93000030517578, 25.899999618530273, 23.639999389648438, 25.90999984741211, 26.3799991607666, 26.479999542236328, 26.349998474121094, 26.92999839782715, 26.209999084472656, 26.549999237060547, 27.729999542236328, 29.34000015258789, 28.1299991607666, 27.149999618530273, 28.989999771118164, 27.469999313354492, 28.5, 25.939998626708984, 28.260000228881836, 30.42999839782715, 29.399999618530273, 31.439998626708984, 33.21999740600586, 31.709999084472656, 32.5099983215332, 30.899999618530273, 33.55999755859375, 31.479999542236328, 34.20000076293945, 33.790000915527344, 32.540000915527344, 33.459999084472656, 33.47999954223633, 33.98999786376953, 35.31999969482422, 33.619998931884766, 34.34000015258789, 34.63999938964844, 34.29999923706055, 35.779998779296875, 35.90999984741211, 36.15999984741211, 36.79999923706055, 36.14999771118164, 35.5, 35.89999771118164, 37.349998474121094, 36.84000015258789, 37.56999969482422, 37.48999786376953, 37.27000045776367, 37.959999084472656, 38.540000915527344, 37.30999755859375, 37.96999740600586, 38.22999954223633, 38.72999954223633, 39.0099983215332, 38.86000061035156, 38.709999084472656, 38.63999938964844, 39.34000015258789, 39.25, 39.37999725341797, 39.709999084472656, 39.5099983215332, 39.40999984741211, 39.78999710083008, 39.63999938964844, 39.709999084472656, 39.77000045776367, 39.66999816894531, 39.82999801635742, 39.68000030517578, 39.57999801635742, 39.7599983215332, 39.65999984741211], "wall_time": [3.533489942550659, 6.281795263290405, 9.00904631614685, 11.73556900024414, 14.28629732131958, 16.801182508468628, 19.568663597106934, 22.218730449676514, 24.88716769218445, 27.590587615966797, 30.155208349227905, 32.645845890045166, 35.29715013504028, 37.66337203979492, 40.43808913230896, 43.21448040008545, 45.95849537849426, 48.58962559700012, 51.26431107521057, 53.9025137424469, 56.515711307525635, 59.1118745803833, 61.772324562072754, 64.36849522590637, 66.88873076438904, 69.53400492668152, 72.29547929763794, 74.9371657371521, 77.53915786743164, 80.16296243667603, 82.70989489555359, 85.34868931770325, 88.08482933044434, 90.70780038833618, 93.3662588596344, 95.95226335525513, 98.57570815086365, 101.37169241905212, 104.07410669326782, 106.74664258956909, 109.44774031639099, 111.8777437210083, 114.58776640892029, 117.17477440834045, 119.76530003547668, 122.36203479766846, 125.1380226612091, 127.8750672340393, 130.5312385559082, 133.14073204994202, 135.55261874198914, 138.45859050750732, 141.1623659133911, 143.85877871513367, 146.54336404800415, 149.3645420074463, 151.78227019309998, 154.3487904071808, 156.94335985183716, 159.43130898475647, 162.28156661987305, 164.67862224578857, 167.55839323997498, 170.33056807518005, 172.85857605934143, 175.4298598766327, 177.7299563884735, 180.3358826637268, 182.93169045448303, 185.75806665420532, 188.4633285999298, 190.92180633544922, 193.6751353740692, 196.14734148979187, 198.6864058971405, 201.2727484703064, 203.9834201335907, 206.7691195011139, 209.29393577575684, 211.99958682060242, 214.8270664215088, 217.57217931747437, 220.18102860450745, 222.88207125663757, 225.4791316986084, 228.1516797542572, 230.826673746109, 233.55810499191284, 236.05308413505554, 238.82709908485413, 241.5624976158142, 244.06446623802185, 246.78980422019958, 249.5563941001892, 252.12325644493103, 254.94926500320435, 257.5568549633026, 260.2353219985962, 262.841347694397, 265.5867712497711], "val_loss": [4.636602747344971, 4.615468991088867, 4.1823081680297856, 4.146264382934571, 4.039770402145386, 3.9680103424072266, 3.981106455993652, 3.8158346794128417, 4.080607972717285, 3.6837559242248537, 3.725932606124878, 3.853643593597412, 3.6412147438049316, 3.639943919754028, 3.5463629661560057, 3.4145199951171876, 3.409858250808716, 3.3311937435150147, 3.2628826358795164, 3.3151062675476073, 3.3573483688354493, 3.158281047821045, 3.3264296493530274, 3.0269563007354736, 2.9871752502441407, 3.1340428314208983, 3.036041321182251, 2.972435527420044, 3.0542558158874513, 3.094312163543701, 3.047699753570557, 3.0544454013824462, 3.054310789489746, 3.046432688140869, 2.9837401996612547, 2.9757615447998047, 3.1449995624542235, 2.979293440246582, 3.1635553817749025, 3.1824659477233888, 3.2430357639312746, 3.072912712097168, 2.9412612186431883, 3.100559076690674, 3.022812134170532, 2.831630990028381, 2.960025910568237, 2.997873690032959, 3.084698266983032, 2.9058801986694336, 3.022182068634033, 2.9651360111236573, 2.98978931388855, 3.2243204849243163, 3.0198665451049806, 2.9878867782592775, 3.0609077850341797, 3.0116555854797364, 3.1823248336791994, 3.1169889301300047, 3.182167401123047, 3.173794739151001, 3.146247910308838, 3.0788070888519288, 3.0790283489227295, 3.1067550842285154, 3.171112065124512, 3.2766291278839113, 3.1991176898956297, 3.165144869995117, 3.2131351497650145, 3.1972253616333006, 3.1477077739715575, 3.2456403289794924, 3.1941959602355956, 3.1787606842041014, 3.353271365737915, 3.2316448040008545, 3.2422137176513672, 3.2368331607818606, 3.2372710746765136, 3.217786087036133, 3.2504614879608154, 3.250221937942505, 3.239373413467407, 3.2365406173706055, 3.2276614543914794, 3.2175193489074707, 3.236609038543701, 3.217504543685913, 3.2260377578735353, 3.2363697639465334, 3.236940045928955, 3.2418038623809813, 3.2329121910095213, 3.2348374057769775, 3.239462815093994, 3.2288240825653074, 3.2382777919769286, 3.23725403213501],