{"loss": [], "acc": [], "test_loss": [4.553479081726074, 4.104457543182373, 4.203459677886963, 4.334885733032227, 4.031951741027832, 3.9903834770202637, 4.163473845672607, 4.136132875823975, 3.930632353210449, 3.808459046936035, 3.9853872261047365, 4.068031240844727, 4.003603454208374, 3.9334235549926757, 3.916347389984131, 4.386919023895263, 4.0173535171508785, 3.9047513359069823, 3.986797834777832, 3.857632550430298, 3.899160104370117, 3.773200935745239, 4.181757117462158, 3.8282914138793944, 3.887998207092285, 3.823730339050293, 3.9066661140441896, 4.072894460296631, 3.779030492019653, 4.4473763195037845, 3.86913522567749, 3.6682892234802247, 3.6213294261932374, 3.8272370819091797, 3.7082669578552245, 4.298863882446289, 4.432584571838379, 3.689747727203369, 3.702881104660034, 4.061785368728637, 3.797091381072998, 3.8937788719177244, 3.7840284507751463, 4.447808126831054, 3.9302398559570313, 3.4814672889709475, 3.4617726150512693, 3.4162338203430176, 3.417261734008789, 3.262121920776367, 3.5063214965820313, 3.4116799179077146, 3.3181835792541503, 3.5969354484558105, 3.2148491928100587, 3.112410443496704, 3.0338696815490724, 3.045707795715332, 3.1717291259765625, 3.2453525188446046, 3.00299701461792, 2.9344421844482422, 3.0329523860931396, 2.9206206439971925, 3.0020867191314697, 2.8935968101501466, 2.848310640716553, 2.890696743774414, 2.9036270751953124, 2.779181457901001, 2.7856885761260988, 2.7798867584228515, 2.734614926147461, 2.733712603378296, 2.70225361289978, 2.688175005340576, 2.6593995048522947, 2.6460315704345705, 2.687054179763794, 2.6465711711883544, 2.6518231895446776, 2.6367326736450196, 2.573110426712036, 2.5522467597961427, 2.552179795074463, 2.5407859985351564, 2.5303892051696777, 2.5166116706848145, 2.4975085411071776, 2.494752175140381, 2.4905951862335205, 2.4856428993225097, 2.470789249420166, 2.467499777984619, 2.463832957458496, 2.461740381240845, 2.453934795379639, 2.4572730167388914, 2.4575375907897947, 2.4568002376556395], "test_acc": [4.269999980926514, 6.309999942779541, 5.619999885559082, 3.669999837875366, 6.389999866485596, 7.519999980926514, 5.369999885559082, 6.239999771118164, 7.779999732971191, 9.469999313354492, 7.769999980926514, 7.089999675750732, 7.319999694824219, 8.239999771118164, 8.269999504089355, 4.880000114440918, 7.399999618530273, 8.819999694824219, 8.289999961853027, 8.929999351501465, 8.529999732971191, 10.15999984741211, 6.769999980926514, 9.369999885559082, 8.510000228881836, 10.380000114440918, 8.949999809265137, 7.659999847412109, 10.309999465942383, 6.949999809265137, 8.960000038146973, 11.5, 12.65999984741211, 10.75999927520752, 11.489999771118164, 8.109999656677246, 7.230000019073486, 12.059999465942383, 12.139999389648438, 10.969999313354492, 12.460000038146973, 9.949999809265137, 11.069999694824219, 7.87999963760376, 9.84000015258789, 14.710000038146973, 14.719999313354492, 15.25, 15.799999237060547, 18.44999885559082, 14.59999942779541, 15.949999809265137, 17.53999900817871, 15.379999160766602, 19.1299991607666, 21.049999237060547, 21.829999923706055, 21.529998779296875, 19.53999900817871, 19.520000457763672, 22.369998931884766, 23.299999237060547, 22.369998931884766, 24.309999465942383, 22.149999618530273, 24.31999969482422, 25.189998626708984, 24.760000228881836, 24.78999900817871, 27.209999084472656, 26.760000228881836, 27.34000015258789, 28.029998779296875, 27.760000228881836, 28.829999923706055, 28.75, 29.729999542236328, 30.049999237060547, 28.579999923706055, 29.689998626708984, 29.17999839782715, 29.959999084472656, 31.10999870300293, 31.420000076293945, 31.53999900817871, 31.809999465942383, 32.11000061035156, 32.59000015258789, 32.73999786376953, 32.619998931884766, 33.2599983215332, 33.15999984741211, 33.189998626708984, 33.5099983215332, 33.91999816894531, 33.689998626708984, 33.68000030517578, 33.68000030517578, 33.57999801635742, 33.57999801635742], "wall_time": [7.117801666259766, 14.283356428146362, 21.48693871498108, 27.926761150360107, 34.97003364562988, 42.081968545913696, 48.440253496170044, 55.500245094299316, 61.855422496795654, 68.70160007476807, 76.07743287086487, 83.52279686927795, 90.18948197364807, 97.40180826187134, 104.52820229530334, 111.48398041725159, 118.2411003112793, 124.8119604587555, 132.08281707763672, 138.4764370918274, 144.89244437217712, 152.14225912094116, 158.72003316879272, 166.05612015724182, 172.53367376327515, 179.7922489643097, 185.90855193138123, 192.86167073249817, 199.2548611164093, 206.4352560043335, 213.74456930160522, 220.97715020179749, 227.85282158851624, 235.29072451591492, 241.47553944587708, 248.83107233047485, 256.0222878456116, 262.9814202785492, 269.81110310554504, 276.84507727622986, 284.5104458332062, 291.8607692718506, 298.81049704551697, 305.9821071624756, 313.40615701675415, 320.1884081363678, 327.2692542076111, 334.38455057144165, 340.78219723701477, 347.32051277160645, 354.554461479187, 361.84623289108276, 369.0217978954315, 376.2291760444641, 383.10266613960266, 389.92537569999695, 396.523930311203, 403.93694043159485, 410.953644990921, 418.3656196594238, 425.760596036911, 432.47764348983765, 439.99505281448364, 447.19748759269714, 454.6121871471405, 460.7299590110779, 467.42621660232544, 474.1266436576843, 481.31249833106995, 488.5937707424164, 495.9181115627289, 502.9646224975586, 509.38447999954224, 516.721319437027, 523.2465171813965, 530.1284425258636, 537.267217874527, 544.5667033195496, 552.1103451251984, 559.122496843338, 566.0226137638092, 573.4937484264374, 580.6372776031494, 587.1536030769348, 594.6832506656647, 601.9889068603516, 609.299391746521, 616.3993108272552, 622.927722454071, 630.1645483970642, 637.486165523529, 644.6048169136047, 651.600857257843, 658.7510945796967, 666.0082194805145, 673.5220324993134, 680.1192193031311, 687.6747877597809, 694.0992231369019, 700.4615194797516], "val_loss": [4.580020516967774, 4.113644476699829, 4.20527112121582, 4.342637470245362, 4.037879224395752, 3.999813694000244, 4.161820944976807, 4.151581330108643, 3.936594700241089, 3.8203234508514403, 3.9890706062316896, 4.085189471817016, 4.0216544799804685, 3.947396166229248, 3.9324007484436034, 4.4019373046875, 4.032720538330078, 3.906155869293213, 4.00819681930542, 3.8848350017547606, 3.9062295921325685, 3.7730045372009275, 4.197792295837402, 3.8193108837127685, 3.88338469581604, 3.821025256347656, 3.9276088066101074, 4.104377062225342, 3.785986996459961, 4.468081373596191, 3.8801868549346925, 3.6889456527709963, 3.657948669052124, 3.8555932525634766, 3.732073000717163, 4.325881517791748, 4.422596705627441, 3.7013650772094726, 3.722015588760376, 4.0860978515625, 3.8336721786499024, 3.920304889678955, 3.7970271263122557, 4.438527027130127, 3.924732221221924, 3.501152269744873, 3.4887274726867674, 3.4358964103698733, 3.421671717453003, 3.277238708496094, 3.54356660118103, 3.431889828109741, 3.3456886280059814, 3.6282603519439696, 3.2499516986846926, 3.143617963027954, 3.0589297760009764, 3.0492581314086915, 3.182680855178833, 3.263128707885742, 3.017236711883545, 2.9455315616607667, 3.052721918106079, 2.932775605010986, 3.0141011005401612, 2.9097972450256346, 2.855196150970459, 2.9010285091400148, 2.911968822479248, 2.78959208984375, 2.7955442039489746, 2.7723799907684326, 2.7328897281646727, 2.7364285758972167, 2.719302266693115, 2.704692681121826, 2.6594641441345215, 2.6398161323547362, 2.676320589065552, 2.6473824935913086, 2.658336036300659, 2.637156749343872, 2.5726444484710695, 2.555824797821045, 2.557359043121338, 2.5443511447906495, 2.527240625, 2.5154045104980467, 2.5071459632873534, 2.4975728450775145, 2.491264739227295, 2.486475937652588, 2.4680165798187255, 2.466194183731079, 2.4623815563201905, 2.459687408065796, 2.4509088027954102, 2.455622208404541, 2.455645539855957, 2.4549638900756836],