{"loss": [], "acc": [], "test_loss": [6.66756123123169, 4.498722409057617, 4.38502236404419, 4.389171677398681, 4.149603332519531, 4.145901099395752, 4.291628622436524, 4.238580059051514, 4.065164069366455, 4.203145805358886, 4.095171673583985, 4.10175493850708, 4.100939952087402, 4.325683809661865, 4.482135405731201, 4.943050980377198, 4.279715547943115, 4.218353067016602, 4.171872101593017, 4.143043872833252, 4.418026278686524, 4.097018193817139, 4.256225921630859, 4.241785671234131, 4.0924172111511234, 4.737875426483154, 4.1993143882751465, 4.168789605712891, 4.114918962097168, 4.259899906921387, 4.231212936401367, 4.150970628356934, 4.3214878021240235, 4.482404272460937, 4.182526284790039, 4.883630522155761, 4.3843093109130855, 4.220796716308594, 4.247914420318604, 4.218298551940918, 4.253013603973389, 4.184540414428711, 4.228557779693603, 4.289512104034424, 4.265090654754639, 4.262064440155029, 4.399824118041992, 4.317147625732422, 4.252242124938965, 4.2035848411560055, 4.146764224243164, 4.106807962036132, 4.144604489898682, 4.151402467346191, 4.077541175079346, 4.080872657012939, 4.168964633178711, 4.05453498840332, 4.069582949066162, 4.120267272186279, 4.071233465576172, 4.181377778625488, 4.031471380615234, 4.014926949310302, 3.9799532119750975, 3.9860822120666506, 4.022215697479248, 3.9499429389953615, 3.9418569473266603, 3.962816542816162, 3.9305638931274416, 3.975436344909668, 3.9230300872802735, 3.8643305183410646, 3.8839442810058595, 3.857709787750244, 3.8332327659606933, 3.8460708206176757, 3.863844199371338, 3.831753187561035, 3.822870016479492, 3.848592110443115, 3.8012789138793943, 3.792810092163086, 3.7868332832336424, 3.7888394607543945, 3.788007273101807, 3.7750929244995115, 3.773648606109619, 3.767416611480713, 3.7630445281982423, 3.7662822792053223, 3.7600827659606932, 3.7614751022338866, 3.75814111328125, 3.7562925415039063, 3.754616870880127, 3.7537708473205567, 3.7524999015808107, 3.761845649719238], "test_acc": [2.179999828338623, 2.990000009536743, 3.869999885559082, 3.990000009536743, 6.21999979019165, 5.199999809265137, 4.75, 4.849999904632568, 6.37999963760376, 6.059999942779541, 5.909999847412109, 7.37999963760376, 6.37999963760376, 4.730000019073486, 3.859999895095825, 1.3399999141693115, 4.779999732971191, 4.569999694824219, 5.559999942779541, 6.069999694824219, 4.029999732971191, 6.339999675750732, 6.199999809265137, 4.739999771118164, 7.179999828338623, 3.7099997997283936, 5.12999963760376, 6.460000038146973, 6.710000038146973, 5.309999942779541, 5.75, 6.199999809265137, 4.139999866485596, 5.190000057220459, 5.359999656677246, 2.929999828338623, 3.0999999046325684, 5.369999885559082, 4.429999828338623, 5.150000095367432, 4.449999809265137, 4.960000038146973, 5.150000095367432, 3.799999952316284, 5.099999904632568, 4.889999866485596, 3.75, 3.619999885559082, 5.059999942779541, 4.759999752044678, 6.419999599456787, 6.589999675750732, 6.099999904632568, 5.96999979019165, 6.849999904632568, 6.859999656677246, 6.849999904632568, 7.329999923706055, 6.699999809265137, 6.96999979019165, 7.689999580383301, 5.730000019073486, 7.75, 8.40999984741211, 8.579999923706055, 9.550000190734863, 8.710000038146973, 9.729999542236328, 9.469999313354492, 9.9399995803833, 10.09999942779541, 10.079999923706055, 9.300000190734863, 11.15999984741211, 11.09000015258789, 11.329999923706055, 11.469999313354492, 11.65999984741211, 11.25, 11.75, 11.899999618530273, 11.719999313354492, 12.630000114440918, 12.359999656677246, 12.809999465942383, 13.15999984741211, 13.210000038146973, 13.1899995803833, 13.529999732971191, 13.609999656677246, 13.329999923706055, 13.40999984741211, 13.549999237060547, 13.579999923706055, 13.739999771118164, 13.789999961853027, 13.479999542236328, 13.59999942779541, 13.589999198913574, 13.639999389648438], "wall_time": [7.239814281463623, 13.972596883773804, 20.594709873199463, 27.71004319190979, 34.583205223083496, 41.83404541015625, 49.23211455345154, 56.42648482322693, 64.49419927597046, 71.12182426452637, 77.43392515182495, 84.4736008644104, 90.01154899597168, 96.63272428512573, 103.65041637420654, 111.06379389762878, 118.05642509460449, 124.69997763633728, 130.3180341720581, 137.51462769508362, 144.54385542869568, 151.86621284484863, 158.53021359443665, 165.8672456741333, 172.90258502960205, 179.92350816726685, 186.77589583396912, 193.41552114486694, 200.22373032569885, 206.99817633628845, 214.3421754837036, 221.32763504981995, 228.34124970436096, 235.769193649292, 242.87948203086853, 250.48679733276367, 257.6908645629883, 265.1187605857849, 271.6532607078552, 278.84320640563965, 285.98115372657776, 293.1980221271515, 299.1427721977234, 306.34575510025024, 313.574759721756, 321.1157069206238, 328.1963632106781, 335.60202074050903, 342.70592212677, 349.85465240478516, 357.07667541503906, 363.7745409011841, 370.7682909965515, 377.64545249938965, 384.119615316391, 391.26171231269836, 398.1985054016113, 405.5450077056885, 412.7841143608093, 420.17338395118713, 427.45902276039124, 434.2914743423462, 441.47041273117065, 448.4154677391052, 455.60331416130066, 462.87064146995544, 469.65234208106995, 476.84637689590454, 483.8794641494751, 490.75660133361816, 496.9265420436859, 503.6965172290802, 510.5986285209656, 517.4365117549896, 524.0724809169769, 531.1385746002197, 538.4598753452301, 545.161719083786, 553.0276350975037, 559.7901694774628, 566.8553607463837, 573.308235168457, 580.2753829956055, 587.4354228973389, 594.6053190231323, 601.7673847675323, 608.8321640491486, 616.272388458252, 623.7378408908844, 630.3085794448853, 636.9290769100189, 644.0355195999146, 651.1364326477051, 658.3251085281372, 665.4761550426483, 673.0621888637543, 680.3336713314056, 687.4325711727142, 694.4287476539612, 702.6219356060028], "val_loss": [6.676660132598877, 4.520866451263427, 4.392274408721923, 4.397748085021973, 4.154321912384034, 4.155707765197754, 4.275280495071411, 4.245805738830566, 4.082482218170166, 4.207586170196533, 4.122381407165527, 4.115914469909668, 4.111563606262207, 4.341863690948486, 4.482372621154785, 4.93933401184082, 4.294099401092529, 4.218626197814942, 4.172736943817139, 4.137025016403198, 4.415369090270996, 4.09532020072937, 4.256663272094727, 4.24507246017456, 4.094423271942139, 4.757750577545166, 4.2108007865905765, 4.174712557983399, 4.12136577796936, 4.2590333885192875, 4.219785192871094, 4.156499886322021, 4.338336679077148, 4.490494009399414, 4.184934741210937, 4.868618579864502, 4.384748773193359, 4.224412565994263, 4.25818740310669, 4.227937279510498, 4.267021826171875, 4.200259246826172, 4.24152350769043, 4.302238702392578, 4.281301461029052, 4.270225100708008, 4.409029727172851, 4.310492275238037, 4.252337680053711, 4.20917840423584, 4.157328433990479, 4.113014524459839, 4.152856694412232, 4.164864949035644, 4.08580417175293, 4.087981843566895, 4.1760234489440915, 4.051420838928222, 4.07338716506958, 4.139389504241944, 4.079008241271973, 4.187316188049317, 4.039609176635742, 4.026937111663818, 3.986112070465088, 3.992893394088745, 4.033543341827393, 3.955487452316284, 3.948122352981567, 3.9743524921417235, 3.946899727630615, 3.9911550220489502, 3.936197240829468, 3.874097333908081, 3.8968728057861326, 3.866496075439453, 3.8471625858306884, 3.8626110740661623, 3.878545620727539, 3.843059069061279, 3.8343912757873535, 3.8586438121795656, 3.812731329345703, 3.8030473258972166, 3.8008123836517336, 3.803978244781494, 3.801654497528076, 3.7897325046539305, 3.787186100769043, 3.780484937667847, 3.7756132564544678, 3.780234627532959, 3.771437487411499, 3.773320209503174, 3.7719149181365967, 3.7699997081756593, 3.768086270904541, 3.7683854885101318, 3.766761731338501, 3.7753169746398925],