{"loss": [], "acc": [], "test_loss": [4.640827619171143, 5.2836845611572265, 7.319897765350341, 6.173431684112549, 5.692243879699707, 5.48458331451416, 4.807341846466064, 4.607959246826172, 4.7722544120788575, 4.549565558624267, 4.354497100830078, 4.257823322296143, 4.1039927940368655, 4.276086091613769, 4.554588778686523, 4.255380878448486, 4.439649332427979, 4.216921495819092, 4.22644221572876, 4.395876073455811, 4.20871625289917, 4.456101295471192, 4.557544889068604, 4.258412929534912, 4.228327532958985, 4.251319913864136, 4.232487064361572, 4.1777660942077635, 4.278006443786621, 4.180906906127929, 4.125371968078613, 4.406509175109863, 4.403181326293946, 4.222421666717529, 4.3995063056945805, 4.421233340454101, 4.238237349700928, 4.252507687377929, 4.4591016014099125, 4.227258776855469, 4.304296785736084, 4.313907357788086, 4.344355072784424, 4.32973528137207, 4.313674996948242, 4.269182996368408, 4.3142803695678715, 4.259684553527832, 4.311231367492676, 4.313117533111572, 4.4220441032409665, 4.270563961791992, 4.250861552429199, 4.238819925689698, 4.3250879936218265, 4.290725811767578, 4.2550559219360355, 4.326421779632568, 4.184952486419678, 4.262256412506104, 4.243616000366211, 4.142065382385254, 4.148555193710327, 4.183156135559082, 4.159154350662232, 4.143065463256836, 4.111008500671387, 4.095398327636719, 4.1107017570495605, 4.1194314113616946, 4.107493994903565, 4.104348968505859, 4.063358856964111, 4.117962824249267, 4.098002327728271, 4.086052071380616, 4.084481143188476, 4.075653345870972, 4.068633318328858, 4.059499732208252, 4.057447752761841, 4.088227040481567, 4.076967816162109, 4.069231804656982, 4.053084607315063, 4.063518836212158, 4.051195793533325, 4.062474384307861, 4.051988524627686, 4.050059595489502, 4.0740807952880855, 4.071204805755615, 4.070092220306396, 4.054696645355224, 4.064038627243042, 4.069907958984375, 4.06361230392456, 4.069844135665893, 4.069407298278809, 4.057191599655152], "test_acc": [1.0, 2.069999933242798, 3.359999895095825, 4.650000095367432, 6.12999963760376, 5.179999828338623, 6.37999963760376, 8.359999656677246, 8.510000228881836, 8.469999313354492, 10.84999942779541, 10.649999618530273, 10.880000114440918, 11.149999618530273, 10.989999771118164, 11.469999313354492, 11.859999656677246, 11.59000015258789, 12.09000015258789, 12.09999942779541, 13.489999771118164, 12.429999351501465, 11.279999732971191, 13.989999771118164, 13.949999809265137, 13.969999313354492, 14.789999961853027, 15.09999942779541, 14.179999351501465, 15.15999984741211, 16.43000030517578, 15.219999313354492, 14.929999351501465, 16.18000030517578, 15.339999198913574, 15.460000038146973, 17.020000457763672, 16.719999313354492, 16.459999084472656, 18.260000228881836, 15.859999656677246, 17.529998779296875, 16.84000015258789, 17.69999885559082, 17.489999771118164, 17.989999771118164, 17.799999237060547, 17.959999084472656, 18.18000030517578, 18.06999969482422, 17.709999084472656, 19.020000457763672, 18.170000076293945, 18.799999237060547, 19.119998931884766, 18.3799991607666, 18.60999870300293, 18.479999542236328, 19.09000015258789, 19.279998779296875, 18.799999237060547, 19.43000030517578, 19.399999618530273, 19.549999237060547, 19.75, 19.689998626708984, 19.6299991607666, 20.1299991607666, 20.1299991607666, 19.939998626708984, 20.219999313354492, 19.959999084472656, 20.5, 20.010000228881836, 20.649999618530273, 20.149999618530273, 20.119998931884766, 20.75, 20.100000381469727, 20.399999618530273, 20.279998779296875, 20.5, 20.69999885559082, 20.389999389648438, 20.35999870300293, 20.479999542236328, 20.53999900817871, 20.350000381469727, 20.43000030517578, 20.3799991607666, 20.350000381469727, 20.43000030517578, 20.600000381469727, 20.60999870300293, 20.529998779296875, 20.469999313354492, 20.44999885559082, 20.420000076293945, 20.469999313354492, 20.549999237060547], "wall_time": [2.9095044136047363, 3.96344256401062, 5.150500059127808, 6.35520339012146, 7.38904333114624, 8.472233772277832, 9.572688102722168, 10.629963874816895, 11.778549432754517, 12.87069845199585, 14.06931447982788, 15.18856954574585, 16.438456773757935, 17.513750791549683, 18.701635599136353, 19.857658624649048, 21.058640718460083, 22.241525650024414, 23.275397062301636, 24.320124864578247, 25.580179691314697, 26.69656229019165, 27.87136745452881, 29.084814310073853, 30.188324213027954, 31.4983127117157, 32.67005944252014, 33.72930073738098, 34.83505702018738, 36.051021575927734, 37.146130323410034, 38.37193584442139, 39.43181395530701, 40.50546646118164, 41.67578649520874, 42.72743082046509, 43.87543058395386, 44.97235369682312, 46.01603293418884, 47.06773519515991, 48.13269662857056, 49.21397948265076, 50.28666591644287, 51.35438585281372, 52.38481307029724, 53.44523310661316, 54.48279285430908, 55.74120378494263, 56.78514909744263, 57.876574993133545, 58.96307158470154, 60.018378257751465, 61.162627935409546, 62.28627133369446, 63.35455298423767, 64.3900351524353, 65.5898585319519, 66.64617681503296, 67.68598461151123, 68.82499551773071, 69.94836926460266, 70.97441124916077, 72.11300945281982, 73.1758463382721, 74.32673597335815, 75.63602566719055, 76.71731328964233, 77.79616594314575, 78.89604353904724, 79.98286128044128, 81.0547947883606, 82.235675573349, 83.31450724601746, 84.41017055511475, 85.48257684707642, 86.54140210151672, 87.62923789024353, 88.71024632453918, 89.9778745174408, 91.10810613632202, 92.25732111930847, 93.28188824653625, 94.43175721168518, 95.48134970664978, 96.62510800361633, 97.7126955986023, 98.8593692779541, 100.01053500175476, 101.13587021827698, 102.20769238471985, 103.23114442825317, 104.44189882278442, 105.5548484325409, 106.70868515968323, 107.79604625701904, 108.80550456047058, 109.91821622848511, 111.12248301506042, 112.24762725830078, 113.29925680160522], "val_loss": [4.641068445587158, 5.261376239776611, 7.358677460479736, 6.144669820404053, 5.682583159637451, 5.490457015228271, 4.804841773223877, 4.626803199768067, 4.774659113311768, 4.558295966339111, 4.377960282897949, 4.269602534103393, 4.118057983779908, 4.275868733215332, 4.572352197265625, 4.284053075408935, 4.45899254989624, 4.261233597564697, 4.2343554748535155, 4.395860849761963, 4.215104631042481, 4.476261410140991, 4.559808891296386, 4.239102620315552, 4.225339958190918, 4.236928131103515, 4.2521825107574465, 4.1813584896087646, 4.309533483886718, 4.181808502578735, 4.159460599517822, 4.421371780776978, 4.404043943023682, 4.248806167221069, 4.409964533233643, 4.456727599334717, 4.2557146457672115, 4.281693244171143, 4.474638747406006, 4.269346793746948, 4.315416466903686, 4.356143242645263, 4.365835311889648, 4.371791041183472, 4.336388817977905, 4.2672192649841305, 4.308638348388672, 4.251790613937378, 4.3441037101745605, 4.335917147064209, 4.438777753829956, 4.263310042953491, 4.239761437988281, 4.237519538116455, 4.332848512268066, 4.283315747833252, 4.258728137207031, 4.304046671295166, 4.193250574874878, 4.275705675888061, 4.242122821044922, 4.111802783203125, 4.113896614074707, 4.168332117462159, 4.152464867401123, 4.1356612533569335, 4.082821807479858, 4.096649924468994, 4.0867861492156985, 4.091736291503906, 4.082100063323975, 4.0715808639526365, 4.043067868423462, 4.115407107543946, 4.085800247192383, 4.0574566165924075, 4.072044824981689, 4.068793685913086, 4.057711893463135, 4.048441762924194, 4.040753198623658, 4.071012517547607, 4.058481880569458, 4.050730601501465, 4.040366207122803, 4.043839954376221, 4.029260939788818, 4.0467126781463625, 4.036713355255127, 4.029977973937989, 4.054959769058228, 4.052673601913452, 4.057804683685303, 4.041586157989502, 4.0484514228820805, 4.053831735610962, 4.048116422271728, 4.053689828109741, 4.0521564888000485, 4.0382141021728515],