{"loss": [], "acc": [], "test_loss": [5.8794793685913085, 4.308415270996094, 4.061798582077026, 3.9730429656982422, 3.867298431396484, 3.6901177589416503, 3.639013473510742, 3.5364890323638916, 3.5635583465576173, 3.4285589389801023, 3.616555244445801, 3.341839144897461, 3.3457763710021973, 3.347052896499634, 3.286715384674072, 3.238738097381592, 3.0877119220733644, 3.109741230773926, 3.068400490951538, 3.0901934284210206, 3.1389681640625, 3.022982609939575, 2.86094421043396, 2.8945335479736327, 2.9913275508880615, 2.815924885559082, 2.8574242195129393, 3.1877077167510985, 2.8088074005126953, 2.818744945907593, 2.8172716033935545, 2.817372819137573, 2.714513570022583, 2.786908478927612, 2.7447890869140625, 2.6967699249267576, 2.668835355377197, 2.6905922122955324, 2.6729705627441405, 2.6738444980621336, 2.6639162658691404, 2.6276595573425294, 2.565365791320801, 2.5754178871154787, 2.603719825744629, 2.7669200160980223, 2.6038575523376464, 2.602437453842163, 2.5344069271087646, 2.5344786045074463, 2.544043086242676, 2.5650519176483155, 2.4823344787597654, 2.6005080810546874, 2.6288897300720215, 2.4629548778533934, 2.546285813140869, 2.496388226318359, 2.523406086349487, 2.481128022003174, 2.482542626953125, 2.458264457321167, 2.4545937210083006, 2.4150557178497314, 2.402181268310547, 2.4107028762817384, 2.419722906494141, 2.43173712310791, 2.4212433986663817, 2.426053539276123, 2.3987538776397703, 2.430964587020874, 2.3938585987091066, 2.3894631507873534, 2.386526222229004, 2.3988955299377444, 2.3770953868865967, 2.3772747238159178, 2.387725792694092, 2.3958006858825684, 2.389944831466675, 2.384796884918213, 2.3619869400024416, 2.3718427505493165, 2.3638528816223143, 2.363263218688965, 2.37085062789917, 2.362420224380493, 2.37883850479126, 2.3687090763092042, 2.3661281436920167, 2.3628391021728516, 2.3610574939727784, 2.3693420944213868, 2.365699419784546, 2.35633720703125, 2.3606281593322755, 2.359899488067627, 2.362066324234009, 2.365471241760254], "test_acc": [2.2200000286102295, 6.139999866485596, 7.679999828338623, 8.819999694824219, 10.679999351501465, 12.969999313354492, 13.639999389648438, 16.020000457763672, 15.539999961853027, 16.549999237060547, 15.670000076293945, 18.600000381469727, 18.770000457763672, 19.06999969482422, 21.079999923706055, 20.439998626708984, 23.559999465942383, 24.170000076293945, 24.719999313354492, 23.939998626708984, 23.829999923706055, 25.6299991607666, 28.15999984741211, 27.479999542236328, 26.51999855041504, 29.420000076293945, 29.029998779296875, 25.75, 29.899999618530273, 29.8799991607666, 29.469999313354492, 30.849998474121094, 32.21999740600586, 30.369998931884766, 31.65999984741211, 33.54999923706055, 33.599998474121094, 33.46999740600586, 34.279998779296875, 34.54999923706055, 34.77000045776367, 35.12999725341797, 36.05999755859375, 36.040000915527344, 35.88999938964844, 34.54999923706055, 36.84000015258789, 36.54999923706055, 37.73999786376953, 38.21999740600586, 38.77000045776367, 38.13999938964844, 39.37999725341797, 38.30999755859375, 38.2599983215332, 40.2599983215332, 38.939998626708984, 40.619998931884766, 40.18000030517578, 40.97999954223633, 40.93000030517578, 41.40999984741211, 42.13999938964844, 42.05999755859375, 42.30999755859375, 42.32999801635742, 42.75, 42.09000015258789, 42.689998626708984, 42.55999755859375, 43.34000015258789, 43.119998931884766, 43.70000076293945, 43.39999771118164, 43.5099983215332, 43.15999984741211, 43.78999710083008, 44.22999954223633, 44.07999801635742, 43.71999740600586, 43.529998779296875, 44.05999755859375, 44.56999969482422, 44.20000076293945, 44.18000030517578, 44.45000076293945, 44.12999725341797, 44.03999710083008, 44.27000045776367, 44.38999938964844, 44.62999725341797, 44.55999755859375, 44.31999969482422, 44.55999755859375, 44.439998626708984, 44.45000076293945, 44.439998626708984, 44.529998779296875, 44.48999786376953, 44.38999938964844], "wall_time": [2.976043224334717, 5.20793604850769, 7.418056488037109, 9.438490152359009, 11.44973087310791, 13.472484588623047, 15.881649255752563, 17.90842843055725, 20.091150522232056, 22.58124041557312, 24.574132204055786, 26.535649061203003, 28.52094864845276, 30.539138793945312, 32.65178680419922, 34.6647093296051, 36.64886140823364, 38.64792346954346, 40.61442255973816, 42.630035638809204, 44.65895938873291, 46.64130163192749, 48.65606069564819, 50.75057673454285, 52.75733184814453, 54.76372504234314, 56.7166166305542, 59.05575776100159, 61.05819344520569, 63.01505446434021, 64.9799575805664, 66.95681190490723, 68.90732407569885, 70.86124563217163, 72.82193636894226, 74.82567024230957, 76.81994342803955, 78.7946925163269, 81.14994168281555, 83.09742188453674, 85.13488864898682, 87.15533113479614, 89.45730400085449, 91.42207598686218, 93.43277859687805, 95.7440414428711, 97.86645340919495, 100.22325420379639, 102.20244026184082, 104.84209060668945, 107.3441641330719, 109.31788730621338, 111.37073874473572, 113.79066705703735, 115.80244135856628, 117.8393325805664, 119.78239107131958, 121.78755283355713, 124.09850311279297, 126.1702527999878, 128.1672718524933, 130.246107339859, 132.34073615074158, 134.3966133594513, 136.3621153831482, 138.31180024147034, 140.37077617645264, 142.33291006088257, 144.31235814094543, 146.25263047218323, 148.29472494125366, 150.25829935073853, 152.19705176353455, 154.2396252155304, 156.53697633743286, 158.76980209350586, 160.84745931625366, 163.1002335548401, 165.11192774772644, 167.47647714614868, 169.4832034111023, 171.45302891731262, 173.40340185165405, 175.75959849357605, 177.78741788864136, 179.78450274467468, 181.79360818862915, 183.7940411567688, 185.76897811889648, 187.72361016273499, 189.69857382774353, 192.1829662322998, 194.15437984466553, 196.16287636756897, 198.2187888622284, 200.43796849250793, 202.65406012535095, 204.67841458320618, 206.6376211643219, 208.49363350868225], "val_loss": [5.845783576202392, 4.315432563018799, 4.068414470672607, 3.9864147491455078, 3.8751261840820312, 3.6782793502807616, 3.6646287986755373, 3.5603141921997072, 3.5592698108673098, 3.4586880786895753, 3.6425170753479006, 3.367379769897461, 3.3828072090148926, 3.3771810611724855, 3.325819166946411, 3.2532627029418943, 3.123221516418457, 3.1439230033874512, 3.110840748214722, 3.0907778358459472, 3.16537385559082, 3.0557898872375486, 2.870535129547119, 2.918264379501343, 3.0069629959106443, 2.828577670288086, 2.8770673721313478, 3.194587571716309, 2.8397142375946043, 2.834845259094238, 2.8312124450683593, 2.806216040802002, 2.728769525909424, 2.7730331462860107, 2.7451308208465575, 2.7096644439697264, 2.690474507141113, 2.7064123985290527, 2.663512130737305, 2.6688191104888914, 2.6714755500793457, 2.635161319732666, 2.558568507385254, 2.5645489715576173, 2.5809070125579834, 2.730347666931152, 2.613073258972168, 2.5856350524902343, 2.5018904155731203, 2.5428888496398927, 2.527614709854126, 2.5039584299087525, 2.4398559412002565, 2.5656204708099364, 2.6125878757476806, 2.4198386058807375, 2.526257939910889, 2.476603248977661, 2.497027926635742, 2.4522732395172118, 2.4617223457336426, 2.448129660987854, 2.3931899814605715, 2.372604875946045, 2.364765174293518, 2.3709960157394407, 2.3666157150268554, 2.3754029573440554, 2.350961616516113, 2.3697520900726317, 2.3491269258499146, 2.390010938644409, 2.3453224014282226, 2.3410970722198488, 2.3295622077941895, 2.3299272342681885, 2.3053146522521972, 2.309469426727295, 2.325960682296753, 2.3344408697128296, 2.3124021633148195, 2.311014368057251, 2.2833229625701903, 2.3020812828063963, 2.2952305242538453, 2.2881745162963867, 2.2955672889709473, 2.2842581945419314, 2.2961974102020264, 2.2891713205337525, 2.289905274963379, 2.28479540348053, 2.2797940225601194, 2.28624136428833, 2.2829803886413575, 2.2749559368133543, 2.2792604879379272, 2.2787158851623537, 2.2797617904663086, 2.283511194229126],