{"loss": [], "acc": [], "test_loss": [6.78899058380127, 4.6887019393920895, 4.1050921798706055, 3.8878204246520998, 3.7656000503540037, 3.6020250316619875, 3.5299673789978026, 3.4630613983154297, 3.4344301918029787, 3.2754365562438963, 3.288760581970215, 3.1481013393402097, 3.022863214492798, 2.971642516708374, 2.835844550323486, 2.912614398193359, 2.8224837940216063, 2.7517742435455324, 2.942929095458984, 2.7897227668762206, 2.6372681385040284, 2.641767063140869, 2.6873027786254884, 2.697080707550049, 2.735432485961914, 2.575414284515381, 2.618992301940918, 2.5683782459259032, 2.5666733379364013, 2.4717054647445678, 2.530928337097168, 2.5295457405090334, 2.4752281272888186, 2.490766432952881, 2.4094647382736207, 2.548852336502075, 2.376203314971924, 2.457399831008911, 2.52374931640625, 2.419428065109253, 2.365810632324219, 2.4536396484375, 2.3643036865234377, 2.3582024726867674, 2.4142435764312746, 2.4056756984710694, 2.3621155744552613, 2.35987494430542, 2.3517799713134764, 2.3566248500823974, 2.3356253791809083, 2.3474952056884764, 2.301089247894287, 2.3761701824188233, 2.2909233070373536, 2.303194047546387, 2.277016847229004, 2.262505041885376, 2.2683096462249757, 2.2653133415222166, 2.2738404888153076, 2.2302954990386965, 2.2120464393615724, 2.230077310180664, 2.228519287109375, 2.219622911453247, 2.241299435043335, 2.1912902456283567, 2.1917869956970213, 2.208049620056152, 2.195806415557861, 2.168472101211548, 2.159564122772217, 2.1371469676971437, 2.1443615146636965, 2.146718132781982, 2.143531402206421, 2.1543339012145997, 2.127869231414795, 2.134164545059204, 2.126473403167725, 2.1303217864990236, 2.118867329406738, 2.1110296798706054, 2.110368712615967, 2.1099662464141846, 2.1145198234558107, 2.117670482254028, 2.1175911781311036, 2.1078840282440185, 2.1110316703796386, 2.1142878047943117, 2.1073854740142823, 2.1159893730163573, 2.110383822631836, 2.1147275993347168, 2.1073213874816896, 2.109290595245361, 2.1096217681884766, 2.104373026275635], "test_acc": [1.8299999237060547, 5.349999904632568, 9.319999694824219, 10.50999927520752, 13.609999656677246, 14.399999618530273, 16.639999389648438, 17.809999465942383, 18.329999923706055, 20.81999969482422, 22.19999885559082, 23.31999969482422, 24.43000030517578, 27.309999465942383, 28.260000228881836, 27.670000076293945, 28.6299991607666, 30.389999389648438, 28.149999618530273, 31.10999870300293, 32.849998474121094, 33.130001068115234, 32.630001068115234, 33.529998779296875, 32.2599983215332, 34.89999771118164, 34.21999740600586, 35.34000015258789, 35.46999740600586, 37.11000061035156, 37.099998474121094, 37.27000045776367, 38.06999969482422, 37.02000045776367, 39.53999710083008, 38.0099983215332, 40.59000015258789, 39.61000061035156, 38.70000076293945, 40.80999755859375, 41.05999755859375, 40.779998779296875, 42.03999710083008, 42.23999786376953, 41.96999740600586, 41.90999984741211, 42.34000015258789, 42.62999725341797, 42.81999969482422, 42.709999084472656, 43.70000076293945, 43.22999954223633, 44.779998779296875, 44.21999740600586, 45.30999755859375, 45.25, 46.029998779296875, 45.96999740600586, 45.75, 45.59000015258789, 46.04999923706055, 46.279998779296875, 47.28999710083008, 46.36000061035156, 47.07999801635742, 47.75, 46.62999725341797, 47.46999740600586, 47.71999740600586, 47.2599983215332, 47.97999954223633, 48.27000045776367, 48.29999923706055, 48.5, 48.689998626708984, 48.53999710083008, 48.869998931884766, 48.959999084472656, 48.87999725341797, 49.02000045776367, 49.0099983215332, 48.91999816894531, 49.029998779296875, 49.29999923706055, 49.529998779296875, 49.599998474121094, 49.38999938964844, 49.209999084472656, 49.54999923706055, 49.55999755859375, 49.46999740600586, 49.53999710083008, 49.53999710083008, 49.56999969482422, 49.65999984741211, 49.43000030517578, 49.52000045776367, 49.619998931884766, 49.619998931884766, 49.66999816894531], "wall_time": [4.274093866348267, 6.792984962463379, 9.333986282348633, 11.841270923614502, 14.372965097427368, 16.90062642097473, 19.374407291412354, 21.92811107635498, 24.554813385009766, 27.050529956817627, 29.571723699569702, 32.245227098464966, 34.88172912597656, 37.43720364570618, 39.95574378967285, 42.40303421020508, 44.91679048538208, 47.67117786407471, 50.1944215297699, 52.79796624183655, 55.3342490196228, 57.82002091407776, 60.306700706481934, 62.80582666397095, 65.27798557281494, 67.96704888343811, 70.55236554145813, 73.117849111557, 75.6957004070282, 78.32153725624084, 81.04466724395752, 83.80414509773254, 86.5751736164093, 89.63213872909546, 92.30103206634521, 95.07412552833557, 97.87754702568054, 100.6046507358551, 103.3806676864624, 106.1327793598175, 108.87005758285522, 111.51038789749146, 114.15911650657654, 116.86804556846619, 119.55178809165955, 122.51225781440735, 125.25174069404602, 128.00176358222961, 130.6869740486145, 133.44503116607666, 136.10923218727112, 138.78036332130432, 141.4925012588501, 144.10221695899963, 146.84626841545105, 149.59580063819885, 152.4884991645813, 155.23731446266174, 159.44518971443176, 165.32544136047363, 167.7898063659668, 170.2039668560028, 172.56511282920837, 175.19056034088135, 177.82906293869019, 180.59938764572144, 183.28945088386536, 185.97905707359314, 188.5788950920105, 191.3794927597046, 193.9953577518463, 196.5587706565857, 199.2021381855011, 201.86936283111572, 204.45082664489746, 207.0608081817627, 209.6914415359497, 213.8691418170929, 216.50059342384338, 219.09039902687073, 221.7341697216034, 224.38471484184265, 227.04334139823914, 229.6793715953827, 233.0109362602234, 235.55981874465942, 238.16409039497375, 242.0117564201355, 244.45931935310364, 246.8233516216278, 249.23849964141846, 251.7241895198822, 254.4018120765686, 257.13323998451233, 259.80564737319946, 262.452109336853, 265.16822624206543, 267.8416790962219, 270.5084939002991, 273.20275926589966], "val_loss": [6.704870896911621, 4.7017666015625, 4.09903402633667, 3.907116720199585, 3.785110433959961, 3.625837740325928, 3.540297315597534, 3.4637615741729735, 3.4428763347625733, 3.2800996253967285, 3.318101609802246, 3.150615744781494, 3.0510730785369873, 2.975518055343628, 2.859775308227539, 2.911027738571167, 2.8262714317321778, 2.768137444114685, 2.97262805519104, 2.8199662239074708, 2.6560776531219483, 2.6342670845031737, 2.6999010761260984, 2.676687670135498, 2.751754892730713, 2.596827610015869, 2.6187774585723878, 2.54889215965271, 2.5660065353393553, 2.4363329833984375, 2.5131865692138673, 2.544376767349243, 2.4646152084350588, 2.467898079109192, 2.3965563400268555, 2.5172258205413818, 2.349020262527466, 2.4152523178100584, 2.4987306007385253, 2.375444242095947, 2.2992087127685545, 2.396918091201782, 2.300910927963257, 2.3100374660491942, 2.355779362487793, 2.3286928701400758, 2.2986679569244384, 2.2889573078155516, 2.298616899108887, 2.3060414569854735, 2.285483222770691, 2.2908931396484373, 2.2234654552459716, 2.290367158508301, 2.239301080131531, 2.2393251676559447, 2.214117649078369, 2.1895279064178466, 2.1899287565231322, 2.1750681606292726, 2.1861708786010743, 2.1718982635498048, 2.128024234962463, 2.1438556991577147, 2.147587664794922, 2.1108181398391723, 2.1541395917892454, 2.1030865898132323, 2.099889981460571, 2.1091732158660887, 2.0879118743896483, 2.059309650039673, 2.0564599927902223, 2.041320001602173, 2.041627065086365, 2.046265162277222, 2.0422069677352903, 2.0410402462005615, 2.021960401535034, 2.025786304855347, 2.0180345470428467, 2.0204976106643677, 2.0111705528259276, 2.0071630390167234, 2.002591096496582, 2.00038885307312, 1.999682289123535, 2.0105954627990723, 2.0036762073516847, 1.995474376296997, 1.997151540374756, 1.9982903272628785, 1.9925644733428955, 2.0002613241195677, 1.9965649684906006, 1.9964647270202636, 1.9918775274276734, 1.9940711479187012, 1.9952871934890748, 1.9878927291870117],