{"loss": [], "acc": [], "test_loss": [4.658147496032715, 4.949830084991455, 5.149688172912597, 4.78315097579956, 4.426952122497559, 4.300440175628662, 4.263089659881592, 4.1750844322204586, 4.147281057739257, 4.069717106628418, 4.021369586181641, 4.080382598114014, 3.9355554695129396, 3.913693489074707, 3.892443494415283, 3.912982437133789, 3.998629030609131, 3.890682251739502, 3.943148683929443, 3.9195824768066405, 3.83090817489624, 3.845892958831787, 3.887344979095459, 3.9235376670837403, 3.7435246894836425, 3.815551528167725, 3.8772898849487305, 3.9100629371643065, 3.7822291259765626, 3.882377893066406, 3.787049044418335, 3.8294395668029786, 3.8839898220062254, 3.770678897857666, 4.003730068969727, 4.047621165466309, 3.8002432044982912, 3.8001126235961915, 3.8859489997863768, 3.738689866256714, 3.845460311126709, 3.90258676071167, 3.8121611984252928, 3.7927513805389403, 3.826458659362793, 3.799164295196533, 4.0240371185302735, 3.9648756637573244, 3.892466180419922, 3.8686499603271485, 3.868861834716797, 3.9698437255859376, 3.954982035064697, 3.953131442260742, 3.8143593257904054, 3.917012707519531, 3.9321477020263673, 4.00903649597168, 4.015657140731811, 3.9659610206604006, 3.9882668060302735, 4.002180796051025, 4.016448851776123, 3.980654542541504, 4.144409180450439, 4.175261275482177, 4.107664216613769, 4.037366966629028, 4.006484665298462, 4.019708470153809, 4.1018256744384765, 4.084586282348633, 4.043240071487427, 4.096748040008545, 4.1200838386535645, 4.011592646789551, 4.04503065032959, 4.112728239440918, 4.085102505493164, 4.097963186645508, 4.0851325576782225, 4.107512921905518, 4.085812208557129, 4.112458821105957, 4.128589394378662, 4.124530660247803, 4.1162018333435055, 4.106208835601807, 4.12103092880249, 4.1290140678405765, 4.141223684692383, 4.129584748840332, 4.127729858398437, 4.1384746376037596, 4.148231640625, 4.1384245239257815, 4.136102598571777, 4.1366137031555175, 4.139418909454346, 4.125655569458008], "test_acc": [1.0, 1.0699999332427979, 1.959999918937683, 2.2300000190734863, 4.400000095367432, 4.920000076293945, 4.799999713897705, 5.779999732971191, 6.149999618530273, 7.299999713897705, 8.34999942779541, 6.909999847412109, 9.179999351501465, 9.489999771118164, 9.739999771118164, 10.149999618530273, 9.389999389648438, 10.84999942779541, 10.309999465942383, 10.90999984741211, 12.09999942779541, 11.609999656677246, 11.84999942779541, 10.989999771118164, 13.380000114440918, 12.609999656677246, 11.949999809265137, 12.09000015258789, 13.309999465942383, 12.839999198913574, 13.90999984741211, 13.589999198913574, 13.049999237060547, 14.079999923706055, 12.719999313354492, 12.769999504089355, 14.679999351501465, 14.699999809265137, 13.969999313354492, 15.729999542236328, 15.679999351501465, 15.869999885559082, 15.919999122619629, 16.18000030517578, 16.619998931884766, 16.689998626708984, 16.059999465942383, 15.919999122619629, 16.739999771118164, 17.189998626708984, 17.43000030517578, 16.59000015258789, 16.520000457763672, 17.3799991607666, 18.43000030517578, 17.84000015258789, 17.899999618530273, 17.579999923706055, 17.889999389648438, 18.85999870300293, 18.399999618530273, 18.420000076293945, 18.850000381469727, 18.260000228881836, 18.81999969482422, 18.31999969482422, 18.779998779296875, 19.439998626708984, 19.270000457763672, 19.5, 19.520000457763672, 19.189998626708984, 19.510000228881836, 19.739999771118164, 19.979999542236328, 20.09000015258789, 20.239999771118164, 20.049999237060547, 20.170000076293945, 20.279998779296875, 20.600000381469727, 20.15999984741211, 20.529998779296875, 20.549999237060547, 20.229999542236328, 20.40999984741211, 20.459999084472656, 20.31999969482422, 20.3799991607666, 20.51999855041504, 20.5, 20.479999542236328, 20.639999389648438, 20.709999084472656, 20.729999542236328, 20.709999084472656, 20.709999084472656, 20.670000076293945, 20.78999900817871, 20.739999771118164], "wall_time": [1.8951549530029297, 3.045610189437866, 4.195357799530029, 5.504605054855347, 6.667687892913818, 8.000933647155762, 9.219496726989746, 10.421448707580566, 11.690855026245117, 13.057512283325195, 14.381792068481445, 15.639569520950317, 16.80597949028015, 18.05046558380127, 19.215293407440186, 20.49578595161438, 21.616924285888672, 23.25739073753357, 24.556788682937622, 25.752392292022705, 26.92375373840332, 28.14843726158142, 29.525172233581543, 30.879915714263916, 32.07912015914917, 33.36455202102661, 34.54060244560242, 35.823376178741455, 37.11394667625427, 38.261120557785034, 39.64796423912048, 40.778164863586426, 41.94543957710266, 43.21455502510071, 44.45691514015198, 45.66628360748291, 46.85145092010498, 48.00786089897156, 49.16822266578674, 50.34025835990906, 51.640637159347534, 52.81023025512695, 53.99291014671326, 55.17336463928223, 56.38264274597168, 57.72490334510803, 58.94160342216492, 60.196088552474976, 61.402984380722046, 62.57349109649658, 63.879934310913086, 65.37469625473022, 66.61905884742737, 67.73734784126282, 68.99103474617004, 70.2667019367218, 71.47958159446716, 72.69500374794006, 73.87290406227112, 75.07436156272888, 76.25235557556152, 77.5481972694397, 78.83396053314209, 80.02570867538452, 81.1853084564209, 82.40863013267517, 83.55851697921753, 84.67578983306885, 85.94612503051758, 87.40773248672485, 89.04307460784912, 90.49831438064575, 92.04909896850586, 93.30851435661316, 94.60986471176147, 95.78205752372742, 96.94441056251526, 98.09745860099792, 99.37995600700378, 100.5607750415802, 101.83760857582092, 103.08301210403442, 104.30329847335815, 105.54746389389038, 106.72827529907227, 108.06053638458252, 109.28276300430298, 110.48126292228699, 111.69789695739746, 112.87451529502869, 114.13178610801697, 115.61817789077759, 116.90241193771362, 118.18164372444153, 119.34703063964844, 120.53806972503662, 121.72732830047607, 122.9511046409607, 124.26470828056335, 125.50365662574768], "val_loss": [4.657637660980225, 4.945544622039795, 5.1519254829406735, 4.795849070739746, 4.426738681411743, 4.315579499816894, 4.2594336334228515, 4.1725312656402584, 4.144735537338256, 4.074264799118042, 4.026826834869385, 4.071381386184693, 3.951359443664551, 3.9268386352539064, 3.9033747180938723, 3.922877136230469, 3.9940249919891357, 3.8948640251159667, 3.94808402633667, 3.944481843948364, 3.85718603515625, 3.8656299129486085, 3.8876040714263915, 3.945165058898926, 3.743810311126709, 3.8160895622253417, 3.8795467247009277, 3.914322254562378, 3.8150851631164553, 3.8876856323242186, 3.7863705417633056, 3.8317893573760986, 3.8608886009216308, 3.7656768630981445, 4.019927397155762, 4.0390403301239015, 3.791523564147949, 3.7911132263183593, 3.872293232727051, 3.7352488998413085, 3.8489717693328855, 3.906772981262207, 3.800823401641846, 3.81950139503479, 3.808984440612793, 3.798385101318359, 4.012384588623047, 3.9392393421173098, 3.8893792114257812, 3.8406831283569334, 3.8629835567474364, 3.97163165435791, 3.938485102081299, 3.9531979537963866, 3.7977607425689697, 3.8865452713012694, 3.919626927947998, 3.9871918991088866, 3.999822317504883, 3.9405008602142333, 3.9806964675903322, 3.979781729888916, 3.959751647567749, 3.9544870903015137, 4.111020154953003, 4.142415738677978, 4.064088770294189, 3.990149755859375, 3.962017534637451, 3.9704228786468505, 4.050744169235229, 4.069681060028076, 4.0120433307647705, 4.05076164932251, 4.085118472290039, 3.973420597457886, 4.008702014160156, 4.075928632736206, 4.038251789093017, 4.055868813705445, 4.03452174911499, 4.071269087600708, 4.054626735305786, 4.069295355606079, 4.090741552734375, 4.083789428329467, 4.070637481689453, 4.057801010131836, 4.072562994003296, 4.081201226043701, 4.091440304565429, 4.078562130355835, 4.079468696594239, 4.089894504928589, 4.099554231262207, 4.088315910720826, 4.085798432922363, 4.084767791748047, 4.089140256500244, 4.076131523513794],