{"loss": [], "acc": [], "test_loss": [4.630006307220459, 4.855408702087402, 5.5535752540588375, 5.358535692596435, 4.61918882446289, 4.4626750495910645, 4.295600498962402, 4.148923191070557, 4.0853862327575685, 4.023464038848877, 4.071850006103515, 4.021941032409668, 3.9451754081726076, 3.9950387771606444, 3.940707615661621, 3.9582479019165038, 3.8578262996673582, 3.932153718185425, 3.955154162597656, 3.8826757942199706, 3.8487535507202146, 3.9079788398742674, 4.062242817687988, 3.9010889862060547, 3.845405757904053, 4.016810131072998, 3.983891632080078, 3.8696489379882815, 3.8826614669799806, 4.030101435852051, 3.907309098815918, 4.105335455322265, 3.99501344833374, 4.115586775970459, 3.9899871261596678, 3.997006958770752, 4.101997126770019, 4.060762846374511, 4.129516998291016, 4.101384075164795, 4.015549598693847, 4.172824170684814, 4.063227666854859, 4.171853504180908, 4.0601964294433595, 4.231936653900147, 4.166936043548584, 4.121135015106201, 4.237072556304931, 4.230863874816895, 4.272088663482666, 4.169832698822021, 4.202262152862549, 4.318184460449219, 4.2876596420288084, 4.168230599975586, 4.255488796234131, 4.228738066101074, 4.299643334960938, 4.402582202911377, 4.331347245788574, 4.212598643493652, 4.275418788909912, 4.240974861907959, 4.3241164535522465, 4.235019364929199, 4.271989253234863, 4.225710344696045, 4.257038172912598, 4.230806196594238, 4.2188840614318845, 4.248875847625732, 4.20428140335083, 4.225320864868164, 4.22743377456665, 4.219728530883789, 4.245851710510254, 4.232271648406982, 4.200689794921875, 4.224141367340088, 4.220328916931153, 4.235224676513672, 4.196280298614502, 4.198524028015137, 4.233687683868408, 4.222282297515869, 4.215062239074707, 4.217976118469238, 4.229650118255615, 4.223194864654541, 4.223087259674072, 4.214369316864014, 4.218910129547119, 4.223112599182129, 4.223766394805908, 4.219962683868408, 4.224061566162109, 4.223338691711426, 4.217013928222657, 4.220198041534424], "test_acc": [0.9799999594688416, 1.2799999713897705, 2.069999933242798, 3.0399999618530273, 4.389999866485596, 5.349999904632568, 5.949999809265137, 7.649999618530273, 8.149999618530273, 8.149999618530273, 8.699999809265137, 8.639999389648438, 9.479999542236328, 9.329999923706055, 10.079999923706055, 10.609999656677246, 11.649999618530273, 11.619999885559082, 10.6899995803833, 12.4399995803833, 12.889999389648438, 11.729999542236328, 13.0, 13.75999927520752, 13.319999694824219, 12.6899995803833, 13.119999885559082, 14.549999237060547, 14.619999885559082, 14.0, 14.829999923706055, 14.339999198913574, 15.529999732971191, 14.769999504089355, 14.779999732971191, 14.889999389648438, 15.539999961853027, 15.379999160766602, 15.339999198913574, 16.389999389648438, 16.029998779296875, 15.899999618530273, 16.270000457763672, 16.279998779296875, 17.010000228881836, 15.829999923706055, 16.350000381469727, 17.90999984741211, 17.729999542236328, 18.020000457763672, 17.31999969482422, 18.219999313354492, 18.399999618530273, 17.85999870300293, 17.69999885559082, 18.40999984741211, 18.729999542236328, 19.309999465942383, 18.09000015258789, 18.520000457763672, 18.369998931884766, 19.10999870300293, 19.299999237060547, 18.770000457763672, 18.850000381469727, 19.5, 18.989999771118164, 19.729999542236328, 19.889999389648438, 20.06999969482422, 19.920000076293945, 19.93000030517578, 20.0, 20.079999923706055, 20.329999923706055, 20.219999313354492, 19.85999870300293, 20.439998626708984, 20.31999969482422, 20.44999885559082, 20.479999542236328, 20.15999984741211, 20.529998779296875, 20.389999389648438, 20.44999885559082, 20.51999855041504, 20.549999237060547, 20.729999542236328, 20.5, 20.709999084472656, 20.56999969482422, 20.65999984741211, 20.59000015258789, 20.65999984741211, 20.670000076293945, 20.600000381469727, 20.689998626708984, 20.65999984741211, 20.59000015258789, 20.549999237060547], "wall_time": [2.755563974380493, 3.8749961853027344, 5.049974203109741, 6.19320273399353, 7.293932676315308, 8.500368595123291, 9.652619361877441, 10.733713865280151, 11.874837160110474, 12.992419719696045, 14.153184175491333, 15.289889812469482, 16.585745573043823, 17.74429416656494, 18.897257566452026, 20.116942167282104, 21.223437309265137, 22.329749584197998, 23.5111141204834, 24.767215490341187, 25.90727186203003, 27.00999093055725, 28.184690237045288, 29.29727005958557, 30.414669036865234, 31.788233757019043, 32.93449425697327, 34.08839464187622, 35.19521427154541, 36.31391525268555, 37.40896701812744, 38.58534288406372, 39.81527018547058, 40.92570638656616, 42.058271408081055, 43.421602725982666, 44.560301542282104, 45.65834379196167, 46.88543391227722, 48.09194779396057, 49.292951345443726, 50.41904616355896, 51.668025970458984, 52.812042474746704, 53.92888832092285, 55.05156421661377, 56.25938940048218, 57.493361473083496, 58.5973584651947, 59.7139732837677, 60.953425884246826, 62.0479040145874, 63.32226586341858, 64.47841572761536, 65.68800449371338, 66.83557295799255, 68.08142852783203, 69.53223609924316, 70.7455723285675, 71.93911290168762, 73.16487693786621, 74.44474482536316, 75.67574858665466, 76.76935148239136, 77.90649580955505, 79.02365040779114, 80.22296237945557, 81.41168022155762, 82.74484372138977, 83.91915035247803, 85.28442525863647, 86.4259421825409, 87.64827680587769, 88.80049014091492, 89.93567609786987, 91.17411279678345, 92.37740921974182, 93.53154444694519, 94.64327764511108, 95.826819896698, 97.03085923194885, 98.14347124099731, 99.33252143859863, 100.46704888343811, 101.81353616714478, 102.90944242477417, 104.09294652938843, 105.21891498565674, 106.37462019920349, 107.67391920089722, 108.97523808479309, 110.2910144329071, 111.52205777168274, 112.91073036193848, 114.0595977306366, 115.19029188156128, 116.36760210990906, 117.56427097320557, 118.84272599220276, 119.98921418190002], "val_loss": [4.6295764526367185, 4.856535704040527, 5.553344303894043, 5.386135987854004, 4.620380875396728, 4.454556395721435, 4.289730221939087, 4.163460814285278, 4.099517152404785, 4.034357215881347, 4.072245624542236, 4.018954641723632, 3.9460425075531007, 4.031484811782837, 3.9682537548065184, 3.9739885158538817, 3.878520770263672, 3.946871322631836, 3.9591302501678465, 3.9034288475036623, 3.8525875114440917, 3.9253221755981444, 4.055103459167481, 3.896408377456665, 3.8490360935211183, 4.01890080986023, 3.9714617877960205, 3.8899863998413085, 3.889416143417358, 4.036136965560913, 3.9159331771850585, 4.119530210876465, 3.9965817924499514, 4.122022662353515, 3.9788395248413084, 3.976163000488281, 4.104398532485962, 4.094076417922974, 4.144638018035889, 4.091326566314697, 3.9872096496582032, 4.1453789016723634, 4.032337420654297, 4.142223266983033, 4.054009432601929, 4.247456211853027, 4.140513497924805, 4.126409171295166, 4.241856466674805, 4.245383567047119, 4.292609740447998, 4.179171290588379, 4.197300273513794, 4.30427396774292, 4.293908641052246, 4.152442387008667, 4.252822142791748, 4.21604121017456, 4.292811491775513, 4.390824276733398, 4.321784719848633, 4.213822499465943, 4.276671133804321, 4.248477925109864, 4.300620178604126, 4.220896667098999, 4.262330980300903, 4.241325096893311, 4.248693407821655, 4.2375556716918945, 4.223327452468872, 4.260519514465332, 4.2014473503112795, 4.230593627929688, 4.22278451538086, 4.212124087524414, 4.243949533081055, 4.228624562072754, 4.191400977325439, 4.22331960144043, 4.205998049163818, 4.225629010391235, 4.186620932006836, 4.186578527450561, 4.224780555343628, 4.206608006286621, 4.197491318511963, 4.202051885986328, 4.217103055953979, 4.212962956237793, 4.208521213531494, 4.201269750976563, 4.205045469284058, 4.20980696182251, 4.210248208999634, 4.207128847885132, 4.209939619445801, 4.209931200027466, 4.203787225723267, 4.208192636871338],