{"loss": [], "acc": [], "test_loss": [5.624976935577393, 5.874866381835938, 4.223141484451294, 4.318427718353272, 4.096816606140137, 3.9093057636260986, 3.8684127983093264, 4.313916319274902, 3.9221463012695312, 4.255073722839356, 3.9889876037597656, 3.9164117362976074, 3.71008595123291, 3.9964970458984377, 3.88075729675293, 4.242186205291748, 5.579428466796875, 3.906491766357422, 4.077180564117431, 3.9380047004699708, 4.311090777587891, 3.9047515689849854, 4.1252213523864745, 4.059093537139892, 4.046983155059815, 3.659719596862793, 3.912371725463867, 3.8855211875915527, 4.158128917694092, 3.58341837387085, 3.9327207130432127, 3.4652911918640137, 5.024777485656738, 3.6070646991729736, 3.487519355392456, 3.957471516418457, 4.182392965698242, 3.8763138637542727, 3.922740616607666, 3.9207384170532227, 3.43843712348938, 3.738857049560547, 3.2746199073791504, 3.6406852779388426, 3.184146387863159, 3.112596491241455, 3.1090979854583742, 3.273378660964966, 3.5576722789764403, 3.3626849754333494, 3.3911516754150393, 2.8938562702178956, 2.9574592830657958, 3.0895973388671876, 3.070367819213867, 2.9309486331939696, 2.8993578735351564, 2.845541616821289, 3.2221438793182373, 3.020649435424805, 2.7678727630615234, 3.1639589328765867, 2.768519736480713, 2.8734784061431884, 2.733341145324707, 2.874439404296875, 2.6662118759155273, 2.68302642288208, 2.5746173988342287, 2.726124871063232, 2.6106169105529786, 2.643262692260742, 2.597254334640503, 2.539790172195435, 2.5424946491241456, 2.4587224742889404, 2.478299970626831, 2.471490517807007, 2.436463545227051, 2.42736940536499, 2.3778610229492188, 2.3866533599853517, 2.3717797504425047, 2.3404317859649657, 2.312646035003662, 2.30889641494751, 2.293669527435303, 2.300155881500244, 2.2777161685943605, 2.2580622486114503, 2.2482994899749755, 2.239622449493408, 2.242060217666626, 2.23653250579834, 2.229018480682373, 2.2324862651824953, 2.2285986072540283, 2.229438732910156, 2.2268943813323974, 2.228550235748291], "test_acc": [4.369999885559082, 4.139999866485596, 6.409999847412109, 5.619999885559082, 6.299999713897705, 9.050000190734863, 9.779999732971191, 4.670000076293945, 8.899999618530273, 6.259999752044678, 7.519999980926514, 9.059999465942383, 11.84999942779541, 7.829999923706055, 10.170000076293945, 7.639999866485596, 7.599999904632568, 10.4399995803833, 7.059999942779541, 8.179999351501465, 9.309999465942383, 9.729999542236328, 9.019999504089355, 8.819999694824219, 9.819999694824219, 12.239999771118164, 9.670000076293945, 9.59999942779541, 8.920000076293945, 15.0, 11.969999313354492, 16.520000457763672, 7.059999942779541, 13.289999961853027, 15.239999771118164, 13.339999198913574, 10.130000114440918, 12.899999618530273, 11.929999351501465, 12.269999504089355, 15.9399995803833, 13.75999927520752, 19.469999313354492, 15.229999542236328, 22.309999465942383, 21.459999084472656, 21.559999465942383, 19.979999542236328, 17.6299991607666, 19.81999969482422, 18.899999618530273, 24.829999923706055, 23.920000076293945, 23.420000076293945, 21.719999313354492, 24.439998626708984, 24.309999465942383, 25.399999618530273, 19.1299991607666, 23.65999984741211, 27.60999870300293, 21.979999542236328, 26.829999923706055, 25.90999984741211, 28.69999885559082, 26.35999870300293, 29.42999839782715, 29.170000076293945, 31.6299991607666, 27.760000228881836, 30.76999855041504, 30.09000015258789, 30.51999855041504, 32.14999771118164, 32.77000045776367, 33.71999740600586, 33.939998626708984, 33.279998779296875, 34.22999954223633, 34.64999771118164, 35.32999801635742, 35.369998931884766, 35.21999740600586, 36.82999801635742, 37.05999755859375, 37.31999969482422, 37.869998931884766, 37.89999771118164, 38.27000045776367, 38.5099983215332, 38.89999771118164, 39.189998626708984, 38.80999755859375, 39.28999710083008, 39.349998474121094, 39.37999725341797, 39.2599983215332, 39.349998474121094, 39.06999969482422, 39.279998779296875], "wall_time": [6.372562885284424, 11.947330236434937, 17.395315885543823, 22.480831623077393, 27.99799919128418, 34.31029772758484, 39.462323904037476, 44.78522515296936, 50.45670533180237, 56.03799271583557, 61.78434705734253, 67.40100383758545, 72.99765825271606, 78.61104893684387, 83.76472663879395, 89.00545620918274, 94.45324206352234, 99.92825150489807, 105.31075692176819, 111.06651329994202, 116.6471037864685, 122.24316453933716, 127.68349099159241, 133.12871193885803, 138.42670845985413, 143.6642804145813, 149.33304905891418, 154.84697270393372, 160.10871028900146, 166.81161379814148, 172.38674449920654, 178.01677799224854, 183.7016897201538, 188.59541130065918, 194.3614044189453, 199.95460200309753, 205.27413892745972, 210.4401891231537, 215.14715480804443, 219.43684577941895, 225.99161171913147, 231.49480962753296, 236.38102340698242, 242.06508946418762, 247.62303161621094, 252.3762776851654, 257.5157551765442, 263.0612518787384, 269.0259385108948, 274.6507351398468, 280.39631700515747, 285.82805609703064, 291.05738949775696, 296.42819333076477, 301.81093740463257, 306.83714151382446, 312.8770201206207, 318.43167662620544, 323.5259132385254, 329.1367461681366, 334.5305001735687, 340.3739354610443, 345.92436361312866, 351.21661949157715, 356.8427686691284, 362.23592805862427, 367.3527376651764, 372.7368097305298, 378.17475724220276, 382.75094747543335, 388.1628956794739, 393.4941191673279, 398.58193373680115, 404.3175768852234, 410.5401258468628, 416.6271150112152, 422.19285559654236, 428.0481517314911, 433.69192934036255, 439.2202208042145, 444.83790135383606, 450.4495723247528, 456.11692070961, 461.2353048324585, 466.74068307876587, 472.22825288772583, 477.77224111557007, 483.4368100166321, 489.115318775177, 494.5254147052765, 499.5238971710205, 504.953551530838, 510.5007860660553, 516.0751111507416, 521.6189181804657, 527.0872123241425, 533.0282924175262, 538.4966230392456, 543.3406851291656, 548.3789284229279], "val_loss": [5.614111924743653, 5.898437631988525, 4.2450614906311035, 4.3395921371459965, 4.114921270751953, 3.932559474182129, 3.891645821380615, 4.329138456726074, 3.93575166053772, 4.249636831665039, 4.012031820297241, 3.9359114810943603, 3.735599676513672, 4.0047943420410155, 3.893924838256836, 4.244006750488281, 5.646108324432373, 3.924174481964111, 4.09429990158081, 3.944240342712402, 4.274241528701782, 3.9342337524414064, 4.143811268615723, 4.1183040283203125, 4.03172646408081, 3.6846166622161864, 3.9278456081390383, 3.9085935901641844, 4.163840972137451, 3.5999743553161623, 3.9708823684692383, 3.4695539031982423, 5.0694848213195804, 3.6376188186645506, 3.4942375663757326, 3.9968977195739748, 4.181120718383789, 3.8782063751220703, 3.9183531578063966, 3.922147883605957, 3.4213659866333006, 3.7270501197814943, 3.295344701385498, 3.65322236328125, 3.2177268936157226, 3.1401706802368166, 3.1262650844573976, 3.2548929462432863, 3.550660317993164, 3.3676687606811524, 3.4223282699584963, 2.9088497581481936, 2.964291872406006, 3.0921375381469725, 3.1056308155059815, 2.9692147087097167, 2.930438200378418, 2.884296237182617, 3.2553820537567137, 3.034649803161621, 2.803123712539673, 3.197305573654175, 2.792091449356079, 2.872370888519287, 2.7549023902893066, 2.8717024314880373, 2.6758704917907714, 2.6958051635742186, 2.582797120285034, 2.7337198024749756, 2.600339826583862, 2.6492371421813963, 2.6278887268066407, 2.534125254058838, 2.5557348598480223, 2.4511090538024902, 2.4922356964111327, 2.4809122638702394, 2.436500666046143, 2.435645149612427, 2.3719534023284914, 2.3770409339904783, 2.3812195266723633, 2.3413374744415285, 2.307523652648926, 2.302101748275757, 2.288725924682617, 2.2959854679107665, 2.2708781677246095, 2.253155946350098, 2.2448726951599123, 2.232756316757202, 2.2366901374816894, 2.2360748920440674, 2.2241866470336915, 2.2260444820404053, 2.223762432861328, 2.22476584777832, 2.22109817276001, 2.2235037826538084],