{"loss": [], "acc": [], "test_loss": [4.504915468597412, 4.24446787033081, 4.162959966278076, 4.140566028594971, 4.19725221862793, 3.9691107131958008, 4.025688263702393, 4.579410736083984, 4.12403274230957, 4.061302108001709, 4.017183794403076, 4.230689273834228, 4.32724868927002, 4.011334749984742, 3.9784714027404786, 3.9187373558044434, 4.110310980987549, 4.15871732788086, 5.730715602111816, 4.131916040802002, 3.7507341320037844, 4.022076419448853, 3.9607295181274416, 3.8642976661682127, 4.059028050994873, 3.9841552490234373, 3.757277508544922, 3.9000124183654785, 3.7981679721832275, 4.0119464973449706, 3.686480074310303, 3.822942736053467, 4.378534670257569, 4.229359192657471, 3.8499734649658204, 3.834651078796387, 3.6962944938659668, 4.552693904876709, 3.8781615715026856, 4.725439242553711, 3.7761955879211424, 4.185533396148681, 4.023364558410645, 3.8582878265380858, 3.278110636138916, 3.4489529987335206, 3.382661017990112, 3.8297334564208985, 4.019862284088135, 3.369942514038086, 3.182598077011108, 3.26776178855896, 3.2450044990539553, 3.8522853691101075, 3.5974083671569823, 3.1951370445251466, 3.979625658416748, 3.627273934173584, 3.182885984802246, 3.135201463317871, 2.998030439376831, 2.912279906082153, 3.257401350402832, 2.9021234661102295, 2.995815076828003, 2.989530513381958, 2.8976841819763184, 2.9062411418914795, 2.9463617538452147, 2.774470887374878, 2.8064714237213133, 2.776197413635254, 2.721775099182129, 2.672703094100952, 2.687539126968384, 2.694482615661621, 2.6606713287353516, 2.6520472564697264, 2.604889812088013, 2.576877487564087, 2.5628368526458742, 2.5446064907073973, 2.5437949394226074, 2.555221753692627, 2.51977971534729, 2.517662659072876, 2.517691925430298, 2.491761809158325, 2.4916225997924806, 2.464926416015625, 2.4573509841918946, 2.452394206237793, 2.4495896881103514, 2.4504369480133055, 2.4454339389801025, 2.4426653511047363, 2.444815029144287, 2.451858377456665, 2.4390566108703613, 2.4370264907836914], "test_acc": [4.599999904632568, 4.659999847412109, 5.509999752044678, 7.169999599456787, 5.989999771118164, 7.75, 7.139999866485596, 4.21999979019165, 6.539999961853027, 7.309999942779541, 7.46999979019165, 5.559999942779541, 6.859999656677246, 7.119999885559082, 7.599999904632568, 7.989999771118164, 6.989999771118164, 6.21999979019165, 3.4499998092651367, 8.059999465942383, 10.399999618530273, 7.819999694824219, 7.539999961853027, 9.719999313354492, 8.889999389648438, 8.769999504089355, 10.1899995803833, 9.469999313354492, 10.359999656677246, 10.789999961853027, 12.119999885559082, 10.25, 6.730000019073486, 8.760000228881836, 10.519999504089355, 10.229999542236328, 11.960000038146973, 4.710000038146973, 9.9399995803833, 5.589999675750732, 10.279999732971191, 10.899999618530273, 9.90999984741211, 14.279999732971191, 18.010000228881836, 16.03999900817871, 16.15999984741211, 13.839999198913574, 11.75999927520752, 17.760000228881836, 20.689998626708984, 18.369998931884766, 18.729999542236328, 14.649999618530273, 15.799999237060547, 19.729999542236328, 13.219999313354492, 16.90999984741211, 19.90999984741211, 21.34000015258789, 23.5, 24.829999923706055, 19.28999900817871, 25.099998474121094, 23.40999984741211, 23.1299991607666, 25.43000030517578, 24.729999542236328, 24.420000076293945, 28.149999618530273, 27.209999084472656, 27.799999237060547, 28.670000076293945, 29.579999923706055, 29.959999084472656, 29.59000015258789, 29.81999969482422, 30.029998779296875, 31.10999870300293, 31.719999313354492, 32.099998474121094, 32.63999938964844, 32.32999801635742, 32.06999969482422, 32.95000076293945, 33.15999984741211, 32.959999084472656, 33.119998931884766, 33.55999755859375, 33.86000061035156, 34.06999969482422, 34.04999923706055, 34.29999923706055, 34.41999816894531, 34.540000915527344, 34.279998779296875, 34.45000076293945, 34.209999084472656, 34.46999740600586, 34.37999725341797], "wall_time": [7.503511905670166, 12.48983645439148, 19.247945308685303, 25.930214405059814, 32.586997509002686, 40.187931537628174, 46.02041268348694, 52.67197012901306, 58.54282999038696, 65.2348473072052, 72.36885499954224, 79.02856040000916, 85.99000668525696, 92.96827960014343, 99.97240829467773, 106.79687333106995, 113.65423965454102, 120.38605284690857, 126.93545079231262, 133.80284547805786, 140.4769206047058, 147.01121544837952, 153.70913887023926, 160.31657600402832, 166.21689867973328, 172.81916642189026, 179.4450647830963, 187.01832389831543, 193.73057794570923, 200.38070964813232, 206.68538737297058, 212.64258432388306, 219.10528874397278, 225.87279796600342, 232.24276161193848, 238.40577626228333, 245.2744598388672, 251.71842169761658, 258.53473687171936, 265.0923807621002, 271.37173295021057, 277.93171882629395, 284.7584698200226, 291.3555519580841, 297.8053436279297, 304.4739236831665, 311.388147354126, 317.13456559181213, 323.1183533668518, 329.49176120758057, 336.2584466934204, 343.0225284099579, 349.745046377182, 356.20781540870667, 362.54827427864075, 369.4274866580963, 376.0163586139679, 382.82756519317627, 389.2001585960388, 395.85868859291077, 402.301988363266, 408.4871754646301, 415.145889043808, 421.5116527080536, 428.13642263412476, 434.8122293949127, 441.39371705055237, 447.90933060646057, 454.1914498806, 461.11462116241455, 467.9477741718292, 474.50863885879517, 480.8712775707245, 487.5563712120056, 494.3717453479767, 500.82245087623596, 507.6211483478546, 514.031037569046, 520.4519138336182, 527.2761766910553, 533.5533883571625, 540.156750202179, 547.3498823642731, 553.8307423591614, 560.0387840270996, 566.8047778606415, 573.9187092781067, 580.7366042137146, 587.3662927150726, 594.216118812561, 601.0300843715668, 606.5820224285126, 613.2733223438263, 619.8094975948334, 626.318078994751, 632.8932490348816, 639.4991636276245, 645.9964189529419, 652.9187350273132, 659.7445969581604], "val_loss": [4.507510668182373, 4.254713983154297, 4.155662908935547, 4.143113110351562, 4.203199147796631, 3.9811368389129638, 4.035365927124023, 4.6000527572631835, 4.122875473022461, 4.0553569435119625, 4.016297566604615, 4.236412144470215, 4.332155592346191, 4.006141181182861, 3.986714778137207, 3.93099744720459, 4.101944581985474, 4.173540235137939, 5.752275804901123, 4.140788034820557, 3.7608525959014893, 4.025060598373413, 3.961820556640625, 3.890672343444824, 4.057628063964843, 3.993166815185547, 3.7570156665802004, 3.9254056411743163, 3.8383088771820066, 4.032691778564453, 3.715281802368164, 3.8251031852722166, 4.379263315582276, 4.25514655456543, 3.861289570236206, 3.867525093841553, 3.7319244171142576, 4.586884043121338, 3.9013680641174315, 4.7301407791137695, 3.810199921798706, 4.188495947265625, 4.068655673599243, 3.8743224224090578, 3.297702392578125, 3.4796404460906984, 3.413925729370117, 3.863291441345215, 4.068405229568482, 3.3822583892822267, 3.195077345275879, 3.280045422363281, 3.2723292087554934, 3.868264415359497, 3.6184373458862304, 3.2245645957946776, 4.025631034469605, 3.6715027770996094, 3.1881425453186036, 3.1564857357025145, 3.008280904006958, 2.9312664489746094, 3.2622875930786135, 2.925577220535278, 3.0164452087402345, 2.9951207649230955, 2.9141207496643067, 2.9245914695739748, 2.9839256172180177, 2.7981454498291014, 2.8126072040557863, 2.799861806488037, 2.734439779663086, 2.692716160583496, 2.6989321243286133, 2.717968745803833, 2.6764415512084963, 2.649683430099487, 2.6256165687561035, 2.597172855377197, 2.59090902633667, 2.5693166408538817, 2.5598674980163576, 2.568535601425171, 2.528433734512329, 2.5237565937042237, 2.5195272727966307, 2.4953526706695555, 2.499295291519165, 2.471663761138916, 2.4643960330963135, 2.459616851806641, 2.461707716369629, 2.4617675979614257, 2.4563863777160644, 2.4500080215454103, 2.455697272491455, 2.464340432357788, 2.446645621109009, 2.447406453323364],