{"loss": [], "acc": [], "test_loss": [6.698699540710449, 4.660202213287354, 4.736215431213379, 4.24151098022461, 4.283250932312011, 4.331272502136231, 3.943798387527466, 4.009155332183838, 3.727750212860107, 4.820356916809082, 3.9707468196868896, 4.375121421051025, 3.9328423122406004, 3.7705346866607665, 3.917624814605713, 3.938627851867676, 3.7097265407562254, 3.617565149688721, 4.5059935638427735, 3.9398101863861084, 3.758945600891113, 4.053662568664551, 4.565003833007813, 4.133296779632568, 4.356715287017822, 3.7063809921264648, 4.221724826049805, 3.8699316047668457, 4.062689001464844, 3.5788040321350096, 3.4005122703552244, 3.7416298820495606, 3.5368767791748046, 4.625624752807617, 3.3917886993408204, 3.7230812854766846, 3.62819609336853, 3.5213146648406983, 3.53067575302124, 3.442355298614502, 4.036816979598999, 3.370891605758667, 3.8672671310424804, 3.999020223236084, 4.063745531845092, 3.2552177207946777, 3.378511974334717, 3.215232441329956, 3.1280770637512205, 3.1398881698608396, 3.11094104347229, 3.2237791538238527, 3.0656654792785645, 3.1210266315460204, 3.0964577411651613, 3.07769896774292, 3.132265984725952, 3.2800654315948488, 3.0304930408477784, 2.9245846199035643, 2.9244507476806643, 2.976211961364746, 3.085233787918091, 2.9372057693481444, 2.858520097732544, 2.82350541305542, 2.835258589553833, 2.878163706588745, 2.7836741199493407, 2.6574236434936522, 2.6716170806884767, 2.696195077133179, 2.662327693939209, 2.593350801849365, 2.6734337257385254, 2.568279247665405, 2.6786617393493652, 2.537948921585083, 2.6119986991882325, 2.5185634246826174, 2.474860333251953, 2.4688674545288087, 2.444991795349121, 2.450103592681885, 2.4594347412109374, 2.4312747699737547, 2.40312825088501, 2.3997091537475588, 2.3910137252807617, 2.3815628181457518, 2.376518550491333, 2.369506343841553, 2.363441104888916, 2.3628638217926023, 2.363405015563965, 2.357670125579834, 2.3537712844848633, 2.3533557220458983, 2.3501394424438478, 2.351047076797485], "test_acc": [4.739999771118164, 6.829999923706055, 5.299999713897705, 6.039999961853027, 5.670000076293945, 4.920000076293945, 8.889999389648438, 9.859999656677246, 11.829999923706055, 6.71999979019165, 10.15999984741211, 7.019999980926514, 8.989999771118164, 12.199999809265137, 11.229999542236328, 9.4399995803833, 13.269999504089355, 12.829999923706055, 7.689999580383301, 10.920000076293945, 12.779999732971191, 10.289999961853027, 7.439999580383301, 7.210000038146973, 8.220000267028809, 11.979999542236328, 7.669999599456787, 9.920000076293945, 10.729999542236328, 14.719999313354492, 17.739999771118164, 13.559999465942383, 15.960000038146973, 5.71999979019165, 17.799999237060547, 13.679999351501465, 15.569999694824219, 15.739999771118164, 15.869999885559082, 17.8799991607666, 13.049999237060547, 18.059999465942383, 13.069999694824219, 11.84000015258789, 10.859999656677246, 19.969999313354492, 17.6299991607666, 20.459999084472656, 21.90999984741211, 22.10999870300293, 23.01999855041504, 20.649999618530273, 23.439998626708984, 21.670000076293945, 23.239999771118164, 24.219999313354492, 22.559999465942383, 19.979999542236328, 24.479999542236328, 26.119998931884766, 26.579999923706055, 24.619998931884766, 22.989999771118164, 25.8799991607666, 27.6299991607666, 27.510000228881836, 27.389999389648438, 27.01999855041504, 28.31999969482422, 30.619998931884766, 30.65999984741211, 30.709999084472656, 31.1299991607666, 32.29999923706055, 31.149999618530273, 32.93000030517578, 30.92999839782715, 33.56999969482422, 32.630001068115234, 33.97999954223633, 34.52000045776367, 35.48999786376953, 35.48999786376953, 35.36000061035156, 35.040000915527344, 36.040000915527344, 36.290000915527344, 37.02000045776367, 36.87999725341797, 37.48999786376953, 37.25, 37.65999984741211, 37.70000076293945, 37.56999969482422, 37.59000015258789, 37.75, 37.95000076293945, 37.790000915527344, 38.0, 37.939998626708984], "wall_time": [6.595383882522583, 11.538252353668213, 16.49436926841736, 21.51233458518982, 26.52369976043701, 31.250266075134277, 36.40224814414978, 41.33682417869568, 46.11056447029114, 50.46223306655884, 55.23857402801514, 59.53433275222778, 64.52357053756714, 69.33877730369568, 74.29022884368896, 78.98254489898682, 83.51813554763794, 88.32350993156433, 92.87965846061707, 97.48942565917969, 102.3253128528595, 107.50416731834412, 111.99631786346436, 116.67764735221863, 121.72059464454651, 127.22550320625305, 132.0424463748932, 136.96294331550598, 141.96328711509705, 146.67890644073486, 151.63507413864136, 156.89818930625916, 161.8270080089569, 165.96429657936096, 170.89734745025635, 175.11827874183655, 179.92404198646545, 184.77424669265747, 189.6047465801239, 194.62481498718262, 199.31915259361267, 203.96210765838623, 208.95725178718567, 213.71883273124695, 218.44023299217224, 223.44272804260254, 228.13146352767944, 232.7987277507782, 237.72724795341492, 242.06833004951477, 246.786780834198, 251.43485236167908, 256.2663106918335, 261.1101050376892, 265.5122654438019, 270.08322930336, 274.97240018844604, 279.7169945240021, 284.5795123577118, 289.3271372318268, 293.98564434051514, 299.35307097435, 303.7718241214752, 308.27109718322754, 312.97655844688416, 318.03891015052795, 322.84346747398376, 327.38185477256775, 331.65629291534424, 336.6429569721222, 341.26190090179443, 346.0841965675354, 350.8320326805115, 356.4533100128174, 361.60458183288574, 366.7218704223633, 371.5470027923584, 376.4610550403595, 381.25432991981506, 386.1826796531677, 390.9811010360718, 395.70995903015137, 400.34664154052734, 405.30773520469666, 410.73034715652466, 415.65188670158386, 420.5941741466522, 425.2694625854492, 430.3516969680786, 435.2674021720886, 439.57173347473145, 444.3350260257721, 449.2602620124817, 453.45769453048706, 458.2578504085541, 462.77698612213135, 467.5205309391022, 472.4712743759155, 477.040668964386, 481.9603202342987], "val_loss": [6.611240634155274, 4.664680522155762, 4.757679601287842, 4.233157469177246, 4.307310929870606, 4.347799319458008, 3.947675563812256, 4.014086532592773, 3.736415533065796, 4.813600768280029, 3.988467839050293, 4.380190223693847, 3.9494734828948976, 3.776492826461792, 3.950427687835693, 3.9511694061279297, 3.7150037185668947, 3.6339386764526367, 4.513824565124512, 3.9523289154052734, 3.7740385166168213, 4.05840670928955, 4.565069582366943, 4.164587056350708, 4.375101826477051, 3.7340352924346925, 4.2286882499694824, 3.900290114974976, 4.087311968994141, 3.59269474029541, 3.4216197311401366, 3.766271208190918, 3.59146305770874, 4.632068245315552, 3.4242016563415527, 3.758941513824463, 3.6622027435302735, 3.5401769050598144, 3.539835954284668, 3.4714323928833006, 4.084411709594726, 3.3998503723144533, 3.910102425765991, 4.023211769485473, 4.089390284729004, 3.2890759090423582, 3.429140486526489, 3.236755484008789, 3.1548054664611818, 3.1728696605682374, 3.1481659366607664, 3.2574450202941896, 3.088911333847046, 3.145319123840332, 3.1327983024597166, 3.095638553237915, 3.1770867053985596, 3.3123522609710694, 3.05726296005249, 2.949750344085693, 2.960707540130615, 3.0090284641265868, 3.1107987869262694, 2.9659284061431883, 2.8845522186279298, 2.855272596740723, 2.844366956329346, 2.897233162689209, 2.808449270248413, 2.693666305541992, 2.688643797302246, 2.722472930908203, 2.701122193145752, 2.613968603515625, 2.7039734340667723, 2.5844124519348144, 2.697130162811279, 2.55650791015625, 2.622534465408325, 2.532474192047119, 2.4951571449279784, 2.485951177215576, 2.4691523918151854, 2.469263987731934, 2.47876297416687, 2.441067092514038, 2.4104713367462156, 2.4092818832397462, 2.4056345878601073, 2.393290813446045, 2.3844384578704836, 2.376376575469971, 2.3708252349853516, 2.369831346130371, 2.3716682273864746, 2.367379069519043, 2.3647894592285157, 2.363304364013672, 2.3602570400238037, 2.358794323348999],