{"loss": [], "acc": [], "test_loss": [4.671977366638184, 4.998206405639649, 6.03886268081665, 5.743229727935791, 4.574509234619141, 4.4009987800598145, 4.2824823219299315, 4.230780815124512, 4.165394884490967, 4.149037894439697, 4.1434537826538085, 4.150842090606689, 4.075253968811035, 4.033523899078369, 4.033354763031006, 4.089111312866211, 4.0250929229736325, 3.9644539710998536, 3.95771732711792, 3.928640129852295, 3.9267359748840334, 3.9872430480957033, 3.915439205169678, 3.9052376502990724, 3.8751130722045897, 3.8787263694763183, 4.030490435791016, 3.899245213317871, 3.7920581439971923, 3.8486251304626466, 4.002103429794311, 3.8818445442199705, 3.9532240112304686, 3.878275952911377, 3.8452453590393065, 3.86502960357666, 3.9784171859741213, 3.857142248916626, 3.9059691078186036, 3.9352455993652344, 3.892651784515381, 3.9239677497863767, 3.9835854789733887, 3.979497216796875, 3.886952968597412, 3.8423961612701416, 3.986787496948242, 3.8795820037841797, 3.9310875259399416, 3.989214624786377, 3.976733822631836, 4.05761868057251, 4.139979626464844, 4.073364637756348, 4.077105606460571, 4.129972344207764, 4.050447680664062, 4.091779451751709, 4.164641307067871, 4.117127054595947, 4.175455585479736, 4.1143971488952635, 4.137895075988769, 4.107803963470459, 4.207358485412597, 4.137673991394043, 4.149977842712403, 4.2173864433288575, 4.230931404113769, 4.216095920562744, 4.188461964416504, 4.183240523529053, 4.206688304901123, 4.259402890014648, 4.270518621826172, 4.196955921936035, 4.227567168426513, 4.204052602386475, 4.217572875976563, 4.24672483291626, 4.24086536102295, 4.2543802734375, 4.236632880401611, 4.271187748718262, 4.270913954925537, 4.279451697540283, 4.286072991943359, 4.269580996704102, 4.270349903106689, 4.298081002044678, 4.297953175354004, 4.259004646301269, 4.279202276611328, 4.288322952270508, 4.275698066711426, 4.28904966506958, 4.2777520965576175, 4.2994880218505855, 4.294667604064942, 4.293701092529297], "test_acc": [1.0, 1.0499999523162842, 1.7999999523162842, 1.9499999284744263, 3.9099998474121094, 4.069999694824219, 5.019999980926514, 5.589999675750732, 6.389999866485596, 6.299999713897705, 6.679999828338623, 6.109999656677246, 7.389999866485596, 7.659999847412109, 7.989999771118164, 7.809999942779541, 8.59999942779541, 9.369999885559082, 9.519999504089355, 10.170000076293945, 10.329999923706055, 9.460000038146973, 10.429999351501465, 11.399999618530273, 10.449999809265137, 10.859999656677246, 10.710000038146973, 11.449999809265137, 12.729999542236328, 12.969999313354492, 11.1899995803833, 11.969999313354492, 11.670000076293945, 12.880000114440918, 12.969999313354492, 13.089999198913574, 12.389999389648438, 13.559999465942383, 13.319999694824219, 14.179999351501465, 12.889999389648438, 14.170000076293945, 12.829999923706055, 14.319999694824219, 14.429999351501465, 15.569999694824219, 13.549999237060547, 14.769999504089355, 14.719999313354492, 14.279999732971191, 15.049999237060547, 14.170000076293945, 13.819999694824219, 14.619999885559082, 15.059999465942383, 13.719999313354492, 15.319999694824219, 15.170000076293945, 14.229999542236328, 15.069999694824219, 14.819999694824219, 15.09999942779541, 15.75, 15.989999771118164, 15.489999771118164, 15.420000076293945, 16.209999084472656, 16.100000381469727, 15.819999694824219, 16.0, 16.209999084472656, 16.399999618530273, 16.469999313354492, 16.06999969482422, 16.369998931884766, 16.799999237060547, 16.69999885559082, 16.65999984741211, 16.799999237060547, 16.60999870300293, 16.939998626708984, 16.779998779296875, 17.049999237060547, 17.439998626708984, 17.170000076293945, 17.10999870300293, 16.799999237060547, 16.979999542236328, 17.100000381469727, 17.239999771118164, 17.28999900817871, 17.489999771118164, 17.170000076293945, 17.3799991607666, 17.299999237060547, 17.189998626708984, 17.329999923706055, 17.279998779296875, 17.420000076293945, 17.309999465942383], "wall_time": [1.8147697448730469, 3.082909107208252, 4.209571361541748, 5.450320720672607, 6.544044494628906, 7.681811809539795, 8.91130018234253, 10.153782367706299, 11.531346082687378, 12.60611343383789, 13.929882049560547, 15.254996299743652, 16.415062189102173, 17.496673107147217, 18.730134963989258, 19.82717776298523, 20.991973161697388, 22.133347749710083, 23.197978973388672, 24.32650136947632, 25.507891416549683, 26.699663400650024, 27.8691349029541, 29.046123266220093, 30.21945071220398, 31.339528799057007, 32.49505352973938, 33.622456073760986, 34.82038927078247, 35.978877782821655, 37.079978227615356, 38.384703636169434, 39.632887840270996, 40.83698630332947, 41.949119329452515, 43.05668568611145, 44.25784993171692, 45.331576347351074, 46.43133497238159, 47.62548518180847, 48.82155919075012, 49.921568393707275, 51.2807297706604, 52.483609676361084, 53.66338539123535, 54.808385372161865, 56.03158450126648, 57.22111988067627, 58.33673334121704, 59.468846559524536, 60.71428442001343, 61.871243953704834, 62.99545669555664, 64.16327953338623, 65.29476761817932, 66.42031741142273, 67.5727117061615, 68.90196013450623, 70.19526815414429, 71.32846522331238, 72.59393453598022, 73.85313129425049, 75.05567908287048, 76.18049001693726, 77.38607382774353, 78.51154780387878, 79.78426170349121, 80.86408543586731, 81.91562557220459, 82.97341179847717, 84.12582516670227, 85.27779030799866, 86.43405842781067, 87.52527832984924, 88.61026644706726, 89.81630039215088, 90.99390578269958, 92.15242290496826, 93.21882176399231, 94.29404735565186, 95.53351545333862, 96.61342406272888, 97.71355152130127, 98.75304675102234, 99.86597084999084, 100.9428882598877, 102.10886478424072, 103.19087791442871, 104.26282954216003, 105.4164879322052, 106.50078630447388, 107.70800948143005, 108.85806179046631, 109.87411189079285, 110.9110815525055, 112.09301114082336, 113.21863222122192, 114.44619107246399, 115.540363073349, 116.5998694896698], "val_loss": [4.6699587257385256, 4.99477769165039, 6.0264368255615235, 5.746091762542725, 4.583834529113769, 4.40695657043457, 4.286366598510742, 4.240469229888916, 4.17359693069458, 4.152986404418946, 4.152230460739136, 4.153705200958252, 4.08642004814148, 4.047958634185791, 4.033525552368164, 4.0905493667602535, 4.0375810180664065, 3.979786413192749, 3.9733582374572753, 3.949883182144165, 3.9474966926574706, 4.013245180511475, 3.934145778656006, 3.911543045806885, 3.8982189178466795, 3.872385818862915, 4.056138528442383, 3.9111375118255616, 3.7911499576568604, 3.856482232284546, 4.022612358474731, 3.8776369869232177, 3.960844174194336, 3.8902447502136233, 3.859097315979004, 3.8885384483337404, 3.993236477279663, 3.8800627880096434, 3.9058923217773436, 3.9372414054870606, 3.8850986320495604, 3.9267746395111085, 3.998958373260498, 3.98808390045166, 3.892429359817505, 3.87967815246582, 3.999952827453613, 3.903728895187378, 3.919449058532715, 3.978761141204834, 3.985199722290039, 4.059651485443116, 4.1396117080688475, 4.080583888244629, 4.080157403564453, 4.121118831253051, 4.046774390411377, 4.0796339828491215, 4.178949516296386, 4.138059693527222, 4.1498299491882324, 4.123005670928955, 4.128152447509765, 4.110865103530884, 4.2206771900177005, 4.11861406326294, 4.135359629440307, 4.231421327209473, 4.234698021697998, 4.212633771514892, 4.175305003356933, 4.183315707397461, 4.21419409866333, 4.256194169616699, 4.279980821990967, 4.1964733493804935, 4.22203507232666, 4.177856660842895, 4.220613125610352, 4.240664130401611, 4.234601966094971, 4.248480467224121, 4.227637525177002, 4.269243075561524, 4.2712376647949215, 4.2756416175842284, 4.281335357666015, 4.263769997406006, 4.2654808898925785, 4.298115176391602, 4.293805764007568, 4.259756800079345, 4.277172998046875, 4.288578783416748, 4.274087642288208, 4.288410370254517, 4.275346570205689, 4.297504580688477, 4.291651350021362, 4.292828726959229],