{"loss": [], "acc": [], "test_loss": [10.003795433044434, 4.944083113861084, 4.642967687988281, 4.199423827362061, 4.2867835372924805, 4.3541416164398195, 4.55177977142334, 4.86104822921753, 4.30705333480835, 3.8465382537841797, 4.080811074829102, 3.8444061599731447, 4.746406649017334, 3.9495280212402344, 3.960706531524658, 3.805778356933594, 3.8320953060150145, 3.928026738357544, 3.507015330505371, 3.8004470554351806, 3.8634196754455568, 3.5288360187530516, 3.7132691429138185, 3.770932373428345, 3.5145248657226564, 5.401290476226807, 4.0343204071044925, 4.070482336807251, 3.5113909984588623, 3.548542901611328, 3.596385753250122, 3.4205309631347656, 3.480387554168701, 3.4771710746765137, 3.165052714920044, 3.578056636810303, 3.505019921875, 3.313318119430542, 3.2686006908416747, 3.4202403438568116, 3.285369826126099, 3.2076276752471924, 4.083427095794677, 3.3970096755981447, 3.1400969818115234, 3.2945508125305176, 2.949137624359131, 3.1073972274780273, 2.9187706958770754, 2.9344378803253175, 3.069593181991577, 2.9539417015075684, 3.0665948474884033, 3.1322137855529784, 3.1471331848144533, 2.8472957500457765, 2.8503143058776854, 2.8780558155059817, 2.796061205291748, 2.8821734703063964, 2.704846795654297, 2.7590393020629884, 2.778724375915527, 2.7012644718170167, 2.5982919593811036, 2.670721157455444, 2.5492464027404784, 2.5264780151367185, 2.5700790142059327, 2.487108656311035, 2.653312445449829, 2.4374269634246826, 2.445701781463623, 2.4349646034240724, 2.4228708034515383, 2.377701284790039, 2.3175638298034666, 2.307267115020752, 2.3367148464202883, 2.352958390045166, 2.291569352722168, 2.277090616607666, 2.2824053356170655, 2.2571243465423585, 2.256381060409546, 2.2294921211242675, 2.2364914501190185, 2.2164401653289794, 2.2020289764404297, 2.2045661224365234, 2.189274151611328, 2.186650421142578, 2.1824250507354734, 2.175414244270325, 2.171740531539917, 2.1736997037887575, 2.1697974395751953, 2.166875827407837, 2.1713761028289795, 2.169147658157349], "test_acc": [2.7699999809265137, 4.449999809265137, 5.960000038146973, 6.440000057220459, 7.849999904632568, 4.799999713897705, 5.21999979019165, 3.299999952316284, 6.539999961853027, 10.960000038146973, 8.260000228881836, 10.960000038146973, 6.069999694824219, 11.130000114440918, 10.429999351501465, 11.960000038146973, 11.279999732971191, 11.269999504089355, 16.049999237060547, 12.389999389648438, 11.579999923706055, 15.559999465942383, 13.839999198913574, 13.1899995803833, 16.81999969482422, 6.75, 10.65999984741211, 10.130000114440918, 17.15999984741211, 15.809999465942383, 14.369999885559082, 17.399999618530273, 16.94999885559082, 17.189998626708984, 21.40999984741211, 15.449999809265137, 17.729999542236328, 19.35999870300293, 20.119998931884766, 18.670000076293945, 20.34000015258789, 21.469999313354492, 12.519999504089355, 17.85999870300293, 22.579999923706055, 20.459999084472656, 25.729999542236328, 22.90999984741211, 25.229999542236328, 26.03999900817871, 23.399999618530273, 25.59000015258789, 24.299999237060547, 23.389999389648438, 23.03999900817871, 27.56999969482422, 27.670000076293945, 26.76999855041504, 27.84000015258789, 26.739999771118164, 30.739999771118164, 29.029998779296875, 28.739999771118164, 30.56999969482422, 32.41999816894531, 31.92999839782715, 33.56999969482422, 34.02000045776367, 32.869998931884766, 34.41999816894531, 31.619998931884766, 35.709999084472656, 35.71999740600586, 35.82999801635742, 35.90999984741211, 36.68000030517578, 37.7599983215332, 38.32999801635742, 37.73999786376953, 37.32999801635742, 39.11000061035156, 39.0099983215332, 38.779998779296875, 39.209999084472656, 39.68000030517578, 40.209999084472656, 39.79999923706055, 40.43000030517578, 40.64999771118164, 40.78999710083008, 40.90999984741211, 41.12999725341797, 41.11000061035156, 41.41999816894531, 41.52000045776367, 41.209999084472656, 41.36000061035156, 41.30999755859375, 41.40999984741211, 41.55999755859375], "wall_time": [6.065276622772217, 11.565083026885986, 16.68969964981079, 22.234966039657593, 27.505661010742188, 32.94171619415283, 38.281543254852295, 43.648932218551636, 48.82665514945984, 54.1135835647583, 59.07085561752319, 64.41712236404419, 69.5991051197052, 74.53186225891113, 79.56333017349243, 85.03936314582825, 90.39050674438477, 95.61788272857666, 100.8421700000763, 106.03596496582031, 111.22049641609192, 116.57595324516296, 121.74678945541382, 127.09146571159363, 132.3330419063568, 137.70679688453674, 142.65200877189636, 147.95787072181702, 153.2092981338501, 158.22648978233337, 163.5574815273285, 168.75349140167236, 173.89858603477478, 179.16857266426086, 184.22219729423523, 189.54240107536316, 194.40319657325745, 199.39943194389343, 204.51742100715637, 209.5898358821869, 214.9826500415802, 220.38614058494568, 225.63750314712524, 231.02715706825256, 236.36343908309937, 241.72492933273315, 246.8447368144989, 251.73165583610535, 256.88161540031433, 262.2343502044678, 267.49206614494324, 272.9090962409973, 278.01622915267944, 283.4174315929413, 288.84977102279663, 293.8666195869446, 299.12672686576843, 304.413526058197, 309.43203592300415, 314.3448679447174, 319.65643429756165, 325.1045672893524, 330.3967707157135, 335.3286373615265, 340.3261396884918, 345.4984390735626, 350.3686308860779, 355.5916049480438, 361.0822048187256, 366.53342390060425, 371.7802257537842, 377.064218044281, 382.18269324302673, 387.2838258743286, 392.72067427635193, 397.4446723461151, 403.113343000412, 408.49646639823914, 413.9889941215515, 419.17073941230774, 424.5807411670685, 429.8208885192871, 435.42569184303284, 440.78277039527893, 445.81966042518616, 451.46787667274475, 456.8442437648773, 462.0164713859558, 467.2360236644745, 472.63572239875793, 477.69987964630127, 483.08763670921326, 488.4638593196869, 493.78530287742615, 499.02731919288635, 504.45092821121216, 509.82577753067017, 515.1612720489502, 520.4642884731293, 525.7539699077606], "val_loss": [9.97806583557129, 4.972152696228028, 4.662602217102051, 4.2202153175354, 4.293445449829101, 4.369920893859863, 4.543663862609863, 4.908621589660645, 4.326918561553955, 3.8527440929412844, 4.120367488861084, 3.868851718902588, 4.766719400787354, 3.9627604843139648, 3.981834973526001, 3.8208497703552244, 3.8734689811706544, 3.976122652053833, 3.5261295013427736, 3.8207561737060547, 3.897763232421875, 3.5614638416290285, 3.6968365787506103, 3.764560261917114, 3.5188417350769043, 5.413702994537354, 4.075442639160157, 4.122463013458252, 3.527007627105713, 3.5616476058959963, 3.591675115585327, 3.451581938171387, 3.519490372467041, 3.502087522888184, 3.1858451656341553, 3.6020571311950684, 3.5122888748168943, 3.3638425914764403, 3.300039179992676, 3.4611657196044923, 3.3275861511230467, 3.224194059371948, 4.102643678665161, 3.433493382644653, 3.1812695938110354, 3.327658716583252, 2.9725171699523925, 3.1263301769256593, 2.940118027496338, 2.9374223503112793, 3.12532180480957, 2.972009794616699, 3.0774453495025633, 3.143043109893799, 3.161898359298706, 2.855693877410889, 2.8650748863220215, 2.879711766052246, 2.8234674396514894, 2.903866426849365, 2.721412716293335, 2.7574461456298827, 2.802994215774536, 2.7148496742248533, 2.61399970664978, 2.690109510421753, 2.5726177654266356, 2.5362856407165526, 2.5830125659942627, 2.5058922149658205, 2.665887626647949, 2.457900389099121, 2.4517334369659425, 2.441421551132202, 2.436991543960571, 2.386862850189209, 2.3305865394592287, 2.3104411449432374, 2.3380458404541016, 2.3583990943908693, 2.305483510971069, 2.2808674797058104, 2.290199101257324, 2.268707365036011, 2.2588762428283693, 2.234530724334717, 2.240243061065674, 2.224916086959839, 2.210605912780762, 2.206351877593994, 2.1981089725494383, 2.193248601913452, 2.1917076499938966, 2.1829549606323244, 2.1811773586273193, 2.182993368911743, 2.1822336353302, 2.176842851638794, 2.1824192443847656, 2.179986524963379],