{"loss": [], "acc": [], "test_loss": [4.636108967590332, 4.689332940673828, 4.680516610717773, 4.368974133300782, 4.475599488067627, 4.650184212493897, 4.334502797698975, 4.342387296295166, 4.446068898773193, 4.526592082214355, 4.640579872131347, 4.604748408508301, 4.67075352935791, 4.483181103515625, 4.6374546257019045, 4.576755009460449, 4.885532163238525, 4.795203874206543, 4.933991525268555, 4.8289489128112795, 4.857623511505127, 4.9490743919372555, 5.127042027282715, 5.363064218139648, 4.992324415588379, 5.203593895721435, 5.196603681945801, 5.426014420318603, 5.4444443878173825, 5.301466733551026, 5.307799166107178, 5.270548045349121, 5.50205232925415, 5.507665731048584, 5.496650444030761, 5.567699119567871, 5.380341683197021, 5.488405337524414, 5.562886955261231, 5.469154763031006, 5.711764156341553, 5.530194542694092, 5.487285530090332, 5.44583398513794, 5.665284992218018, 5.556739667510986, 5.515949938964844, 5.482056936645508, 5.5728965126037595, 5.5622277938842775, 5.666718295288086, 5.632851610565186, 5.510592486572266, 5.572151477050781, 5.465596939849854, 5.578322531890869, 5.496240168762207, 5.559087229919434, 5.531863192749023, 5.531436637878418, 5.4876154525756835, 5.466255606079102, 5.499838609313965, 5.493963119506836, 5.466155838012695, 5.482660750579834, 5.4639894523620605, 5.471843840026856, 5.441107759857178, 5.451728762054444, 5.431202723693848, 5.408578002929688, 5.409665795898437, 5.414526624298095, 5.422593491363525, 5.40674990234375, 5.393507000732422, 5.400930173492432, 5.39912947769165, 5.391848488616944, 5.382268571472168, 5.387652838134765, 5.3962240974426265, 5.394008428955078, 5.379217371368409, 5.413493863677979, 5.401306736755371, 5.404727212524414, 5.385850173950195, 5.396440544891357, 5.383169954681397, 5.375346658325196, 5.38226911239624, 5.39524369354248, 5.389861391448974, 5.400265169525147, 5.3910371208190915, 5.3993352478027345, 5.401695728302002, 5.400905377197265], "test_acc": [1.0, 1.0, 1.0, 3.299999952316284, 5.559999942779541, 6.460000038146973, 8.039999961853027, 8.050000190734863, 8.59000015258789, 7.409999847412109, 7.489999771118164, 8.139999389648438, 8.729999542236328, 10.34000015258789, 8.969999313354492, 9.670000076293945, 8.5, 9.989999771118164, 10.579999923706055, 9.859999656677246, 12.199999809265137, 9.829999923706055, 10.619999885559082, 10.0, 11.880000114440918, 12.09000015258789, 12.489999771118164, 11.139999389648438, 11.380000114440918, 11.309999465942383, 12.979999542236328, 13.039999961853027, 12.079999923706055, 13.059999465942383, 11.929999351501465, 12.859999656677246, 13.869999885559082, 12.579999923706055, 13.559999465942383, 13.899999618530273, 13.269999504089355, 14.029999732971191, 14.339999198913574, 14.049999237060547, 14.15999984741211, 14.359999656677246, 14.75, 14.989999771118164, 15.269999504089355, 15.389999389648438, 15.079999923706055, 14.979999542236328, 15.539999961853027, 15.489999771118164, 15.919999122619629, 15.219999313354492, 16.079999923706055, 15.889999389648438, 15.609999656677246, 16.25, 16.239999771118164, 16.119998931884766, 16.10999870300293, 16.279998779296875, 16.68000030517578, 16.35999870300293, 16.59000015258789, 16.719999313354492, 16.829999923706055, 16.85999870300293, 16.770000457763672, 16.809999465942383, 17.020000457763672, 17.18000030517578, 16.75, 17.029998779296875, 17.239999771118164, 17.020000457763672, 17.09000015258789, 17.239999771118164, 17.28999900817871, 17.09000015258789, 17.299999237060547, 17.31999969482422, 17.469999313354492, 17.309999465942383, 17.350000381469727, 17.329999923706055, 17.399999618530273, 17.53999900817871, 17.619998931884766, 17.3799991607666, 17.489999771118164, 17.420000076293945, 17.469999313354492, 17.35999870300293, 17.53999900817871, 17.25, 17.469999313354492, 17.469999313354492], "wall_time": [3.2184808254241943, 4.574333429336548, 5.8984715938568115, 7.253682374954224, 8.609192609786987, 9.974581956863403, 11.347357749938965, 12.717982053756714, 14.066358089447021, 15.442774534225464, 16.804615020751953, 18.18698763847351, 19.570038318634033, 20.882141590118408, 22.236136436462402, 23.57801580429077, 24.927464485168457, 26.273255348205566, 27.621472358703613, 28.96374797821045, 30.310723304748535, 31.682636737823486, 33.05550408363342, 34.44911575317383, 35.82398319244385, 37.19656848907471, 38.58138346672058, 39.96037197113037, 41.33227324485779, 42.69233560562134, 44.03196310997009, 45.40735387802124, 46.78486108779907, 48.13474130630493, 49.51949119567871, 50.89179563522339, 52.2525954246521, 53.63394737243652, 55.01095151901245, 56.423229694366455, 57.79428505897522, 59.21452832221985, 60.559041261672974, 61.92055892944336, 63.27234697341919, 64.60151791572571, 65.95555543899536, 67.33659648895264, 68.70564126968384, 70.06932258605957, 71.42339086532593, 72.7741539478302, 74.12471675872803, 75.48164319992065, 76.85461640357971, 78.2265727519989, 79.60499787330627, 80.97835373878479, 82.36586666107178, 83.73957443237305, 85.10570073127747, 86.48315238952637, 87.87892746925354, 89.2584936618805, 90.62733960151672, 92.00640559196472, 93.36663556098938, 94.75077700614929, 96.11032724380493, 97.49992108345032, 98.8749942779541, 100.21170163154602, 101.58535265922546, 102.92678427696228, 104.28835129737854, 105.67640447616577, 107.05123281478882, 108.44279146194458, 109.82278418540955, 111.18719434738159, 112.55211615562439, 113.9172694683075, 115.30495643615723, 116.64385628700256, 118.0273768901825, 119.39137268066406, 120.7798318862915, 122.14243483543396, 123.5034728050232, 124.84976291656494, 126.18839430809021, 127.52866768836975, 128.89871883392334, 130.2479908466339, 131.62573218345642, 132.95266008377075, 134.32226991653442, 135.6815061569214, 137.06123900413513, 138.44269728660583], "val_loss": [4.638842506408691, 4.694854401397705, 4.6860178977966305, 4.374718649291992, 4.478921739959717, 4.641565631866455, 4.334485995864868, 4.330992547607422, 4.4360015579223635, 4.517081419372559, 4.639142171859741, 4.59061908416748, 4.660867672729492, 4.469609188842774, 4.636056246185302, 4.591001462554932, 4.886637777709961, 4.772286631774902, 4.87953062210083, 4.808150532531738, 4.862823823547363, 4.927132566833496, 5.114390238952637, 5.325644149780273, 4.940971647644043, 5.168629655456543, 5.18718016281128, 5.382045959472657, 5.408256325531005, 5.266716177368164, 5.245845738220215, 5.248262139892578, 5.456308618164062, 5.476220732879638, 5.41551517944336, 5.495516373443603, 5.327671731567383, 5.480590197753906, 5.5907780570983885, 5.399509935760498, 5.677782019805909, 5.496836009216309, 5.443460240936279, 5.421833391571045, 5.609644686889649, 5.520430030822754, 5.504773945617676, 5.482931328582763, 5.5307683128356935, 5.495481939697266, 5.57900518951416, 5.576066656494141, 5.437640055084229, 5.519755667114258, 5.4349118423461915, 5.521340660858154, 5.462621855163574, 5.5381894844055175, 5.484894052124023, 5.485569248962403, 5.438144461822509, 5.424893397521973, 5.47335029296875, 5.442439734649658, 5.43812883605957, 5.462475846862793, 5.442340030670166, 5.439376044464112, 5.415736336517334, 5.4149311279296874, 5.403744038391113, 5.388969220733642, 5.3915653335571285, 5.394424711608886, 5.389906388092041, 5.384902102661133, 5.371103880310058, 5.371858267211914, 5.378317360687256, 5.373377774047851, 5.356101251220703, 5.371776480102539, 5.3753260940551755, 5.3773851989746095, 5.365998049926758, 5.39885272064209, 5.3917361358642575, 5.397498904418946, 5.372144400787353, 5.378925967407227, 5.3663936019897465, 5.359445454406738, 5.368790024566651, 5.381635609436035, 5.373957203674316, 5.387247689056396, 5.376477146911621, 5.384236116790771, 5.386817931365967, 5.386487187194824],