{"loss": [], "acc": [], "test_loss": [4.858301875305176, 4.3236195106506345, 4.1681014320373535, 4.027491139221191, 3.8045052543640137, 3.7553843921661376, 3.7526025825500486, 3.724289207458496, 3.5962772006988524, 3.587318095779419, 3.4672498413085937, 3.5066557163238525, 3.559091111373901, 3.414720211029053, 3.5034189067840575, 3.479064749908447, 3.529973876953125, 3.2754548496246336, 3.1894093914031982, 3.176992910003662, 3.194400511932373, 3.1736418502807617, 3.2104649627685546, 3.2281840713500976, 3.3593569805145265, 3.2201880264282225, 3.2509594848632815, 3.222994956970215, 3.202468166732788, 3.3447968002319337, 3.288067777252197, 3.273434473800659, 3.3567422969818117, 3.410199393081665, 3.479978211212158, 3.345005191040039, 3.316339892959595, 3.458996659851074, 3.4630956840515137, 3.4156123970031738, 3.3821231552124025, 3.557985147857666, 3.3912746292114258, 3.3277490409851076, 3.349064072036743, 3.3688185268402098, 3.49085869140625, 3.5265454261779787, 3.4181006465911867, 3.496589144897461, 3.3895278148651125, 3.416651702880859, 3.4343591064453123, 3.382207543182373, 3.3118205310821534, 3.372263522720337, 3.321778653717041, 3.2773709812164307, 3.289234792327881, 3.285688212585449, 3.300296863937378, 3.2511534496307375, 3.2250421005249024, 3.1935142959594724, 3.186130796813965, 3.2067621509552002, 3.177227936553955, 3.1570028881073, 3.152869561767578, 3.126972578048706, 3.1257473979949952, 3.104443162536621, 3.1121239356994628, 3.1024800216674806, 3.0913511371612548, 3.0699266929626465, 3.081208738708496, 3.0725154220581055, 3.0652437339782717, 3.0584907878875733, 3.049302714538574, 3.065231600189209, 3.039446807098389, 3.0447979232788085, 3.0355946186065674, 3.034013332366943, 3.028549988937378, 3.0285793716430662, 3.027728289794922, 3.039434927749634, 3.0229821723937986, 3.026923957824707, 3.024483277511597, 3.030979372024536, 3.0283233783721926, 3.029174201965332, 3.0255334560394287, 3.0286150806427004, 3.030919952774048, 3.0271520416259765], "test_acc": [1.0, 6.269999980926514, 7.369999885559082, 8.559999465942383, 10.460000038146973, 12.179999351501465, 12.679999351501465, 13.719999313354492, 15.65999984741211, 16.239999771118164, 18.5, 17.94999885559082, 17.939998626708984, 19.81999969482422, 20.469999313354492, 20.69999885559082, 19.81999969482422, 25.010000228881836, 26.25, 26.10999870300293, 26.19999885559082, 27.099998474121094, 26.639999389648438, 28.149999618530273, 26.1299991607666, 28.459999084472656, 28.40999984741211, 29.26999855041504, 29.959999084472656, 29.170000076293945, 30.869998931884766, 31.059999465942383, 30.35999870300293, 31.529998779296875, 30.029998779296875, 32.20000076293945, 32.73999786376953, 31.229999542236328, 32.84000015258789, 33.040000915527344, 32.90999984741211, 31.979999542236328, 33.81999969482422, 34.81999969482422, 35.29999923706055, 34.849998474121094, 33.64999771118164, 33.77000045776367, 35.40999984741211, 34.71999740600586, 35.93000030517578, 36.0, 36.0, 36.369998931884766, 37.20000076293945, 36.95000076293945, 37.34000015258789, 37.13999938964844, 37.46999740600586, 37.71999740600586, 37.87999725341797, 38.22999954223633, 38.290000915527344, 38.619998931884766, 38.349998474121094, 38.82999801635742, 39.2599983215332, 39.040000915527344, 39.16999816894531, 39.41999816894531, 39.37999725341797, 39.48999786376953, 39.88999938964844, 39.599998474121094, 39.73999786376953, 39.87999725341797, 39.70000076293945, 39.56999969482422, 39.79999923706055, 39.80999755859375, 39.88999938964844, 40.0, 40.09000015258789, 40.07999801635742, 40.12999725341797, 40.27000045776367, 40.23999786376953, 40.209999084472656, 40.07999801635742, 40.0, 40.16999816894531, 40.119998931884766, 40.21999740600586, 40.25, 39.96999740600586, 40.23999786376953, 40.209999084472656, 40.02000045776367, 40.03999710083008, 40.03999710083008], "wall_time": [4.226186037063599, 6.542630195617676, 8.854389190673828, 11.350736379623413, 13.641551494598389, 15.960392713546753, 18.288655757904053, 20.688570499420166, 23.02540922164917, 25.342784643173218, 27.74409556388855, 30.149399518966675, 32.55112671852112, 34.857728719711304, 37.167832136154175, 39.55750226974487, 41.81676888465881, 44.083027839660645, 46.54269504547119, 48.99350047111511, 51.43686032295227, 53.73138999938965, 56.008251667022705, 58.344648122787476, 60.79569864273071, 63.160701751708984, 65.54109406471252, 67.96274256706238, 70.27921271324158, 72.62016868591309, 74.99777626991272, 77.34881520271301, 79.76921129226685, 82.12392473220825, 84.44010210037231, 86.68738269805908, 88.95327186584473, 91.2408173084259, 93.54440569877625, 95.89781141281128, 98.24520897865295, 100.62245845794678, 102.9642117023468, 105.32927513122559, 107.67443299293518, 109.88249826431274, 112.16784358024597, 114.52559995651245, 117.00697159767151, 119.33853793144226, 121.6044442653656, 123.97223734855652, 126.30444550514221, 128.7149612903595, 130.97681832313538, 133.34093475341797, 135.67839884757996, 137.90779161453247, 140.36532282829285, 142.74041390419006, 145.14456582069397, 147.49334454536438, 149.84207558631897, 152.1398961544037, 154.46262311935425, 156.74897456169128, 159.18337416648865, 161.51098132133484, 163.7868583202362, 165.95353388786316, 168.26015663146973, 170.56350708007812, 172.9018430709839, 175.19224619865417, 177.60202646255493, 179.93093633651733, 182.25106501579285, 184.7187762260437, 187.12547659873962, 189.42385625839233, 191.59229397773743, 193.96392965316772, 196.15029335021973, 198.43464159965515, 200.83882212638855, 203.05678987503052, 205.37000823020935, 207.80827522277832, 210.20952153205872, 212.5294075012207, 214.75695037841797, 217.10743379592896, 219.34560775756836, 221.70898413658142, 224.03742957115173, 226.3565001487732, 228.59246444702148, 230.96209859848022, 233.3073809146881, 235.64042615890503], "val_loss": [4.865626732635498, 4.327316961288452, 4.174005445480347, 4.044014210891723, 3.8086134311676028, 3.767978702545166, 3.79071448097229, 3.7246822673797606, 3.6117204902648927, 3.6021886447906493, 3.4959068885803224, 3.511295386123657, 3.576896322250366, 3.4254119422912597, 3.503042892074585, 3.4750888523101806, 3.5673630992889405, 3.2827601348876954, 3.1971503623962403, 3.22742006111145, 3.229849045562744, 3.178151972579956, 3.264618246841431, 3.243494064331055, 3.4028559173583983, 3.2417685611724854, 3.2840513690948487, 3.281025019836426, 3.231333313751221, 3.344145156478882, 3.350049225616455, 3.3318250030517578, 3.3686878299713134, 3.3880203731536866, 3.5108848640441894, 3.3935799896240235, 3.306837399673462, 3.4865444217681887, 3.4799404972076418, 3.427118166351318, 3.4053348373413086, 3.560088883972168, 3.3697575889587403, 3.3439528469085693, 3.4087941482543944, 3.385609761810303, 3.535993341064453, 3.5540665649414063, 3.438929842376709, 3.5142946979522707, 3.4177417659759524, 3.4482704597473144, 3.4645250469207762, 3.4258846530914306, 3.3334743988037108, 3.3864065521240234, 3.3279799293518066, 3.300864352798462, 3.305872636413574, 3.2842811027526855, 3.274941902923584, 3.257648304748535, 3.2482667339324953, 3.2144141933441164, 3.2230047492980956, 3.2346521575927736, 3.2038589488983154, 3.18361651763916, 3.1886084297180175, 3.1615184524536133, 3.151116356277466, 3.131542188644409, 3.1315546169281006, 3.124462477493286, 3.1149186103820803, 3.0955448104858396, 3.107100444793701, 3.1034390155792235, 3.0923632549285887, 3.084597791290283, 3.0788656021118164, 3.0958811031341553, 3.065147822570801, 3.0736344303131102, 3.066454539871216, 3.060870088195801, 3.0583302967071533, 3.054776514816284, 3.054089750289917, 3.064128295516968, 3.0517613662719727, 3.0523570846557617, 3.0460354797363283, 3.056440777587891, 3.0525675457000734, 3.0556274936676027, 3.0553197578430176, 3.0569665641784667, 3.055375633239746, 3.0544880966186523],