{"loss": [], "acc": [], "test_loss": [4.430706495666504, 4.0813044258117674, 4.007453588867188, 3.709271514892578, 3.6698701400756835, 3.387166303253174, 3.5743144145965577, 3.465605112838745, 4.085801572418213, 3.49085464553833, 3.1443902431488038, 3.0167449054718016, 3.072379231643677, 2.937320680999756, 3.746806914138794, 2.9254983959197998, 4.596566237640381, 2.6840778091430666, 3.724351865005493, 2.9097535797119143, 2.897984651184082, 2.5995714797973632, 2.680700636291504, 2.422109489822388, 2.7504627807617186, 2.588493681335449, 2.4903467481613157, 3.21301478805542, 2.7705799476623536, 2.3173764892578124, 2.3311445514678955, 2.3940818923950196, 2.674051961517334, 2.398543341064453, 2.4212634830474853, 2.64306353225708, 2.2309291954040527, 2.9492548110961914, 2.4683717905044555, 2.7662845478057863, 2.355308127593994, 2.4263252948760985, 2.2899328227996825, 2.18693277721405, 2.3730684089660645, 2.1944191425323485, 2.3323153690338136, 2.2784770069122313, 2.2013735427856447, 2.2626434925079346, 2.2478416095733644, 2.2902027881622313, 2.1402088563919066, 2.2205245655059813, 2.0549744365692137, 2.243432430458069, 2.0477326972961425, 2.2194936855316163, 2.1164043048858643, 2.110272657775879, 2.1599041622161863, 2.0437265110015868, 2.1155513721466064, 2.0832946292877197, 2.08500590839386, 2.234795761680603, 2.1518789932250977, 2.116362000656128, 2.083518025970459, 2.0298858152389525, 2.1630945331573486, 2.054404510879517, 2.174517183303833, 2.2007998090744016, 2.149451753616333, 2.1363182289123537, 2.139941709327698, 2.117104500770569, 2.121236754226685, 2.133744874954224, 2.140547696495056, 2.176642712402344, 2.131563645172119, 2.1546469436645506, 2.16902340965271, 2.142194396209717, 2.118047896194458, 2.123598494720459, 2.1190850280761717, 2.131085795211792, 2.106116759109497, 2.1335632205963133, 2.108597341918945, 2.1156142154693605, 2.1138804794311525, 2.1189295593261717, 2.106418714141846, 2.1154423557281494, 2.123381301498413, 2.115482701873779], "test_acc": [4.589999675750732, 7.099999904632568, 9.079999923706055, 12.859999656677246, 13.25999927520752, 17.6299991607666, 15.00999927520752, 17.729999542236328, 11.4399995803833, 17.529998779296875, 23.09000015258789, 24.979999542236328, 24.559999465942383, 25.439998626708984, 16.350000381469727, 27.649999618530273, 9.369999885559082, 31.35999870300293, 16.149999618530273, 27.729999542236328, 28.53999900817871, 32.90999984741211, 31.719999313354492, 35.599998474121094, 31.149999618530273, 33.54999923706055, 35.54999923706055, 25.67999839782715, 31.42999839782715, 38.70000076293945, 38.55999755859375, 37.89999771118164, 33.540000915527344, 39.13999938964844, 37.369998931884766, 34.349998474121094, 41.18000030517578, 28.779998779296875, 37.13999938964844, 32.0099983215332, 40.2599983215332, 38.029998779296875, 40.5099983215332, 42.75, 40.45000076293945, 44.07999801635742, 41.71999740600586, 42.80999755859375, 44.189998626708984, 42.54999923706055, 43.369998931884766, 41.78999710083008, 46.41999816894531, 43.95000076293945, 47.119998931884766, 43.65999984741211, 47.73999786376953, 45.0099983215332, 47.52000045776367, 47.66999816894531, 46.959999084472656, 49.11000061035156, 48.209999084472656, 49.05999755859375, 49.05999755859375, 46.96999740600586, 48.86000061035156, 49.14999771118164, 49.939998626708984, 51.6099967956543, 49.29999923706055, 51.28999710083008, 49.69999694824219, 49.44999694824219, 50.71999740600586, 50.41999816894531, 51.0, 51.8599967956543, 52.099998474121094, 51.939998626708984, 51.72999954223633, 51.78999710083008, 52.599998474121094, 52.37999725341797, 51.96999740600586, 52.68000030517578, 53.04999923706055, 53.029998779296875, 53.19999694824219, 53.13999938964844, 53.369998931884766, 53.43000030517578, 53.40999984741211, 53.30999755859375, 53.39999771118164, 53.40999984741211, 53.2599983215332, 53.46999740600586, 53.369998931884766, 53.54999923706055], "wall_time": [6.590614080429077, 11.818466424942017, 16.85197687149048, 21.928399801254272, 26.94511365890503, 32.12686228752136, 37.27302885055542, 42.53721380233765, 47.78972935676575, 52.87877583503723, 57.94785189628601, 62.84922480583191, 67.81385660171509, 72.69724607467651, 77.72511291503906, 82.96038341522217, 88.05941486358643, 93.04258632659912, 98.21918201446533, 103.53263401985168, 108.67787766456604, 113.73754501342773, 118.69014358520508, 123.69283723831177, 128.88950514793396, 133.92151069641113, 138.87748885154724, 143.96469259262085, 148.98242783546448, 154.26447820663452, 159.37895941734314, 164.28671193122864, 169.40533208847046, 174.4387743473053, 179.4699263572693, 184.57274508476257, 189.7341651916504, 194.53375625610352, 199.33785104751587, 204.3000705242157, 209.2964096069336, 214.0769305229187, 218.84713053703308, 223.79853224754333, 228.89739513397217, 234.08688688278198, 239.27248096466064, 244.39015984535217, 249.43910217285156, 254.49804759025574, 259.55567026138306, 264.3450171947479, 269.1341676712036, 274.2587728500366, 279.3573462963104, 284.6593897342682, 289.84129643440247, 294.841819524765, 299.9213879108429, 304.9028322696686, 310.02887988090515, 315.07951045036316, 320.22881174087524, 325.3651990890503, 330.3360252380371, 335.43911719322205, 340.591908454895, 345.758248090744, 350.77666211128235, 355.843581199646, 360.96110796928406, 366.008953332901, 371.0471622943878, 376.09640312194824, 381.1294412612915, 386.24240589141846, 391.28379583358765, 396.41442704200745, 401.63944602012634, 406.64423656463623, 411.74104595184326, 416.8026509284973, 421.5815052986145, 426.654798746109, 431.7662355899811, 436.8803174495697, 442.0637331008911, 447.08111596107483, 452.24796772003174, 457.44260358810425, 462.5769045352936, 467.71223187446594, 473.0108630657196, 478.0664253234863, 483.1250810623169, 488.232230424881, 493.32668948173523, 498.60839104652405, 503.77149271965027, 509.0253188610077], "val_loss": [4.444467904663086, 4.090222891998291, 4.0120254928588865, 3.7271504684448242, 3.7149529472351075, 3.4340180057525633, 3.617072327041626, 3.5084157413482666, 4.1374499862670895, 3.507788956451416, 3.1714672458648683, 3.0484812591552735, 3.112033405303955, 2.9479175132751463, 3.7772771549224853, 2.941063171386719, 4.616895406341553, 2.706471429443359, 3.7489785415649415, 2.9167849716186525, 2.9189586868286135, 2.621697566604614, 2.715823868560791, 2.4634009967803956, 2.776611561203003, 2.6004308647155763, 2.5421584621429445, 3.261767858505249, 2.8094956146240233, 2.3258955474853518, 2.3527128242492674, 2.4084629566192626, 2.716655688858032, 2.4056493583679197, 2.452598396682739, 2.6491790885925295, 2.2633471069335935, 2.966374663925171, 2.487825918960571, 2.758862735748291, 2.4051000419616697, 2.4197808502197264, 2.320270181655884, 2.19543550491333, 2.387346388626099, 2.2071238273620604, 2.3406675453186034, 2.289464141082764, 2.2140342166900635, 2.275873649597168, 2.252134896850586, 2.279537406539917, 2.166951900100708, 2.21720283203125, 2.064884524154663, 2.2254843908309936, 2.0668661834716797, 2.237681520843506, 2.100369379425049, 2.120937191772461, 2.1611953037261964, 2.072014518737793, 2.149209087371826, 2.09783515663147, 2.10181983833313, 2.240168172073364, 2.1674843505859376, 2.120548134613037, 2.073280759429932, 2.0449028793334962, 2.184755462837219, 2.0639201034545898, 2.172857409477234, 2.2046537380218507, 2.142863158798218, 2.1302699907302856, 2.1399578102111816, 2.128418556213379, 2.100879376411438, 2.1325282344818115, 2.14320142993927, 2.1634899267196657, 2.13128347530365, 2.1434563125610353, 2.152138241195679, 2.129275545501709, 2.0827336130142213, 2.102601091003418, 2.093082993888855, 2.108968626022339, 2.0860312934875487, 2.0968511852264404, 2.0886501411437988, 2.098092958450317, 2.0990702560424803, 2.0964193622589113, 2.088154634475708, 2.0924237752914427, 2.0969197696685793, 2.092320141220093],