{"loss": [], "acc": [], "test_loss": [4.640816905975342, 4.673147270202636, 4.655298022460937, 4.388378962707519, 4.260279914093018, 4.501444873809814, 4.715630216217041, 4.325908129119873, 4.356754669952393, 4.318192087554932, 4.329356108093262, 4.253474266815186, 4.372254710388184, 4.2776992301940915, 4.622949710083008, 4.770244706726074, 4.6279439376831055, 4.409649565124512, 4.630886240386963, 4.4013409324646, 4.69765415649414, 4.941641923522949, 4.5680597938537595, 4.655975392913819, 4.564840097808838, 4.979827886199951, 5.025276605224609, 4.738506983947754, 4.883456982421875, 4.867420858001709, 4.988875507354736, 4.846850294494629, 4.748770021820069, 4.808533972930908, 5.043601934814453, 5.06738370513916, 5.213943792724609, 5.46640040435791, 5.1020213195800785, 5.449386011505127, 5.2947025382995605, 5.3115188446044925, 5.337719304656982, 5.686634734344483, 5.41807692565918, 5.378423857879639, 5.368543852233887, 5.464670022583007, 5.4096465576171875, 5.604421892547608, 5.640471759033203, 5.573202726745605, 5.531345181274414, 5.517417967224121, 5.882862617492676, 5.747577937316895, 5.729457136535644, 5.6629217269897465, 5.676613736724853, 5.723606039428711, 5.680265060424805, 5.6975942291259765, 5.704455978393555, 5.71775510559082, 5.806432191467285, 5.783553771209717, 5.729033264160156, 5.705751444244385, 5.765207783508301, 5.7379212524414065, 5.72784847869873, 5.772858148193359, 5.777006159973144, 5.744610440063477, 5.72709518661499, 5.728123626708984, 5.748183333587646, 5.737981350708008, 5.742145125579834, 5.755762129974365, 5.813944551086426, 5.739606519317627, 5.735350535583496, 5.7442809677124025, 5.740438871765137, 5.773814255523682, 5.7513700859069825, 5.751379801940918, 5.74128589553833, 5.752934198760986, 5.761169346618653, 5.752815896606445, 5.759459953308106, 5.751191041564941, 5.757892631530762, 5.768207331848145, 5.747267934417724, 5.754552025604248, 5.764186256408691, 5.749009806060791], "test_acc": [1.0, 1.0, 1.100000023841858, 3.129999876022339, 4.799999713897705, 5.369999885559082, 5.0, 6.269999980926514, 7.119999885559082, 7.489999771118164, 7.549999713897705, 8.729999542236328, 8.670000076293945, 8.929999351501465, 7.799999713897705, 7.589999675750732, 8.119999885559082, 9.319999694824219, 9.09999942779541, 10.069999694824219, 9.510000228881836, 8.449999809265137, 9.199999809265137, 10.359999656677246, 11.050000190734863, 9.609999656677246, 10.579999923706055, 10.639999389648438, 10.989999771118164, 11.170000076293945, 10.269999504089355, 11.469999313354492, 11.869999885559082, 12.25999927520752, 11.829999923706055, 11.329999923706055, 11.519999504089355, 10.469999313354492, 13.049999237060547, 11.019999504089355, 12.5, 12.489999771118164, 12.829999923706055, 11.15999984741211, 12.279999732971191, 12.859999656677246, 13.319999694824219, 12.229999542236328, 13.75999927520752, 12.710000038146973, 12.25, 13.719999313354492, 13.869999885559082, 13.869999885559082, 12.859999656677246, 13.50999927520752, 13.679999351501465, 14.449999809265137, 14.00999927520752, 14.199999809265137, 14.00999927520752, 14.039999961853027, 14.039999961853027, 13.84999942779541, 13.869999885559082, 14.089999198913574, 14.899999618530273, 15.079999923706055, 14.339999198913574, 14.75, 14.65999984741211, 14.75999927520752, 14.65999984741211, 14.899999618530273, 15.039999961853027, 14.949999809265137, 14.819999694824219, 14.960000038146973, 15.079999923706055, 14.960000038146973, 14.84999942779541, 15.15999984741211, 15.170000076293945, 15.119999885559082, 15.15999984741211, 15.019999504089355, 15.199999809265137, 15.139999389648438, 15.25999927520752, 15.309999465942383, 15.299999237060547, 15.429999351501465, 15.299999237060547, 15.329999923706055, 15.40999984741211, 15.299999237060547, 15.25, 15.389999389648438, 15.429999351501465, 15.34999942779541], "wall_time": [2.012089490890503, 3.0068302154541016, 3.962308883666992, 4.9336559772491455, 5.964312791824341, 6.964820861816406, 7.9656665325164795, 9.003434419631958, 10.067239761352539, 11.116435050964355, 12.265937089920044, 13.244807004928589, 14.28644585609436, 15.46663522720337, 16.666767358779907, 17.684666872024536, 18.7847797870636, 19.97701859474182, 21.02790927886963, 22.09916639328003, 23.149123907089233, 24.178778409957886, 25.130900144577026, 26.079144716262817, 27.03021264076233, 28.035106420516968, 29.03474259376526, 30.203307151794434, 31.269903898239136, 32.3765287399292, 33.46400213241577, 34.55979871749878, 35.58455491065979, 36.677226543426514, 37.740737199783325, 38.85421347618103, 39.99704313278198, 41.149924993515015, 42.287752866744995, 43.29577016830444, 44.42722415924072, 45.4360237121582, 46.392154932022095, 47.461649894714355, 48.52539420127869, 49.52839016914368, 50.53019309043884, 51.580538511276245, 52.579163789749146, 53.6250581741333, 54.711161613464355, 55.904035806655884, 56.907318115234375, 58.07762002944946, 59.20443272590637, 60.299367904663086, 61.43917775154114, 62.50032639503479, 63.636618852615356, 64.8102080821991, 66.00881886482239, 67.16265606880188, 68.34778451919556, 69.49850010871887, 70.65864610671997, 71.81231546401978, 72.92126822471619, 74.03047943115234, 75.21548509597778, 76.25756573677063, 77.29169273376465, 78.31269192695618, 79.40717101097107, 80.56048107147217, 81.73710298538208, 82.8576283454895, 84.00681781768799, 85.19472002983093, 86.33656573295593, 87.31467628479004, 88.39721655845642, 89.56027817726135, 90.74014258384705, 91.92567586898804, 93.08855676651001, 94.09592294692993, 95.2775719165802, 96.4299898147583, 97.61346817016602, 98.8070878982544, 99.9727783203125, 101.12796187400818, 102.21615862846375, 103.20350670814514, 104.19653940200806, 105.13455820083618, 106.11073660850525, 107.11048674583435, 108.08287954330444, 109.05648279190063], "val_loss": [4.642192155456543, 4.679364567565918, 4.661734523010254, 4.3983544250488285, 4.2699828125, 4.491459392547608, 4.70867596282959, 4.3396103931427, 4.363780597305298, 4.315977474594116, 4.346349934005738, 4.288257326507568, 4.384900681686402, 4.298948904418945, 4.615509587097168, 4.8016844074249265, 4.67230887298584, 4.467303287887574, 4.63793257522583, 4.4172279655456546, 4.687241193389893, 4.970027880859375, 4.594405015945434, 4.696164701461792, 4.614374335098266, 5.0051099296569825, 5.062408400726318, 4.777482918548584, 4.900137772369384, 4.904468337249756, 5.058536267852783, 4.878219342803955, 4.780639524841309, 4.837277998352051, 5.09194413986206, 5.077587162017823, 5.237885997009277, 5.494187803649902, 5.156868444824219, 5.511840475463867, 5.3723131340026855, 5.402257139587403, 5.409416200256348, 5.748807258605957, 5.473978878784179, 5.406069714355469, 5.412777592468261, 5.516681229400635, 5.462997499084473, 5.636874835968017, 5.693714045715332, 5.599422995758057, 5.556805118560791, 5.544686873626709, 5.889813105010987, 5.793044380187988, 5.7787692214965825, 5.719550880432129, 5.734710436248779, 5.756734421539306, 5.741057608795166, 5.725082068634033, 5.76171556854248, 5.766583741760254, 5.831130059814453, 5.817202635192871, 5.78300284576416, 5.76293243560791, 5.825153585815429, 5.789833396148682, 5.775806443023682, 5.830763615417481, 5.824853525543213, 5.776891652679443, 5.777197538757324, 5.7634541732788085, 5.783014216613769, 5.788646464538574, 5.795554096221924, 5.7910460800170895, 5.872447724151612, 5.785892733001709, 5.784228275299072, 5.785550375366211, 5.778447888183594, 5.824302369689941, 5.795840249633789, 5.799204835510254, 5.784577604675293, 5.799927810668946, 5.810066853332519, 5.798336603546143, 5.800525652313232, 5.7933851264953615, 5.797892678833008, 5.813353502655029, 5.787412147521973, 5.797841024780274, 5.809012562561035, 5.791906993865966],