{"loss": [], "acc": [], "test_loss": [4.641292951202392, 4.2280907005310056, 4.191179088592529, 3.9506328819274903, 4.053523780059814, 3.8532458999633787, 3.7596170780181883, 3.747901689147949, 3.741474933242798, 3.5995662223815916, 3.463869652938843, 3.4598420379638672, 3.5854236389160157, 3.293803525543213, 3.541175981903076, 3.478966828918457, 3.3035171459197996, 3.2194424495697023, 3.1616354923248293, 3.0730332817077635, 3.246513064575195, 3.171998678588867, 3.3542331256866453, 3.1781547073364256, 3.0472281719207763, 3.1227227722167967, 3.5408987548828126, 3.111769418334961, 3.0000495700836183, 2.8425195693969725, 2.90763708114624, 3.0985229316711425, 2.922034365081787, 3.2029797340393067, 3.4877117290496824, 2.8981820388793946, 3.7308478424072264, 3.5484415798187254, 3.098800925445557, 3.230652057647705, 3.3410868858337404, 3.3746541664123537, 3.395089459991455, 2.952727841567993, 3.0937673000335693, 3.0433108726501463, 3.0167110874176024, 3.100836489868164, 3.21337237739563, 3.1851267566680908, 3.479487805938721, 3.193523513031006, 3.1255943222045897, 3.140071709060669, 3.1649903007507323, 3.3255562049865723, 3.1769858512878417, 3.0776199874877928, 3.085708563232422, 3.084270538711548, 3.1230486820220946, 3.0753908615112304, 3.1928120029449465, 3.067914298248291, 3.0785112552642824, 3.1381157405853273, 3.2339153312683107, 3.057943409729004, 3.1231167182922364, 3.0234884284973145, 3.0157846534729003, 3.096127345275879, 3.0245195228576662, 3.040724638366699, 2.997617054748535, 3.0114476394653322, 2.978331746673584, 2.9691560596466062, 2.9565036228179933, 3.024369291305542, 2.974280362701416, 3.0009238636016846, 2.945188666534424, 2.93982911529541, 2.926620029067993, 2.955132862854004, 2.951174338912964, 2.954060926437378, 2.925642057800293, 2.9393077087402344, 2.9374373207092286, 2.9313092868804933, 2.9174845165252687, 2.9218208335876463, 2.929151645278931, 2.928301319885254, 2.925953807449341, 2.926867723464966, 2.9226613338470457, 2.925947463989258], "test_acc": [1.0, 6.119999885559082, 6.109999656677246, 8.319999694824219, 7.21999979019165, 10.670000076293945, 11.699999809265137, 11.769999504089355, 12.380000114440918, 14.029999732971191, 16.829999923706055, 17.020000457763672, 15.799999237060547, 19.979999542236328, 16.44999885559082, 18.90999984741211, 20.959999084472656, 22.43000030517578, 24.10999870300293, 23.729999542236328, 23.209999084472656, 23.94999885559082, 22.10999870300293, 25.439998626708984, 27.28999900817871, 26.76999855041504, 22.739999771118164, 27.60999870300293, 30.35999870300293, 32.099998474121094, 31.94999885559082, 28.989999771118164, 31.739999771118164, 28.09000015258789, 25.889999389648438, 33.64999771118164, 25.799999237060547, 26.149999618530273, 32.18000030517578, 31.489999771118164, 29.869998931884766, 29.3799991607666, 29.729999542236328, 36.72999954223633, 34.64999771118164, 35.5, 36.04999923706055, 36.32999801635742, 34.32999801635742, 35.369998931884766, 32.66999816894531, 36.21999740600586, 36.65999984741211, 37.96999740600586, 38.14999771118164, 34.82999801635742, 37.91999816894531, 39.22999954223633, 38.87999725341797, 39.89999771118164, 39.40999984741211, 40.099998474121094, 38.52000045776367, 40.2599983215332, 40.779998779296875, 40.349998474121094, 39.02000045776367, 41.21999740600586, 40.59000015258789, 42.23999786376953, 41.86000061035156, 41.0099983215332, 42.34000015258789, 41.98999786376953, 42.31999969482422, 41.939998626708984, 42.68000030517578, 42.54999923706055, 42.73999786376953, 42.02000045776367, 42.71999740600586, 42.459999084472656, 43.41999816894531, 43.32999801635742, 43.20000076293945, 42.80999755859375, 43.46999740600586, 43.38999938964844, 43.04999923706055, 43.28999710083008, 43.2599983215332, 43.41999816894531, 43.439998626708984, 43.32999801635742, 43.48999786376953, 43.55999755859375, 43.349998474121094, 43.2599983215332, 43.48999786376953, 43.439998626708984], "wall_time": [3.528456211090088, 6.069561004638672, 8.503072023391724, 10.912788391113281, 13.385677814483643, 15.600042343139648, 18.088497400283813, 20.629809856414795, 22.910738468170166, 25.437899112701416, 27.89895486831665, 30.51852536201477, 32.998900413513184, 35.47916913032532, 37.90097689628601, 40.37518572807312, 42.90317702293396, 45.3391056060791, 47.96328806877136, 50.62915515899658, 53.21571087837219, 55.959829807281494, 58.558956146240234, 61.1888062953949, 63.61188745498657, 66.06821584701538, 68.5349600315094, 71.05866599082947, 73.56546354293823, 76.16348266601562, 78.73137974739075, 81.23170924186707, 83.73037195205688, 86.34574007987976, 88.7958574295044, 91.38374328613281, 93.89437413215637, 96.46205925941467, 98.86926007270813, 101.1215808391571, 103.71906399726868, 106.1549985408783, 108.69072031974792, 111.20658564567566, 113.68380498886108, 116.24645328521729, 118.78862929344177, 121.41794848442078, 123.93318057060242, 126.42365622520447, 128.9893970489502, 131.289395570755, 133.81738185882568, 136.32662272453308, 138.73872017860413, 141.3716266155243, 143.92035722732544, 146.3962709903717, 148.77241325378418, 151.4182550907135, 153.90675354003906, 156.29432034492493, 158.82384943962097, 161.48318314552307, 163.9863018989563, 166.58956599235535, 169.13776874542236, 171.67535758018494, 174.02903151512146, 176.516841173172, 178.98745441436768, 181.27449560165405, 183.90747809410095, 186.4080719947815, 188.87940907478333, 191.26193523406982, 193.5733880996704, 195.99394273757935, 198.63546895980835, 201.21607494354248, 203.7516210079193, 206.2568154335022, 208.7349352836609, 211.36171340942383, 213.7619502544403, 216.25519275665283, 218.85971879959106, 221.420480966568, 224.00173902511597, 226.4856629371643, 229.09840774536133, 231.42871594429016, 233.84483981132507, 236.36444997787476, 238.9354395866394, 241.43934988975525, 243.92932653427124, 246.60693764686584, 249.2916238307953, 251.50573086738586], "val_loss": [4.643268221282959, 4.24865786819458, 4.194455284500122, 3.960130096054077, 4.061365213775635, 3.861139556121826, 3.76696072807312, 3.7520972927093506, 3.7514334465026855, 3.614669296646118, 3.477155477142334, 3.4702844146728515, 3.5970310317993164, 3.312071904373169, 3.5525942653656006, 3.524863283920288, 3.3119912731170653, 3.224737842941284, 3.164768657684326, 3.071875552368164, 3.258138458251953, 3.2003241722106934, 3.3896138843536376, 3.2073501792907715, 3.0689419231414794, 3.1164062450408934, 3.5843018272399902, 3.150880867767334, 3.0436714630126955, 2.8763284690856934, 2.929324219894409, 3.147277237701416, 2.975587572479248, 3.2270893882751466, 3.5347992126464844, 2.9207053775787353, 3.7433178508758544, 3.577882484817505, 3.1635101909637453, 3.2642964210510255, 3.3850746898651125, 3.4025472148895264, 3.454210408782959, 2.9535419734954833, 3.1010543395996093, 3.0985154262542727, 3.041617389678955, 3.11425693359375, 3.21310422668457, 3.220048450469971, 3.4327855064392088, 3.179757806777954, 3.107242651748657, 3.136094896697998, 3.185969786834717, 3.3461983310699464, 3.1754130031585692, 3.1044773357391358, 3.0955132011413573, 3.0795603443145754, 3.134557538986206, 3.1413959732055665, 3.209811173248291, 3.0489657207489014, 3.091764654159546, 3.1305829872131348, 3.214673870849609, 3.033272180175781, 3.1146505016326906, 3.0104313850402833, 2.99845320854187, 3.06283543548584, 3.023923958969116, 3.042977939605713, 2.9829160312652587, 2.992006329345703, 2.960831107711792, 2.960248336791992, 2.952013050842285, 3.008180739593506, 2.9524188930511475, 2.977579023742676, 2.9291964946746827, 2.9276589851379393, 2.9105468368530274, 2.9415355224609376, 2.9395102321624758, 2.9469008430480956, 2.914525885772705, 2.9230345794677732, 2.918366046142578, 2.9183454132080078, 2.899954145050049, 2.905729830169678, 2.915928665161133, 2.9153487293243407, 2.912437715911865, 2.912021318054199, 2.9060856201171874, 2.910011562347412],