{"loss": [], "acc": [], "test_loss": [4.1087743850708005, 3.764883841705322, 3.67249249420166, 3.6065904159545896, 3.3240315616607665, 3.5540698970794677, 3.174670867919922, 2.9160314361572266, 2.7036131271362303, 2.8225175842285157, 2.6701355892181398, 2.591870281600952, 2.419414464187622, 2.6272227485656736, 2.42461763381958, 2.2979682064056397, 2.316844868850708, 2.4021259601593017, 2.3658784049987793, 2.248527667236328, 2.4108906955718994, 2.2583090431213377, 2.2100558713912966, 2.333810762023926, 2.2150626642227174, 2.3784070735931397, 2.191290149116516, 2.246375108337402, 2.3443210121154787, 2.234107565307617, 2.1917528287887573, 2.2755969970703127, 2.139153668785095, 2.246037257385254, 2.1806370765686034, 2.077521195983887, 2.259014275741577, 2.140433839035034, 2.0697649044036863, 2.113550005340576, 2.050276306915283, 2.226430884742737, 2.2433721660614014, 2.0403686000823975, 2.0889516185760497, 1.9881763690948486, 2.018767562866211, 2.027202018737793, 2.3536815158843996, 2.042303351211548, 1.976047257232666, 2.043026013946533, 2.2220439144134523, 2.01699174079895, 2.031941313171387, 1.9806101371765137, 2.0594002128601074, 1.9433630214691162, 2.078849333572388, 2.07024328956604, 2.055493714904785, 2.162769150161743, 2.023463934135437, 2.106775538253784, 2.044003689956665, 1.976174284362793, 2.0454371265411377, 1.9934727457046508, 2.035767912864685, 2.0135701232910157, 1.9550661069869995, 2.0025288089752196, 1.9507736122131347, 1.9737905340194701, 1.9689589595794679, 1.959386175918579, 1.9475547218322753, 1.9284555885314942, 1.949203614807129, 1.936723098754883, 1.9272260131835937, 1.944802554512024, 1.9314523931503296, 1.9391343299865722, 1.9431838947296143, 1.9279189472198486, 1.9167901151657105, 1.9168000312805176, 1.9206660663604735, 1.9284110759735107, 1.9301223268508911, 1.9223726831436156, 1.9226913871765137, 1.9158634075164795, 1.921356167602539, 1.9214641883850099, 1.9220896326065064, 1.9280401973724366, 1.9194837476730346, 1.9263518199920655], "test_acc": [7.939999580383301, 11.460000038146973, 13.589999198913574, 14.899999618530273, 19.239999771118164, 17.059999465942383, 22.469999313354492, 26.56999969482422, 30.349998474121094, 28.489999771118164, 31.670000076293945, 32.56999969482422, 35.75, 32.529998779296875, 35.529998779296875, 39.189998626708984, 38.65999984741211, 36.73999786376953, 37.869998931884766, 39.95000076293945, 36.86000061035156, 41.0, 42.61000061035156, 39.75, 41.41999816894531, 39.369998931884766, 42.73999786376953, 42.04999923706055, 39.75, 41.62999725341797, 43.0099983215332, 42.27000045776367, 43.30999755859375, 42.689998626708984, 44.06999969482422, 45.86000061035156, 42.189998626708984, 44.40999984741211, 46.689998626708984, 45.48999786376953, 46.619998931884766, 44.45000076293945, 44.06999969482422, 47.93000030517578, 46.63999938964844, 47.96999740600586, 48.34000015258789, 48.37999725341797, 43.64999771118164, 48.30999755859375, 49.2599983215332, 49.0099983215332, 46.71999740600586, 48.87999725341797, 49.599998474121094, 50.91999816894531, 50.63999938964844, 51.25, 49.869998931884766, 49.64999771118164, 50.03999710083008, 49.38999938964844, 52.02000045776367, 50.11000061035156, 51.56999969482422, 53.029998779296875, 52.57999801635742, 53.46999740600586, 53.0099983215332, 53.25, 54.02000045776367, 54.119998931884766, 54.62999725341797, 54.62999725341797, 55.43000030517578, 55.41999816894531, 56.23999786376953, 56.57999801635742, 56.21999740600586, 56.71999740600586, 56.64999771118164, 57.099998474121094, 57.13999938964844, 57.5, 57.12999725341797, 57.43000030517578, 57.65999984741211, 57.90999984741211, 57.62999725341797, 57.55999755859375, 57.59000015258789, 57.619998931884766, 57.89999771118164, 57.90999984741211, 57.62999725341797, 57.79999923706055, 57.869998931884766, 57.7599983215332, 57.62999725341797, 57.71999740600586], "wall_time": [7.403709650039673, 13.469192028045654, 19.864606380462646, 26.000797033309937, 32.32846808433533, 38.69212102890015, 44.92722225189209, 51.263798236846924, 57.59276056289673, 63.98634576797485, 70.2230327129364, 76.70418500900269, 83.0413568019867, 89.24589848518372, 95.505624294281, 101.46992754936218, 107.49630284309387, 113.94818162918091, 120.24463677406311, 126.51596474647522, 132.8018283843994, 139.02408027648926, 145.329585313797, 151.618665933609, 157.69724488258362, 164.04144167900085, 170.35073232650757, 176.69275879859924, 183.1379132270813, 189.30677127838135, 195.3845660686493, 201.56460976600647, 207.58054184913635, 213.9440770149231, 220.2522120475769, 226.64371705055237, 232.89996433258057, 239.09646797180176, 245.46317076683044, 251.64982628822327, 257.97107315063477, 264.31319212913513, 270.5259304046631, 276.76837062835693, 282.6053555011749, 288.8476071357727, 295.0902690887451, 301.2643413543701, 307.5363030433655, 313.8867404460907, 320.0122196674347, 325.880202293396, 332.25075125694275, 338.419397354126, 344.6752359867096, 351.0208833217621, 357.13277292251587, 363.27702045440674, 369.5827329158783, 375.86156272888184, 382.1194796562195, 388.4768371582031, 394.6894657611847, 400.74068570137024, 406.9122955799103, 413.2519917488098, 419.4821538925171, 425.66445422172546, 431.9901623725891, 438.36666321754456, 444.44727897644043, 450.70794701576233, 457.02967143058777, 463.3816673755646, 469.6504752635956, 476.04006719589233, 482.1110780239105, 488.2291650772095, 494.6442639827728, 500.8777222633362, 507.23790550231934, 513.4464101791382, 519.671660900116, 525.9106838703156, 532.1667377948761, 538.5781025886536, 544.8274414539337, 551.0527102947235, 557.3379480838776, 563.6098704338074, 569.9830377101898, 576.2007596492767, 582.4970843791962, 588.5911836624146, 594.9021742343903, 601.2434902191162, 607.4744760990143, 613.6127891540527, 619.9608809947968, 626.3060431480408], "val_loss": [4.119441537857056, 3.8026670486450196, 3.6826453815460205, 3.5810378620147705, 3.366817324447632, 3.5741894786834716, 3.202871750640869, 2.950540731048584, 2.7435943771362306, 2.851071162033081, 2.6878399841308593, 2.619498220062256, 2.42775615234375, 2.6308902572631836, 2.4238556030273437, 2.295954390716553, 2.3085165534973147, 2.433032807922363, 2.3723995571136474, 2.2619103439331054, 2.3852135272979735, 2.2526024391174317, 2.218514337158203, 2.333483514022827, 2.2047889987945557, 2.3464232116699217, 2.226421036911011, 2.239803915786743, 2.3488731578826902, 2.220060451126099, 2.223132635116577, 2.2749765369415282, 2.126808966064453, 2.2373268234252928, 2.187138824081421, 2.0626494895935057, 2.2882091033935548, 2.134182854270935, 2.0913733592987063, 2.1102493377685545, 2.057570585632324, 2.1710646114349363, 2.264852960205078, 2.014439401245117, 2.118701206588745, 1.9733675579071044, 2.03828794631958, 2.023644789123535, 2.3535161796569826, 2.0195171409606933, 1.991699881362915, 2.0548309356689454, 2.1817811084747314, 1.9913780311584472, 2.0027776679992675, 1.9565091077804566, 2.0614937534332274, 1.915050234222412, 2.068096627807617, 2.034844877624512, 2.0170869937896727, 2.153789276504517, 1.9671231552124024, 2.106543040084839, 2.0117280281066896, 1.9714613445281983, 2.001803977203369, 1.9752118717193603, 2.0048371421813966, 2.010313942337036, 1.9331907981872558, 1.9968509590148926, 1.9319988521575928, 1.9452976524353027, 1.956207205581665, 1.9502183959960937, 1.9382358871459962, 1.9234178993225097, 1.9532072370529174, 1.9215443252563476, 1.9121015186309815, 1.9279497997283936, 1.9351621520996094, 1.9418036571502686, 1.937046110534668, 1.92934055519104, 1.9138210208892823, 1.915844334602356, 1.9127110794067383, 1.9255747104644776, 1.922712340927124, 1.9184741016387938, 1.9199423027038574, 1.9110315372467042, 1.9128658252716064, 1.9130578901290893, 1.9180299798965454, 1.925021124458313, 1.91484464263916, 1.9203231727600099],