{"loss": [], "acc": [], "test_loss": [4.780983553314209, 4.65388510131836, 4.29480269241333, 4.078951741790772, 3.9195167434692384, 3.8003161880493166, 3.8229432060241697, 3.7152121303558348, 3.5710020294189455, 3.652785990524292, 3.5496504390716552, 3.5363270561218263, 3.454577492141724, 3.570416357040405, 3.6766902759552003, 3.3606148914337157, 3.5469953704833985, 3.410310905075073, 3.1750460315704347, 3.4032681541442873, 3.2544908130645753, 3.320043794250488, 3.2056033409118654, 3.2718787536621092, 3.3824049018859865, 3.2151066047668455, 3.621882460021973, 3.4039349407196045, 3.290142666244507, 3.3894994510650633, 3.3980440128326417, 3.3473317348480225, 3.3975460544586182, 3.5546508991241454, 3.421392890548706, 3.491298302459717, 3.6494007331848146, 3.5177478561401365, 3.5819523387908934, 3.656343101119995, 3.545574503326416, 3.8962172550201415, 3.6919282955169677, 3.686903879547119, 3.839498183441162, 3.419618293762207, 3.646689320373535, 3.5490875484466553, 3.7100047790527344, 3.6326966640472413, 3.5528757194519045, 3.6039666164398194, 3.4633513149261477, 3.5703737525939943, 3.501291802978516, 3.4560579013824464, 3.5321443916320803, 3.485322948074341, 3.5084501022338865, 3.3840350185394286, 3.4231703800201414, 3.3244462226867677, 3.4447202934265135, 3.30984461517334, 3.2944869537353516, 3.285064695739746, 3.301740211868286, 3.2438544891357424, 3.244471022415161, 3.236235099029541, 3.293924884033203, 3.1762204605102538, 3.204860570907593, 3.1723231021881104, 3.1420984321594236, 3.20777268409729, 3.1504394844055175, 3.1411430168151857, 3.14512774887085, 3.117241359710693, 3.1216001682281496, 3.1325699165344236, 3.115912722015381, 3.1118166431427, 3.1092902534484863, 3.1144609954833986, 3.100511661529541, 3.1051586524963377, 3.1010850502014162, 3.1065388847351074, 3.1014714729309083, 3.10463717918396, 3.099547943115234, 3.1047475303649903, 3.1008863330841065, 3.101203565979004, 3.0922314697265625, 3.093450872039795, 3.094849829864502, 3.0998537883758543], "test_acc": [1.6899999380111694, 6.009999752044678, 7.149999618530273, 8.15999984741211, 10.34000015258789, 12.170000076293945, 12.569999694824219, 14.649999618530273, 15.960000038146973, 15.9399995803833, 17.959999084472656, 18.889999389648438, 18.149999618530273, 18.989999771118164, 17.959999084472656, 21.459999084472656, 20.239999771118164, 21.670000076293945, 25.549999237060547, 22.6299991607666, 25.1299991607666, 26.0, 26.799999237060547, 25.649999618530273, 26.619998931884766, 27.90999984741211, 24.619998931884766, 27.920000076293945, 28.85999870300293, 29.439998626708984, 29.559999465942383, 29.889999389648438, 29.139999389648438, 28.559999465942383, 30.849998474121094, 30.209999084472656, 30.0, 31.489999771118164, 29.349998474121094, 29.829999923706055, 31.170000076293945, 28.529998779296875, 30.989999771118164, 30.869998931884766, 30.779998779296875, 33.32999801635742, 33.209999084472656, 33.66999816894531, 31.959999084472656, 32.369998931884766, 33.7599983215332, 33.029998779296875, 34.95000076293945, 34.56999969482422, 35.46999740600586, 35.5099983215332, 34.66999816894531, 35.04999923706055, 35.04999923706055, 36.7599983215332, 35.81999969482422, 36.869998931884766, 35.64999771118164, 37.709999084472656, 37.39999771118164, 37.66999816894531, 37.64999771118164, 37.79999923706055, 37.81999969482422, 37.93000030517578, 37.22999954223633, 38.7599983215332, 38.189998626708984, 38.59000015258789, 38.73999786376953, 38.0, 38.52000045776367, 38.98999786376953, 38.849998474121094, 39.06999969482422, 38.89999771118164, 38.65999984741211, 39.099998474121094, 39.029998779296875, 39.20000076293945, 39.06999969482422, 39.2599983215332, 38.81999969482422, 39.25, 39.040000915527344, 39.12999725341797, 38.93000030517578, 39.0099983215332, 39.18000030517578, 39.18000030517578, 39.12999725341797, 39.04999923706055, 39.20000076293945, 39.30999755859375, 39.15999984741211], "wall_time": [5.8719093799591064, 7.884945869445801, 9.854591846466064, 11.918081521987915, 13.854164361953735, 15.813859701156616, 17.843661069869995, 19.72791337966919, 21.779792070388794, 23.845688343048096, 25.758259534835815, 27.70437002182007, 29.638667345046997, 31.60995316505432, 33.59469413757324, 35.591572999954224, 37.57180380821228, 39.65903306007385, 41.58062672615051, 43.43525004386902, 45.397069692611694, 47.39665174484253, 49.40065383911133, 51.447492599487305, 53.28421592712402, 55.15720272064209, 57.045405626297, 58.99244260787964, 61.08447504043579, 63.07471585273743, 65.08938264846802, 67.01805543899536, 68.89250659942627, 70.85408401489258, 72.89629650115967, 74.81459259986877, 76.71465682983398, 78.68490767478943, 80.73320698738098, 82.68663239479065, 84.59318041801453, 86.60935664176941, 88.67584562301636, 90.64519810676575, 92.61227416992188, 94.5771837234497, 96.55400705337524, 98.56571388244629, 100.53423929214478, 102.55291485786438, 104.61744236946106, 106.60769057273865, 108.56279349327087, 110.44657063484192, 112.4672167301178, 114.46044135093689, 116.33057594299316, 118.46676468849182, 120.47373509407043, 122.59061408042908, 124.61014819145203, 126.57484793663025, 128.61162090301514, 130.6662392616272, 132.86673831939697, 134.85901498794556, 136.7957022190094, 138.64436197280884, 140.6277678012848, 142.67805528640747, 144.68621039390564, 146.7756383419037, 148.7586920261383, 150.7199559211731, 152.66777801513672, 154.61921215057373, 156.59831595420837, 158.66761875152588, 160.63571119308472, 162.65837717056274, 164.67480969429016, 166.6316475868225, 168.62060594558716, 170.6621015071869, 172.73480796813965, 174.6548969745636, 176.7026767730713, 178.71077728271484, 180.80834245681763, 182.80907320976257, 184.83289337158203, 186.81649041175842, 188.76565837860107, 190.6383638381958, 192.54664182662964, 194.45011186599731, 196.29871559143066, 198.3062355518341, 200.31132316589355, 202.25443530082703], "val_loss": [4.777152365875244, 4.6501455375671386, 4.318871990966797, 4.0795939208984375, 3.9420178565979005, 3.8149786392211915, 3.843524631500244, 3.7393314250946044, 3.580674364089966, 3.6662464141845703, 3.5666147644042967, 3.5401818229675293, 3.4685810619354247, 3.592815097808838, 3.6900402366638185, 3.369448321533203, 3.5701914665222167, 3.4454207622528075, 3.2055077754974364, 3.4229973861694334, 3.2584288105010986, 3.3215132568359373, 3.223014463806152, 3.2864469997406007, 3.3829114898681643, 3.2338579849243163, 3.6348269020080566, 3.444571321105957, 3.3222076984405517, 3.4456684131622315, 3.4439419578552246, 3.3617414657592772, 3.427078569793701, 3.617215406036377, 3.4731055892944336, 3.517443793106079, 3.685016971588135, 3.5630578239440918, 3.615015089035034, 3.675778377532959, 3.560339492797852, 3.973625035095215, 3.690238819885254, 3.747374752044678, 3.8723298011779783, 3.4645449977874754, 3.69040153427124, 3.589530393218994, 3.765182688140869, 3.6703658905029295, 3.6108462306976317, 3.6474491176605226, 3.4670841270446777, 3.611208289337158, 3.5537733112335204, 3.5214432685852053, 3.540751629257202, 3.5231387634277342, 3.5473381591796875, 3.4351930587768553, 3.4369465950012206, 3.375643581390381, 3.486479168701172, 3.3375089984893798, 3.349064568710327, 3.3065621368408205, 3.324471704864502, 3.285262181854248, 3.279313207244873, 3.2740904006958007, 3.3158376098632814, 3.21297659072876, 3.2307597328186035, 3.205496477508545, 3.176270785522461, 3.229990500640869, 3.1768366291046144, 3.1615810249328615, 3.1726357543945314, 3.144280827331543, 3.1510424701690676, 3.159367116546631, 3.145577933502197, 3.139460344314575, 3.13684753036499, 3.141535402297974, 3.125542045593262, 3.1219854515075682, 3.1163196701049807, 3.1301443878173827, 3.1287620307922364, 3.1280580459594725, 3.124285527038574, 3.128674331283569, 3.125918785858154, 3.125373292541504, 3.113778357696533, 3.1147801849365235, 3.1137747451782225, 3.1206204322814943],