{"loss": [], "acc": [], "test_loss": [4.104610343933105, 3.915164896392822, 3.719058475112915, 3.590062440872192, 3.308103715515137, 3.189283825302124, 3.0837571434020994, 3.026214792251587, 2.738380334472656, 2.7935794174194335, 2.6211769020080564, 2.513538101196289, 2.427856233215332, 2.5259769004821777, 2.5982216537475584, 2.362276281738281, 2.5087417194366455, 2.32340689201355, 2.3615771240234373, 2.3061507934570313, 2.3084929737091064, 2.197551330757141, 2.141454231452942, 2.2368497737884523, 2.2498046861648557, 2.237423012542725, 2.169983373641968, 2.1956669921875, 2.208609186553955, 2.2645829139709472, 2.0516758083343505, 2.115155951690674, 2.121414333343506, 2.1786247398376464, 2.0105938362121583, 2.1669978008270263, 2.1514736038208007, 2.2317202981948854, 1.999332078933716, 2.0661849964141847, 2.1949463722229003, 1.9458363132476806, 1.9839812812805175, 2.0720615951538086, 1.9406060729980468, 1.9652662197113038, 1.9544709255218506, 2.0936860164642335, 1.9240260669708251, 1.9172671684265137, 1.8975393684387207, 1.9792660095214845, 1.995571932220459, 2.0350965293884276, 2.0295565925598145, 1.955183020210266, 2.1631539585113524, 1.9992100477218628, 2.0733287769317625, 2.004539935874939, 1.9764078727722167, 1.935423496246338, 2.057500426864624, 1.8528152370452882, 1.9877004608154296, 1.9303405918121337, 1.9520493558883667, 1.9119732402801515, 1.9525208011627198, 1.965846728515625, 2.0186622652053834, 1.9679317237854004, 1.970109423828125, 2.021561559677124, 1.9558499114990235, 1.9966837734222411, 2.0227918224334718, 2.0328382759094237, 2.0364093574523925, 2.020410021972656, 2.0878609796524046, 2.040043622589111, 2.016918500518799, 2.0231318325042724, 2.0354453983306886, 2.0268671863555907, 2.0270991258621214, 2.038238896179199, 2.031390518569946, 2.0385884353637693, 2.046211246871948, 2.042143274307251, 2.0485417766571046, 2.0329205276489257, 2.0470149429321287, 2.040565113067627, 2.0490859272003172, 2.0485528175354, 2.0467105838775637, 2.04405277633667], "test_acc": [6.739999771118164, 9.869999885559082, 12.829999923706055, 13.84999942779541, 19.18000030517578, 21.26999855041504, 21.600000381469727, 23.719999313354492, 28.559999465942383, 27.0, 31.329999923706055, 33.55999755859375, 35.52000045776367, 33.87999725341797, 33.29999923706055, 36.849998474121094, 33.71999740600586, 38.86000061035156, 37.62999725341797, 38.13999938964844, 38.43000030517578, 40.81999969482422, 42.39999771118164, 40.78999710083008, 40.02000045776367, 40.64999771118164, 41.66999816894531, 42.22999954223633, 42.30999755859375, 40.78999710083008, 44.95000076293945, 44.36000061035156, 44.119998931884766, 44.25, 46.90999984741211, 45.07999801635742, 44.279998779296875, 43.97999954223633, 47.25, 46.459999084472656, 44.78999710083008, 48.43000030517578, 48.07999801635742, 46.5099983215332, 49.36000061035156, 49.14999771118164, 49.5099983215332, 46.84000015258789, 50.65999984741211, 50.439998626708984, 51.22999954223633, 49.939998626708984, 49.709999084472656, 49.18000030517578, 49.75, 51.28999710083008, 47.56999969482422, 50.06999969482422, 49.5, 51.32999801635742, 51.69999694824219, 52.6099967956543, 51.48999786376953, 54.21999740600586, 52.89999771118164, 53.93000030517578, 53.439998626708984, 54.619998931884766, 54.0, 54.91999816894531, 54.369998931884766, 55.39999771118164, 55.22999954223633, 54.779998779296875, 56.09000015258789, 56.73999786376953, 55.709999084472656, 56.119998931884766, 56.459999084472656, 56.96999740600586, 56.18000030517578, 57.16999816894531, 57.099998474121094, 58.0, 58.029998779296875, 57.87999725341797, 58.189998626708984, 57.94999694824219, 57.84000015258789, 57.959999084472656, 57.91999816894531, 58.21999740600586, 58.18000030517578, 58.189998626708984, 58.0, 58.19999694824219, 58.25, 58.25, 58.13999938964844, 58.07999801635742], "wall_time": [8.913282871246338, 16.219444513320923, 23.702736139297485, 31.0369610786438, 38.69853353500366, 46.435322523117065, 54.55037975311279, 62.11885619163513, 69.49153995513916, 76.55211734771729, 83.84963250160217, 90.97500348091125, 98.37009882926941, 105.90389442443848, 113.03542041778564, 120.8266351222992, 128.37347888946533, 135.5744662284851, 142.81998205184937, 149.96788454055786, 157.62346267700195, 164.64225387573242, 171.62440061569214, 179.08470225334167, 186.30229687690735, 193.77715611457825, 201.58434343338013, 209.06366801261902, 216.94147634506226, 224.61621928215027, 231.9025866985321, 239.34732103347778, 246.9504828453064, 254.84988856315613, 262.48444724082947, 269.46028304100037, 276.4395775794983, 283.541143655777, 290.86048126220703, 298.49611616134644, 305.7370524406433, 312.92987060546875, 320.3626654148102, 328.06262850761414, 335.5376441478729, 342.8909773826599, 350.1622016429901, 357.27324771881104, 364.58433628082275, 371.74662828445435, 379.19911098480225, 387.03536200523376, 394.40545654296875, 401.642009973526, 408.8252670764923, 415.98842000961304, 423.1623377799988, 430.3868227005005, 437.5520370006561, 444.69115138053894, 452.0986235141754, 459.6374125480652, 466.68015122413635, 473.83401465415955, 481.0081470012665, 488.18360781669617, 495.4072868824005, 502.9820568561554, 510.38773012161255, 517.6078922748566, 525.2495727539062, 532.7241566181183, 540.4633131027222, 547.7527039051056, 555.3537623882294, 563.0511085987091, 570.7820303440094, 577.8932156562805, 585.245632648468, 592.351692199707, 599.5018498897552, 606.9947290420532, 613.9474332332611, 620.9308519363403, 628.6957964897156, 636.2397472858429, 643.6358616352081, 651.2664813995361, 658.9861297607422, 666.2722706794739, 674.2206137180328, 681.5152502059937, 689.5103437900543, 696.9937107563019, 704.293773651123, 711.2495393753052, 718.218695640564, 725.6161670684814, 733.0065493583679, 739.9829943180084], "val_loss": [4.127707028579712, 3.9399542224884034, 3.720320832824707, 3.6184615516662597, 3.3322340602874756, 3.1810303676605223, 3.1127371910095216, 3.04693501663208, 2.7390280471801756, 2.798067028808594, 2.630110863494873, 2.527360149383545, 2.4632147232055663, 2.528981225204468, 2.5840420337677004, 2.371470463562012, 2.502149647903442, 2.347602415847778, 2.366031539916992, 2.3352757194519045, 2.3249682529449465, 2.2216020893096924, 2.166215833282471, 2.2620150844573974, 2.27456563911438, 2.2366911388397215, 2.2126902740478513, 2.2165069908142088, 2.2328653003692627, 2.239493274307251, 2.069241711807251, 2.122027388763428, 2.1447128135681153, 2.1843791622161866, 2.028247245025635, 2.169759236907959, 2.1428926944732667, 2.252961582183838, 2.0230230545043946, 2.0809598754882814, 2.1967879875183107, 1.9611902877807617, 1.988100813484192, 2.054699140930176, 1.9503239959716796, 1.9856753437042236, 1.9530541271209716, 2.0869692821502683, 1.9483145957946777, 1.936241802215576, 1.8930955127716065, 2.0074107973098756, 1.9934193214416505, 2.0274090091705324, 2.0438661678314207, 1.9395989345550537, 2.1689228755950927, 1.9879064212799071, 2.0860804695129396, 1.9985969478607177, 1.9694165851593017, 1.9197803009033203, 2.0697012157440184, 1.8296787258148193, 1.9850005546569824, 1.9233061393737794, 1.9466662734985352, 1.8950103073120117, 1.9422862159729004, 1.9796992736816406, 2.021696751022339, 1.9696197383880616, 1.9522522682189942, 2.004015760040283, 1.9542155475616456, 1.9858636272430419, 1.986277674484253, 2.0194291126251223, 2.0098450092315674, 2.0027314807891847, 2.0780712169647217, 2.0185225067138672, 2.012615242767334, 2.0197541595458985, 2.0260593925476074, 2.006003128051758, 2.020492211151123, 2.0194034889221193, 2.0145720291137694, 2.0245152610778807, 2.031533768463135, 2.0354214347839354, 2.033647529220581, 2.020642180633545, 2.02917466506958, 2.0319954620361327, 2.033663070678711, 2.042702579498291, 2.030349284362793, 2.0339112155914307],