{"loss": [], "acc": [], "test_loss": [4.147303783416748, 3.9341549659729003, 3.84821174697876, 3.6774096183776854, 3.5359266662597655, 3.270520538330078, 3.2783445709228514, 3.240868748474121, 2.960030750656128, 2.7546303604125977, 2.849507409286499, 2.5406825244903564, 2.7632226890563967, 2.5411215305328367, 2.629730330276489, 2.598887283706665, 2.56942671585083, 2.477127270126343, 2.3448522760391235, 2.5750602222442627, 2.3133930919647216, 2.1955937879562377, 2.382564465332031, 2.507750151062012, 2.3978662017822265, 2.5503501567840576, 2.1755908912658692, 2.282280254173279, 2.2099188011169435, 2.0110233211517334, 2.1091415046691893, 2.1786990310668943, 2.2013388744354248, 2.314843753814697, 2.1716520809173585, 2.108483955001831, 2.2173607995986937, 2.0753608699798582, 2.162491513252258, 2.0325436840057374, 2.184480438995361, 2.065493664550781, 2.3376852111816406, 2.188654592895508, 2.0893229904174806, 2.127514205169678, 2.212166910934448, 2.110411614227295, 2.0024483909606934, 2.1074961486816406, 1.972594662475586, 2.163053831863403, 2.066869753265381, 2.0604158027648927, 2.044300372695923, 2.0490043563842772, 2.0023583139419556, 2.0818833312988283, 1.957799234008789, 2.0441954887390135, 2.135668328475952, 2.1186167110443117, 1.9702763668060304, 2.040688762283325, 2.1266160427093506, 2.071732690811157, 1.9778500804901122, 2.0394444421768188, 1.9644648712158204, 1.9619385414123536, 2.0003879333496095, 1.9658757125854491, 2.019400128555298, 1.9732077339172363, 2.0106611568450927, 1.9649974254608154, 2.026389035606384, 2.0001988960266113, 2.0105933427810667, 2.021291007232666, 2.009239834976196, 2.0310240379333497, 2.0354226135253906, 2.03318189163208, 2.0554639793395997, 2.0516936235427856, 2.037809582519531, 2.0325652046203615, 2.0212887359619143, 2.0269559314727785, 2.0229879867553713, 2.0091777530670165, 2.032079523086548, 2.018277840423584, 2.015308946418762, 2.0203747831344603, 2.013454290008545, 2.007761298370361, 2.0147313976287844, 2.013379774093628], "test_acc": [6.87999963760376, 10.369999885559082, 11.460000038146973, 14.34999942779541, 15.379999160766602, 20.28999900817871, 20.079999923706055, 21.619998931884766, 25.349998474121094, 29.209999084472656, 27.420000076293945, 33.36000061035156, 30.34000015258789, 34.290000915527344, 33.32999801635742, 33.65999984741211, 33.77000045776367, 36.16999816894531, 38.40999984741211, 34.05999755859375, 39.16999816894531, 41.59000015258789, 38.30999755859375, 36.290000915527344, 38.279998779296875, 37.12999725341797, 42.189998626708984, 40.55999755859375, 42.39999771118164, 46.29999923706055, 44.599998474121094, 43.689998626708984, 43.439998626708984, 41.619998931884766, 44.09000015258789, 45.41999816894531, 43.119998931884766, 45.75, 44.18000030517578, 47.80999755859375, 45.47999954223633, 46.81999969482422, 43.90999984741211, 45.11000061035156, 47.34000015258789, 46.369998931884766, 44.64999771118164, 46.94999694824219, 48.939998626708984, 47.65999984741211, 49.63999938964844, 46.94999694824219, 48.959999084472656, 48.65999984741211, 49.63999938964844, 49.939998626708984, 51.34000015258789, 49.06999969482422, 52.54999923706055, 50.78999710083008, 49.39999771118164, 49.459999084472656, 52.529998779296875, 51.39999771118164, 50.77000045776367, 51.41999816894531, 53.02000045776367, 52.8599967956543, 54.27000045776367, 54.04999923706055, 53.459999084472656, 55.5, 54.529998779296875, 55.38999938964844, 55.59000015258789, 56.28999710083008, 56.5099983215332, 56.59000015258789, 56.75, 56.44999694824219, 57.04999923706055, 56.98999786376953, 57.55999755859375, 56.959999084472656, 57.209999084472656, 57.29999923706055, 57.46999740600586, 57.8599967956543, 57.779998779296875, 57.91999816894531, 57.94999694824219, 58.189998626708984, 57.849998474121094, 58.04999923706055, 57.93000030517578, 58.269996643066406, 58.0, 58.05999755859375, 57.96999740600586, 58.16999816894531], "wall_time": [7.6102540493011475, 14.151691436767578, 20.543250560760498, 27.29308271408081, 33.66800022125244, 39.9451322555542, 46.26313829421997, 52.755305767059326, 59.34814786911011, 65.93282628059387, 72.41019868850708, 78.95072031021118, 85.39935612678528, 91.8786506652832, 98.46644759178162, 105.04791617393494, 111.34441113471985, 117.74287247657776, 124.40846562385559, 130.9954605102539, 137.672137260437, 144.16144943237305, 150.4817090034485, 156.82362270355225, 163.34051489830017, 169.97633290290833, 176.48187017440796, 182.88404989242554, 189.52661037445068, 196.1811499595642, 202.7297101020813, 209.34657645225525, 215.01761841773987, 220.9940836429596, 227.45870304107666, 233.7299029827118, 240.47235321998596, 246.8330852985382, 252.8649742603302, 259.1223623752594, 265.774286031723, 272.07388257980347, 278.50797986984253, 285.17475390434265, 291.75312662124634, 298.03035950660706, 304.33700037002563, 310.5591311454773, 317.18998980522156, 323.7955720424652, 330.1843914985657, 336.60492491722107, 343.04954981803894, 349.24214792251587, 355.10511112213135, 361.6074686050415, 367.8243143558502, 374.5306484699249, 381.05032110214233, 387.7830364704132, 394.2363495826721, 400.7516059875488, 407.34903264045715, 413.6107783317566, 419.82809495925903, 426.2786886692047, 432.9914174079895, 439.61380100250244, 445.8802139759064, 452.27580857276917, 458.64649963378906, 465.24210000038147, 471.70908665657043, 477.61990666389465, 484.1246795654297, 490.4578402042389, 496.2613067626953, 502.7846872806549, 509.24202942848206, 515.7250444889069, 522.1750094890594, 528.7436172962189, 535.0819406509399, 541.3228924274445, 547.4618663787842, 553.8161625862122, 560.1997718811035, 566.2631123065948, 572.7863199710846, 579.1411275863647, 585.6284923553467, 591.860137462616, 598.2752163410187, 604.7004532814026, 611.2288703918457, 617.1304097175598, 623.3230340480804, 629.6614274978638, 636.2834622859955, 642.673440694809], "val_loss": [4.154749394989014, 3.930351859664917, 3.8749109306335447, 3.687052991485596, 3.5641915073394776, 3.288894841003418, 3.2896687732696535, 3.2534261585235598, 2.9881379287719727, 2.776538377380371, 2.9035821632385255, 2.5702070938110353, 2.781847801589966, 2.5794113845825195, 2.6511227222442626, 2.6387857307434084, 2.5723376785278322, 2.5231046138763427, 2.371611869812012, 2.606947987365723, 2.3379897621154786, 2.2272097414016723, 2.40343842086792, 2.512117911148071, 2.4131680488586427, 2.552054434585571, 2.1814152256011963, 2.284209567260742, 2.2184240005493163, 2.0087223152160645, 2.1097453662872314, 2.1822513339996337, 2.185671185302734, 2.3032898277282716, 2.169921384048462, 2.0962554767608643, 2.2265822429656983, 2.0776433452606202, 2.150179180908203, 2.001461133956909, 2.137599415206909, 2.08140255279541, 2.3359522468566896, 2.155698538970947, 2.066348123931885, 2.111947632217407, 2.1863657974243162, 2.0645197338104246, 1.9684137641906738, 2.097152200317383, 1.9830481513977052, 2.119055955123901, 2.040699391937256, 2.044530480957031, 2.0049853736877443, 2.0022235874176024, 1.9510317817687988, 2.0472976581573485, 1.9090051332473754, 1.9934091302871704, 2.0829484451293947, 2.108069641113281, 1.9295997148513795, 1.9806980792999267, 2.0811745784759523, 2.0328429956436156, 1.9377905372619628, 1.9860839645385742, 1.911070089530945, 1.9371479290008544, 1.9204753337860108, 1.9301450927734376, 1.9727082120895385, 1.8977563076019288, 1.9918716217041015, 1.940507406616211, 1.9801898895263672, 1.9419450016021729, 1.963760649871826, 1.9709295211791993, 1.9445533676147462, 1.9790375957489013, 1.9761268421173095, 1.983019140625, 1.9899530311584472, 1.9896731966018677, 1.975490482711792, 1.9611589229583741, 1.9671646593093872, 1.9702074090957642, 1.9649290397644044, 1.953437038230896, 1.9718001596450805, 1.9514427822113036, 1.9643659797668458, 1.959819270324707, 1.9490356475830077, 1.9525759059906005, 1.9557623538970947, 1.9531096687316896],