{"loss": [], "acc": [], "test_loss": [4.667868576049805, 4.697110032653809, 4.311482526397705, 4.082783463287353, 3.9570726005554198, 3.9115564125061035, 3.8668221099853515, 3.6981042533874513, 3.701210067367554, 3.499396618270874, 3.5396900680541994, 3.5075891536712644, 3.4132858375549318, 3.332469679260254, 3.4248616218566896, 3.431099466705322, 3.2827636638641358, 3.3569024837493897, 3.395880359649658, 3.063711637496948, 3.1195721855163576, 3.3208337646484374, 3.1980623443603515, 3.0648423248291015, 3.1042285575866697, 3.3833267421722413, 3.2622314445495606, 3.1866208324432375, 3.2147598293304442, 3.3408003101348878, 3.5166265815734863, 3.2594971450805663, 3.106552481842041, 3.219258504486084, 3.1606774036407472, 3.2193303802490236, 3.2127231864929198, 3.4115231899261476, 3.2529013137817384, 3.248331432342529, 3.407472576904297, 3.1169687927246095, 3.304596178436279, 3.2825483711242676, 3.3112897087097166, 3.6416186904907226, 3.4329068477630615, 3.353669317626953, 3.3450352958679197, 3.354141477584839, 3.2772736152648925, 3.3969852951049804, 3.399312526702881, 3.3179882877349853, 3.3468653820037844, 3.340744330596924, 3.354823880004883, 3.2961681968688965, 3.322243812179565, 3.334622780227661, 3.282234182739258, 3.249244966125488, 3.246995238876343, 3.254316223526001, 3.235962171936035, 3.2281231117248534, 3.183658039855957, 3.205290121459961, 3.1484558643341063, 3.126705068206787, 3.1782149421691894, 3.152878343963623, 3.1405206069946288, 3.1430366641998293, 3.131621880340576, 3.111764673995972, 3.1021910297393798, 3.1063859298706054, 3.105605066680908, 3.101368127441406, 3.083303565597534, 3.0861454383850098, 3.0935825370788574, 3.082422845077515, 3.080052439880371, 3.0711448135375976, 3.0643997512817385, 3.079233348083496, 3.07234627571106, 3.0679388610839844, 3.0699423622131348, 3.063467900466919, 3.0573672359466553, 3.061346822357178, 3.0719940155029297, 3.0627383144378664, 3.0707119873046875, 3.072117179107666, 3.0650428478240968, 3.0712848487854005], "test_acc": [1.2799999713897705, 4.799999713897705, 4.489999771118164, 8.220000267028809, 9.019999504089355, 10.529999732971191, 11.429999351501465, 13.789999961853027, 14.25999927520752, 17.1299991607666, 17.329999923706055, 17.56999969482422, 18.959999084472656, 20.619998931884766, 20.189998626708984, 20.299999237060547, 22.44999885559082, 22.059999465942383, 21.619998931884766, 25.479999542236328, 26.06999969482422, 24.25, 24.93000030517578, 27.529998779296875, 28.809999465942383, 24.3799991607666, 26.6299991607666, 27.25, 28.42999839782715, 27.75, 26.65999984741211, 28.10999870300293, 31.170000076293945, 29.989999771118164, 31.35999870300293, 30.119998931884766, 32.22999954223633, 28.920000076293945, 31.849998474121094, 31.309999465942383, 30.0, 33.31999969482422, 33.40999984741211, 33.90999984741211, 33.43000030517578, 30.56999969482422, 32.72999954223633, 33.939998626708984, 34.81999969482422, 35.15999984741211, 35.2599983215332, 35.46999740600586, 35.36000061035156, 36.43000030517578, 36.37999725341797, 37.11000061035156, 36.09000015258789, 38.32999801635742, 37.16999816894531, 37.61000061035156, 38.13999938964844, 39.27000045776367, 38.88999938964844, 38.7599983215332, 39.15999984741211, 39.43000030517578, 40.07999801635742, 39.959999084472656, 40.619998931884766, 40.73999786376953, 40.709999084472656, 40.73999786376953, 41.03999710083008, 41.05999755859375, 40.87999725341797, 41.36000061035156, 41.189998626708984, 41.20000076293945, 41.2599983215332, 41.439998626708984, 41.96999740600586, 41.71999740600586, 41.71999740600586, 41.53999710083008, 41.28999710083008, 41.849998474121094, 42.02000045776367, 41.82999801635742, 41.87999725341797, 41.84000015258789, 41.71999740600586, 41.81999969482422, 42.06999969482422, 41.79999923706055, 41.65999984741211, 42.0099983215332, 41.84000015258789, 41.89999771118164, 42.029998779296875, 41.7599983215332], "wall_time": [3.579641819000244, 5.905494451522827, 8.250241756439209, 10.609898328781128, 13.001682043075562, 15.193522453308105, 17.47540831565857, 19.705021858215332, 21.98578977584839, 24.21022081375122, 26.46641778945923, 28.62174391746521, 30.776038646697998, 32.96436524391174, 35.21375322341919, 37.64714050292969, 40.097583532333374, 42.57146620750427, 44.745067834854126, 46.90350842475891, 49.07294416427612, 51.46840786933899, 53.68918228149414, 56.24864482879639, 58.43789505958557, 60.89402627944946, 63.45382070541382, 65.96520495414734, 68.46667432785034, 70.7113585472107, 73.06763219833374, 75.30316495895386, 77.54806017875671, 79.77936840057373, 82.2687931060791, 84.72908115386963, 87.24664092063904, 89.60342812538147, 92.08168959617615, 94.39794564247131, 96.87682843208313, 99.21523857116699, 101.64349865913391, 104.2080888748169, 106.3999936580658, 108.69909167289734, 110.8647882938385, 113.02971625328064, 115.17884516716003, 117.45529890060425, 119.89787936210632, 122.09135150909424, 124.32863688468933, 126.50127458572388, 128.99929332733154, 131.42688131332397, 133.73727321624756, 136.0992636680603, 138.3459918498993, 140.58010363578796, 142.9473521709442, 145.37233448028564, 147.80297780036926, 150.14187479019165, 152.57567834854126, 154.8733217716217, 157.1903157234192, 159.54678201675415, 161.87734389305115, 164.22046494483948, 166.6670846939087, 168.90139198303223, 171.10045671463013, 173.55305790901184, 176.01052689552307, 178.33784675598145, 180.72648239135742, 182.94636034965515, 185.16096806526184, 187.40358328819275, 189.83338260650635, 192.05631399154663, 194.32319498062134, 196.69073152542114, 199.19768977165222, 201.6778166294098, 204.12234926223755, 206.563796043396, 208.82474064826965, 211.17771005630493, 213.49985361099243, 215.76812362670898, 218.24839878082275, 220.50527477264404, 222.97667789459229, 225.28961992263794, 227.54399991035461, 229.9148666858673, 232.19574117660522, 234.62548756599426], "val_loss": [4.668586964416504, 4.7039977600097655, 4.328554461669922, 4.095536093902588, 3.9608150539398195, 3.9395577823638916, 3.8624166439056395, 3.7236535217285156, 3.720935065078735, 3.526061085891724, 3.569889973449707, 3.547135785293579, 3.4653595069885252, 3.371879257965088, 3.443815272140503, 3.4375960090637205, 3.3099959571838378, 3.358261772918701, 3.415658094787598, 3.1082302242279054, 3.1282293098449707, 3.3435583015441894, 3.2526537773132325, 3.089167739105225, 3.1591011054992677, 3.436127825164795, 3.3248398681640623, 3.2221954040527345, 3.2663062664031983, 3.389969673156738, 3.5670512058258055, 3.304445026397705, 3.1660011394500733, 3.287077236557007, 3.1811067874908447, 3.285426435089111, 3.2753961353302, 3.439010912322998, 3.3389017219543455, 3.3218212890625, 3.4786992305755615, 3.206662943267822, 3.3989369064331054, 3.3420437896728514, 3.3298026233673097, 3.7301909534454345, 3.460434826660156, 3.356143934249878, 3.4030975471496583, 3.4204481101989748, 3.3496753288269043, 3.4841748596191406, 3.5186298358917236, 3.3532079872131346, 3.385238639831543, 3.368150299835205, 3.4125449844360354, 3.3556300994873047, 3.3537872402191162, 3.366592453765869, 3.319116103363037, 3.3092669204711913, 3.307858584213257, 3.3040484809875488, 3.291465616607666, 3.2487246841430664, 3.228100117492676, 3.2620439186096193, 3.188717934036255, 3.1720415084838867, 3.208359812545776, 3.1760392333984373, 3.186077174758911, 3.1804203563690185, 3.1814936267852785, 3.1464332180023193, 3.1231656799316405, 3.132713673400879, 3.137284310531616, 3.1317570495605467, 3.1158834663391115, 3.1251144973754883, 3.1201353923797606, 3.108410991668701, 3.102588599395752, 3.097999991607666, 3.0979083808898924, 3.1079994583129884, 3.1014662799835206, 3.099440334701538, 3.1015501888275145, 3.0972452224731444, 3.09088705368042, 3.093086846923828, 3.0999174766540527, 3.092504433822632, 3.0953816818237305, 3.101236255645752, 3.0934728874206545, 3.096998376464844],