{"loss": [], "acc": [], "test_loss": [4.125535499572754, 3.7922395889282225, 3.604888278198242, 3.453669989013672, 3.2803738761901857, 3.0324533939361573, 2.9654236728668213, 2.8418911460876464, 2.6869423961639405, 2.8120811080932615, 2.7477921070098876, 2.5070459796905515, 2.4806257442474364, 2.4842076496124266, 2.2958374240875243, 2.4573402671813964, 2.4515340690612795, 2.292903495788574, 2.1826646484375, 2.238777305984497, 2.2973604286193847, 2.162714891433716, 2.256985987281799, 2.1338383220672608, 2.090732325553894, 2.2567937107086182, 2.1918860467910766, 2.2282299499511717, 2.2508767948150634, 2.1962427505493163, 2.0818842847824097, 2.162411383628845, 2.356599963378906, 2.288812126159668, 2.0836344373703004, 2.227992873764038, 2.101333999633789, 2.1714930376052854, 2.145214876937866, 2.1726718879699707, 2.154897277832031, 2.202419284820557, 2.1676436584472656, 2.0857794006347654, 2.2585765119552614, 2.0269758152008057, 1.9758421745300292, 2.047089854431152, 2.1207432554244994, 2.0822075048446655, 2.048096682167053, 2.1798452577590943, 2.0830544334411623, 2.0769059551239013, 2.0756662921905518, 2.2151942249298098, 2.0577056361198425, 2.136667960739136, 2.1663397764205934, 2.0892636714935304, 2.104618977165222, 2.1166777935028076, 2.110126817893982, 2.1220184619903564, 2.122352544593811, 2.1145477966308595, 2.0914529598236085, 2.116396883773804, 2.1673760425567625, 2.1218570426940917, 2.1633482051849366, 2.1291232570648195, 2.1144578546524047, 2.0972959924697876, 2.0659426193237307, 2.1355753705978393, 2.0913996866226197, 2.1028874137878417, 2.0831207763671875, 2.093072145652771, 2.0939145515441893, 2.090727822494507, 2.083205587005615, 2.0957395416259765, 2.062868716239929, 2.084392140960693, 2.0745392162322998, 2.061426820755005, 2.0628658290863036, 2.058585195159912, 2.066056418609619, 2.0518380935668947, 2.061061530685425, 2.0552977012634277, 2.0538471309661865, 2.061019454574585, 2.056998787307739, 2.054352768135071, 2.0586328189849854, 2.053079317855835], "test_acc": [6.849999904632568, 11.569999694824219, 13.779999732971191, 16.75, 20.03999900817871, 24.049999237060547, 25.260000228881836, 28.34000015258789, 30.76999855041504, 28.309999465942383, 29.979999542236328, 34.22999954223633, 35.31999969482422, 35.88999938964844, 38.45000076293945, 36.29999923706055, 36.37999725341797, 39.209999084472656, 41.68000030517578, 41.47999954223633, 40.90999984741211, 41.65999984741211, 40.91999816894531, 43.07999801635742, 44.64999771118164, 42.52000045776367, 43.66999816894531, 42.15999984741211, 42.61000061035156, 43.46999740600586, 45.29999923706055, 44.11000061035156, 41.64999771118164, 43.27000045776367, 46.47999954223633, 43.53999710083008, 46.05999755859375, 45.7599983215332, 46.34000015258789, 45.099998474121094, 46.04999923706055, 45.53999710083008, 46.75, 48.709999084472656, 45.459999084472656, 49.31999969482422, 50.96999740600586, 49.37999725341797, 49.27000045776367, 50.04999923706055, 50.04999923706055, 47.81999969482422, 50.0099983215332, 50.31999969482422, 50.5099983215332, 49.209999084472656, 51.66999816894531, 50.869998931884766, 50.0099983215332, 51.41999816894531, 51.06999969482422, 51.57999801635742, 51.98999786376953, 52.38999938964844, 52.119998931884766, 53.5, 53.63999938964844, 54.2599983215332, 53.55999755859375, 54.369998931884766, 53.7599983215332, 54.38999938964844, 55.09000015258789, 55.32999801635742, 56.54999923706055, 54.82999801635742, 56.5, 56.15999984741211, 56.14999771118164, 56.48999786376953, 56.54999923706055, 57.25, 57.57999801635742, 57.349998474121094, 57.849998474121094, 57.5099983215332, 57.29999923706055, 57.62999725341797, 57.48999786376953, 57.81999969482422, 57.869998931884766, 58.0, 57.79999923706055, 58.09000015258789, 58.04999923706055, 58.019996643066406, 58.0, 58.06999969482422, 57.89999771118164, 58.07999801635742], "wall_time": [7.688525676727295, 13.821054697036743, 19.502893924713135, 25.496090173721313, 31.593324661254883, 37.33514404296875, 43.14042282104492, 49.274953842163086, 55.39585590362549, 61.336546659469604, 67.38317823410034, 73.19398212432861, 79.27447509765625, 85.35465788841248, 91.22573685646057, 97.0389506816864, 102.98044514656067, 109.00565695762634, 114.8374674320221, 120.8511962890625, 126.86895990371704, 132.69634318351746, 138.59359574317932, 144.65120911598206, 150.83592820167542, 157.0076711177826, 162.75913214683533, 168.8469796180725, 174.85133624076843, 181.06127500534058, 187.0019452571869, 192.68912029266357, 198.6591796875, 204.6771535873413, 210.63926458358765, 216.6669933795929, 222.4375605583191, 228.61341881752014, 234.79963612556458, 240.94461393356323, 246.8663456439972, 252.9412968158722, 258.7089583873749, 264.6359188556671, 270.5374355316162, 276.51052927970886, 282.34650230407715, 288.3461616039276, 294.33418345451355, 300.2753155231476, 306.1914155483246, 311.9811568260193, 318.0899820327759, 324.1011817455292, 330.1337752342224, 336.0876853466034, 342.4584503173828, 347.90446615219116, 353.7018394470215, 359.5964398384094, 365.6037600040436, 371.59596729278564, 377.7100398540497, 383.7151436805725, 389.6538619995117, 395.77221488952637, 401.2354099750519, 406.704984664917, 412.6730902194977, 418.5327060222626, 424.1213855743408, 429.49654841423035, 435.3498477935791, 441.26251769065857, 447.07728719711304, 453.1528830528259, 458.9739968776703, 464.99674439430237, 470.74758529663086, 476.7454526424408, 482.67036485671997, 488.14638900756836, 494.0732772350311, 499.6421911716461, 505.97232818603516, 511.6416471004486, 517.5694394111633, 523.3446669578552, 529.417519569397, 535.6143927574158, 541.5765948295593, 547.5824062824249, 553.6133415699005, 559.7142202854156, 565.8989448547363, 571.8831441402435, 577.671234369278, 583.5122065544128, 589.4120562076569, 595.354122877121], "val_loss": [4.139598846435547, 3.8132602474212645, 3.625252485656738, 3.478705969619751, 3.2913200439453125, 3.062213323974609, 2.9817433448791504, 2.8484579025268553, 2.725843598175049, 2.846079249191284, 2.7734195739746093, 2.5281049152374266, 2.497480926513672, 2.4831158729553224, 2.3146085777282717, 2.459169648361206, 2.4250201972961425, 2.2926747886657717, 2.1934402179718018, 2.2707965808868407, 2.326733776855469, 2.1642401384353636, 2.2593547061920165, 2.1430874980926515, 2.098466905593872, 2.290168118286133, 2.206859797668457, 2.236588945007324, 2.272264108657837, 2.1697804821014404, 2.055131442451477, 2.176118773841858, 2.391993431854248, 2.2566833744049073, 2.077283554840088, 2.2151792881011962, 2.073054172897339, 2.1773076519012453, 2.1440782695770264, 2.1747748226165773, 2.1451913360595705, 2.167486477088928, 2.1549378574371336, 2.0637203609466552, 2.259790934753418, 2.0264355968475343, 1.9818403465270995, 2.066979513549805, 2.123280615234375, 2.0953693786621095, 2.043280099487305, 2.1540469942092897, 2.0608764297485354, 2.071002797317505, 2.088877537345886, 2.2006057037353517, 2.063705378341675, 2.1176134811401366, 2.160052412033081, 2.0868790439605713, 2.121303113937378, 2.0927303108215334, 2.157953717803955, 2.095997428894043, 2.118105364227295, 2.1266785917282105, 2.1240226531982422, 2.0743081886291503, 2.14711296081543, 2.112528522109985, 2.1240569999694823, 2.128592029953003, 2.0939577045440676, 2.076174991226196, 2.051347656440735, 2.1045240699768066, 2.090782047462463, 2.0669797382354735, 2.053129083633423, 2.070728190803528, 2.0799810777664183, 2.077138686943054, 2.0559554677963257, 2.0603862184524537, 2.0554752769470217, 2.067502296066284, 2.0559324546813964, 2.0397249458312987, 2.044311534500122, 2.032405654335022, 2.03383269405365, 2.030605682563782, 2.0425194849014283, 2.0413555536270143, 2.0401299324035644, 2.0443352275848388, 2.031755931854248, 2.033267307472229, 2.0337349523544312, 2.037788521194458],