{"loss": [], "acc": [], "test_loss": [4.649482154083252, 4.686523738861084, 4.657919709777832, 4.403897537231446, 4.302444094848632, 4.498041348266602, 4.334727262115479, 4.290727761077881, 4.297170232391357, 4.406113832855224, 4.329397135925293, 4.338582874298096, 4.4240676727294925, 4.485812702941894, 4.466628100585938, 4.5088197746276855, 4.575047798919678, 4.490313498687744, 4.860982350921631, 4.517545008087159, 4.750897074127197, 4.824988743591309, 4.75124919128418, 4.686928802490234, 4.760683453369141, 4.83351159362793, 4.796016399383545, 4.923175582885742, 4.939216060638428, 5.029693350219727, 4.887002967834473, 5.131537476348877, 5.109223445892334, 5.146337034606933, 5.150455195617676, 5.1866227195739745, 5.339790913391114, 5.304153398132324, 5.506043059539795, 5.319821542358398, 5.426687895202637, 5.4965480590820315, 5.413163946533203, 5.36720322341919, 5.417924040985107, 5.44195691986084, 5.543312484741211, 5.469169929504394, 5.482975968170166, 5.415521887207031, 5.473447341918945, 5.48332712020874, 5.498310221862793, 5.4606178169250486, 5.4504215682983395, 5.457855963897705, 5.5731269599914555, 5.517716716766357, 5.532417967224121, 5.510441695404053, 5.488790452575683, 5.451205792236328, 5.510493413543701, 5.423833358001709, 5.458556395721436, 5.47189146194458, 5.470815662384033, 5.419428182220459, 5.447416993713379, 5.420795606994629, 5.422051672363281, 5.407009708404541, 5.399070819091797, 5.4221547370910645, 5.435303284454346, 5.430332160949707, 5.417783014678955, 5.418317620849609, 5.429720692443848, 5.420385404968262, 5.428314881134034, 5.409244781494141, 5.415531144714356, 5.408404119873047, 5.4068833992004395, 5.401416275787353, 5.410835166931152, 5.395886451721191, 5.39881349029541, 5.391541033935547, 5.395235276031494, 5.400377082061768, 5.399085806274414, 5.412024310302734, 5.398546378326416, 5.402410987854004, 5.412493016815185, 5.402566902923584, 5.4059752662658695, 5.4080443183898925], "test_acc": [1.0, 1.3299999237060547, 1.1699999570846558, 3.119999885559082, 4.880000114440918, 4.989999771118164, 5.909999847412109, 6.869999885559082, 6.569999694824219, 6.639999866485596, 7.579999923706055, 6.949999809265137, 8.130000114440918, 8.019999504089355, 8.039999961853027, 9.149999618530273, 8.329999923706055, 9.15999984741211, 8.050000190734863, 10.09000015258789, 9.859999656677246, 9.429999351501465, 9.739999771118164, 10.899999618530273, 10.069999694824219, 10.309999465942383, 12.079999923706055, 11.34000015258789, 11.109999656677246, 12.539999961853027, 12.119999885559082, 11.479999542236328, 12.399999618530273, 11.899999618530273, 12.699999809265137, 13.029999732971191, 11.739999771118164, 13.460000038146973, 12.119999885559082, 13.929999351501465, 13.109999656677246, 12.579999923706055, 13.739999771118164, 14.09999942779541, 14.989999771118164, 14.670000076293945, 13.489999771118164, 14.25999927520752, 14.859999656677246, 15.449999809265137, 14.819999694824219, 15.339999198913574, 15.319999694824219, 15.299999237060547, 15.929999351501465, 15.769999504089355, 15.109999656677246, 15.899999618530273, 15.629999160766602, 15.679999351501465, 16.420000076293945, 16.549999237060547, 16.6299991607666, 16.689998626708984, 16.389999389648438, 16.43000030517578, 17.010000228881836, 16.920000076293945, 16.69999885559082, 16.989999771118164, 17.09000015258789, 17.439998626708984, 17.229999542236328, 17.369998931884766, 17.06999969482422, 17.06999969482422, 17.270000457763672, 17.28999900817871, 17.329999923706055, 17.299999237060547, 17.270000457763672, 17.529998779296875, 17.600000381469727, 17.439998626708984, 17.670000076293945, 17.520000457763672, 17.579999923706055, 17.65999984741211, 17.619998931884766, 17.60999870300293, 17.719999313354492, 17.65999984741211, 17.619998931884766, 17.549999237060547, 17.649999618530273, 17.6299991607666, 17.729999542236328, 17.719999313354492, 17.729999542236328, 17.60999870300293], "wall_time": [2.9730663299560547, 4.082086801528931, 5.187177658081055, 6.2865965366363525, 7.3674163818359375, 8.485599040985107, 9.574020862579346, 10.62203311920166, 11.663227558135986, 12.709394931793213, 13.757816076278687, 14.812938451766968, 15.902625560760498, 17.02603316307068, 18.067760229110718, 19.133042573928833, 20.190326690673828, 21.230936765670776, 22.283207416534424, 23.310779094696045, 24.354523420333862, 25.384790420532227, 26.41244077682495, 27.44338059425354, 28.463595628738403, 29.488370180130005, 30.519338607788086, 31.557066202163696, 32.60247445106506, 33.689382553100586, 34.79434823989868, 35.899083852767944, 36.97611355781555, 38.071927547454834, 39.17832279205322, 40.29091477394104, 41.37161707878113, 42.482972860336304, 43.61860656738281, 44.77221751213074, 45.90717577934265, 47.084882736206055, 48.13666486740112, 49.18213677406311, 50.30231165885925, 51.35816955566406, 52.46850776672363, 53.580345153808594, 54.70720720291138, 55.81356620788574, 56.90652585029602, 58.04435324668884, 59.15270662307739, 60.27747106552124, 61.35973858833313, 62.48616170883179, 63.597124099731445, 64.70942091941833, 65.81267428398132, 66.95880222320557, 68.0810558795929, 69.22809529304504, 70.29511976242065, 71.43312931060791, 72.56932210922241, 73.64988994598389, 74.76420712471008, 75.89050555229187, 77.02054643630981, 78.07195329666138, 79.19579219818115, 80.31838393211365, 81.4164834022522, 82.4823842048645, 83.57012486457825, 84.61767387390137, 85.705899477005, 86.77885484695435, 87.85225796699524, 88.92566466331482, 90.02776217460632, 91.12738418579102, 92.26558876037598, 93.3407289981842, 94.43076705932617, 95.53395485877991, 96.67698168754578, 97.782799243927, 98.86715030670166, 99.9832649230957, 101.06569576263428, 102.15152406692505, 103.27838945388794, 104.3977370262146, 105.53286528587341, 106.69391632080078, 107.80960941314697, 108.92229866981506, 110.04171681404114, 111.18223285675049], "val_loss": [4.652830436706543, 4.690736383056641, 4.666351536560058, 4.406917852020264, 4.310051440429688, 4.493507071685791, 4.3395170265197756, 4.299031730651856, 4.3113440364837645, 4.419375124359131, 4.322803353881836, 4.352884396743774, 4.435158579254151, 4.48714593963623, 4.481195816802979, 4.5421641784667965, 4.553828497314453, 4.5192864234924315, 4.898107068634033, 4.497301296234131, 4.7661428657531735, 4.81320643081665, 4.733406920623779, 4.695595941925049, 4.757403286743164, 4.852205926895142, 4.819388871383667, 4.92352260055542, 4.938958871459961, 5.034140551757813, 4.884845558166504, 5.162088816070557, 5.135940117645264, 5.15605369644165, 5.156095794677734, 5.227305215454102, 5.296780281829834, 5.32053917388916, 5.50814991531372, 5.31413788986206, 5.455493704223633, 5.487999642944336, 5.395935318756104, 5.407078150939942, 5.4237214469909665, 5.42891672592163, 5.515487287902832, 5.4701138000488285, 5.482336811065673, 5.377983703613281, 5.412804864501953, 5.4173890625, 5.493633309173584, 5.4374240905761715, 5.443584697723389, 5.440951538085938, 5.55531704788208, 5.469404154205322, 5.513265328216553, 5.503358772277832, 5.465976570129395, 5.44254319229126, 5.4847967742919925, 5.406868054962159, 5.408601890563965, 5.428546354675293, 5.453597599792481, 5.399615015411377, 5.419159631347656, 5.416039205169677, 5.4097262969970705, 5.394176051330566, 5.369086378479004, 5.404020991516114, 5.406241901397705, 5.417543989562988, 5.402710750579834, 5.39592593460083, 5.402080734252929, 5.408069612884521, 5.410340939331054, 5.3935869033813475, 5.400095960998535, 5.394670192718506, 5.389746628570556, 5.3845570915222165, 5.392470104980469, 5.385091416168213, 5.391785040283203, 5.382954264068603, 5.388939659118653, 5.394232927703857, 5.391037793731689, 5.401559156799316, 5.387341761016846, 5.391619524383545, 5.401275914764405, 5.392213285064697, 5.39511060333252, 5.397016358947754],