{"loss": [], "acc": [], "test_loss": [4.618004647827148, 4.620827478790283, 4.612242418670654, 4.536446083068848, 4.253061637115478, 4.310341982269287, 4.367859113311767, 4.591881898498535, 4.315127375793457, 4.3178017097473145, 4.3109655174255375, 4.389320358276367, 4.390004920196533, 4.212796940612793, 4.194571251678467, 4.245917300415039, 4.530276790618896, 4.488237015533447, 4.364675843811035, 4.391073703765869, 4.432607285308838, 4.259139924621582, 4.097906369781494, 4.458821334838867, 4.320561027526855, 4.3874646759033205, 4.547103738403321, 4.474067242431641, 4.5573322967529295, 4.470099715423584, 4.538228012847901, 4.526050502014161, 4.455055293273926, 4.622473210906983, 4.686185636901856, 4.459832320022583, 4.563525266265869, 4.63263701171875, 4.678737094879151, 4.569001899719238, 4.585480094146728, 4.883694803619385, 4.740339325714111, 4.914113618469238, 4.71132060546875, 4.758387600708008, 4.737636672973633, 5.410181076049804, 4.9544866683959965, 4.921660067749023, 5.061815651702881, 4.973499238586426, 5.072474881744385, 5.134242334747315, 5.132262000274658, 5.176319148254395, 5.190430194091797, 5.132297061157226, 5.226773205566406, 5.2156587463378905, 5.318268618011475, 5.3393137138366695, 5.297657771301269, 5.297737782287598, 5.398442248535156, 5.37627333984375, 5.322632865142822, 5.395885650634765, 5.366197616577148, 5.3698900657653805, 5.427339179992676, 5.425469400787353, 5.382705220794678, 5.473876286315918, 5.423994429016113, 5.391212585449218, 5.393455590820312, 5.382698928833007, 5.389546073913574, 5.4014612159729, 5.366415824890137, 5.433307448577881, 5.379328256988526, 5.418112977600098, 5.411481716918946, 5.395324327087402, 5.384675910949707, 5.3789281539916995, 5.403947161865235, 5.397850366210937, 5.379940659332275, 5.400301925659179, 5.412645629119873, 5.395806301116943, 5.40592084274292, 5.400736740112305, 5.398573559570313, 5.3982318450927735, 5.408949536132813, 5.41429309463501], "test_acc": [1.0, 1.0, 1.0, 2.2100000381469727, 5.319999694824219, 4.779999732971191, 4.779999732971191, 4.549999713897705, 6.349999904632568, 5.480000019073486, 6.179999828338623, 6.759999752044678, 6.37999963760376, 7.569999694824219, 7.859999656677246, 8.25, 6.519999980926514, 6.789999961853027, 8.09999942779541, 7.399999618530273, 8.789999961853027, 9.880000114440918, 10.639999389648438, 9.579999923706055, 9.880000114440918, 10.710000038146973, 8.969999313354492, 10.039999961853027, 10.649999618530273, 10.569999694824219, 10.859999656677246, 11.289999961853027, 11.809999465942383, 11.25, 11.109999656677246, 13.039999961853027, 11.9399995803833, 12.979999542236328, 12.25, 12.519999504089355, 13.519999504089355, 11.649999618530273, 13.649999618530273, 12.1899995803833, 13.299999237060547, 14.25, 13.489999771118164, 11.34999942779541, 13.460000038146973, 14.269999504089355, 13.869999885559082, 14.309999465942383, 13.149999618530273, 14.00999927520752, 15.15999984741211, 14.429999351501465, 15.25, 15.269999504089355, 14.769999504089355, 15.859999656677246, 14.809999465942383, 14.59999942779541, 14.979999542236328, 15.65999984741211, 15.949999809265137, 15.519999504089355, 15.90999984741211, 15.65999984741211, 16.28999900817871, 16.299999237060547, 15.65999984741211, 15.9399995803833, 16.10999870300293, 16.459999084472656, 16.719999313354492, 16.31999969482422, 16.78999900817871, 16.979999542236328, 16.649999618530273, 16.90999984741211, 16.90999984741211, 16.799999237060547, 17.010000228881836, 16.619998931884766, 16.75, 17.399999618530273, 17.19999885559082, 17.389999389648438, 17.28999900817871, 17.479999542236328, 17.40999984741211, 17.43000030517578, 17.229999542236328, 17.369998931884766, 17.209999084472656, 17.25, 17.399999618530273, 17.399999618530273, 17.309999465942383, 17.229999542236328], "wall_time": [2.4279978275299072, 3.6831247806549072, 4.945728302001953, 6.218441963195801, 7.559694766998291, 8.911340713500977, 10.153913259506226, 11.368937015533447, 12.65756368637085, 14.053167581558228, 15.419277906417847, 16.847428560256958, 18.228198528289795, 19.592407703399658, 20.85390281677246, 22.303661346435547, 23.54084873199463, 24.762974977493286, 26.09517216682434, 27.351685762405396, 28.83078384399414, 30.332853078842163, 31.66834259033203, 33.0050892829895, 34.31811022758484, 35.717519760131836, 36.95365500450134, 38.1693754196167, 39.53405213356018, 40.93096089363098, 42.27443504333496, 43.67289185523987, 44.96326279640198, 46.27609372138977, 47.606719970703125, 48.86196827888489, 50.21025609970093, 51.61788320541382, 53.040719747543335, 54.3800835609436, 55.894365310668945, 57.27882146835327, 58.70560574531555, 60.03927946090698, 61.285747051239014, 62.66385555267334, 64.03763389587402, 65.49671506881714, 66.77259588241577, 68.10664558410645, 69.41743850708008, 70.6639130115509, 72.09963059425354, 73.43949460983276, 74.78330254554749, 76.16038393974304, 77.45515203475952, 78.79186463356018, 80.08594465255737, 81.4982647895813, 82.95521020889282, 84.2964129447937, 85.61265015602112, 87.09312319755554, 88.41650390625, 89.74830341339111, 91.18720841407776, 92.43558621406555, 93.62646150588989, 94.86207485198975, 96.34251356124878, 97.75001859664917, 99.1764440536499, 100.46051001548767, 101.88672471046448, 103.2809431552887, 104.58547782897949, 105.93927931785583, 107.20436096191406, 108.543630361557, 109.97813987731934, 111.31418228149414, 112.63252639770508, 113.9553906917572, 115.30659890174866, 116.63998770713806, 117.92859768867493, 119.16847515106201, 120.48262214660645, 121.76787090301514, 123.02787613868713, 124.34204769134521, 125.72687244415283, 127.04199934005737, 128.30430674552917, 129.55910968780518, 130.80774092674255, 132.04408717155457, 133.39980602264404, 134.6909794807434], "val_loss": [4.618134260559082, 4.621541495513916, 4.615061479187012, 4.538382639312744, 4.257957313537598, 4.3261051315307615, 4.378182883834839, 4.63161965637207, 4.330708832550049, 4.298787614440918, 4.337580947875977, 4.389427568435669, 4.404131983184814, 4.236774639129639, 4.202086015319824, 4.254637425994873, 4.552942116928101, 4.509148905944825, 4.387159289550781, 4.3918387390136715, 4.441668902587891, 4.258008666229248, 4.1169653972625735, 4.449201547241211, 4.343551972961426, 4.396565998840332, 4.535421063995361, 4.496399304580688, 4.564971785736084, 4.474729077148438, 4.592823710632325, 4.5366653568267825, 4.470534675979614, 4.634938277816772, 4.723516275787354, 4.50262793006897, 4.593660301208496, 4.652654874038697, 4.716600993347168, 4.585283715438843, 4.64137472000122, 4.899267752075195, 4.819569914245606, 4.953450940704346, 4.724084587097168, 4.790895468139649, 4.763097818756104, 5.469338481140137, 4.985349417114258, 4.951055254745484, 5.069964733886719, 4.9811035316467285, 5.073011874389649, 5.152484743499756, 5.157785178375244, 5.1745861137390134, 5.234601276016235, 5.141198893737793, 5.2187054748535155, 5.220005865478516, 5.368509191894531, 5.370495875930786, 5.3311959182739255, 5.349228468322754, 5.429720774078369, 5.410775554275513, 5.348290662384033, 5.445935988998413, 5.3877080467224125, 5.420367323303223, 5.463270388031006, 5.46762924079895, 5.415763745880127, 5.537125741195679, 5.46920262260437, 5.421804304504395, 5.425004724502563, 5.412457712554931, 5.428265449523926, 5.434778071975708, 5.399804407882691, 5.463585763549805, 5.400512168502807, 5.437681269836426, 5.435652450561523, 5.418313706970215, 5.405414057159424, 5.401250563049317, 5.430284677124024, 5.416417747497559, 5.399886363983154, 5.426347404479981, 5.4339946880340575, 5.4185033164978025, 5.430434838104248, 5.425371042251587, 5.426465699005127, 5.42511901473999, 5.434781449890137, 5.440328816223144],