{"loss": [], "acc": [], "test_loss": [4.65220558013916, 4.281797843170166, 4.202940294647217, 4.1543400115966795, 3.8951877784729003, 3.9573458877563477, 3.727640682601929, 3.6774862731933595, 3.6609729682922363, 4.135056930541992, 3.7386374084472656, 3.5461647785186767, 3.8311128799438476, 3.561692814254761, 3.4679206283569335, 3.7818972465515137, 3.5874575565338134, 3.628085523223877, 3.544868242263794, 3.4035511932373046, 3.8697767555236817, 3.337645937728882, 3.316313049316406, 3.3209429275512696, 3.469719512939453, 3.400282152557373, 3.2403973922729494, 3.375993868255615, 3.640554460906982, 3.443585031890869, 3.2892627338409426, 3.3030624908447264, 3.8884983085632325, 3.4977202671051026, 3.3033166343688967, 3.2916655502319334, 3.765334933853149, 3.4348994678497315, 3.553239587020874, 3.3873912658691405, 3.4114532512664795, 3.441113503265381, 3.521589726638794, 3.493601027679443, 3.6281604721069334, 3.68050870513916, 3.6072454513549803, 3.600850926208496, 3.471168193817139, 3.626740730667114, 3.778614389419556, 3.690154320526123, 3.6966014739990234, 3.855768542480469, 4.026262111663819, 3.5975391555786134, 3.6462856689453127, 3.5821617473602294, 3.545903287124634, 3.6661053760528564, 3.6495011253356933, 3.5796019340515137, 3.5718159633636475, 3.537642185974121, 3.4749804347991944, 3.6121268280029297, 3.4610237937927244, 3.5520017166137694, 3.446802826309204, 3.464868384552002, 3.4361874504089354, 3.3887927169799803, 3.4398008087158205, 3.3767806610107423, 3.405695025253296, 3.34822059173584, 3.358302758026123, 3.3790678771972655, 3.3858629890441896, 3.356441352081299, 3.329587436676025, 3.3470933185577394, 3.314693525695801, 3.3074607566833496, 3.309804391860962, 3.3170718391418457, 3.334811672973633, 3.320650319290161, 3.3106083545684815, 3.2972401596069334, 3.300927806854248, 3.2966719814300536, 3.287593046569824, 3.309541749191284, 3.2932221153259276, 3.2843002113342283, 3.292748055648804, 3.2960960739135743, 3.2972346366882324, 3.2922383026123048], "test_acc": [1.0, 5.460000038146973, 6.309999942779541, 7.0, 9.369999885559082, 10.229999542236328, 12.519999504089355, 14.019999504089355, 14.179999351501465, 10.219999313354492, 14.710000038146973, 16.369998931884766, 14.029999732971191, 17.899999618530273, 18.28999900817871, 15.779999732971191, 18.56999969482422, 17.709999084472656, 18.34000015258789, 21.459999084472656, 16.329999923706055, 21.850000381469727, 21.969999313354492, 23.939998626708984, 20.35999870300293, 23.979999542236328, 26.029998779296875, 25.599998474121094, 21.969999313354492, 24.510000228881836, 26.689998626708984, 27.849998474121094, 21.85999870300293, 25.309999465942383, 28.510000228881836, 28.76999855041504, 24.099998474121094, 26.939998626708984, 27.029998779296875, 29.59000015258789, 30.349998474121094, 30.759998321533203, 28.31999969482422, 30.81999969482422, 28.889999389648438, 28.94999885559082, 30.239999771118164, 30.59000015258789, 32.07999801635742, 30.81999969482422, 29.81999969482422, 31.889999389648438, 31.549999237060547, 30.389999389648438, 28.10999870300293, 33.029998779296875, 33.21999740600586, 33.46999740600586, 34.66999816894531, 33.30999755859375, 34.36000061035156, 34.95000076293945, 35.32999801635742, 35.30999755859375, 36.16999816894531, 34.57999801635742, 36.34000015258789, 35.43000030517578, 36.849998474121094, 36.37999725341797, 36.56999969482422, 37.290000915527344, 37.189998626708984, 36.88999938964844, 37.47999954223633, 37.32999801635742, 37.45000076293945, 37.30999755859375, 37.279998779296875, 37.61000061035156, 37.47999954223633, 37.5099983215332, 37.7599983215332, 37.65999984741211, 37.61000061035156, 37.13999938964844, 37.619998931884766, 37.87999725341797, 37.56999969482422, 37.73999786376953, 37.86000061035156, 38.11000061035156, 38.099998474121094, 37.79999923706055, 37.959999084472656, 38.06999969482422, 38.029998779296875, 38.11000061035156, 38.05999755859375, 38.0099983215332], "wall_time": [5.3084728717803955, 8.573012113571167, 11.845263242721558, 15.066830396652222, 18.31648063659668, 21.542531967163086, 24.860496282577515, 28.074735403060913, 31.30080008506775, 34.50317859649658, 37.65540647506714, 40.93127369880676, 44.15722703933716, 47.48833656311035, 50.6697051525116, 53.841047286987305, 57.03022599220276, 60.15339803695679, 63.348201274871826, 66.59230923652649, 69.86908864974976, 73.08217263221741, 76.30041694641113, 79.49396896362305, 82.64719200134277, 85.95771813392639, 89.20566606521606, 92.61555171012878, 95.86131978034973, 99.0543200969696, 102.3635606765747, 105.5515456199646, 108.71875071525574, 111.93160057067871, 115.1562991142273, 118.42014837265015, 121.61710333824158, 124.85360836982727, 128.07645535469055, 131.30387544631958, 134.49124264717102, 137.73526406288147, 140.94993042945862, 144.12535190582275, 147.37598633766174, 150.56737208366394, 153.8136546611786, 157.00791788101196, 160.29649448394775, 163.54398608207703, 166.79431772232056, 169.91858506202698, 173.19257831573486, 176.41227316856384, 179.66036915779114, 182.83717560768127, 186.0651307106018, 189.28139448165894, 192.51216578483582, 195.68394899368286, 198.87556982040405, 202.0870223045349, 205.34040594100952, 208.56767082214355, 211.81944823265076, 215.01321029663086, 218.2361114025116, 221.38406348228455, 224.61164021492004, 227.88357281684875, 231.13928532600403, 234.34788966178894, 237.59430289268494, 240.7743866443634, 243.96106243133545, 247.16629099845886, 250.28844141960144, 253.60195660591125, 256.7297594547272, 259.95835518836975, 263.144357919693, 266.37101101875305, 269.5962567329407, 272.8079731464386, 276.00844049453735, 279.2464394569397, 282.5086030960083, 285.7340500354767, 288.9998743534088, 292.2178192138672, 295.5263752937317, 298.74521493911743, 301.99910521507263, 305.20288157463074, 308.4711403846741, 311.650554895401, 314.8944642543793, 318.1234004497528, 321.2889382839203, 324.56783270835876], "val_loss": [4.647606337738037, 4.2796774551391605, 4.198578636550903, 4.146663098526001, 3.8954761882781983, 3.95092215423584, 3.7174039890289308, 3.6903156646728514, 3.671500885772705, 4.148579042816162, 3.7840319675445557, 3.5546317432403565, 3.8654021533966065, 3.586206934738159, 3.4849170402526854, 3.807424100112915, 3.5939298202514647, 3.657984874343872, 3.571659921646118, 3.43615548286438, 3.878521789932251, 3.360350622558594, 3.3566991176605225, 3.332849703979492, 3.4812410148620607, 3.402197812652588, 3.307090712738037, 3.4157487049102784, 3.6983143424987794, 3.496209035873413, 3.324306727218628, 3.3191791542053224, 3.908452583694458, 3.5231092895507814, 3.317853784942627, 3.3128900135040285, 3.7475200466156005, 3.460923725891113, 3.633027917098999, 3.4363762783050538, 3.449270780944824, 3.4654811279296873, 3.5494291564941407, 3.5285247051239015, 3.6692251373291014, 3.6553162292480468, 3.6386877906799318, 3.602077239227295, 3.480526661682129, 3.6165577728271483, 3.8107450942993166, 3.7268911418914796, 3.73955306930542, 3.8718312175750733, 4.049320832824707, 3.6181319221496584, 3.6942956985473634, 3.590740425109863, 3.615924295806885, 3.700996534347534, 3.69123041305542, 3.610878827667236, 3.596482008743286, 3.5722795684814455, 3.5098195167541504, 3.6499823585510254, 3.499034666442871, 3.577601444244385, 3.45663465385437, 3.472321046447754, 3.4791844787597657, 3.4248024337768554, 3.44764930267334, 3.3911523723602297, 3.4265440921783448, 3.3836927452087404, 3.3862412071228025, 3.395356373214722, 3.3999151412963866, 3.3740519096374513, 3.3510035919189454, 3.3735757694244386, 3.3434314167022703, 3.3289390251159667, 3.336391456985474, 3.3474894844055174, 3.349100800323486, 3.3421677352905275, 3.333046851348877, 3.323123323059082, 3.330567760848999, 3.321220519256592, 3.309091717529297, 3.3294125061035156, 3.3134718101501464, 3.305314283752441, 3.312538367843628, 3.313597120285034, 3.31660472946167, 3.3103397674560546],