{"loss": [], "acc": [], "test_loss": [4.885478988647461, 4.282502926635742, 4.075427310562134, 3.9515049594879152, 3.8890949478149412, 3.782215003967285, 3.7809941646575926, 3.6366987438201903, 3.609079012298584, 3.5581195472717284, 3.5519213676452637, 3.493685640335083, 3.4890586811065676, 3.4229231166839598, 3.3833589393615724, 3.4256941238403322, 3.426313689041138, 3.407658847808838, 3.4263400215148927, 3.2902998962402346, 3.2740910469055176, 3.2786890716552732, 3.2380486568450926, 3.363055263519287, 3.3086690853118896, 3.355650260925293, 3.2691137168884277, 3.42349130859375, 3.3346948348999024, 3.3815955291748048, 3.3139422969818115, 3.2305257946014403, 3.3662246631622312, 3.260197839355469, 3.299783320236206, 3.2224095348358155, 3.2616964889526368, 3.305534979629517, 3.3317208442687987, 3.272887319946289, 3.5021197692871096, 3.37153769493103, 3.402396633911133, 3.420576388168335, 3.414157545852661, 3.4081433387756346, 3.498644721984863, 3.630248708343506, 3.5300285118103027, 3.471015493774414, 3.4898821670532225, 3.420938808822632, 3.4290037925720216, 3.422742304611206, 3.627536368560791, 3.4359269706726074, 3.437225757217407, 3.460292290878296, 3.4643846393585207, 3.4688391525268556, 3.4387914390563963, 3.4455927631378174, 3.4479220455169677, 3.4717615478515627, 3.4361264785766603, 3.400727786254883, 3.414366929626465, 3.3991010940551756, 3.403689037322998, 3.36163950881958, 3.3637215476989746, 3.3668250595092775, 3.3544915321350097, 3.363949337387085, 3.3483051124572754, 3.349003057098389, 3.336890027999878, 3.319708462524414, 3.3464722312927244, 3.3507735939025878, 3.338385789108276, 3.335755921173096, 3.3399347606658933, 3.3388326789855958, 3.320021962738037, 3.3374934791564943, 3.3210816314697267, 3.314328586578369, 3.3260792114257813, 3.3289700786590575, 3.328763710784912, 3.343413222122192, 3.3318245780944826, 3.324277476119995, 3.319512867736816, 3.3345614784240722, 3.3270572410583497, 3.3281122245788572, 3.332381088256836, 3.331887428665161], "test_acc": [2.129999876022339, 6.149999618530273, 7.079999923706055, 8.760000228881836, 9.519999504089355, 12.289999961853027, 12.359999656677246, 14.449999809265137, 14.589999198913574, 15.359999656677246, 15.75, 17.170000076293945, 18.1299991607666, 18.969999313354492, 19.350000381469727, 18.44999885559082, 19.76999855041504, 19.529998779296875, 20.06999969482422, 22.01999855041504, 22.19999885559082, 23.149999618530273, 23.979999542236328, 22.43000030517578, 23.69999885559082, 22.78999900817871, 24.31999969482422, 23.34000015258789, 25.189998626708984, 24.549999237060547, 25.239999771118164, 26.35999870300293, 25.869998931884766, 27.219999313354492, 27.299999237060547, 28.35999870300293, 27.799999237060547, 27.84000015258789, 28.03999900817871, 28.469999313354492, 27.60999870300293, 29.170000076293945, 28.56999969482422, 27.439998626708984, 29.469999313354492, 29.670000076293945, 29.479999542236328, 28.31999969482422, 30.329999923706055, 31.549999237060547, 30.28999900817871, 31.399999618530273, 33.39999771118164, 32.29999923706055, 31.10999870300293, 32.75, 33.70000076293945, 32.98999786376953, 33.689998626708984, 34.04999923706055, 33.96999740600586, 34.41999816894531, 34.25, 34.279998779296875, 34.70000076293945, 35.15999984741211, 35.04999923706055, 35.39999771118164, 35.71999740600586, 36.34000015258789, 36.14999771118164, 35.93000030517578, 36.38999938964844, 35.779998779296875, 36.40999984741211, 36.279998779296875, 36.71999740600586, 36.540000915527344, 36.099998474121094, 36.349998474121094, 36.56999969482422, 36.5099983215332, 36.39999771118164, 36.55999755859375, 36.709999084472656, 36.72999954223633, 36.61000061035156, 36.779998779296875, 36.70000076293945, 36.59000015258789, 36.540000915527344, 36.59000015258789, 36.709999084472656, 36.57999801635742, 36.62999725341797, 36.66999816894531, 36.57999801635742, 36.72999954223633, 36.599998474121094, 36.72999954223633], "wall_time": [3.6423661708831787, 6.001262903213501, 8.479687213897705, 10.911134958267212, 13.21705436706543, 15.763705015182495, 18.403862476348877, 20.892142057418823, 23.392231702804565, 25.959282159805298, 28.577480792999268, 31.21350598335266, 33.795788288116455, 36.441277265548706, 38.8283793926239, 41.279874086380005, 43.7401556968689, 46.12422704696655, 48.60480093955994, 51.02876687049866, 53.44917440414429, 55.84939098358154, 58.298624992370605, 60.78446984291077, 63.26739811897278, 65.74777221679688, 68.23012208938599, 70.6903727054596, 73.17648220062256, 75.577388048172, 78.02041935920715, 80.28859996795654, 82.60812735557556, 85.07397818565369, 87.57073855400085, 90.18841910362244, 92.763516664505, 95.29947853088379, 97.75019764900208, 100.39402961730957, 102.98865723609924, 105.41087341308594, 107.91133880615234, 110.49396252632141, 112.89295148849487, 115.41329288482666, 117.92547869682312, 120.48950123786926, 122.92904472351074, 125.46427321434021, 127.90412330627441, 130.33869743347168, 132.7315173149109, 135.26788687705994, 137.6551489830017, 140.05695843696594, 142.53111934661865, 144.9815013408661, 147.3975806236267, 149.73797631263733, 152.25450229644775, 154.67028951644897, 157.04214787483215, 159.4473476409912, 161.82564234733582, 164.13380098342896, 166.45505166053772, 168.79405045509338, 171.29334163665771, 173.74547004699707, 176.24128127098083, 178.71071076393127, 181.20318579673767, 183.82953214645386, 186.47795987129211, 189.1207365989685, 191.67166447639465, 193.99758863449097, 196.47493720054626, 199.1118187904358, 201.70110845565796, 204.25944113731384, 206.79561233520508, 209.25623393058777, 211.735023021698, 214.14222121238708, 216.58385014533997, 218.8814663887024, 221.29464745521545, 223.68027925491333, 226.0547070503235, 228.41424751281738, 230.87806105613708, 233.2351553440094, 235.6065809726715, 238.0431261062622, 240.46582984924316, 242.9364721775055, 245.3168933391571, 247.57429194450378], "val_loss": [4.878987973022461, 4.277350508880615, 4.0752835479736325, 3.9345126979827882, 3.853120864105225, 3.753834498214722, 3.7670367752075196, 3.6278169998168943, 3.618258423614502, 3.544448114013672, 3.5443289585113527, 3.471117579650879, 3.4661551723480226, 3.4347017288208006, 3.3986556285858156, 3.41635244102478, 3.392479274749756, 3.4108040828704835, 3.4057836864471436, 3.3018189392089843, 3.275943869781494, 3.282190838623047, 3.22734960899353, 3.334352993011475, 3.288460160446167, 3.3444570327758787, 3.237373149108887, 3.436352350997925, 3.2776878765106203, 3.3176986957550048, 3.2778838302612305, 3.2049265396118165, 3.347878814315796, 3.2302715003967286, 3.26081555519104, 3.1971938854217528, 3.2260734645843505, 3.254116731262207, 3.29564479637146, 3.257987018585205, 3.4435606788635256, 3.3372716064453125, 3.39049508934021, 3.41369235534668, 3.3926165885925292, 3.3709723457336427, 3.4756333919525146, 3.6011436912536623, 3.4987233543395995, 3.421742039489746, 3.478074390411377, 3.396108260345459, 3.4024151245117187, 3.381924829864502, 3.5927611549377443, 3.4105989715576173, 3.4009490734100343, 3.4183005676269533, 3.4342185775756837, 3.439481512069702, 3.4032263648986816, 3.4081775146484374, 3.429548349761963, 3.437777381896973, 3.4162406616210936, 3.3947891189575197, 3.411681692504883, 3.3749999694824218, 3.3803374099731447, 3.337428297042847, 3.3687399005889893, 3.344388681793213, 3.3269268905639646, 3.3447182250976564, 3.3362767417907713, 3.341933427429199, 3.322580361175537, 3.30266155128479, 3.3303617668151855, 3.328780981826782, 3.3177521919250488, 3.3128321727752685, 3.3211251419067382, 3.3275644916534426, 3.3097644519805907, 3.323877172088623, 3.308666855621338, 3.299080994796753, 3.3137606880187986, 3.316676831817627, 3.312698197937012, 3.3249833251953125, 3.316075630187988, 3.311435598373413, 3.3041289054870604, 3.3173664268493654, 3.3093423191070555, 3.31270198059082, 3.316464503097534, 3.3168521705627443],