{"loss": [], "acc": [], "test_loss": [4.684742659759522, 4.261806259918213, 4.1456205287933345, 3.998598233795166, 3.9380974910736084, 3.8867243968963625, 3.916529638290405, 3.7686215812683104, 3.781915255355835, 4.09621915473938, 4.3634536193847655, 3.862736206817627, 3.7448350090026854, 3.5665190326690674, 3.79467741317749, 3.506266427612305, 3.4849035045623777, 3.4902661827087402, 3.3740371681213377, 3.525504445648193, 3.304647087478638, 3.480637406539917, 3.2498119514465333, 3.299775509262085, 3.2793259525299074, 3.3096441883087158, 3.2176533672332766, 3.2814661643981933, 3.2534909549713134, 3.1534502281188965, 3.1020051303863525, 3.1449877544403075, 3.1112424613952636, 3.104462336349487, 3.038559415435791, 3.103592193603516, 3.163154800415039, 3.024818495941162, 3.219838566970825, 3.0634796195983887, 3.0384435146331787, 3.0383343591690064, 3.0835190044403076, 3.0081625400543213, 3.067530236816406, 2.9633292289733886, 3.0179440727233886, 3.0076306575775145, 3.0507849277496337, 3.0668976711273195, 3.014155616378784, 2.9945351860046387, 3.037946394729614, 3.1198997585296633, 3.112655195236206, 3.064762201690674, 3.0793578968048094, 3.1286635831832887, 3.195444939804077, 3.1851743577957152, 3.221554649734497, 3.175402734375, 3.227952503967285, 3.1832814594268797, 3.204365837860107, 3.262302794647217, 3.2989628517150877, 3.2856267456054686, 3.2410283790588377, 3.2831649353027346, 3.3139820726394653, 3.297843519973755, 3.3009903423309326, 3.346317049026489, 3.33892282371521, 3.3270293632507326, 3.374260919189453, 3.339754587173462, 3.340228556251526, 3.375926824760437, 3.375261075210571, 3.3456793727874756, 3.3704971214294432, 3.384702789306641, 3.37151466217041, 3.3834153999328613, 3.373330697250366, 3.3855225830078126, 3.401206324386597, 3.3896530879974365, 3.3999480813980103, 3.399167615890503, 3.3910134708404542, 3.3979002098083497, 3.3900437042236327, 3.4051391277313234, 3.3897994010925294, 3.3952687950134277, 3.3933967723846434, 3.394537882232666], "test_acc": [2.740000009536743, 5.809999942779541, 7.279999732971191, 8.079999923706055, 8.029999732971191, 9.9399995803833, 9.179999351501465, 11.989999771118164, 11.059999465942383, 8.109999656677246, 7.569999694824219, 10.609999656677246, 12.729999542236328, 14.489999771118164, 12.34000015258789, 14.839999198913574, 15.899999618530273, 15.289999961853027, 17.369998931884766, 15.839999198913574, 19.18000030517578, 17.689998626708984, 20.479999542236328, 19.139999389648438, 20.350000381469727, 19.639999389648438, 21.31999969482422, 20.809999465942383, 21.3799991607666, 23.099998474121094, 23.760000228881836, 23.260000228881836, 24.219999313354492, 24.619998931884766, 25.85999870300293, 24.779998779296875, 24.529998779296875, 26.619998931884766, 25.399999618530273, 26.399999618530273, 27.31999969482422, 28.279998779296875, 26.829999923706055, 28.53999900817871, 28.719999313354492, 30.28999900817871, 29.44999885559082, 30.719999313354492, 29.239999771118164, 30.34000015258789, 30.94999885559082, 31.42999839782715, 31.549999237060547, 31.31999969482422, 31.489999771118164, 32.27000045776367, 32.75, 32.66999816894531, 32.13999938964844, 32.459999084472656, 31.85999870300293, 32.59000015258789, 33.11000061035156, 34.0099983215332, 33.79999923706055, 33.5, 33.47999954223633, 33.34000015258789, 34.189998626708984, 34.20000076293945, 34.2599983215332, 34.349998474121094, 34.54999923706055, 34.209999084472656, 35.029998779296875, 34.869998931884766, 34.939998626708984, 34.77000045776367, 35.0099983215332, 35.07999801635742, 35.30999755859375, 35.45000076293945, 35.63999938964844, 35.540000915527344, 35.39999771118164, 35.21999740600586, 35.27000045776367, 35.13999938964844, 35.20000076293945, 35.52000045776367, 35.43000030517578, 35.31999969482422, 35.31999969482422, 35.54999923706055, 35.57999801635742, 35.62999725341797, 35.31999969482422, 35.61000061035156, 35.54999923706055, 35.439998626708984], "wall_time": [3.699528932571411, 5.761339902877808, 7.897844314575195, 9.993907690048218, 12.176321983337402, 14.281323432922363, 16.440999269485474, 19.05580973625183, 21.231963872909546, 23.424343585968018, 25.67545461654663, 27.979029178619385, 30.26326322555542, 32.318591833114624, 34.538883686065674, 36.84438943862915, 39.16022706031799, 41.451770067214966, 43.54290199279785, 45.851802349090576, 48.2142379283905, 50.31765604019165, 52.46512031555176, 54.65329694747925, 56.683305501937866, 59.04864573478699, 61.07772660255432, 63.16043996810913, 65.24682354927063, 67.62254166603088, 69.71148633956909, 71.96271562576294, 74.21484446525574, 76.41734313964844, 78.47322082519531, 80.82031989097595, 83.15692210197449, 85.28094840049744, 87.63100671768188, 89.97972583770752, 92.0378007888794, 94.31277704238892, 96.37021613121033, 98.5522780418396, 100.6900384426117, 103.01373338699341, 105.11178016662598, 107.14308977127075, 109.22930908203125, 111.51771569252014, 113.54398512840271, 115.66396045684814, 117.7745292186737, 119.87350273132324, 122.21532273292542, 124.31759738922119, 126.62529945373535, 128.93700170516968, 130.99120831489563, 133.00700330734253, 135.23489809036255, 137.6142294406891, 139.81574130058289, 142.1019425392151, 144.19982028007507, 146.37798881530762, 148.46085953712463, 150.53356409072876, 152.807879447937, 154.87571930885315, 156.9821207523346, 159.25802898406982, 161.26359629631042, 163.6586503982544, 165.9882435798645, 168.13562560081482, 170.46307253837585, 172.54505062103271, 174.7833514213562, 176.8992841243744, 178.99873542785645, 181.39173316955566, 183.70045375823975, 185.9180006980896, 187.96565318107605, 190.1021900177002, 192.44158935546875, 194.65110087394714, 196.78003215789795, 198.8930287361145, 201.06681156158447, 203.34390687942505, 205.43025255203247, 207.48064351081848, 209.60853791236877, 212.0262622833252, 214.09404850006104, 216.21009063720703, 218.3349871635437, 220.4666929244995], "val_loss": [4.670951335906983, 4.265358120727539, 4.140280014801025, 3.982455799484253, 3.9021000537872315, 3.8738931037902833, 3.891679665374756, 3.750927308654785, 3.7723230934143066, 4.089394599151611, 4.364298727416992, 3.8259844230651856, 3.7365035610198976, 3.5448789489746093, 3.775770343017578, 3.4903916076660155, 3.4713682525634764, 3.4837433498382566, 3.3563640007019044, 3.4987900787353516, 3.3021163612365725, 3.4896964607238767, 3.245456238937378, 3.286828303146362, 3.2722827754974366, 3.2774603775024413, 3.1999124557495118, 3.252144445800781, 3.2180328605651853, 3.1334132511138915, 3.093834825515747, 3.1426446926116944, 3.1070497692108154, 3.0884019229888917, 3.028968344116211, 3.104734024810791, 3.1519564880371096, 3.0058796318054197, 3.231442590713501, 3.0717862686157225, 3.025836960220337, 3.017993645858765, 3.0480090618133544, 3.0074096054077146, 3.086115996932983, 2.947528720855713, 2.9966115123748778, 3.0113853897094724, 3.0327945762634276, 3.067996969604492, 3.0067034767150878, 2.9912303451538085, 3.044625691986084, 3.107524711227417, 3.118463613510132, 3.0590054817199706, 3.115494815826416, 3.1254890308380125, 3.190597639083862, 3.1768383010864256, 3.2115860458374024, 3.174689155960083, 3.216429919052124, 3.19599446144104, 3.2041106365203857, 3.2691523197174073, 3.29108765335083, 3.331598052597046, 3.246489914703369, 3.298504202270508, 3.3223597820281983, 3.316881455230713, 3.3108355335235595, 3.3660703762054442, 3.3570609512329104, 3.321987784576416, 3.366535340881348, 3.3559234706878662, 3.3505179821014406, 3.3893793369293213, 3.3910457679748536, 3.364511325836182, 3.379882121658325, 3.396001167678833, 3.3871999824523926, 3.3936360122680664, 3.3854523403167724, 3.391947491836548, 3.407937450027466, 3.400559648132324, 3.4121749240875245, 3.4108308647155763, 3.404983918762207, 3.4110532108306884, 3.402781856918335, 3.4148655597686766, 3.3982513362884523, 3.4071285186767577, 3.4052216243743896, 3.4051025314331054],