{"loss": [], "acc": [], "test_loss": [4.4263718132019045, 4.216733376693726, 4.139165846633911, 3.9658906051635743, 3.865852395629883, 3.906725389099121, 3.7437880275726316, 3.6317716682434082, 3.6385289825439453, 3.6261034366607667, 3.708077700805664, 3.521885638809204, 3.5492409591674803, 3.615541748046875, 3.384738320159912, 3.509554138183594, 3.5008782688140867, 3.3854590492248535, 3.3990541568756103, 3.3172322471618654, 3.3270292709350584, 3.3315331874847414, 3.231693238449097, 3.1793830207824705, 3.267586862564087, 3.356711743545532, 3.2876054016113283, 3.355467692565918, 3.2804857753753662, 3.3319072555541993, 3.201224504852295, 3.202909213066101, 3.2543871139526366, 3.2594776264190672, 3.2938539348602296, 3.1902774616241456, 3.2516723653793336, 3.280487766647339, 3.3792429512023925, 3.330805362701416, 3.3963299728393554, 3.3113855834960937, 3.4654396434783936, 3.3619758781433107, 3.4346177909851074, 3.3542899002075197, 3.4395399642944335, 3.398009881591797, 3.4575220489501954, 3.553571644592285, 3.5172539611816407, 3.4749915794372557, 3.476834796524048, 3.414000310516357, 3.466759072113037, 3.3752039672851564, 3.4504494972229005, 3.477537607574463, 3.3763424060821534, 3.403382125091553, 3.3435597663879393, 3.359233464050293, 3.3356781032562255, 3.3394977317810057, 3.3136004043579104, 3.3113829246521, 3.2866882568359377, 3.290419598388672, 3.2835844314575193, 3.2546117641448973, 3.27606918296814, 3.2463750949859618, 3.2434148529052735, 3.2340865058898927, 3.217639308166504, 3.2104801025390626, 3.228922138214111, 3.1856015846252443, 3.1862326499938964, 3.213553269958496, 3.194476230621338, 3.199734762573242, 3.1954879959106446, 3.198032057189941, 3.1931834621429442, 3.1967338233947755, 3.1764425926208495, 3.1820919631958007, 3.1942335334777834, 3.1828275337219236, 3.1780575317382813, 3.1857760192871094, 3.190557302093506, 3.1819404182434083, 3.1809060195922854, 3.184320310974121, 3.172971286010742, 3.172949464035034, 3.178104062652588, 3.1765080421447753], "test_acc": [3.2799999713897705, 6.12999963760376, 6.419999599456787, 8.960000038146973, 10.289999961853027, 10.929999351501465, 12.84999942779541, 13.75999927520752, 14.579999923706055, 15.359999656677246, 14.089999198913574, 16.729999542236328, 16.420000076293945, 15.929999351501465, 19.439998626708984, 18.149999618530273, 18.43000030517578, 20.15999984741211, 20.279998779296875, 21.60999870300293, 21.85999870300293, 22.1299991607666, 23.01999855041504, 24.439998626708984, 23.6299991607666, 23.079999923706055, 24.349998474121094, 24.389999389648438, 25.76999855041504, 25.279998779296875, 26.6299991607666, 27.69999885559082, 27.719999313354492, 28.479999542236328, 28.35999870300293, 29.049999237060547, 28.599998474121094, 29.19999885559082, 28.059999465942383, 29.67999839782715, 29.509998321533203, 31.219999313354492, 30.03999900817871, 30.439998626708984, 30.75, 31.299999237060547, 30.85999870300293, 32.02000045776367, 32.0099983215332, 31.259998321533203, 31.899999618530273, 32.90999984741211, 33.0, 33.37999725341797, 33.45000076293945, 34.5, 34.2599983215332, 33.709999084472656, 35.209999084472656, 34.87999725341797, 35.099998474121094, 35.619998931884766, 35.84000015258789, 35.62999725341797, 35.61000061035156, 36.0, 36.0099983215332, 36.30999755859375, 36.05999755859375, 36.29999923706055, 36.40999984741211, 36.599998474121094, 36.47999954223633, 36.75, 36.959999084472656, 36.619998931884766, 36.73999786376953, 36.79999923706055, 36.959999084472656, 36.75, 36.88999938964844, 37.12999725341797, 37.12999725341797, 36.80999755859375, 36.81999969482422, 36.7599983215332, 37.04999923706055, 36.80999755859375, 37.11000061035156, 36.88999938964844, 36.93000030517578, 36.91999816894531, 37.099998474121094, 36.96999740600586, 36.81999969482422, 37.0, 37.0099983215332, 37.11000061035156, 37.029998779296875, 37.02000045776367], "wall_time": [3.8642468452453613, 6.2319324016571045, 8.65523624420166, 10.945373296737671, 13.27134084701538, 15.533364057540894, 17.93378472328186, 20.225626230239868, 22.48366141319275, 24.88028836250305, 27.326465606689453, 29.699480533599854, 32.228787422180176, 34.65258479118347, 37.05023455619812, 39.460137605667114, 41.91842174530029, 44.409438371658325, 46.862051486968994, 49.24014592170715, 51.62389922142029, 54.02808737754822, 56.31824970245361, 58.57253170013428, 60.90258741378784, 63.196380615234375, 65.49377799034119, 67.86712145805359, 70.21893525123596, 72.51834177970886, 74.7537899017334, 76.95905590057373, 79.16669750213623, 81.49145174026489, 83.72926735877991, 86.00867104530334, 88.2971339225769, 90.57951092720032, 92.85742568969727, 95.14197206497192, 97.25447726249695, 99.46891403198242, 101.74263381958008, 103.98508644104004, 106.18698740005493, 108.32121849060059, 110.63403105735779, 112.90405774116516, 115.25232434272766, 117.56744694709778, 119.84388613700867, 122.09279489517212, 124.33928227424622, 126.65073800086975, 129.00634384155273, 131.5002191066742, 133.9741325378418, 136.33586955070496, 138.69463896751404, 140.9922070503235, 143.24375939369202, 145.5838451385498, 147.7537579536438, 150.0716474056244, 152.2849600315094, 154.6600775718689, 157.06314396858215, 159.5047013759613, 162.00988698005676, 164.48887372016907, 166.9677882194519, 169.3295795917511, 171.67706084251404, 174.09931564331055, 176.487163066864, 178.89754819869995, 181.2754249572754, 183.67748284339905, 186.09751510620117, 188.33926916122437, 190.57851123809814, 192.7025022506714, 195.07830572128296, 197.48094010353088, 199.71667790412903, 202.05285024642944, 204.2413046360016, 206.5450620651245, 208.7972424030304, 211.0444052219391, 213.2783079147339, 215.4881408214569, 217.74131774902344, 220.0237374305725, 222.20302963256836, 224.41196465492249, 226.66272449493408, 228.81375885009766, 230.8926613330841, 233.16430950164795], "val_loss": [4.419773773193359, 4.21380142364502, 4.143102928161621, 3.9516484790802, 3.8510863903045656, 3.895091159439087, 3.7215092403411867, 3.6289216930389405, 3.6292423946380614, 3.6159399166107176, 3.7026015029907224, 3.515783760070801, 3.5298780410766604, 3.6267896965026853, 3.3728474178314207, 3.493250782394409, 3.476432039642334, 3.3770447727203368, 3.3745070121765135, 3.3055292247772217, 3.321092562866211, 3.337000312423706, 3.256392998123169, 3.178801481628418, 3.276120824432373, 3.353770703125, 3.2790922672271727, 3.3653361030578615, 3.2795824783325194, 3.362971979141235, 3.206887519836426, 3.2118215545654296, 3.2480053760528564, 3.242930814743042, 3.3019997440338136, 3.190689850616455, 3.2557483291625977, 3.2729181369781495, 3.379708549118042, 3.363043090057373, 3.3789368450164794, 3.300168514251709, 3.46768670463562, 3.3770693389892577, 3.4371971504211425, 3.3380067119598387, 3.437652237701416, 3.359652434539795, 3.454397991943359, 3.5449602142333982, 3.5076937545776365, 3.4639195793151853, 3.469496937942505, 3.400850972747803, 3.4477628997802734, 3.367380393600464, 3.4628152870178224, 3.494969108581543, 3.3798039726257323, 3.388982447052002, 3.3292150062561037, 3.3669278007507324, 3.3222596042633055, 3.31493210067749, 3.3022453022003173, 3.2937546047210695, 3.2805149765014647, 3.2958717430114746, 3.2793717834472655, 3.244226801300049, 3.264641785812378, 3.2431603076934814, 3.243520150375366, 3.2365909240722655, 3.2068022312164306, 3.2071038661956788, 3.2153844150543214, 3.1848853092193603, 3.1874618671417236, 3.2029495399475096, 3.1870934913635254, 3.193302735900879, 3.1838994468688964, 3.189472813796997, 3.179930771636963, 3.1844504203796387, 3.1709052467346193, 3.165685150909424, 3.186548352050781, 3.1741925762176515, 3.1678904834747312, 3.1750980987548827, 3.1801999961853027, 3.1760417236328125, 3.1733220611572266, 3.1768381561279297, 3.1631716735839843, 3.1655519611358645, 3.1706159812927246, 3.169799035644531],