{"loss": [], "acc": [], "test_loss": [5.334524108886718, 4.489284697723389, 4.397577443695068, 4.155537908172607, 4.04175592880249, 4.005966354370117, 4.017169974899292, 3.9256164722442626, 3.9259443229675295, 3.921711357498169, 4.127297240447998, 4.224451242828369, 3.9421051872253416, 3.7975246662139894, 3.7471758728027345, 3.8802338150024416, 3.7535506778717043, 3.6708463806152345, 3.5911733196258546, 3.588907795715332, 3.5442277889251708, 3.4224413299560545, 3.652038327407837, 3.3490809520721436, 3.4318668395996093, 3.3091015899658203, 3.3149584312438964, 3.301457341003418, 3.2540846588134764, 3.314126022338867, 3.212241463088989, 3.2164554790496824, 3.2318799774169924, 3.202795318222046, 3.312048936843872, 3.1964932655334475, 3.159601964187622, 3.187145542526245, 3.095901808166504, 3.1275029857635497, 3.074130196380615, 3.1130406562805177, 3.16921587562561, 3.124683084869385, 3.026060325241089, 3.1449396392822266, 3.018736651992798, 3.1146751430511475, 3.077545345687866, 3.0771967266082765, 2.9923898147583006, 3.0600172504425047, 3.0598418296813965, 3.0793442771911623, 3.085776762390137, 3.0427509426116943, 3.0364006496429443, 3.0683244464874266, 3.119733224487305, 3.112285869216919, 3.0428814155578614, 3.081440185546875, 3.213150567245483, 3.123686374282837, 3.1025110954284667, 3.1862145294189452, 3.1469555671691896, 3.195029198074341, 3.2246836029052734, 3.2612111209869385, 3.218158730697632, 3.3109550956726075, 3.2563053382873535, 3.292712993621826, 3.3190974838256837, 3.3467932723999025, 3.3204230598449707, 3.334024173736572, 3.3719024799346924, 3.3693223785400392, 3.384711616516113, 3.399161189651489, 3.417114139556885, 3.408344742202759, 3.3905533294677737, 3.4153596496582033, 3.4182374362945556, 3.410056262588501, 3.4246230739593506, 3.4244503021240233, 3.4264947608947756, 3.4421208740234377, 3.436514511871338, 3.4384338996887207, 3.434783757019043, 3.4427548908233643, 3.449318207550049, 3.4244164958953855, 3.442113200378418, 3.4293987754821775], "test_acc": [1.0699999332427979, 4.190000057220459, 3.809999942779541, 5.339999675750732, 6.589999675750732, 7.589999675750732, 7.96999979019165, 8.84000015258789, 8.319999694824219, 9.510000228881836, 7.9599995613098145, 8.519999504089355, 9.469999313354492, 11.4399995803833, 11.059999465942383, 10.119999885559082, 11.549999237060547, 13.179999351501465, 13.869999885559082, 13.429999351501465, 14.699999809265137, 16.139999389648438, 14.469999313354492, 17.369998931884766, 16.809999465942383, 17.93000030517578, 18.68000030517578, 19.029998779296875, 20.049999237060547, 19.579999923706055, 21.459999084472656, 21.60999870300293, 20.920000076293945, 21.579999923706055, 20.309999465942383, 22.439998626708984, 21.709999084472656, 22.69999885559082, 23.959999084472656, 24.44999885559082, 24.639999389648438, 24.389999389648438, 24.34000015258789, 25.35999870300293, 26.399999618530273, 25.439998626708984, 26.529998779296875, 26.1299991607666, 26.51999855041504, 27.549999237060547, 28.099998474121094, 27.670000076293945, 27.799999237060547, 28.010000228881836, 27.959999084472656, 28.939998626708984, 29.34000015258789, 29.719999313354492, 29.6299991607666, 30.239999771118164, 30.979999542236328, 30.029998779296875, 29.829999923706055, 31.299999237060547, 32.36000061035156, 31.03999900817871, 31.889999389648438, 31.420000076293945, 31.899999618530273, 32.20000076293945, 32.16999816894531, 32.16999816894531, 32.619998931884766, 32.29999923706055, 32.97999954223633, 32.81999969482422, 33.189998626708984, 33.05999755859375, 33.14999771118164, 33.279998779296875, 33.38999938964844, 33.57999801635742, 33.46999740600586, 33.779998779296875, 34.16999816894531, 33.82999801635742, 33.97999954223633, 34.36000061035156, 34.13999938964844, 33.97999954223633, 34.12999725341797, 34.209999084472656, 34.290000915527344, 34.41999816894531, 34.22999954223633, 34.32999801635742, 34.18000030517578, 34.279998779296875, 34.2599983215332, 34.34000015258789], "wall_time": [4.5458691120147705, 7.020730972290039, 9.590604782104492, 12.176687955856323, 14.612314939498901, 17.136594772338867, 19.901235580444336, 22.567777156829834, 25.007083415985107, 27.34661364555359, 29.79949712753296, 32.14203143119812, 34.833221435546875, 37.292869091033936, 40.002376317977905, 42.419901609420776, 45.113099098205566, 47.503188133239746, 49.90764498710632, 52.683149576187134, 55.80204629898071, 58.422176122665405, 60.96798300743103, 63.30273985862732, 65.887202501297, 68.58454370498657, 71.04058647155762, 73.66934967041016, 76.1472909450531, 78.54912209510803, 81.27430772781372, 83.97289061546326, 86.37239980697632, 88.83813548088074, 91.62902092933655, 94.30986976623535, 96.72280859947205, 99.18965888023376, 101.60870575904846, 104.13774156570435, 106.59695529937744, 109.03158164024353, 111.82581663131714, 114.55091309547424, 117.26367402076721, 119.67378616333008, 122.35734295845032, 125.07279324531555, 127.67794275283813, 130.10200715065002, 132.8542923927307, 135.41543674468994, 138.07467460632324, 140.4342384338379, 143.0523509979248, 145.44072079658508, 147.91214275360107, 150.5764021873474, 152.94661569595337, 155.62184238433838, 158.24659848213196, 160.6714062690735, 163.29256105422974, 166.09422278404236, 168.5609152317047, 171.00336503982544, 173.43193697929382, 175.8378472328186, 178.9301619529724, 181.36903071403503, 184.10371136665344, 186.58882188796997, 189.07811331748962, 191.79705667495728, 194.40580987930298, 196.77823114395142, 199.1764361858368, 202.18159556388855, 204.6239790916443, 207.3630349636078, 210.0708441734314, 212.65780806541443, 215.4021396636963, 217.95640754699707, 220.352637052536, 222.7602596282959, 225.28293085098267, 227.90326976776123, 230.43109107017517, 233.11531352996826, 236.21584129333496, 239.10555839538574, 241.9288022518158, 244.7365493774414, 247.3950924873352, 249.84266996383667, 252.2754681110382, 254.64778900146484, 257.0309944152832, 259.41021943092346], "val_loss": [5.341991262817383, 4.467161563110351, 4.388809265136719, 4.138377506256104, 4.0345977027893065, 3.9928616409301756, 4.009668144989013, 3.9188375926971437, 3.9193508918762205, 3.9278888679504393, 4.121938745880127, 4.205110772705078, 3.9365929656982424, 3.766200773239136, 3.7287947998046875, 3.8571782398223875, 3.7362710983276366, 3.6677327739715575, 3.5750847396850585, 3.5695813346862795, 3.5395430187225343, 3.404853151321411, 3.625839205932617, 3.3462567935943603, 3.4143978340148924, 3.3054724113464355, 3.315194203567505, 3.293611322402954, 3.255049977493286, 3.3068370716094972, 3.216678006744385, 3.232745002365112, 3.248696971130371, 3.178681992340088, 3.3064261520385743, 3.1745775665283205, 3.1504701595306397, 3.1664579738616943, 3.076032173919678, 3.1219994693756106, 3.0441413810729983, 3.1100412410736085, 3.1223593269348147, 3.092261799621582, 3.0018045917510987, 3.1181980823516846, 2.977297585296631, 3.0962344692230226, 3.0521761627197264, 3.0533819107055664, 2.9655836559295654, 3.0479871864318846, 3.034602677154541, 3.066043913269043, 3.0577318748474123, 3.0102518524169923, 3.0055191524505616, 3.0365226264953615, 3.091677054977417, 3.093813008117676, 3.023500475692749, 3.0479679634094237, 3.1786351627349854, 3.1183912857055662, 3.1019071655273436, 3.134149889755249, 3.1381152404785158, 3.1607660987854005, 3.213439958190918, 3.2347163887023926, 3.175605419921875, 3.2748782989501954, 3.2257400257110596, 3.2773608390808104, 3.2827611022949217, 3.318226982116699, 3.302725338745117, 3.297924565887451, 3.3443083999633787, 3.3370997913360596, 3.3482182815551758, 3.3540144062042234, 3.3705036296844484, 3.3668158809661866, 3.362159746170044, 3.379288048553467, 3.3880140396118166, 3.3775494720458985, 3.396583004760742, 3.39639616394043, 3.3965633666992185, 3.412733893585205, 3.4036776195526124, 3.4045281871795656, 3.3973227725982666, 3.4080292587280274, 3.415626996231079, 3.3924584308624266, 3.4062247707366944, 3.3957509368896486],