{"loss": [], "acc": [], "test_loss": [4.492797445678711, 4.336541590118408, 4.092538218688965, 4.043009783172607, 3.973202439880371, 3.8529376708984375, 3.818997283554077, 3.7596432079315187, 3.8127771575927736, 3.62341575088501, 3.6402401012420653, 3.6854907276153566, 3.5979447772979736, 3.6459202751159667, 3.508632499694824, 3.387569436645508, 3.4010060920715333, 3.4850395141601562, 3.403577156829834, 3.433120315551758, 3.5099681915283205, 3.365519591522217, 3.3245014072418213, 3.1471257556915284, 3.169994414520264, 3.2615034744262696, 3.2676538299560547, 3.2003926445007322, 3.129157777404785, 3.2990452980041503, 3.241363721847534, 3.1588404441833497, 3.139482365036011, 3.1450913764953614, 3.3188914516448973, 3.153584972000122, 3.113026445770264, 3.176550468444824, 3.010021625518799, 3.1057902214050292, 3.250043472290039, 3.3095305419921877, 3.2438124599456786, 3.142986639022827, 3.2305759521484374, 3.197827332687378, 3.1781628299713134, 3.3157745809555053, 3.338290982055664, 3.4269311473846438, 3.2246356452941893, 3.5182121353149416, 3.3660325199127197, 3.318096057128906, 3.3024639541625977, 3.3874143295288084, 3.319478642654419, 3.4068741592407226, 3.460572858428955, 3.455537813568115, 3.391864065551758, 3.404778657913208, 3.419294844055176, 3.399483975219727, 3.4537335662841797, 3.430132817840576, 3.4424199596405027, 3.4131748821258543, 3.4238651363372803, 3.4170759338378907, 3.429014253997803, 3.4392959033966064, 3.4050544914245604, 3.3921493881225584, 3.4030016593933103, 3.3966643730163573, 3.4170667625427247, 3.3904777919769287, 3.388820420837402, 3.3838124000549317, 3.3834587448120117, 3.3690476287841795, 3.3485138843536375, 3.3667112857818604, 3.3706763092041014, 3.357237203216553, 3.375251735687256, 3.346101745605469, 3.351903886413574, 3.354733671569824, 3.363099906539917, 3.3520126571655275, 3.3660448570251464, 3.3596701553344728, 3.3554841102600097, 3.366988695526123, 3.368750202560425, 3.353159398651123, 3.350018286514282, 3.3557130882263184], "test_acc": [2.3499999046325684, 5.089999675750732, 6.480000019073486, 7.919999599456787, 9.300000190734863, 10.309999465942383, 10.34999942779541, 12.039999961853027, 10.859999656677246, 12.649999618530273, 13.670000076293945, 13.40999984741211, 14.729999542236328, 13.9399995803833, 15.670000076293945, 17.939998626708984, 18.31999969482422, 17.139999389648438, 18.850000381469727, 18.889999389648438, 18.529998779296875, 19.76999855041504, 20.219999313354492, 23.489999771118164, 23.420000076293945, 22.219999313354492, 23.170000076293945, 23.56999969482422, 24.170000076293945, 24.099998474121094, 23.94999885559082, 25.85999870300293, 26.59000015258789, 26.549999237060547, 24.43000030517578, 27.34000015258789, 27.25, 27.799999237060547, 29.759998321533203, 29.209999084472656, 27.969999313354492, 28.389999389648438, 29.079999923706055, 29.259998321533203, 29.059999465942383, 29.56999969482422, 31.1299991607666, 29.469999313354492, 29.329999923706055, 29.53999900817871, 31.389999389648438, 29.049999237060547, 30.729999542236328, 31.799999237060547, 32.279998779296875, 32.47999954223633, 33.09000015258789, 32.119998931884766, 32.34000015258789, 33.349998474121094, 33.39999771118164, 33.290000915527344, 34.07999801635742, 34.91999816894531, 34.02000045776367, 33.98999786376953, 34.80999755859375, 35.05999755859375, 34.959999084472656, 35.599998474121094, 35.119998931884766, 35.349998474121094, 35.75, 35.98999786376953, 35.46999740600586, 35.80999755859375, 35.81999969482422, 36.02000045776367, 36.05999755859375, 35.80999755859375, 36.099998474121094, 36.12999725341797, 36.06999969482422, 36.37999725341797, 36.349998474121094, 36.529998779296875, 36.27000045776367, 36.529998779296875, 36.45000076293945, 36.70000076293945, 36.62999725341797, 36.64999771118164, 36.56999969482422, 36.52000045776367, 36.64999771118164, 36.64999771118164, 36.56999969482422, 36.56999969482422, 36.540000915527344, 36.56999969482422], "wall_time": [3.166245460510254, 5.3457605838775635, 7.4725658893585205, 9.584204912185669, 12.335275173187256, 15.01195502281189, 17.244521856307983, 19.54084873199463, 21.77934455871582, 23.99416494369507, 26.467828512191772, 29.016584157943726, 31.24185585975647, 33.46913552284241, 35.66329503059387, 37.964701890945435, 40.227516174316406, 42.428110122680664, 44.58651399612427, 46.74168920516968, 48.9500515460968, 51.49821972846985, 54.045408725738525, 56.490785360336304, 58.68665146827698, 60.76662349700928, 63.289305686950684, 65.47762417793274, 67.86319422721863, 70.06533741950989, 72.27458095550537, 74.52548503875732, 76.76581168174744, 79.28573298454285, 81.80602860450745, 84.38619709014893, 86.60485887527466, 88.8282105922699, 91.0358452796936, 93.23727035522461, 95.72256565093994, 97.83656096458435, 100.17744541168213, 102.76027250289917, 105.01800107955933, 107.4168632030487, 109.48499369621277, 111.64573431015015, 113.88902592658997, 116.4405722618103, 118.95903372764587, 121.39346861839294, 123.9260241985321, 126.41718125343323, 128.69316053390503, 130.97476983070374, 133.18473887443542, 135.43401217460632, 137.9711275100708, 140.5693485736847, 142.71626496315002, 145.0881872177124, 147.7120714187622, 149.85701274871826, 152.11092257499695, 154.5581955909729, 157.10169672966003, 159.47545289993286, 161.7047266960144, 163.85875630378723, 166.38154220581055, 168.8585181236267, 171.33933353424072, 173.8331160545349, 176.0481662750244, 178.48425006866455, 180.76443886756897, 183.46894359588623, 186.09320664405823, 188.2596971988678, 190.88624334335327, 193.0935389995575, 195.52423787117004, 198.10943794250488, 200.37581253051758, 202.56002378463745, 204.77042412757874, 207.14433312416077, 209.40853834152222, 212.09765124320984, 214.36449599266052, 217.09569191932678, 219.32555842399597, 222.17228984832764, 225.0965337753296, 227.56319499015808, 230.11158299446106, 232.64488339424133, 234.89908170700073, 237.084046125412], "val_loss": [4.492422244262695, 4.344904767608643, 4.083631100463867, 4.031142460632324, 3.972076586151123, 3.841807554244995, 3.808583756637573, 3.7319463760375977, 3.7773495475769043, 3.617800786590576, 3.618847049331665, 3.6675447151184084, 3.6114936141967773, 3.628838206481934, 3.4973712955474854, 3.3866969860076903, 3.394884073257446, 3.4889057777404786, 3.391667558670044, 3.41458468208313, 3.48795980758667, 3.3463650230407715, 3.3363479591369627, 3.1378707038879394, 3.175306340408325, 3.239321220397949, 3.2780326782226563, 3.2213685745239258, 3.132426655960083, 3.3013103157043457, 3.2339995487213136, 3.1390647552490236, 3.1518725078582763, 3.1125281047821045, 3.3120009925842284, 3.184506035232544, 3.0989955726623535, 3.1672027961730955, 3.0153023811340334, 3.114164324569702, 3.2717734802246095, 3.2928540367126464, 3.26486795501709, 3.1574419399261475, 3.2042210193634033, 3.212217730331421, 3.204741065979004, 3.296332944488525, 3.356463468551636, 3.416797031021118, 3.254648334121704, 3.5281208026885986, 3.3553096565246583, 3.3256608615875245, 3.287036725997925, 3.3494680084228516, 3.3252783740997316, 3.4072565048217776, 3.4604256092071535, 3.4628050651550293, 3.409089008331299, 3.405741674041748, 3.4657446235656737, 3.4297068824768067, 3.4653911224365235, 3.4433385498046873, 3.4574067695617674, 3.4306666198730467, 3.4301674629211427, 3.441811752319336, 3.4415946228027345, 3.4392502029418943, 3.4087000946044923, 3.391910669326782, 3.3987560413360596, 3.395895138168335, 3.417384357070923, 3.402928493499756, 3.3934137031555176, 3.383477035140991, 3.374520696258545, 3.3647813919067384, 3.3585971504211427, 3.370315911102295, 3.376767802429199, 3.372620411682129, 3.383721195983887, 3.3561171203613283, 3.359608670425415, 3.361799116516113, 3.3725095237731932, 3.3626401794433596, 3.3778426368713377, 3.37108228263855, 3.370221226119995, 3.3758667377471925, 3.378694333267212, 3.363429634857178, 3.3628088665008544, 3.369219623184204],