{"loss": [], "acc": [], "test_loss": [8.355733815002441, 4.414421083068848, 4.1921099647521975, 4.099312919998169, 3.993713982772827, 3.9406710193634034, 3.8769403945922853, 3.9093775398254396, 3.9323684410095217, 3.9882876068115234, 3.7909649517059325, 3.7948719993591307, 3.543044593811035, 3.714537716674805, 3.5298034168243406, 3.5336978061676025, 3.388958966064453, 3.450891677856445, 3.3638937770843507, 3.244721143722534, 3.222079828643799, 3.216524873352051, 3.2261862468719484, 3.1041222358703613, 3.1730320831298826, 3.1061829071044924, 3.139406113052368, 3.0754011444091796, 3.085946396255493, 2.9696256214141847, 3.138822091674805, 3.012082378387451, 3.027192517852783, 2.9126250457763674, 2.9105416175842285, 2.982108917617798, 2.87154001121521, 2.977899821853638, 2.911242631149292, 2.7977186405181884, 2.9437239330291747, 2.808459350967407, 2.782881890487671, 2.8475576580047606, 2.7808136444091796, 2.9373504905700685, 2.771383576965332, 2.724111011505127, 2.829727180480957, 2.771635398864746, 2.792573174285889, 2.7140738861083986, 2.7956954933166505, 2.719428921890259, 2.7582848609924318, 2.756818870162964, 2.719712912750244, 2.7602161968231202, 2.769163224029541, 2.714261379623413, 2.8449559177398682, 2.717337646484375, 2.785390237426758, 2.7106559242248536, 2.8009367012023927, 2.763949472427368, 2.7240365478515627, 2.7029337966918945, 2.761949211883545, 2.775025127410889, 2.718323220062256, 2.752070680999756, 2.7903654594421385, 2.7575914058685305, 2.733726319503784, 2.770560259628296, 2.7767477142333985, 2.7655812154769897, 2.7346494136810304, 2.7486821460723876, 2.75692580947876, 2.757715174102783, 2.7466142276763916, 2.7412567169189455, 2.7466253269195557, 2.7261774158477783, 2.730018341064453, 2.7522747257232667, 2.761446856689453, 2.7520897521972656, 2.7494386878967285, 2.746919278717041, 2.757934825897217, 2.737876961135864, 2.7555893882751463, 2.7487116191864014, 2.743306111907959, 2.7379671936035157, 2.7536338871002197, 2.750994828414917], "test_acc": [1.1999999284744263, 5.449999809265137, 6.259999752044678, 7.21999979019165, 8.510000228881836, 9.859999656677246, 10.139999389648438, 9.199999809265137, 9.069999694824219, 9.920000076293945, 10.630000114440918, 11.269999504089355, 14.719999313354492, 12.460000038146973, 15.049999237060547, 15.589999198913574, 17.010000228881836, 16.85999870300293, 17.619998931884766, 20.0, 20.529998779296875, 21.079999923706055, 21.309999465942383, 23.40999984741211, 21.68000030517578, 23.149999618530273, 22.78999900817871, 23.689998626708984, 24.209999084472656, 25.559999465942383, 23.69999885559082, 25.549999237060547, 26.099998474121094, 27.809999465942383, 28.119998931884766, 26.849998474121094, 29.15999984741211, 27.56999969482422, 28.90999984741211, 30.329999923706055, 29.209999084472656, 30.969999313354492, 31.35999870300293, 31.25, 31.739999771118164, 30.26999855041504, 33.040000915527344, 33.63999938964844, 32.77000045776367, 33.439998626708984, 33.65999984741211, 34.689998626708984, 34.36000061035156, 34.66999816894531, 34.849998474121094, 36.02000045776367, 35.98999786376953, 36.29999923706055, 35.73999786376953, 36.7599983215332, 36.099998474121094, 37.05999755859375, 37.209999084472656, 38.029998779296875, 36.939998626708984, 37.86000061035156, 38.38999938964844, 38.57999801635742, 38.52000045776367, 38.73999786376953, 39.12999725341797, 38.96999740600586, 38.689998626708984, 38.709999084472656, 39.70000076293945, 38.90999984741211, 39.31999969482422, 39.25, 39.439998626708984, 39.66999816894531, 39.73999786376953, 39.55999755859375, 39.96999740600586, 40.0, 40.189998626708984, 40.34000015258789, 39.96999740600586, 39.75, 40.06999969482422, 39.90999984741211, 39.7599983215332, 39.81999969482422, 40.0099983215332, 40.099998474121094, 39.939998626708984, 39.79999923706055, 40.119998931884766, 39.78999710083008, 39.86000061035156, 39.81999969482422], "wall_time": [3.890721321105957, 6.3600122928619385, 8.777327537536621, 11.23246169090271, 13.488807916641235, 15.818806171417236, 18.063804388046265, 20.614737510681152, 22.909497499465942, 25.129557609558105, 27.35036563873291, 29.791863441467285, 32.007875204086304, 34.12301182746887, 36.46822714805603, 38.69726896286011, 40.94791650772095, 43.14793014526367, 45.472350120544434, 47.643534421920776, 49.85570240020752, 52.031902551651, 54.316213607788086, 56.685324907302856, 58.9818913936615, 61.1846182346344, 63.39116549491882, 65.58444952964783, 67.82165098190308, 70.07055830955505, 72.68348932266235, 74.89607453346252, 77.30574822425842, 79.72965025901794, 82.17868423461914, 84.41470861434937, 86.65304398536682, 88.83910799026489, 90.95305347442627, 93.1747534275055, 95.56486701965332, 97.77818322181702, 100.01745057106018, 102.1403374671936, 104.5439305305481, 107.01230072975159, 109.24723076820374, 111.45300936698914, 113.61952495574951, 116.05422854423523, 118.20829319953918, 120.66225361824036, 122.92689299583435, 125.2748692035675, 127.45501184463501, 129.78067135810852, 132.1993863582611, 134.58898520469666, 136.80726742744446, 139.01859498023987, 141.46486592292786, 143.68965101242065, 146.09330868721008, 148.50635623931885, 150.93751168251038, 153.12711763381958, 155.48531079292297, 157.72613334655762, 159.90647268295288, 162.337872505188, 164.70074939727783, 167.01400780677795, 169.24471187591553, 171.6535246372223, 174.17635321617126, 176.55979180335999, 178.99739623069763, 181.3998522758484, 183.77380084991455, 186.02045512199402, 188.20446681976318, 190.38102507591248, 192.56609296798706, 194.93560576438904, 197.28810667991638, 199.52147245407104, 201.79283547401428, 204.04133868217468, 206.45739340782166, 208.63726162910461, 211.04433226585388, 213.47926831245422, 215.97998094558716, 218.19649577140808, 220.41051483154297, 222.5966215133667, 224.80247855186462, 227.00313353538513, 229.18133807182312, 231.59778928756714], "val_loss": [8.365769108581542, 4.399642557525635, 4.147916198730469, 4.077267068481445, 3.973820327758789, 3.931157093811035, 3.873702914047241, 3.9120159130096437, 3.9078403533935546, 3.950371340942383, 3.779582278060913, 3.799810134887695, 3.527336273956299, 3.7140277252197267, 3.513683228302002, 3.533109838104248, 3.404504916381836, 3.434839921569824, 3.3420473369598387, 3.245799794387817, 3.2131346820831297, 3.2168875328063966, 3.231590623474121, 3.0929859943389895, 3.1741209583282473, 3.115424266052246, 3.1130348682403564, 3.0649463790893554, 3.0718530628204346, 2.9499523990631102, 3.114209090423584, 3.009757509613037, 3.001279356765747, 2.887160208129883, 2.8829182800292967, 2.9569347564697264, 2.8865485176086425, 2.954200884246826, 2.9011038913726805, 2.7656294036865234, 2.93935372467041, 2.7912016719818116, 2.7790204727172854, 2.8224865058898927, 2.770433282852173, 2.923340972518921, 2.7731288524627686, 2.7204283088684083, 2.8061505767822266, 2.754704837799072, 2.775144849014282, 2.700461307525635, 2.7628264553070068, 2.7008799423217775, 2.7609937824249267, 2.772718587112427, 2.724075705718994, 2.76717520942688, 2.758554592895508, 2.6992615856170654, 2.818582722854614, 2.7167103908538817, 2.7695279693603516, 2.7244794219970703, 2.8074772144317626, 2.7753550514221192, 2.746171161651611, 2.711434632873535, 2.7727328155517577, 2.7618443153381347, 2.7280763820648195, 2.7506684631347658, 2.7976918224334715, 2.760108316421509, 2.7470382518768313, 2.7748393646240235, 2.782614042663574, 2.776812191772461, 2.7559316055297853, 2.759856544113159, 2.771205210876465, 2.7798315311431883, 2.7668084800720214, 2.7583909797668458, 2.7673844066619875, 2.745012554168701, 2.753619795227051, 2.760751109313965, 2.767703234100342, 2.7667923278808595, 2.766934383392334, 2.7575495021820067, 2.766989771652222, 2.7504402477264405, 2.764614356994629, 2.76311296081543, 2.759491056060791, 2.7514025051116944, 2.765383709716797, 2.764442561340332],