{"loss": [], "acc": [], "test_loss": [4.682088714599609, 4.226648201751709, 4.12023256034851, 4.03438017654419, 4.010944241714477, 3.924870483779907, 3.8454995716094973, 3.8337285999298096, 3.73025431098938, 3.75469274597168, 3.707577000427246, 3.6740331935882566, 3.7075965141296385, 3.579015548324585, 3.621551318359375, 3.4750610511779785, 3.556385761642456, 3.5063039943695067, 3.4770476058959963, 3.5075981315612794, 3.5296925659179688, 3.5336484992980957, 3.5588172088623047, 3.42991231918335, 3.486045338821411, 3.509077604675293, 3.5612950355529787, 3.510063645553589, 3.4536238399505614, 3.483129138183594, 3.6045760860443115, 3.5800686275482176, 3.436892961883545, 3.5330922584533693, 3.6998535842895506, 3.698975616455078, 3.661189143371582, 3.6320107402801516, 3.7098184032440185, 3.7433371017456056, 3.72300143737793, 3.8337233032226563, 3.9278842987060547, 3.885046440887451, 3.8250379707336424, 3.9140291343688967, 3.7988862632751466, 3.8842830101013184, 4.021338203811646, 4.046073950958252, 4.03924513092041, 4.016934796905518, 4.0209660144805905, 4.21008084449768, 4.096775576019287, 4.226107442855835, 4.072617260742187, 4.110518480682373, 4.150495832061767, 4.221141641998291, 4.236688715362549, 4.119561804580688, 4.203026873016357, 4.170869438552857, 4.156447039794922, 4.150711257171631, 4.1308012924194335, 4.1547546993255615, 4.0921024826049806, 4.066653815460205, 4.101657476043701, 4.074241879272461, 4.055778011322022, 4.034208345031738, 4.0166362876892086, 4.00991788520813, 4.010791722106934, 3.996434342956543, 3.9915800197601317, 3.9878113620758056, 3.996338215637207, 3.993833540344238, 3.9876152431488037, 3.9910648860931395, 3.99089815826416, 3.9802813522338867, 3.970760467147827, 3.9600528160095214, 3.9687211868286134, 3.9600249603271482, 3.9609395206451414, 3.9626134197235108, 3.9785052894592283, 3.9633847217559817, 3.9509091026306153, 3.961594635772705, 3.963219933319092, 3.9582830493927004, 3.9595515411376954, 3.9700688613891604], "test_acc": [1.0899999141693115, 5.480000019073486, 6.799999713897705, 7.339999675750732, 8.399999618530273, 9.199999809265137, 10.34000015258789, 10.989999771118164, 12.09999942779541, 12.559999465942383, 13.539999961853027, 15.399999618530273, 14.639999389648438, 15.469999313354492, 15.799999237060547, 17.850000381469727, 17.520000457763672, 17.25, 18.43000030517578, 18.19999885559082, 18.8799991607666, 19.209999084472656, 17.809999465942383, 20.559999465942383, 20.369998931884766, 20.10999870300293, 20.439998626708984, 20.979999542236328, 21.100000381469727, 22.529998779296875, 21.049999237060547, 22.170000076293945, 23.639999389648438, 22.920000076293945, 21.90999984741211, 22.049999237060547, 22.40999984741211, 23.869998931884766, 23.35999870300293, 23.979999542236328, 23.76999855041504, 23.599998474121094, 23.60999870300293, 23.149999618530273, 24.369998931884766, 24.849998474121094, 26.139999389648438, 25.709999084472656, 24.84000015258789, 25.219999313354492, 25.309999465942383, 25.78999900817871, 26.389999389648438, 26.239999771118164, 26.760000228881836, 26.579999923706055, 26.979999542236328, 27.799999237060547, 27.010000228881836, 27.779998779296875, 27.31999969482422, 28.099998474121094, 27.529998779296875, 28.5, 29.0, 28.799999237060547, 28.739999771118164, 29.17999839782715, 29.729999542236328, 29.85999870300293, 29.69999885559082, 29.549999237060547, 29.969999313354492, 30.149999618530273, 30.420000076293945, 30.42999839782715, 30.219999313354492, 30.59000015258789, 30.60999870300293, 30.25, 30.529998779296875, 30.40999984741211, 30.279998779296875, 30.579999923706055, 30.559999465942383, 30.78999900817871, 30.670000076293945, 30.84000015258789, 30.739999771118164, 30.939998626708984, 30.60999870300293, 30.599998474121094, 30.619998931884766, 30.849998474121094, 30.899999618530273, 30.579999923706055, 30.670000076293945, 30.65999984741211, 31.029998779296875, 30.959999084472656], "wall_time": [3.278559923171997, 5.5434489250183105, 7.8180091381073, 10.046711444854736, 12.313181161880493, 14.922549724578857, 17.22766423225403, 19.452655792236328, 21.757234573364258, 24.288978576660156, 26.567309856414795, 29.000953197479248, 31.420379161834717, 33.602434396743774, 35.75110077857971, 38.25813817977905, 40.3762481212616, 42.56442379951477, 45.09088730812073, 47.25091338157654, 49.68576145172119, 52.227848052978516, 54.62640905380249, 56.78353142738342, 59.30688166618347, 61.450854778289795, 63.65304255485535, 66.13481831550598, 68.59922313690186, 71.18471264839172, 73.43805742263794, 75.65079545974731, 78.01493549346924, 80.29451274871826, 82.64528846740723, 84.99309134483337, 87.50082540512085, 90.08758282661438, 92.710702419281, 95.07560181617737, 97.12188863754272, 99.55010795593262, 101.75331234931946, 104.24106884002686, 106.52004170417786, 109.02622961997986, 111.17833304405212, 113.70302653312683, 115.82140612602234, 118.32513332366943, 120.61049056053162, 123.08537697792053, 125.58295750617981, 127.74702858924866, 129.95360779762268, 132.27110505104065, 134.79541635513306, 136.80364108085632, 138.7549877166748, 140.768541097641, 143.02375841140747, 145.18093752861023, 147.22397708892822, 149.431321144104, 151.91645622253418, 154.0594072341919, 156.38601064682007, 158.64067935943604, 160.85552430152893, 162.95413398742676, 165.48385620117188, 167.6257107257843, 169.86030411720276, 172.05344581604004, 174.6405472755432, 176.87690234184265, 179.4587037563324, 181.62525343894958, 184.09611892700195, 186.77689743041992, 188.97531652450562, 191.11507415771484, 193.31209588050842, 195.53037858009338, 198.09096908569336, 200.262145280838, 202.6107017993927, 205.13553929328918, 207.32003951072693, 209.46313667297363, 211.96347665786743, 214.52033758163452, 216.70799565315247, 218.89801168441772, 221.0672426223755, 223.2584412097931, 225.49463486671448, 227.70224261283875, 230.19485211372375, 232.7394347190857], "val_loss": [4.681376296234131, 4.2268829315185545, 4.112888455200196, 4.011040921783447, 3.9978298683166504, 3.9099345153808596, 3.841477732849121, 3.795064610671997, 3.7090426807403563, 3.7617277893066405, 3.6877267429351805, 3.6538631465911866, 3.7070105583190918, 3.562185278701782, 3.611708722305298, 3.45656463432312, 3.5495697204589844, 3.505877007675171, 3.4742151180267333, 3.4857397357940676, 3.5120697944641113, 3.518741130447388, 3.568245133972168, 3.438047787475586, 3.4723061820983885, 3.4793690578460694, 3.5455671379089355, 3.5086347217559815, 3.458701505279541, 3.4504573822021483, 3.6148660621643067, 3.575356859588623, 3.460619793701172, 3.5436462539672853, 3.7004166069030764, 3.7059964237213134, 3.680449137878418, 3.591490198516846, 3.7171866569519043, 3.7229984855651854, 3.7009989822387697, 3.7985553604125974, 3.942461347198486, 3.8762461738586427, 3.775000815200806, 3.891857366943359, 3.764209433364868, 3.8197532325744628, 3.9687508438110353, 3.9818211265563965, 4.006829187011719, 3.9675573280334473, 3.911736698913574, 4.126787260437012, 3.9930313514709472, 4.171592253112793, 4.026105599975586, 4.043075616455078, 4.075518150329589, 4.130392179870605, 4.145653723144531, 4.059722760772705, 4.106162355041504, 4.078727104187012, 4.064736902618408, 4.068663618469238, 4.034238226318359, 4.05455319442749, 3.99421022644043, 3.967449552154541, 3.982596189880371, 3.962148903656006, 3.9432808082580566, 3.9220595863342287, 3.9108594421386718, 3.9043670318603514, 3.9018446311950683, 3.8903044883728026, 3.8864871742248535, 3.883155060577393, 3.8879504119873047, 3.8809308639526368, 3.875729100036621, 3.8803168533325194, 3.8810297637939453, 3.8723169723510744, 3.8624094581604003, 3.849200862121582, 3.861437147521973, 3.854910057067871, 3.853833065032959, 3.8541512504577637, 3.8723062965393065, 3.855171878051758, 3.847814617919922, 3.85281986618042, 3.8581067924499513, 3.8523445449829103, 3.8576264144897463, 3.862296105194092],