{"loss": [], "acc": [], "test_loss": [5.432063842010498, 4.519547748565674, 4.466409516143798, 4.215378099441528, 4.105533902740478, 4.133159873580933, 4.020770669555664, 3.9501683025360106, 3.999989149093628, 3.867119850540161, 3.9399644535064695, 3.831108295059204, 3.8135143741607664, 3.7820591342926027, 3.7530980693817138, 3.7281498233795167, 3.6749710346221924, 3.626142516708374, 3.6237830432891847, 3.6220664806365965, 3.732991916656494, 3.5424826934814453, 3.528213803100586, 3.5097679695129393, 3.536491500091553, 3.4292850093841554, 3.4260233001708986, 3.269411757659912, 3.4038471164703368, 3.3338678325653075, 3.275007349777222, 3.266632804107666, 3.1837095752716063, 3.3355801559448244, 3.171951127624512, 3.165026013183594, 3.2048233737945555, 3.136561667251587, 3.231237091064453, 3.2509151233673097, 3.2057744075775148, 3.2011371006011964, 3.1069269035339357, 3.086441231918335, 3.180008310317993, 3.1405562019348143, 3.0542658779144287, 3.125598030090332, 3.095923007583618, 3.0077521057128904, 2.968347403717041, 3.057983003234863, 3.018976682662964, 3.0112865646362303, 3.0218786502838135, 3.075046996688843, 3.0505548652648926, 2.9639625358581543, 2.942900846862793, 3.0096977806091307, 3.0111441719055176, 2.9811148582458498, 3.0154695594787597, 3.058804653930664, 3.0142836208343504, 2.994267027282715, 3.0274506046295167, 3.0286863327026365, 3.071674777984619, 3.0581063583374024, 3.0840227657318113, 3.01275918006897, 3.0889935676574707, 3.081086466598511, 3.0903946907043456, 3.090605284118652, 3.087592490005493, 3.1388257846832275, 3.1020186851501466, 3.1203486320495606, 3.1354389236450197, 3.1140370964050295, 3.1151907787322997, 3.1488538398742674, 3.1557548011779786, 3.1563112880706785, 3.151551170349121, 3.1355387454986574, 3.1343602123260497, 3.1586027671813963, 3.144465927886963, 3.148823905944824, 3.1350562129974366, 3.15507982711792, 3.1485704914093016, 3.153445769882202, 3.1559487655639646, 3.147971371078491, 3.151122959899902, 3.1550947856903075], "test_acc": [0.8399999737739563, 3.359999895095825, 3.740000009536743, 5.799999713897705, 6.940000057220459, 5.259999752044678, 6.87999963760376, 8.179999351501465, 7.87999963760376, 9.75, 8.220000267028809, 9.670000076293945, 9.979999542236328, 10.75, 11.119999885559082, 12.239999771118164, 12.579999923706055, 13.319999694824219, 13.50999927520752, 13.429999351501465, 12.299999237060547, 15.549999237060547, 15.639999389648438, 16.03999900817871, 15.519999504089355, 17.709999084472656, 16.8799991607666, 20.3799991607666, 18.579999923706055, 19.619998931884766, 20.229999542236328, 21.19999885559082, 22.35999870300293, 20.010000228881836, 23.010000228881836, 23.849998474121094, 22.76999855041504, 23.40999984741211, 22.649999618530273, 22.84000015258789, 22.989999771118164, 23.18000030517578, 25.209999084472656, 26.309999465942383, 25.19999885559082, 25.299999237060547, 26.8799991607666, 25.809999465942383, 27.029998779296875, 27.75, 28.639999389648438, 27.309999465942383, 29.01999855041504, 29.03999900817871, 28.90999984741211, 29.0, 28.809999465942383, 30.94999885559082, 30.579999923706055, 29.989999771118164, 30.35999870300293, 31.1299991607666, 30.75, 30.489999771118164, 31.579999923706055, 31.469999313354492, 32.18000030517578, 32.029998779296875, 31.559999465942383, 32.40999984741211, 32.07999801635742, 32.959999084472656, 32.86000061035156, 33.209999084472656, 33.349998474121094, 33.209999084472656, 33.48999786376953, 33.0, 33.37999725341797, 33.73999786376953, 34.0099983215332, 34.290000915527344, 34.13999938964844, 33.71999740600586, 33.40999984741211, 33.73999786376953, 33.81999969482422, 33.97999954223633, 34.06999969482422, 34.02000045776367, 34.04999923706055, 33.81999969482422, 34.2599983215332, 33.97999954223633, 33.959999084472656, 33.790000915527344, 34.09000015258789, 34.04999923706055, 34.18000030517578, 34.14999771118164], "wall_time": [4.589784383773804, 7.832108736038208, 11.147956132888794, 14.602160692214966, 18.260787963867188, 21.989802598953247, 25.45781135559082, 28.85933208465576, 32.58502149581909, 36.38790965080261, 40.08693194389343, 43.63209676742554, 47.099549293518066, 50.9469633102417, 54.829569816589355, 58.76639699935913, 62.179519176483154, 65.68928909301758, 69.45612359046936, 73.19863200187683, 77.04691076278687, 80.80307078361511, 85.02123212814331, 89.69184637069702, 94.52899718284607, 98.45045495033264, 101.7540373802185, 105.12177753448486, 108.42646074295044, 111.64224219322205, 115.1549596786499, 118.60438656806946, 122.07519960403442, 125.40431046485901, 128.74874544143677, 131.9869828224182, 135.26514673233032, 138.84579610824585, 142.41268277168274, 146.31958150863647, 149.90205788612366, 153.4320306777954, 156.92839121818542, 160.48195672035217, 164.16399025917053, 167.97185730934143, 171.59395265579224, 175.144428730011, 178.84573554992676, 182.4917528629303, 186.0827488899231, 189.66638803482056, 192.9756944179535, 196.34075236320496, 200.00371599197388, 203.27808666229248, 206.59204983711243, 210.02181243896484, 213.45335292816162, 216.85815954208374, 220.18286204338074, 223.8474156856537, 227.66282486915588, 231.59049725532532, 235.54424333572388, 239.4051296710968, 243.24586391448975, 246.96219110488892, 250.79016780853271, 254.28632020950317, 257.79755115509033, 261.24039816856384, 264.8105502128601, 268.4024565219879, 272.0624289512634, 275.6913981437683, 279.6390082836151, 283.2087516784668, 286.74754762649536, 290.6003665924072, 294.50797271728516, 298.3891603946686, 302.0996596813202, 305.71673369407654, 309.34941029548645, 313.0743873119354, 316.589626789093, 320.1072552204132, 323.7821271419525, 327.5073490142822, 331.45519280433655, 335.34593629837036, 339.2621262073517, 342.47373127937317, 345.4966068267822, 348.4998924732208, 351.72297739982605, 355.28777980804443, 358.89235734939575, 362.22749423980713], "val_loss": [5.4542105155944824, 4.512247077941894, 4.447084236145019, 4.211491748046875, 4.09869252281189, 4.128292906188965, 4.014197541809082, 3.93618101272583, 4.0007066116333005, 3.8419315505981446, 3.9203850154876707, 3.817592218399048, 3.806551259613037, 3.7626527462005614, 3.7542907970428465, 3.704269659805298, 3.6625922039031984, 3.6218154273986816, 3.627944518661499, 3.6371551567077636, 3.717630383682251, 3.5529095054626465, 3.526164661026001, 3.509765874481201, 3.5373140453338623, 3.435262229156494, 3.4101429359436035, 3.252237382888794, 3.403669020843506, 3.3444259433746337, 3.2764453674316405, 3.255852010345459, 3.1747212623596193, 3.3196096950531007, 3.1668409538269042, 3.164872039794922, 3.207578246307373, 3.111448872375488, 3.2088117729187013, 3.234592276763916, 3.1827519550323484, 3.183471223449707, 3.105401922225952, 3.068424769973755, 3.1669146739959717, 3.121538330078125, 3.0286171714782717, 3.088638648223877, 3.078606326675415, 3.006287421417236, 2.9628771644592287, 3.058725473022461, 3.0218325660705565, 2.9978918884277346, 3.0052172397613526, 3.048224970245361, 3.033738200378418, 2.9647834289550783, 2.9218609088897707, 2.994062684249878, 3.0057724815368654, 2.9952340476989745, 3.026468965911865, 3.0736402095794677, 3.026761166381836, 3.0052586654663087, 3.0438962406158447, 3.0328561534881593, 3.0911456169128417, 3.0896877349853518, 3.0805341690063477, 3.040698438644409, 3.0913586040496828, 3.0665368774414064, 3.118679306793213, 3.121280627822876, 3.1061141128540037, 3.1576221157073974, 3.1159010288238527, 3.1301544273376467, 3.156765872192383, 3.1381310302734375, 3.1353603610992433, 3.1705142848968504, 3.174376735305786, 3.1852339424133302, 3.166940474319458, 3.1524098514556886, 3.151240104675293, 3.175897158050537, 3.163294682312012, 3.1676151142120363, 3.155278921890259, 3.169285454940796, 3.166824287033081, 3.1726477642059328, 3.172099196624756, 3.163648645782471, 3.1669705337524414, 3.1731889236450197],