{"loss": [], "acc": [], "test_loss": [4.630141133880615, 4.262851148605347, 4.20488155632019, 4.106536779403687, 4.158337722015381, 3.974724667739868, 3.9757902828216554, 4.042997185516358, 3.997847271728516, 3.8925308433532715, 3.7588772590637207, 3.726941039276123, 3.7190586654663087, 3.7626089431762697, 3.572854967880249, 3.618064437866211, 3.8275091003417967, 3.647164004135132, 3.6814240810394288, 3.5610974460601805, 3.5517066680908203, 3.5957606037139893, 3.657907141876221, 3.3776891860961915, 3.4783139003753663, 3.5512601493835447, 3.594003715133667, 3.417708920288086, 3.5259027462005617, 3.3939955459594726, 3.388816400146484, 3.377736026382446, 3.52004016456604, 3.369780375289917, 3.4245678867340086, 3.6187407386779786, 3.4208576526641847, 3.462659217071533, 3.3894525459289553, 3.272968124771118, 3.311518365097046, 3.5590146060943604, 3.420113296890259, 3.3584569385528567, 3.4640579261779787, 3.4712396636962892, 3.4509537811279296, 3.4754100803375243, 3.544973163986206, 3.427225108718872, 3.678991301727295, 3.5681685775756837, 3.5205204719543457, 3.5307833183288575, 3.565890125274658, 3.5203993549346926, 3.7133821754455565, 3.588369281005859, 3.723394204711914, 3.65649146232605, 3.8423388912200926, 3.6584268798828123, 3.7391532207489013, 3.7838415534973144, 3.8392496746063234, 3.8804768070220947, 3.885761219406128, 3.916678854751587, 3.9392221618652346, 3.9743418674468995, 4.011976025390625, 3.9652986110687256, 3.97928590927124, 4.022601852416992, 4.086210050201416, 4.035787648391723, 4.117085597991943, 4.077244979476928, 4.1117908420562745, 4.100450290679932, 4.099178946685791, 4.091441167449951, 4.089958068084717, 4.128547109985352, 4.110642139816284, 4.135497272109985, 4.125915232086181, 4.131900504302979, 4.121944382095337, 4.14497744102478, 4.144788151550293, 4.141154077911377, 4.131429286193848, 4.135727284240723, 4.131923875427246, 4.125581212997437, 4.133639766693115, 4.1399972595214845, 4.12114621963501, 4.139562628936767], "test_acc": [0.8799999952316284, 4.069999694824219, 5.190000057220459, 5.980000019073486, 5.659999847412109, 8.429999351501465, 7.329999923706055, 7.439999580383301, 8.800000190734863, 10.1899995803833, 11.059999465942383, 12.369999885559082, 12.25999927520752, 11.789999961853027, 14.34999942779541, 14.119999885559082, 13.179999351501465, 13.9399995803833, 13.719999313354492, 15.869999885559082, 16.510000228881836, 15.789999961853027, 15.339999198913574, 18.549999237060547, 17.619998931884766, 17.059999465942383, 17.1299991607666, 19.1299991607666, 17.799999237060547, 19.889999389648438, 20.510000228881836, 20.40999984741211, 19.60999870300293, 21.549999237060547, 21.149999618530273, 19.639999389648438, 21.09000015258789, 21.059999465942383, 21.889999389648438, 24.049999237060547, 23.510000228881836, 22.06999969482422, 23.0, 23.19999885559082, 22.65999984741211, 22.51999855041504, 23.349998474121094, 22.68000030517578, 23.119998931884766, 23.65999984741211, 21.760000228881836, 23.849998474121094, 23.939998626708984, 25.94999885559082, 25.059999465942383, 25.729999542236328, 24.689998626708984, 25.81999969482422, 25.439998626708984, 25.34000015258789, 24.329999923706055, 26.549999237060547, 26.56999969482422, 26.1299991607666, 25.670000076293945, 25.709999084472656, 26.34000015258789, 26.53999900817871, 27.029998779296875, 26.489999771118164, 27.299999237060547, 27.469999313354492, 27.6299991607666, 27.299999237060547, 27.67999839782715, 27.92999839782715, 28.079999923706055, 28.010000228881836, 28.549999237060547, 28.469999313354492, 28.849998474121094, 28.90999984741211, 28.479999542236328, 28.759998321533203, 28.75, 28.959999084472656, 28.85999870300293, 29.19999885559082, 28.979999542236328, 29.049999237060547, 29.229999542236328, 29.049999237060547, 29.059999465942383, 29.329999923706055, 29.329999923706055, 29.19999885559082, 29.35999870300293, 29.309999465942383, 29.349998474121094, 29.35999870300293], "wall_time": [3.920970916748047, 6.493677139282227, 9.265527486801147, 12.302287101745605, 15.139414548873901, 18.03540825843811, 20.776347637176514, 23.580371141433716, 26.00441551208496, 28.639337301254272, 31.367342472076416, 33.920024394989014, 36.67732381820679, 39.451632261276245, 42.05575656890869, 44.79513692855835, 47.492223262786865, 50.10857152938843, 52.792909383773804, 55.56003260612488, 58.17322874069214, 60.84523940086365, 63.63516187667847, 66.88784217834473, 69.66899228096008, 72.53892064094543, 75.4199538230896, 78.29192447662354, 80.78919863700867, 83.31034827232361, 85.6017587184906, 88.43085193634033, 90.98788738250732, 93.76272392272949, 96.51225447654724, 99.0718994140625, 101.7711763381958, 104.55920839309692, 107.30435609817505, 109.98610353469849, 112.89651799201965, 115.78546214103699, 118.67378854751587, 121.44909477233887, 124.08836793899536, 126.79246950149536, 129.39562511444092, 131.9776635169983, 134.6558301448822, 137.5014979839325, 140.3433210849762, 143.14257764816284, 145.9620063304901, 148.56899118423462, 151.11845898628235, 153.90717434883118, 156.57689237594604, 159.11529755592346, 161.9226520061493, 164.57238721847534, 167.19503378868103, 170.08675932884216, 172.85699915885925, 175.65552020072937, 178.5025725364685, 181.11539840698242, 183.7530767917633, 186.16536116600037, 188.65601515769958, 191.28534841537476, 194.13939833641052, 196.64148449897766, 199.4260127544403, 202.24015736579895, 205.13754391670227, 207.67384552955627, 210.28645992279053, 213.10010075569153, 216.18626594543457, 218.74629426002502, 221.39544010162354, 224.22659015655518, 226.98216319084167, 229.46962761878967, 232.23501873016357, 235.16014790534973, 238.00709104537964, 240.75845789909363, 243.44001722335815, 246.0715935230255, 248.86956810951233, 251.6167390346527, 254.15431761741638, 256.7407910823822, 259.32650446891785, 261.9535930156708, 264.678564786911, 267.467321395874, 270.0338041782379, 272.7903907299042], "val_loss": [4.627917227172851, 4.241201093292236, 4.210457654571533, 4.102583435821534, 4.144699291992188, 3.9809355674743654, 3.9711588592529297, 4.026856294250488, 3.990444733810425, 3.88891457901001, 3.754831205749512, 3.7184446449279784, 3.7273731990814207, 3.7650162841796875, 3.5740005645751953, 3.6264032001495363, 3.820082074737549, 3.662872177505493, 3.6623508197784425, 3.5476606315612793, 3.560921756744385, 3.5859405517578127, 3.6479701278686525, 3.3671400485992433, 3.4598104850769045, 3.535371945953369, 3.574369757461548, 3.4168325229644774, 3.533987783432007, 3.386752843475342, 3.404274353027344, 3.4092468215942384, 3.495856182479858, 3.330106251144409, 3.4359272663116456, 3.592660144805908, 3.3973956665039062, 3.456564054107666, 3.366983477783203, 3.257134913635254, 3.3168252281188964, 3.522232168960571, 3.411009362792969, 3.3344300117492676, 3.4445582878112795, 3.4341349143981934, 3.4245668632507322, 3.4683484375, 3.4960787124633788, 3.398984289932251, 3.6578583721160887, 3.553853185272217, 3.5268816513061525, 3.512210368728638, 3.5243504707336424, 3.5151309604644774, 3.700607102203369, 3.5796724895477294, 3.66980869140625, 3.6267720359802245, 3.7583539352416993, 3.65575662689209, 3.686421392059326, 3.732087878417969, 3.7613780563354493, 3.8509470344543457, 3.8232919063568116, 3.8948282680511475, 3.8682941520690917, 3.9191915519714358, 3.942066399383545, 3.930993090057373, 3.946100279998779, 3.969816453552246, 4.039241237640381, 3.9866574211120605, 4.066301972961425, 4.001072379302978, 4.027131599426269, 4.034160844421387, 4.029727290344239, 4.035783224487305, 4.043474532318116, 4.068172679901123, 4.060480993652344, 4.077221396636963, 4.074084066009521, 4.082677998352051, 4.070144004821778, 4.087966677856445, 4.084818574523926, 4.076911051177978, 4.07776017074585, 4.0785621017456055, 4.078995588684082, 4.076105278015136, 4.083586856842041, 4.09093645401001, 4.0696429321289065, 4.086544528198242],