{"loss": [], "acc": [], "test_loss": [8.312282173156738, 4.420295107269287, 4.495072846984863, 4.299092874145508, 4.117386245727539, 4.110240895462036, 4.031916636657715, 3.9660318557739256, 3.812755557632446, 3.928702198791504, 3.759138555908203, 3.7005566791534426, 3.5847331085205076, 3.8099358192443846, 3.639365845108032, 3.5765947814941406, 3.5062460819244383, 3.6159540382385256, 3.4583017276763917, 3.3859500370025635, 3.3765716678619384, 3.3872160537719727, 3.252361374282837, 3.16227413520813, 3.240766702270508, 3.1678837753295896, 3.1872719261169435, 3.0989732818603515, 3.3189820877075196, 3.0420661529541015, 3.2311949188232423, 3.1049350074768065, 3.0734292087554933, 2.9678364566802977, 2.8709581516265867, 2.9722839588165284, 2.791292168045044, 3.005132165145874, 2.8695868579864503, 2.8028831970214845, 2.8160858837127685, 2.8862316326141357, 2.7946941776275636, 2.831550291061401, 2.75217156791687, 2.809626442337036, 2.7785865234375, 2.6539894882202146, 2.7170227178573607, 2.7845075439453124, 2.9314926734924316, 2.6152262844085694, 2.689124242591858, 2.6456200458526613, 2.614349164199829, 2.555313317871094, 2.5873403324127198, 2.6457602088928223, 2.640637929534912, 2.560145947265625, 2.582108529281616, 2.560490744781494, 2.564331355667114, 2.550374098968506, 2.6387991024017334, 2.5925620437622072, 2.621281771659851, 2.541019186592102, 2.5645707635879518, 2.570865357398987, 2.5349901195526123, 2.5383243421554567, 2.575337110900879, 2.557166668891907, 2.555539029121399, 2.553474412536621, 2.572349719619751, 2.5379728202819822, 2.514512157821655, 2.5434218544006346, 2.537217995071411, 2.5584933246612547, 2.5224646621704103, 2.5366807826995847, 2.533487937545776, 2.5212241897583008, 2.5090262809753416, 2.532593280982971, 2.535052625274658, 2.527545336151123, 2.5297194858551024, 2.528425440788269, 2.5281223167419435, 2.5197992795944213, 2.5329725650787354, 2.5318554763793943, 2.523287412261963, 2.5220147911071775, 2.5286020807266234, 2.5290521911621093], "test_acc": [1.1799999475479126, 4.559999942779541, 3.9799997806549072, 6.159999847412109, 7.309999942779541, 7.079999923706055, 7.71999979019165, 8.210000038146973, 10.429999351501465, 9.15999984741211, 10.269999504089355, 12.34999942779541, 13.329999923706055, 12.34999942779541, 13.670000076293945, 15.549999237060547, 15.75, 15.6899995803833, 16.799999237060547, 17.709999084472656, 17.309999465942383, 19.44999885559082, 20.229999542236328, 22.559999465942383, 21.059999465942383, 22.510000228881836, 23.06999969482422, 23.959999084472656, 21.689998626708984, 25.06999969482422, 23.260000228881836, 25.099998474121094, 25.920000076293945, 27.329999923706055, 29.559999465942383, 26.959999084472656, 29.829999923706055, 27.229999542236328, 29.599998474121094, 30.670000076293945, 30.209999084472656, 29.40999984741211, 31.65999984741211, 31.119998931884766, 31.759998321533203, 31.81999969482422, 31.75, 34.11000061035156, 33.66999816894531, 32.75, 31.259998321533203, 35.11000061035156, 34.71999740600586, 35.81999969482422, 35.97999954223633, 37.65999984741211, 37.04999923706055, 36.25, 37.52000045776367, 37.32999801635742, 38.43000030517578, 38.12999725341797, 38.39999771118164, 38.52000045776367, 38.25, 38.95000076293945, 38.30999755859375, 39.43000030517578, 39.13999938964844, 39.63999938964844, 39.71999740600586, 40.39999771118164, 39.73999786376953, 39.86000061035156, 40.15999984741211, 40.56999969482422, 39.90999984741211, 40.61000061035156, 41.32999801635742, 41.30999755859375, 41.0099983215332, 41.0099983215332, 40.97999954223633, 41.31999969482422, 41.369998931884766, 41.40999984741211, 40.959999084472656, 41.11000061035156, 41.14999771118164, 41.279998779296875, 41.12999725341797, 41.62999725341797, 41.31999969482422, 41.39999771118164, 41.15999984741211, 41.31999969482422, 41.45000076293945, 41.459999084472656, 41.39999771118164, 41.2599983215332], "wall_time": [4.171226501464844, 6.4426069259643555, 8.687509298324585, 10.944761991500854, 13.349091291427612, 15.939428806304932, 18.410980224609375, 20.61006188392639, 22.82869052886963, 25.052144289016724, 27.417464017868042, 29.638802528381348, 31.830788135528564, 34.16624712944031, 36.517303228378296, 38.800132036209106, 41.11724901199341, 43.28233599662781, 45.69554281234741, 48.05049133300781, 50.442636251449585, 52.749393701553345, 54.942012786865234, 57.39145064353943, 59.57031798362732, 61.95566487312317, 64.11867308616638, 66.33456563949585, 68.53599882125854, 70.74520206451416, 73.11280488967896, 75.33290147781372, 77.7498562335968, 79.9398946762085, 82.10178136825562, 84.28992629051208, 86.50712513923645, 88.72290754318237, 90.98902726173401, 93.1318747997284, 95.29238510131836, 97.50645709037781, 99.66545486450195, 102.04897999763489, 104.30810832977295, 106.50967764854431, 108.73957371711731, 111.07631921768188, 113.4301016330719, 115.64019918441772, 118.03206396102905, 120.25892066955566, 122.50083541870117, 124.72308993339539, 127.0816342830658, 129.27869319915771, 131.7362585067749, 134.13129329681396, 136.34940814971924, 138.78380799293518, 141.15815591812134, 143.38440704345703, 145.848641872406, 148.04491424560547, 150.45119547843933, 152.87562704086304, 155.06000089645386, 157.21279311180115, 159.42661333084106, 161.75118803977966, 163.9184398651123, 166.36050844192505, 168.54348611831665, 170.7339894771576, 172.97442960739136, 175.25079154968262, 177.42716193199158, 179.82604551315308, 181.97399854660034, 184.4068570137024, 186.7720422744751, 189.14497780799866, 191.534330368042, 193.9230031967163, 196.02708196640015, 198.38069081306458, 200.79964208602905, 202.98004603385925, 205.25539088249207, 207.63419795036316, 209.90586686134338, 212.3085949420929, 214.54727816581726, 216.95414900779724, 219.26760387420654, 221.42959117889404, 223.62654900550842, 226.03080344200134, 228.11984491348267, 230.3328127861023], "val_loss": [8.319656184387208, 4.423792044067383, 4.460013088226319, 4.296979573059082, 4.120421603393555, 4.11473125, 4.038126644134522, 3.9503959964752196, 3.809171830749512, 3.905188179779053, 3.7553285377502443, 3.695020407485962, 3.5865598846435547, 3.7873879806518556, 3.6080648509979247, 3.5453903289794924, 3.494674016571045, 3.5705180755615236, 3.4459930492401125, 3.3640488719940187, 3.326123187255859, 3.354849439239502, 3.241669032287598, 3.1585955810546875, 3.2255358890533445, 3.1407858764648435, 3.1526574314117433, 3.085150127029419, 3.296084745788574, 3.008237082672119, 3.190249201965332, 3.0857740215301512, 3.044045217895508, 2.964631463623047, 2.8497740844726565, 2.9541726905822756, 2.8061166816711425, 2.975617376708984, 2.8448263473510744, 2.7941772407531738, 2.8051592350006103, 2.8646752571105956, 2.7839678493499758, 2.8202860523223876, 2.719169337081909, 2.792262939071655, 2.768318027114868, 2.6376409523010254, 2.723763653182983, 2.7847614223480224, 2.950841581726074, 2.6198755374908447, 2.6720376121520997, 2.6542722511291506, 2.618381621170044, 2.579977153778076, 2.6131495307922363, 2.6664288375854492, 2.636339775085449, 2.567868925857544, 2.588133243560791, 2.5642800262451173, 2.5713156944274904, 2.5865325527191163, 2.62357218132019, 2.614200113296509, 2.6342366096496583, 2.5591381622314455, 2.57646774559021, 2.5694831005096437, 2.54237287902832, 2.556728385925293, 2.5763483695983886, 2.578366070175171, 2.5534052532196045, 2.5656054683685303, 2.5812570381164552, 2.5622319869995116, 2.542391534423828, 2.5654756462097166, 2.548672370147705, 2.5680066978454588, 2.546397655105591, 2.5548963668823244, 2.5530111827850344, 2.5450064971923827, 2.5428523231506346, 2.5584729602813723, 2.5535929985046386, 2.560824739456177, 2.553817077636719, 2.5500545139312742, 2.550261296844482, 2.5423239738464356, 2.5565614616394043, 2.5530518409729006, 2.5448056297302246, 2.544320863342285, 2.5493593162536623, 2.5513585887908934],