{"loss": [], "acc": [], "test_loss": [13.697951417541503, 4.6053174728393556, 4.4148911872863765, 4.502376864624024, 4.1670899642944335, 4.074636323165894, 4.083622156143188, 4.009552017974854, 3.948797569274902, 3.9532728218078614, 3.8088629779815673, 3.992240074157715, 3.8559417461395262, 3.7065618812561034, 3.7121261768341065, 3.6148911148071288, 3.519702735900879, 3.564119603347778, 3.5790595542907715, 3.489185709762573, 3.401369613647461, 3.3798285667419434, 3.361542374420166, 3.410376332092285, 3.257046618270874, 3.2562468383789063, 3.237917794036865, 3.1973719398498535, 3.1540894660949705, 3.0406873363494875, 3.178773567199707, 3.1813318046569825, 3.1425558616638183, 3.0619102191925047, 3.104301456451416, 3.0078970222473145, 3.0239403636932374, 2.957148681640625, 3.0125398208618166, 2.906684099006653, 2.8915731967926024, 2.9095589458465576, 2.8580280281066894, 2.986355687713623, 2.820917030334473, 2.787518206787109, 2.7951180076599123, 2.8281890968322756, 2.79586685295105, 2.7611792106628417, 2.762619969177246, 2.7220659725189207, 2.7120761669158937, 2.663098269271851, 2.6395186822891237, 2.7253286540985107, 2.6856137855529787, 2.6890017837524414, 2.6728746170043944, 2.65702922744751, 2.6397056753158568, 2.6253172029495238, 2.6655552167892456, 2.607453834915161, 2.555702381896973, 2.5933146209716798, 2.5933977382659914, 2.5638004804611207, 2.5316070053100588, 2.5323349754333497, 2.550337992286682, 2.5482167699813845, 2.5474326206207274, 2.5069869026184084, 2.511322589111328, 2.5157742172241213, 2.5087497707366944, 2.4976144905090334, 2.500309832954407, 2.496879609298706, 2.5095540302276613, 2.5040540142059324, 2.4872164165496824, 2.494057615661621, 2.478047647857666, 2.4860610822677613, 2.4871992208480833, 2.476428754043579, 2.4878833621978758, 2.4834761211395264, 2.483775008010864, 2.4838707208633424, 2.480998499298096, 2.488174507522583, 2.4777579998016357, 2.476660294342041, 2.4841571392059327, 2.474447617149353, 2.484821827316284, 2.475196561431885], "test_acc": [1.0399999618530273, 5.009999752044678, 5.230000019073486, 3.819999933242798, 5.389999866485596, 6.649999618530273, 6.079999923706055, 7.339999675750732, 7.939999580383301, 8.300000190734863, 10.59000015258789, 8.429999351501465, 10.809999465942383, 11.699999809265137, 12.809999465942383, 12.789999961853027, 15.109999656677246, 15.309999465942383, 14.119999885559082, 15.75, 16.670000076293945, 17.639999389648438, 17.020000457763672, 17.43000030517578, 19.270000457763672, 20.56999969482422, 20.829999923706055, 20.899999618530273, 21.649999618530273, 23.579999923706055, 21.969999313354492, 21.84000015258789, 22.799999237060547, 24.26999855041504, 23.65999984741211, 25.3799991607666, 25.40999984741211, 25.579999923706055, 25.079999923706055, 27.479999542236328, 27.829999923706055, 27.51999855041504, 28.709999084472656, 27.649999618530273, 29.209999084472656, 30.369998931884766, 30.03999900817871, 29.869998931884766, 30.469999313354492, 30.969999313354492, 31.209999084472656, 31.599998474121094, 32.27000045776367, 32.89999771118164, 33.619998931884766, 32.02000045776367, 33.68000030517578, 33.89999771118164, 34.40999984741211, 35.0099983215332, 34.84000015258789, 35.20000076293945, 34.369998931884766, 35.88999938964844, 36.119998931884766, 36.2599983215332, 36.13999938964844, 37.36000061035156, 37.04999923706055, 37.529998779296875, 37.46999740600586, 37.959999084472656, 38.12999725341797, 38.86000061035156, 38.62999725341797, 38.5099983215332, 38.72999954223633, 39.209999084472656, 39.119998931884766, 39.38999938964844, 39.38999938964844, 39.28999710083008, 39.15999984741211, 39.709999084472656, 39.709999084472656, 39.91999816894531, 40.06999969482422, 40.13999938964844, 40.09000015258789, 40.29999923706055, 40.16999816894531, 40.18000030517578, 40.22999954223633, 40.32999801635742, 40.31999969482422, 40.349998474121094, 40.459999084472656, 40.39999771118164, 40.41999816894531, 40.36000061035156], "wall_time": [5.492384195327759, 8.975291728973389, 12.69763708114624, 16.34001088142395, 20.038302898406982, 23.837399005889893, 27.534658670425415, 31.485790252685547, 35.09927797317505, 38.86975383758545, 42.54859948158264, 46.18841242790222, 49.908615827560425, 53.72335863113403, 57.81162118911743, 61.46433687210083, 65.47770738601685, 69.10197067260742, 72.95392918586731, 76.69990587234497, 80.72139286994934, 84.4326708316803, 88.10824823379517, 91.716637134552, 95.39695119857788, 99.2226288318634, 103.09524154663086, 107.07408308982849, 110.66786122322083, 114.56034803390503, 118.3208236694336, 121.95722913742065, 125.77214694023132, 129.46942806243896, 133.10041785240173, 136.93713402748108, 140.94156646728516, 144.67138600349426, 148.79353308677673, 152.55520367622375, 156.3701515197754, 160.73196148872375, 165.06365609169006, 169.4029507637024, 173.74570441246033, 177.6997106075287, 182.2399139404297, 186.78105306625366, 190.83987975120544, 194.95375561714172, 199.2419946193695, 204.46120643615723, 208.37597465515137, 212.83061146736145, 217.24483251571655, 221.72214531898499, 227.2318172454834, 233.33065104484558, 237.7302544116974, 242.0772635936737, 246.4675133228302, 251.5166347026825, 257.1614832878113, 262.80166244506836, 266.98736786842346, 271.20623421669006, 276.70752716064453, 282.2692995071411, 287.80559635162354, 292.52731704711914, 297.2104651927948, 301.9189610481262, 306.6261103153229, 311.3118715286255, 315.97783398628235, 321.8600044250488, 328.11095237731934, 333.2396047115326, 338.3812506198883, 342.83270478248596, 347.45993089675903, 352.198135137558, 358.62633991241455, 365.0393953323364, 369.10662174224854, 373.9718759059906, 380.0598711967468, 384.39336585998535, 388.80773282051086, 393.21571040153503, 399.1375391483307, 405.014395236969, 409.3103804588318, 413.609267950058, 418.33196568489075, 424.07686710357666, 429.75335216522217, 434.5672709941864, 439.3893723487854, 444.2378349304199], "val_loss": [13.757399063110352, 4.6150739372253415, 4.408120211791992, 4.508525524139404, 4.148735249328613, 4.057790177536011, 4.087060541534424, 3.9923720027923584, 3.945274690246582, 3.9539767486572264, 3.8102617065429687, 4.0129314453125, 3.84163900642395, 3.6870876502990724, 3.7020357563018798, 3.5917437911987307, 3.525349895477295, 3.5509337982177733, 3.5750248832702636, 3.482551424789429, 3.398923161315918, 3.3848408214569092, 3.3821329196929932, 3.384622770309448, 3.24539299697876, 3.237998025512695, 3.2277646030426026, 3.201883665084839, 3.1501729217529295, 3.0368662021636963, 3.152517008972168, 3.1440666847229, 3.1359935070037843, 3.060965148162842, 3.0669318756103516, 3.018589091873169, 3.003091868209839, 2.963623749923706, 3.0052856037139892, 2.8821531158447264, 2.8799847106933596, 2.8971513397216797, 2.8514888679504393, 2.970266907119751, 2.8099537113189696, 2.786613296127319, 2.7867344287872315, 2.802613158416748, 2.7931122650146483, 2.768841205596924, 2.7594683345794677, 2.721933903503418, 2.69794767036438, 2.6500122802734376, 2.6444407947540283, 2.710282932281494, 2.6930306007385254, 2.6840155044555662, 2.672710043334961, 2.634274290466309, 2.626549934768677, 2.6308470455169677, 2.6469227127075197, 2.604099877166748, 2.5462258647918703, 2.6045025867462157, 2.5868070083618164, 2.557310088348389, 2.522486616897583, 2.5283935371398925, 2.561199667739868, 2.5511149169921876, 2.5367938270568846, 2.49933595161438, 2.5253917011260985, 2.5153239952087403, 2.522722955703735, 2.506609579086304, 2.5020701610565186, 2.4926985569000246, 2.5090268157958984, 2.5004703411102294, 2.4834405128479005, 2.4835304389953614, 2.4797694999694824, 2.4813867111206056, 2.490496000289917, 2.480890007781982, 2.4857065521240234, 2.4853581562042235, 2.4879162258148195, 2.487902883911133, 2.4851131469726564, 2.4896397373199464, 2.4807393684387207, 2.482151208114624, 2.4853047828674315, 2.4787747806549074, 2.4872140239715574, 2.479949201965332],