{"loss": [], "acc": [], "test_loss": [5.9131069702148435, 4.369585550689697, 4.144279124069214, 3.9573822284698488, 3.8950239807128906, 3.9006129302978514, 3.8788127014160154, 3.887589575958252, 3.7654844581604006, 3.7281469276428223, 3.745648355484009, 3.6331595741271974, 3.5354082679748533, 3.4060372272491457, 3.4119753803253174, 3.4531730140686037, 3.272526940917969, 3.1339888568878176, 3.2536625308990477, 3.1714078086853026, 3.173805130767822, 3.1438222244262697, 3.0548163814544678, 3.114719411468506, 2.9898484161376953, 2.9396177696228025, 2.9554844917297363, 2.921835040283203, 2.855519664001465, 2.8325922828674317, 2.7949329944610595, 2.710151189804077, 2.911341892623901, 2.746946644592285, 2.715048231124878, 2.7183312061309812, 2.6361186878204346, 2.8774051235198974, 2.697712880706787, 2.7412647899627687, 2.6981917850494384, 2.654514538764954, 2.6191987798690795, 2.5843243074417113, 2.6218679277420045, 2.5373520961761473, 2.5260177347183226, 2.607137822723389, 2.5051273416519164, 2.5067936435699463, 2.545909910202026, 2.541488000869751, 2.491117798614502, 2.4955050491333006, 2.4683692691802976, 2.49638788394928, 2.4714474254608154, 2.4928905700683592, 2.48718253326416, 2.5479744174957277, 2.4953605436325073, 2.4959904928207397, 2.5112479633331297, 2.505749007034302, 2.5463468021392823, 2.5238510345458987, 2.4690145473480225, 2.5154755828857422, 2.5030056915283203, 2.5122622688293457, 2.517260345840454, 2.495104165458679, 2.5094180046081545, 2.489427059173584, 2.4839558177948, 2.483776951980591, 2.5029267375946045, 2.486927904510498, 2.5128806327819824, 2.479376623916626, 2.474684991455078, 2.472856386947632, 2.49075165977478, 2.4930123836517333, 2.4821276874542235, 2.4879990377426147, 2.5016625804901125, 2.483155697631836, 2.480833182144165, 2.4702459739685056, 2.4763422300338744, 2.4700174629211427, 2.46220716342926, 2.4700826040267945, 2.478003673171997, 2.471800022888184, 2.4707133014678955, 2.4736899620056154, 2.4810284954071045, 2.4743092559814452], "test_acc": [1.559999942779541, 5.789999961853027, 7.710000038146973, 9.149999618530273, 9.719999313354492, 9.779999732971191, 10.09000015258789, 9.1899995803833, 10.880000114440918, 11.329999923706055, 11.380000114440918, 13.279999732971191, 14.839999198913574, 16.770000457763672, 16.770000457763672, 16.8799991607666, 18.869998931884766, 21.01999855041504, 20.389999389648438, 21.029998779296875, 22.389999389648438, 22.559999465942383, 23.43000030517578, 23.78999900817871, 25.279998779296875, 26.35999870300293, 26.8799991607666, 27.619998931884766, 28.1299991607666, 29.439998626708984, 29.939998626708984, 30.939998626708984, 28.779998779296875, 30.509998321533203, 32.09000015258789, 31.8799991607666, 33.84000015258789, 30.51999855041504, 33.43000030517578, 33.07999801635742, 33.22999954223633, 34.38999938964844, 35.279998779296875, 36.23999786376953, 35.90999984741211, 36.79999923706055, 37.11000061035156, 37.12999725341797, 38.73999786376953, 38.31999969482422, 38.2599983215332, 38.869998931884766, 38.959999084472656, 39.32999801635742, 40.73999786376953, 40.06999969482422, 40.77000045776367, 41.0, 41.12999725341797, 40.119998931884766, 41.209999084472656, 41.72999954223633, 41.23999786376953, 41.47999954223633, 41.47999954223633, 42.15999984741211, 42.48999786376953, 42.16999816894531, 42.45000076293945, 42.05999755859375, 42.86000061035156, 43.02000045776367, 43.369998931884766, 43.40999984741211, 43.2599983215332, 43.54999923706055, 43.72999954223633, 43.55999755859375, 42.97999954223633, 43.459999084472656, 44.02000045776367, 43.89999771118164, 43.96999740600586, 44.03999710083008, 43.96999740600586, 43.98999786376953, 43.939998626708984, 43.91999816894531, 44.0099983215332, 44.06999969482422, 44.20000076293945, 44.369998931884766, 44.25, 44.2599983215332, 44.13999938964844, 44.21999740600586, 44.28999710083008, 44.0, 44.15999984741211, 44.0099983215332], "wall_time": [4.579447269439697, 7.1432952880859375, 9.759617805480957, 12.378556966781616, 14.99222993850708, 17.67851161956787, 20.284597158432007, 22.910703897476196, 25.518621921539307, 28.16956114768982, 30.80565357208252, 33.427915811538696, 35.92331051826477, 38.518062591552734, 41.14125394821167, 43.76141834259033, 46.349305391311646, 49.07442355155945, 51.67672419548035, 54.32044696807861, 56.903685331344604, 59.49872899055481, 62.11301898956299, 64.73891401290894, 67.34884333610535, 69.9095983505249, 72.49054336547852, 75.09482836723328, 77.76387619972229, 80.36226963996887, 82.97374057769775, 85.62428259849548, 88.2224440574646, 90.85545110702515, 93.46490979194641, 96.12185025215149, 98.69740128517151, 101.36099243164062, 104.08799743652344, 106.7304756641388, 109.29571509361267, 111.92211651802063, 114.56576037406921, 117.23567008972168, 119.8432629108429, 122.43077325820923, 125.0256998538971, 127.60806345939636, 130.17839932441711, 132.7018759250641, 135.2727973461151, 137.9124629497528, 140.5447416305542, 143.19957637786865, 145.79683208465576, 148.38360810279846, 150.9626202583313, 153.56704235076904, 156.24026083946228, 158.82834672927856, 161.49734473228455, 164.10451555252075, 166.76841378211975, 169.38154244422913, 171.96244478225708, 174.59228682518005, 177.20530581474304, 179.79300832748413, 182.42961645126343, 185.0365273952484, 187.72027254104614, 190.34440922737122, 192.95796990394592, 195.63412284851074, 198.3004069328308, 200.93315291404724, 203.58506226539612, 206.1847746372223, 208.88087272644043, 211.44055914878845, 214.01093196868896, 216.5789270401001, 219.2571427822113, 221.8943338394165, 224.50823092460632, 227.0369029045105, 229.66221499443054, 232.2237949371338, 234.9677562713623, 237.54801225662231, 240.17375016212463, 242.78757643699646, 245.39887118339539, 248.02392554283142, 250.66996884346008, 253.34303975105286, 255.86936902999878, 258.45715618133545, 261.04314255714417, 263.640469789505], "val_loss": [5.9159093200683595, 4.364360025024414, 4.138934607696533, 3.94921000289917, 3.912372250747681, 3.9048694538116453, 3.870125576019287, 3.8898102127075194, 3.7706853591918947, 3.7188943161010743, 3.7323759105682375, 3.633393786621094, 3.527084856033325, 3.384630145263672, 3.397631657409668, 3.439223874282837, 3.2455767864227294, 3.111647103881836, 3.2483720489501953, 3.179317764663696, 3.158400168609619, 3.1397347721099855, 3.0550984382629394, 3.099771717834473, 2.982695376586914, 2.9279220779418944, 2.9647041191101073, 2.9120503124237063, 2.860881415939331, 2.8323528511047362, 2.7933768058776853, 2.7195120903015138, 2.8915455562591554, 2.733023255157471, 2.7281878566741944, 2.701347507095337, 2.636083255767822, 2.8611239833831785, 2.684132846450806, 2.7152667289733885, 2.687062509918213, 2.648035902786255, 2.6468335521697997, 2.6214619548797606, 2.636934909820557, 2.5570314697265624, 2.5510954067230225, 2.6330339893341064, 2.534348798751831, 2.5430911003112793, 2.5788700763702392, 2.5834369007110594, 2.5358431190490722, 2.5283899517059325, 2.531448829650879, 2.516845555114746, 2.5017568496704103, 2.5173576332092287, 2.4986930324554444, 2.5816435050964355, 2.5459029556274415, 2.547417353820801, 2.5409182056427, 2.5373795989990233, 2.5764549434661865, 2.571070143127441, 2.5113553352355957, 2.564913809967041, 2.54862250289917, 2.5513625637054442, 2.542324433898926, 2.532377402496338, 2.5502229537963865, 2.5291374336242676, 2.525748912811279, 2.5347664123535156, 2.5601467418670656, 2.522945864868164, 2.5486804885864256, 2.538580723571777, 2.5238890968322756, 2.531188416671753, 2.53302628364563, 2.53549048500061, 2.530838817977905, 2.5300037567138673, 2.538703263092041, 2.5241914268493653, 2.529138774108887, 2.51432481880188, 2.5171070430755615, 2.514710915374756, 2.5043877204895018, 2.513401882171631, 2.516230669784546, 2.513608308792114, 2.513133346557617, 2.5136294509887693, 2.522494846343994, 2.5165160202026366],