{"loss": [], "acc": [], "test_loss": [8.160283056640624, 4.560022759246826, 4.51915094833374, 4.471340561676025, 4.3488035457611085, 4.364522074890137, 4.246742059707642, 4.16224250831604, 4.255963439178466, 4.223407722091674, 4.196539492416382, 4.183791001892089, 4.210682757568359, 4.1099628147125244, 4.14466439743042, 4.0480848415374755, 3.9553839588165283, 3.9954635025024414, 3.9778773849487306, 3.87124835395813, 3.851454065704346, 3.985465174865723, 3.849809510803223, 3.864397071456909, 3.9122761672973634, 3.758569713592529, 3.86954520111084, 3.724582145690918, 3.7342683853149414, 3.713615988922119, 3.731306539916992, 3.680016767501831, 3.6793504886627195, 3.6501107856750488, 3.640718130874634, 3.697952145385742, 3.5593022323608396, 3.457213165283203, 3.4678445037841796, 3.4915422199249266, 3.4579694725036623, 3.484615177154541, 3.406533330154419, 3.3808605052948, 3.361083280944824, 3.2861804138183595, 3.2827594245910645, 3.279997897720337, 3.205927158355713, 3.239846964645386, 3.222463730621338, 3.2624901985168457, 3.232027767562866, 3.1446298698425292, 3.1085491710662843, 3.123899966430664, 3.0994020931243895, 3.1215541229248047, 3.0590370994567873, 3.0654825565338135, 3.0645499835968018, 3.0933682987213134, 3.001586958694458, 3.0058186210632325, 3.0522304122924804, 3.0057929473876954, 2.982094323348999, 2.9787583396911623, 2.9547741054534913, 2.948649705505371, 2.9780627506256105, 2.9435050888061522, 2.9748994342803954, 2.932311979675293, 2.9228049430847167, 2.906641661834717, 2.9205631519317627, 2.901178125190735, 2.8981113483428955, 2.902436852645874, 2.8881754245758056, 2.895530103302002, 2.8964354238510133, 2.868338980102539, 2.8890852058410643, 2.876724690246582, 2.880689494514465, 2.8760564277648926, 2.879376739501953, 2.8789807235717775, 2.8716122673034667, 2.8663510116577147, 2.868032236099243, 2.87067392578125, 2.860519940185547, 2.861845862579346, 2.867902340698242, 2.8603807739257814, 2.860027935600281, 2.8680173494338987], "test_acc": [0.8399999737739563, 3.0999999046325684, 2.2100000381469727, 2.5299999713897705, 3.5199999809265137, 3.43999981880188, 4.609999656677246, 5.62999963760376, 4.319999694824219, 5.21999979019165, 5.759999752044678, 5.339999675750732, 6.019999980926514, 5.549999713897705, 6.859999656677246, 6.829999923706055, 7.649999618530273, 7.199999809265137, 7.329999923706055, 8.220000267028809, 9.569999694824219, 7.460000038146973, 9.649999618530273, 9.789999961853027, 9.09999942779541, 10.539999961853027, 9.010000228881836, 10.479999542236328, 11.09000015258789, 11.960000038146973, 10.920000076293945, 11.920000076293945, 12.729999542236328, 12.65999984741211, 13.719999313354492, 12.25999927520752, 13.339999198913574, 15.719999313354492, 15.379999160766602, 15.139999389648438, 15.25999927520752, 16.09000015258789, 16.869998931884766, 17.1299991607666, 17.559999465942383, 18.899999618530273, 18.90999984741211, 18.889999389648438, 20.760000228881836, 21.049999237060547, 19.850000381469727, 21.139999389648438, 20.920000076293945, 22.600000381469727, 22.649999618530273, 23.099998474121094, 23.1299991607666, 23.719999313354492, 24.28999900817871, 23.849998474121094, 24.639999389648438, 24.03999900817871, 25.170000076293945, 25.719999313354492, 25.09000015258789, 25.709999084472656, 25.939998626708984, 26.229999542236328, 26.75, 26.719999313354492, 26.649999618530273, 27.099998474121094, 26.489999771118164, 27.599998474121094, 27.729999542236328, 28.399999618530273, 27.979999542236328, 28.0, 28.279998779296875, 28.25, 28.779998779296875, 28.60999870300293, 28.42999839782715, 29.119998931884766, 28.709999084472656, 28.90999984741211, 28.849998474121094, 29.189998626708984, 29.099998474121094, 29.209999084472656, 29.15999984741211, 29.209999084472656, 29.1299991607666, 29.149999618530273, 29.420000076293945, 29.31999969482422, 29.309999465942383, 29.34000015258789, 29.439998626708984, 29.279998779296875], "wall_time": [3.94472599029541, 6.6383349895477295, 9.665045976638794, 12.373039722442627, 15.49850058555603, 18.284861087799072, 21.071582317352295, 24.344034671783447, 27.442760467529297, 30.34671425819397, 33.284682512283325, 35.91085457801819, 38.896018505096436, 41.62260460853577, 44.66251850128174, 47.462137937545776, 50.39111828804016, 53.273558616638184, 55.96443223953247, 58.66252541542053, 61.432926416397095, 64.1500871181488, 67.05640077590942, 69.81420850753784, 72.64797472953796, 75.68611860275269, 78.37394404411316, 81.17131686210632, 83.94884729385376, 87.0399398803711, 89.84119081497192, 92.83908224105835, 95.95949172973633, 98.7856650352478, 101.65339970588684, 104.33993339538574, 107.11114883422852, 110.16377353668213, 113.04007935523987, 115.6152822971344, 118.34103417396545, 121.04134345054626, 123.78912854194641, 126.5738935470581, 129.43900656700134, 132.27824139595032, 135.16889667510986, 138.08826684951782, 140.73942732810974, 143.46659588813782, 146.39966988563538, 149.09598088264465, 152.26540207862854, 154.9797341823578, 157.8284728527069, 160.64295554161072, 163.44552445411682, 166.5102961063385, 169.5384030342102, 172.54260230064392, 175.90516448020935, 178.91143822669983, 181.82031774520874, 184.77444505691528, 187.93743777275085, 191.15237641334534, 194.08781790733337, 197.30748224258423, 200.16645288467407, 203.28270053863525, 206.16883540153503, 209.06213760375977, 211.78818821907043, 214.59495878219604, 217.665057182312, 220.46305203437805, 223.3348798751831, 226.1064157485962, 229.15179419517517, 232.47639775276184, 235.64093351364136, 238.52057576179504, 241.1197898387909, 244.04619812965393, 247.00355339050293, 249.9216275215149, 252.5892162322998, 255.3604760169983, 258.1019911766052, 261.17738366127014, 263.9003441333771, 266.6538019180298, 269.72309255599976, 272.5069544315338, 275.57074427604675, 278.36320424079895, 281.35170221328735, 284.48529839515686, 287.23951745033264, 290.0729730129242], "val_loss": [8.142489962768554, 4.571362656402588, 4.502444850158692, 4.470104845428467, 4.343353883361816, 4.3572316680908205, 4.239143054962158, 4.149107224273681, 4.249859987640381, 4.223859197235107, 4.186822830963135, 4.186855236816406, 4.189004666900635, 4.101248827362061, 4.158044241333008, 4.027618198394776, 3.937362663269043, 3.9932769233703613, 3.9644308609008787, 3.8579387969970704, 3.841548860168457, 3.9765871101379395, 3.8380748737335204, 3.8553037956237795, 3.8950060333251955, 3.7654725227355956, 3.849349515533447, 3.7178468151092527, 3.7332184913635253, 3.7095035339355467, 3.723398630905151, 3.682281690597534, 3.671502237701416, 3.6469499420166014, 3.6360381866455076, 3.6976963077545166, 3.548956169128418, 3.444571160888672, 3.465530529022217, 3.483691599655151, 3.4557146732330324, 3.4758716854095457, 3.420610916519165, 3.3960229579925536, 3.365415966415405, 3.2858803150177, 3.2853109874725344, 3.298400601196289, 3.205914405441284, 3.247935126876831, 3.246985959625244, 3.276063327026367, 3.2131812068939207, 3.159641347885132, 3.116362744140625, 3.1465066307067873, 3.091944945526123, 3.122481587219238, 3.076059105682373, 3.0718675159454345, 3.0631138977050782, 3.0979044006347656, 3.0048876083374023, 3.0038154125213623, 3.0444981761932373, 2.998390282821655, 2.981305286026001, 2.969035186386108, 2.9444275238037108, 2.9505404388427734, 2.9603536602020264, 2.9268538593292237, 2.9717569664001466, 2.9312743293762207, 2.92832310256958, 2.909750799560547, 2.9152660846710203, 2.898847027206421, 2.8907712368011476, 2.8954278007507326, 2.878277436065674, 2.889222898864746, 2.8814633193969725, 2.8644449851989746, 2.8776834873199464, 2.8697160957336427, 2.873643048095703, 2.8635436672210695, 2.866515439605713, 2.8648491481781004, 2.8606260074615477, 2.852982098388672, 2.851802955245972, 2.8558748748779297, 2.8462390346527098, 2.8470047245025634, 2.8528626976013185, 2.8476375068664552, 2.8465575805664063, 2.852545331573486],