{"loss": [], "acc": [], "test_loss": [4.628783832550049, 4.428978472900391, 4.277946144485473, 4.060942332458496, 4.026759623336792, 4.083614883422851, 3.9282838306427004, 3.901713475036621, 3.852305466079712, 3.8357849479675292, 3.820466975402832, 3.90120924949646, 3.8035937870025633, 3.856856134414673, 3.7962956672668455, 3.6104979583740233, 3.6545630531311035, 3.679943635940552, 3.8077349433898924, 3.763404756164551, 3.7661334671020508, 4.061111389923096, 3.4335295028686525, 3.596163651275635, 3.5891879188537597, 3.543923692703247, 3.4424424339294433, 3.4211226837158204, 3.617723984146118, 3.643073080444336, 3.5425794677734377, 3.5901516384124754, 3.516571375656128, 3.5086329292297362, 3.4095363151550293, 3.5074079330444334, 3.5452133277893068, 3.5186786949157716, 3.691977150726318, 3.5578519020080566, 3.63809450340271, 3.646789673614502, 3.678344520950317, 3.6305871242523193, 3.7871981918334963, 4.067408336639405, 3.7406446033477785, 3.7913061500549317, 3.9298239547729494, 3.8593198959350588, 3.9670259239196777, 3.9055133529663086, 3.979231831359863, 3.9688772956848144, 4.092885788726806, 3.9779935264587403, 4.121532554626465, 3.997946829986572, 4.078111185836792, 4.088884877777099, 4.00442900390625, 4.082419532775879, 4.06918198928833, 4.056515246582031, 4.0718808975219725, 3.993212638092041, 4.04007508392334, 3.9476095260620117, 3.972883069610596, 3.9530360984802244, 3.9190869483947752, 3.900267147064209, 3.913032391357422, 3.8822225730895994, 3.8779725189208984, 3.873607843017578, 3.866745913696289, 3.8427966094970705, 3.862483521270752, 3.856085398864746, 3.8514179359436036, 3.840274755859375, 3.848106639099121, 3.8402930351257325, 3.8185237846374513, 3.8342101203918455, 3.829660010147095, 3.8201576972961426, 3.818052947998047, 3.8094980506896974, 3.818512286376953, 3.8071542053222656, 3.795394083404541, 3.8078784629821776, 3.818148662567139, 3.808686896514893, 3.8050268112182617, 3.8071924476623535, 3.8019685081481933, 3.8055795028686523], "test_acc": [0.9699999690055847, 4.480000019073486, 4.889999866485596, 6.809999942779541, 8.139999389648438, 6.75, 9.4399995803833, 9.769999504089355, 10.619999885559082, 11.369999885559082, 11.34999942779541, 11.139999389648438, 11.739999771118164, 11.329999923706055, 12.65999984741211, 14.869999885559082, 13.90999984741211, 13.949999809265137, 14.00999927520752, 13.789999961853027, 14.269999504089355, 13.869999885559082, 18.31999969482422, 16.829999923706055, 17.799999237060547, 19.559999465942383, 19.139999389648438, 20.78999900817871, 19.35999870300293, 19.28999900817871, 20.719999313354492, 19.6299991607666, 20.19999885559082, 22.559999465942383, 22.35999870300293, 22.10999870300293, 22.06999969482422, 22.600000381469727, 22.94999885559082, 23.299999237060547, 22.43000030517578, 23.35999870300293, 24.31999969482422, 24.399999618530273, 22.90999984741211, 21.459999084472656, 24.559999465942383, 25.43000030517578, 24.299999237060547, 25.829999923706055, 24.60999870300293, 25.299999237060547, 25.939998626708984, 25.969999313354492, 25.369998931884766, 26.6299991607666, 26.189998626708984, 27.06999969482422, 26.849998474121094, 27.59000015258789, 27.939998626708984, 27.69999885559082, 28.0, 27.939998626708984, 28.25, 28.689998626708984, 28.809999465942383, 29.19999885559082, 29.17999839782715, 29.42999839782715, 29.469999313354492, 29.6299991607666, 29.619998931884766, 29.509998321533203, 29.599998474121094, 29.349998474121094, 29.759998321533203, 30.01999855041504, 29.529998779296875, 29.639999389648438, 29.599998474121094, 29.6299991607666, 29.67999839782715, 29.42999839782715, 29.8799991607666, 29.6299991607666, 29.889999389648438, 29.869998931884766, 29.649999618530273, 29.899999618530273, 29.969999313354492, 30.03999900817871, 29.969999313354492, 29.939998626708984, 29.94999885559082, 29.979999542236328, 29.92999839782715, 30.059999465942383, 30.01999855041504, 29.939998626708984], "wall_time": [4.794931411743164, 8.333056688308716, 11.82460641860962, 15.354009628295898, 19.071407794952393, 22.630552291870117, 26.22892117500305, 29.496200799942017, 32.87404799461365, 37.151063442230225, 41.31047463417053, 45.959906578063965, 50.79212427139282, 54.9298574924469, 59.11329770088196, 63.95765161514282, 67.89366555213928, 71.83102750778198, 75.6908233165741, 79.53083872795105, 83.2062759399414, 86.86022329330444, 90.79919481277466, 94.72863388061523, 98.7144775390625, 102.64619636535645, 106.57274222373962, 110.62131524085999, 114.6326892375946, 118.64960765838623, 122.53949499130249, 126.4655773639679, 130.5346555709839, 134.89605569839478, 139.49500489234924, 143.79611706733704, 147.94483637809753, 152.25828862190247, 156.4744906425476, 160.69188809394836, 164.63272285461426, 168.63307118415833, 172.17388916015625, 175.7011969089508, 179.05263948440552, 182.45261144638062, 186.30525517463684, 190.71430230140686, 194.60722756385803, 198.58039450645447, 202.54553508758545, 206.48746967315674, 210.72290992736816, 214.88869166374207, 219.13083863258362, 223.54945278167725, 227.77606558799744, 232.19733786582947, 236.65001511573792, 240.8747856616974, 245.20286083221436, 249.08630681037903, 253.0314884185791, 256.6163954734802, 260.33779215812683, 264.0119903087616, 267.50026655197144, 271.02953147888184, 274.60009121894836, 278.4061007499695, 282.2049787044525, 286.7687816619873, 291.7068281173706, 296.39886450767517, 300.1374406814575, 303.43620705604553, 307.033349275589, 310.49336981773376, 314.1402943134308, 317.77661538124084, 321.9852638244629, 325.896710395813, 330.1148817539215, 333.803129196167, 337.548867225647, 341.29195642471313, 344.98967719078064, 349.01027965545654, 353.0731315612793, 356.8126401901245, 360.53657841682434, 364.493656873703, 368.2783679962158, 372.0503525733948, 375.768413066864, 379.2111051082611, 382.61582612991333, 386.03568172454834, 389.3627336025238, 392.8737349510193], "val_loss": [4.629635646057129, 4.431695631408691, 4.274989306640625, 4.052920896911621, 4.01569792022705, 4.068379809570312, 3.924192603683472, 3.8831413192749022, 3.8571801265716554, 3.8190636268615723, 3.8074866218566896, 3.887537509918213, 3.8195962699890136, 3.851711653518677, 3.7754778213500977, 3.5959249923706054, 3.6342988540649412, 3.6632917266845704, 3.7918798973083496, 3.721702597808838, 3.745925714111328, 4.058974243164062, 3.427761863327026, 3.5722161018371583, 3.5936555358886717, 3.5275195484161377, 3.4158847938537598, 3.4280085540771483, 3.6013037643432617, 3.6532416297912595, 3.5325833713531494, 3.6057178718566893, 3.487484541320801, 3.4997030433654785, 3.3849062397003173, 3.5089908599853517, 3.531372654724121, 3.5038912197113037, 3.679831970977783, 3.5563355110168455, 3.629566881942749, 3.603714529800415, 3.6625911476135253, 3.6423436187744143, 3.771663830566406, 4.0126004341125485, 3.732510724258423, 3.7621447082519532, 3.8922088050842287, 3.8301524978637693, 3.9035606269836425, 3.8987372409820558, 3.976952384185791, 3.9349947540283203, 4.057382096862793, 3.9580838554382325, 4.119296967315674, 3.9975636924743654, 4.071809248352051, 4.006222598266602, 3.9781670043945314, 4.028848198699952, 4.030876519012451, 4.023851210784912, 4.030181642150879, 3.94375969619751, 3.9819642860412596, 3.918101860809326, 3.918844867706299, 3.900803247833252, 3.872957071685791, 3.8517509269714356, 3.864946234893799, 3.8267457473754884, 3.832283590698242, 3.8178599128723145, 3.811220420074463, 3.7991685386657714, 3.7997508949279784, 3.802891157531738, 3.8006978507995606, 3.7881855056762697, 3.7923170890808104, 3.7797102409362795, 3.764998388671875, 3.781528552246094, 3.7754229957580567, 3.767145489501953, 3.7652476676940916, 3.758626760864258, 3.7750198165893556, 3.7579659690856935, 3.7474767364501953, 3.7612101547241212, 3.77025658493042, 3.765843370056152, 3.7592851745605467, 3.758503349304199, 3.7551294090270995, 3.7586552642822264],