{"loss": [], "acc": [], "test_loss": [4.872317971801758, 4.2929361721038815, 4.327372649002076, 4.240197747421265, 4.160640994644165, 4.219259959030151, 4.105555551910401, 4.111287523651123, 4.187623547363281, 4.083105112075805, 4.251468779754639, 4.028283168029785, 4.1305089328765865, 3.967282950592041, 4.012196339416504, 3.9429514068603515, 3.854672861480713, 3.785097710418701, 3.781878447341919, 3.8361661392211914, 3.8446437366485595, 3.788358514022827, 3.7345939445495606, 3.668082034301758, 3.6855267948150634, 3.754602693939209, 3.615889031600952, 3.621467114639282, 3.5799770278930665, 3.6101265380859373, 3.5534855087280275, 3.5687662826538085, 3.544279065704346, 3.5461629581451417, 3.535522359466553, 3.448399729537964, 3.4745773929595947, 3.4550863368988036, 3.4638533740997315, 3.392642868041992, 3.408687497329712, 3.3795914028167724, 3.3098244457244874, 3.4326524211883545, 3.3251073642730713, 3.3627421463012697, 3.2714445709228515, 3.264327058792114, 3.293729838180542, 3.353769570159912, 3.231633405685425, 3.2133591033935547, 3.262634546661377, 3.2322179695129396, 3.224161270523071, 3.201650548171997, 3.211959489440918, 3.1586646030426024, 3.173908868408203, 3.1704275211334227, 3.1220357288360594, 3.1289338245391844, 3.1168473503112795, 3.1223763999938963, 3.113951619338989, 3.0907803775787355, 3.0672693359375, 3.0947015075683595, 3.044256870269775, 3.081356149291992, 3.067646304702759, 3.0630099071502688, 3.0444147266387938, 3.062924025726318, 3.0782978706359865, 3.0771482177734377, 3.061865798187256, 3.0747864501953126, 3.079564990615845, 3.094718069076538, 3.0789355686187743, 3.0702321769714356, 3.106058898162842, 3.076437742996216, 3.0799130126953127, 3.0921014907836915, 3.078981396484375, 3.0882277599334715, 3.1046559116363524, 3.096814232635498, 3.1032891872406005, 3.0980473945617675, 3.1024124614715576, 3.111301402282715, 3.10197326965332, 3.103744454956055, 3.1140347427368162, 3.1084684623718264, 3.103261064529419, 3.1015706962585448], "test_acc": [2.240000009536743, 3.18999981880188, 3.879999876022339, 4.329999923706055, 4.869999885559082, 4.389999866485596, 5.989999771118164, 5.659999847412109, 5.619999885559082, 5.849999904632568, 5.710000038146973, 6.859999656677246, 6.049999713897705, 7.119999885559082, 6.509999752044678, 7.329999923706055, 8.779999732971191, 9.819999694824219, 10.119999885559082, 9.639999389648438, 9.25, 10.59000015258789, 10.34000015258789, 11.609999656677246, 11.34999942779541, 11.40999984741211, 12.880000114440918, 12.479999542236328, 12.899999618530273, 12.0, 14.309999465942383, 13.899999618530273, 14.130000114440918, 14.139999389648438, 14.279999732971191, 16.149999618530273, 15.670000076293945, 16.119998931884766, 15.639999389648438, 17.189998626708984, 16.850000381469727, 18.309999465942383, 18.219999313354492, 16.939998626708984, 18.189998626708984, 18.809999465942383, 20.18000030517578, 19.76999855041504, 19.40999984741211, 18.170000076293945, 21.119998931884766, 20.8799991607666, 20.35999870300293, 21.229999542236328, 20.75, 21.779998779296875, 21.469999313354492, 22.729999542236328, 22.389999389648438, 22.68000030517578, 23.5, 23.760000228881836, 24.28999900817871, 23.90999984741211, 24.25, 25.059999465942383, 25.639999389648438, 25.399999618530273, 25.84000015258789, 26.059999465942383, 25.76999855041504, 26.65999984741211, 27.26999855041504, 26.579999923706055, 27.010000228881836, 27.01999855041504, 27.189998626708984, 27.219999313354492, 27.329999923706055, 27.279998779296875, 27.619998931884766, 27.369998931884766, 27.42999839782715, 27.939998626708984, 28.0, 27.75, 28.01999855041504, 28.489999771118164, 28.170000076293945, 28.17999839782715, 28.26999855041504, 27.959999084472656, 28.1299991607666, 28.139999389648438, 28.170000076293945, 28.189998626708984, 28.139999389648438, 28.149999618530273, 28.059999465942383, 28.15999984741211], "wall_time": [3.854027509689331, 6.625544309616089, 9.46938705444336, 12.355655431747437, 15.134992837905884, 18.276468515396118, 21.16019582748413, 23.902073621749878, 26.940233945846558, 29.613006830215454, 32.43137073516846, 35.07081079483032, 38.02588081359863, 41.16313576698303, 44.036060094833374, 46.87264847755432, 49.593236684799194, 52.271955490112305, 54.76394534111023, 58.030073404312134, 60.894002199172974, 63.72363996505737, 66.57478880882263, 69.29557466506958, 71.92475438117981, 74.63172435760498, 77.51797366142273, 80.12625360488892, 82.95828437805176, 85.64819979667664, 88.58498501777649, 91.45262217521667, 94.46297216415405, 96.86865258216858, 99.55058264732361, 102.1461853981018, 104.79745030403137, 107.6151168346405, 110.29743432998657, 112.83736109733582, 115.75136137008667, 119.06978058815002, 122.01250290870667, 124.9616630077362, 127.79941654205322, 130.71906757354736, 133.55115485191345, 136.0953996181488, 139.0478277206421, 141.81162309646606, 144.5555703639984, 146.89386081695557, 149.7889699935913, 152.32192158699036, 155.0754849910736, 157.75626063346863, 160.62036848068237, 163.37290358543396, 166.37148594856262, 169.14789199829102, 171.78039956092834, 174.75726175308228, 177.65104055404663, 180.52958488464355, 183.4141652584076, 186.0473301410675, 188.68857264518738, 191.68216633796692, 194.4036455154419, 197.25369906425476, 200.28804922103882, 203.07973456382751, 205.69445943832397, 208.48517990112305, 211.1738634109497, 214.09651160240173, 216.70765566825867, 219.65909576416016, 222.59335374832153, 225.29491591453552, 227.92557644844055, 230.83447980880737, 233.66124725341797, 236.49652361869812, 239.59920024871826, 242.8193666934967, 245.4351043701172, 248.25080275535583, 251.16850328445435, 254.00043892860413, 256.8624267578125, 259.5573410987854, 262.22798919677734, 264.5715765953064, 267.1570634841919, 269.6710138320923, 272.3221082687378, 275.14562916755676, 278.25067257881165, 280.92883110046387], "val_loss": [4.867525074005127, 4.2787260208129885, 4.3133386054992675, 4.230770637512207, 4.155301202392578, 4.217681057739258, 4.093644039916992, 4.1063622276306155, 4.186846940612793, 4.077878064727783, 4.248361986541748, 4.022773397064209, 4.143559485626221, 3.9524979042053223, 4.018475008010864, 3.950415866470337, 3.843460735702515, 3.7913335041046143, 3.7825498992919924, 3.830055757141113, 3.833114356994629, 3.782312929916382, 3.736520463180542, 3.6531437522888184, 3.6666304431915284, 3.734384299850464, 3.6108343273162844, 3.612685534667969, 3.5740304042816162, 3.611377029800415, 3.539416390991211, 3.570509297180176, 3.5363013931274416, 3.534093058395386, 3.523024206161499, 3.441370837020874, 3.449195518875122, 3.440984972000122, 3.4471583339691163, 3.39961184387207, 3.4184614852905275, 3.3625315227508543, 3.3161739212036134, 3.4385327308654787, 3.304859188079834, 3.3498953693389892, 3.269518175125122, 3.2510052101135254, 3.2974049617767336, 3.366406392288208, 3.226462703704834, 3.2187082355499266, 3.264777127838135, 3.223793942260742, 3.2193043636322023, 3.185065078353882, 3.201435218811035, 3.141115344238281, 3.159342744064331, 3.1560493801116944, 3.121829360961914, 3.1090459602355955, 3.0963894020080565, 3.1079627101898195, 3.095217050552368, 3.085557346343994, 3.0603303676605225, 3.0825329441070557, 3.03228797454834, 3.0643342430114746, 3.0497993324279786, 3.049232583618164, 3.026444499206543, 3.0413648429870603, 3.069273227310181, 3.054136201477051, 3.035125862503052, 3.0512359992980955, 3.0609850128173828, 3.075261532974243, 3.053722052383423, 3.055054010391235, 3.075823376083374, 3.064490313720703, 3.068718673324585, 3.067682976913452, 3.053469317626953, 3.0699347900390626, 3.0812926204681395, 3.073651230621338, 3.0791184379577636, 3.0752217540740965, 3.0784966449737547, 3.0847008247375487, 3.077094295501709, 3.081189154815674, 3.0883200508117676, 3.0837262069702147, 3.0774626876831053, 3.078617045211792],