{"loss": [], "acc": [], "test_loss": [5.2073067245483395, 4.487033391571045, 4.3351395851135255, 4.12477672958374, 4.0753639110565185, 3.981057986831665, 3.9634033576965333, 3.8609419158935547, 3.8275912281036377, 3.8335374641418456, 3.83369083480835, 3.7430951683044436, 3.7363764396667483, 3.662221715927124, 3.7879835819244385, 3.7500191692352294, 3.6177676685333253, 3.595436583328247, 3.7360251831054687, 3.660218994522095, 3.6584731590271, 3.5922384593963623, 3.6991178844451906, 25.85112703857422, 65.4185292602539, 40.480816259765625, 15.970533615112304, 6.280987321472168, 5.311964533996582, 5.613322050476074, 5.422816226196289, 5.750652492523193, 6.420432272338867, 7.152543521881103, 5.99195471572876, 5.826576389312744, 5.315835948181152, 5.365521434783935, 5.156763408660889, 5.108015230560302, 5.206102083587647, 5.040525631713868, 5.127163137054444, 5.142636895751953, 5.167578053283691, 4.960460971069336, 5.018320815277099, 4.913921138763428, 4.946821513366699, 4.877777661895752, 5.004816717529297, 4.809477706909179, 4.836512564086914, 4.809258058166504, 4.890071783447266, 4.741922256469727, 4.7468431877136235, 4.752615606689453, 4.739992094421387, 4.7566721076965335, 4.717614278411865, 4.728038954162598, 4.716132730865478, 4.662636464691162, 4.647826935577393, 4.635489910125733, 4.659604315185547, 4.63421463470459, 4.6331498916625975, 4.61790927734375, 4.603571878814697, 4.630935744476318, 4.578833761596679, 4.573225818634033, 4.581645484161377, 4.5687792755126955, 4.546950505828858, 4.552990418243408, 4.549257891082764, 4.544632595825195, 4.535524598693848, 4.5544605110168455, 4.522790309143066, 4.518904925537109, 4.521560301208496, 4.5152921340942385, 4.5132376487731936, 4.504289421844482, 4.504639083862305, 4.49908582611084, 4.501698524475097, 4.498862940979004, 4.499448976135254, 4.50007374420166, 4.498661278533936, 4.498244960784912, 4.49766510848999, 4.497913471984863, 4.498917009735107, 4.499611298370361], "test_acc": [1.1899999380111694, 4.309999942779541, 4.159999847412109, 6.559999942779541, 6.710000038146973, 8.09000015258789, 8.479999542236328, 9.510000228881836, 10.859999656677246, 10.809999465942383, 10.579999923706055, 12.359999656677246, 12.809999465942383, 13.739999771118164, 11.920000076293945, 12.960000038146973, 15.059999465942383, 15.449999809265137, 13.920000076293945, 15.469999313354492, 15.25, 16.6299991607666, 16.670000076293945, 0.8299999833106995, 0.8700000047683716, 0.85999995470047, 1.0799999237060547, 1.7299998998641968, 1.0299999713897705, 1.0499999523162842, 0.9299999475479126, 0.9899999499320984, 0.8499999642372131, 0.8899999856948853, 0.9899999499320984, 1.5299999713897705, 1.1899999380111694, 0.85999995470047, 1.4800000190734863, 1.1200000047683716, 1.6899999380111694, 1.1799999475479126, 1.1200000047683716, 1.409999966621399, 1.3299999237060547, 1.1699999570846558, 1.059999942779541, 1.5099999904632568, 0.9799999594688416, 1.2599999904632568, 1.1299999952316284, 1.1299999952316284, 1.3700000047683716, 1.5799999237060547, 1.350000023841858, 1.3600000143051147, 1.7299998998641968, 1.3299999237060547, 1.5699999332427979, 1.959999918937683, 1.6899999380111694, 1.9799998998641968, 1.9799998998641968, 1.8700000047683716, 2.2699999809265137, 1.7400000095367432, 1.659999966621399, 1.2599999904632568, 1.6699999570846558, 2.009999990463257, 2.009999990463257, 1.7799999713897705, 2.119999885559082, 1.9399999380111694, 2.0199999809265137, 1.8799999952316284, 1.9499999284744263, 2.0399999618530273, 2.059999942779541, 2.0299999713897705, 2.190000057220459, 1.9799998998641968, 2.2699999809265137, 2.2799999713897705, 1.9499999284744263, 2.0999999046325684, 2.1399998664855957, 2.1499998569488525, 2.0799999237060547, 2.0999999046325684, 2.2799999713897705, 2.0199999809265137, 2.259999990463257, 2.0899999141693115, 2.0799999237060547, 2.2100000381469727, 2.1499998569488525, 2.2100000381469727, 2.200000047683716, 2.200000047683716], "wall_time": [4.575211048126221, 7.837772607803345, 11.30549931526184, 14.647345781326294, 18.00703001022339, 21.317769765853882, 24.54804515838623, 28.00539541244507, 31.38613486289978, 34.726550340652466, 37.930574893951416, 41.229470014572144, 44.728174448013306, 48.25034832954407, 51.69607210159302, 55.1195125579834, 58.3841609954834, 61.457722902297974, 64.65836501121521, 67.9131109714508, 71.35433650016785, 74.94733595848083, 78.27642440795898, 81.71710586547852, 85.10241651535034, 88.47983455657959, 91.87744402885437, 95.3435971736908, 98.95088911056519, 102.26461982727051, 105.51079297065735, 108.98171424865723, 112.36727237701416, 115.72089314460754, 119.09972620010376, 122.32045459747314, 125.64285945892334, 129.01505160331726, 132.32430982589722, 135.5556561946869, 138.92133021354675, 142.30848026275635, 146.0894637107849, 149.6302170753479, 153.233824968338, 156.65211725234985, 159.91593742370605, 163.26730704307556, 166.50972723960876, 169.75404834747314, 172.88665342330933, 176.43252658843994, 179.80356216430664, 183.21518516540527, 186.68653106689453, 189.92253613471985, 193.262451171875, 196.85674333572388, 200.33093404769897, 203.44833135604858, 206.7930769920349, 210.28430700302124, 213.79802703857422, 217.2742795944214, 220.42515301704407, 223.8018503189087, 227.32900261878967, 230.72846698760986, 234.13361835479736, 237.60735177993774, 240.97184777259827, 244.2533040046692, 247.58793425559998, 250.55597758293152, 253.68070697784424, 256.88862895965576, 260.1990156173706, 263.768563747406, 267.3282754421234, 270.760577917099, 274.20146012306213, 277.8065960407257, 281.18768429756165, 284.33572602272034, 287.4579858779907, 290.9068341255188, 294.3526062965393, 297.64134311676025, 300.8873746395111, 304.0420939922333, 307.44344425201416, 310.9255039691925, 314.6052007675171, 317.76603960990906, 321.05289793014526, 324.28193640708923, 327.7370414733887, 331.02049231529236, 334.4854645729065, 338.4272828102112], "val_loss": [5.209817628479004, 4.464178649139404, 4.309013500213623, 4.099648427581787, 4.064006897735596, 3.963407656097412, 3.96898282623291, 3.8526671936035157, 3.825105570220947, 3.8217481826782227, 3.8371469581604005, 3.7449509017944336, 3.735126954269409, 3.650059808349609, 3.779912041091919, 3.7401839683532714, 3.607473101425171, 3.5987238899230958, 3.7400956844329833, 3.6771735622406005, 3.66742160987854, 3.598501467514038, 3.6985786659240723, 25.874839831542968, 64.70132671508789, 40.662564712524414, 15.714548550415039, 6.263368676757812, 5.293536884307861, 5.6116484321594235, 5.4223428695678715, 5.735742402648926, 6.41455818939209, 7.1770603515625, 5.973043186950684, 5.809682746124268, 5.313234678649902, 5.380785434722901, 5.17405922164917, 5.106368519592285, 5.214358644866944, 5.041763623046875, 5.124375031280517, 5.136331690979004, 5.1739576690673825, 4.947022281646729, 5.02585864868164, 4.9116407501220705, 4.94995355682373, 4.858372050476074, 4.988523938751221, 4.811666748046875, 4.83284854888916, 4.8061104667663574, 4.8847278778076175, 4.732789444732666, 4.746254194641113, 4.755170481872558, 4.748185514831543, 4.758117523956299, 4.723666380310059, 4.736920561981202, 4.707892887878418, 4.658751535797119, 4.651554653930664, 4.630013844299317, 4.661067561340332, 4.6285141067504885, 4.635611354064942, 4.618779824066162, 4.606361052703857, 4.620963294219971, 4.577182902526856, 4.574531977081299, 4.57920516204834, 4.5675386123657225, 4.55156739578247, 4.5571122756958005, 4.55428525466919, 4.5468022216796875, 4.5395110221862796, 4.560150434112549, 4.526071920013428, 4.522110971832276, 4.523263159942627, 4.516177689361572, 4.515324964904785, 4.507776449584961, 4.507153077697754, 4.502862118530273, 4.504655536651612, 4.500422048950195, 4.5007666305542, 4.500371966552734, 4.500075518035889, 4.500537738037109, 4.501025384521484, 4.500038885498047, 4.499251084136963, 4.499865595245361],