{"loss": [], "acc": [], "test_loss": [7.120184259033203, 4.471219681549072, 4.241077040863037, 4.10718849029541, 4.048441947555542, 3.9259454986572266, 3.859866157531738, 3.824716328430176, 3.78194580039978, 3.744361477661133, 3.6902579795837402, 3.605880184173584, 3.6005607769012453, 4.533611299133301, 3.8169476943969727, 3.613418927001953, 3.496089705657959, 3.6431712459564207, 3.4966617210388184, 3.4849978019714354, 3.5100264961242678, 3.4451383422851563, 3.5160526260375975, 3.422927420425415, 3.287115130996704, 3.3573176887512206, 3.3334064365386964, 3.3793280574798583, 3.304426860046387, 3.3216349685668947, 3.286403034591675, 3.303593172454834, 3.258122123336792, 3.247366435241699, 3.2890069686889647, 4.045434099197387, 3.3113510124206544, 3.2535074138641358, 3.1411477745056153, 3.1459411804199218, 3.1078113876342774, 3.2271666156768797, 3.133128503417969, 3.0820297302246096, 3.089722484588623, 3.073837116622925, 3.10220009727478, 2.9884334018707275, 3.093269305038452, 3.0681726264953615, 3.1364161231994627, 3.07862194442749, 3.074005969619751, 3.0271380531311034, 3.0875117042541502, 3.0553708543777467, 3.0676376220703125, 3.0337760051727294, 3.088363122177124, 3.024324771118164, 3.022728490066528, 3.1175189964294434, 3.0846641033172606, 3.0700447719573973, 3.064945690727234, 3.098424316215515, 3.1264483282089235, 3.1235216178894043, 3.143603922843933, 3.1797232032775877, 3.1273752166748046, 3.1358951375961306, 3.149383987045288, 3.1786912521362303, 3.1717232427597044, 3.1329288871765137, 3.1919369318008424, 3.207996360015869, 3.183524165725708, 3.194385980987549, 3.193052052307129, 3.197615626335144, 3.234128811645508, 3.2266343822479246, 3.2234225061416626, 3.22172297744751, 3.238388855552673, 3.236404923057556, 3.2563241050720215, 3.257143392944336, 3.243788370704651, 3.246919676208496, 3.262937942504883, 3.2497307121276857, 3.252736346244812, 3.253320579147339, 3.262430407905579, 3.2449226341247557, 3.259170351409912, 3.2444437114715576], "test_acc": [0.8499999642372131, 5.389999866485596, 5.429999828338623, 6.139999866485596, 8.170000076293945, 9.34000015258789, 10.710000038146973, 10.6899995803833, 11.789999961853027, 11.880000114440918, 13.949999809265137, 14.819999694824219, 14.289999961853027, 7.639999866485596, 10.679999351501465, 13.819999694824219, 15.989999771118164, 14.819999694824219, 16.94999885559082, 16.779998779296875, 16.40999984741211, 17.369998931884766, 17.020000457763672, 18.559999465942383, 21.26999855041504, 19.559999465942383, 20.3799991607666, 19.829999923706055, 21.479999542236328, 21.5, 22.209999084472656, 21.81999969482422, 22.739999771118164, 23.309999465942383, 22.93000030517578, 16.44999885559082, 20.399999618530273, 21.939998626708984, 24.709999084472656, 25.029998779296875, 25.43000030517578, 24.1299991607666, 25.56999969482422, 27.189998626708984, 26.59000015258789, 27.299999237060547, 27.239999771118164, 28.84000015258789, 28.309999465942383, 29.469999313354492, 28.559999465942383, 29.259998321533203, 29.599998474121094, 30.170000076293945, 29.759998321533203, 30.10999870300293, 30.959999084472656, 30.849998474121094, 30.989999771118164, 31.979999542236328, 32.21999740600586, 31.229999542236328, 31.739999771118164, 32.48999786376953, 33.09000015258789, 32.869998931884766, 32.459999084472656, 33.41999816894531, 33.189998626708984, 32.81999969482422, 33.209999084472656, 33.790000915527344, 33.77000045776367, 34.20000076293945, 34.04999923706055, 35.0, 34.66999816894531, 34.56999969482422, 34.97999954223633, 34.98999786376953, 34.68000030517578, 35.439998626708984, 34.90999984741211, 35.48999786376953, 35.23999786376953, 35.5, 35.18000030517578, 35.57999801635742, 35.5099983215332, 35.27000045776367, 35.48999786376953, 35.39999771118164, 35.209999084472656, 35.529998779296875, 35.439998626708984, 35.529998779296875, 35.23999786376953, 35.459999084472656, 35.290000915527344, 35.5], "wall_time": [5.64915919303894, 9.007080554962158, 12.230676889419556, 15.321223258972168, 18.489848613739014, 21.411461114883423, 24.33465027809143, 27.423503160476685, 30.571316957473755, 33.598803997039795, 36.737237215042114, 39.773664474487305, 42.89106822013855, 45.99470829963684, 49.06745767593384, 52.09973359107971, 55.29485869407654, 58.45848727226257, 61.780595541000366, 65.0746123790741, 68.11390471458435, 71.20506191253662, 74.42259931564331, 77.69562196731567, 80.87150526046753, 84.1545250415802, 87.13796639442444, 90.17743682861328, 93.24171686172485, 96.34173631668091, 99.35454559326172, 102.62579274177551, 105.72619438171387, 108.8241274356842, 111.8518614768982, 114.9960823059082, 118.09789896011353, 121.12291884422302, 124.15492749214172, 127.30981779098511, 130.36658263206482, 133.42232203483582, 136.47072076797485, 139.55022859573364, 142.61906695365906, 145.83014488220215, 148.76936221122742, 151.8363697528839, 155.04404759407043, 158.2288191318512, 161.431893825531, 164.57702732086182, 167.798645734787, 170.9041872024536, 173.98401069641113, 176.96541833877563, 180.01581263542175, 183.04564929008484, 186.26910638809204, 189.3251965045929, 192.41427206993103, 195.52139258384705, 198.69438672065735, 201.75242400169373, 204.86148476600647, 208.06729388237, 211.11816573143005, 214.20951890945435, 217.2617700099945, 220.39500451087952, 223.42507553100586, 226.58069801330566, 229.63830852508545, 232.82053923606873, 236.02225041389465, 239.24861454963684, 242.5417082309723, 245.7997214794159, 248.95374083518982, 252.01335978507996, 255.129292011261, 258.33392214775085, 261.21805906295776, 264.4006607532501, 267.34426403045654, 270.33852767944336, 273.2765920162201, 276.3291926383972, 279.37668633461, 282.3584637641907, 285.37462043762207, 288.45098328590393, 291.54922437667847, 294.5379538536072, 297.4187536239624, 300.4725184440613, 303.5800151824951, 306.7236444950104, 310.0381238460541, 313.00193428993225], "val_loss": [7.117117315673828, 4.4340991790771485, 4.219459204101563, 4.089939329528809, 4.049548875427246, 3.9204668991088867, 3.8627516067504883, 3.818279263305664, 3.7818212463378904, 3.7563591953277586, 3.6869081928253173, 3.595234758758545, 3.5867347103118896, 4.518511166381836, 3.8094621158599855, 3.612164976119995, 3.479942518997192, 3.6291205257415773, 3.4608612190246584, 3.4737276878356935, 3.4796583305358886, 3.416493807220459, 3.49224616394043, 3.3994715942382814, 3.27847756690979, 3.352115946960449, 3.307531855773926, 3.3592327396392823, 3.296384079360962, 3.3224575687408446, 3.278534061431885, 3.2989086135864256, 3.2374559299468992, 3.231143539428711, 3.280983436203003, 4.080556439971923, 3.30838018951416, 3.264758409881592, 3.120831731414795, 3.1314944396972657, 3.104757413101196, 3.2271123008728027, 3.125712722015381, 3.083416109466553, 3.0903727325439454, 3.0925615543365477, 3.111012210083008, 2.963788451385498, 3.1046267726898193, 3.04863921585083, 3.1032691970825197, 3.056193425369263, 3.05682487487793, 3.0197790027618407, 3.0573798751831056, 3.0263428882598875, 3.056288776397705, 3.0454249286651613, 3.0938722736358644, 2.9997729942321776, 3.0465920001983644, 3.094678805923462, 3.0776269592285157, 3.08251967124939, 3.0770045463562012, 3.1098889278411863, 3.137847472381592, 3.113306976318359, 3.1241719676971433, 3.1744948329925538, 3.105805383300781, 3.1319581623077393, 3.1584049690246583, 3.161242514038086, 3.163243716430664, 3.134231081390381, 3.174973838806152, 3.1982605209350585, 3.173001305389404, 3.1820641624450685, 3.175069212722778, 3.196223985290527, 3.2155487655639647, 3.2167408294677733, 3.2091944637298586, 3.20384397315979, 3.2103083908081054, 3.2203489906311034, 3.242659076690674, 3.238118280792236, 3.2243953086853026, 3.2328014457702636, 3.247521165084839, 3.2334798595428467, 3.232292064285278, 3.241503665924072, 3.2452504669189453, 3.2304669342041015, 3.243703393173218, 3.2302836647033693],