{"loss": [], "acc": [], "test_loss": [7.905780554199219, 4.4177980209350585, 4.334472229003906, 4.154212827682495, 4.068253687667847, 3.990997019958496, 4.081626554107666, 3.997438932800293, 3.9195830749511718, 3.8755539283752443, 3.803657917022705, 3.949828195953369, 3.714129710769653, 3.6576562923431397, 3.7142997482299807, 3.6113578575134277, 3.6305644187927246, 3.4257108573913575, 3.4572570289611817, 3.3746314964294433, 3.4696347873687743, 3.2843121498107912, 3.3105613441467283, 3.3436488510131834, 3.3717261722564698, 3.27290920715332, 3.2617318855285644, 3.245566396331787, 3.255357580947876, 3.0904985500335695, 3.1155553188323974, 3.215368618774414, 3.1054752967834474, 3.1224054527282714, 3.052873886871338, 3.114380952835083, 3.064672857284546, 2.961605813217163, 2.9408522720336916, 2.9947183265686035, 2.9483660675048826, 3.069430083847046, 2.9390359142303466, 3.1238894680023193, 2.9206894748687744, 2.9206591186523436, 2.9057102962493895, 2.8845475563049314, 2.9755025299072266, 3.0006653423309326, 2.944217735290527, 2.9699083961486816, 2.8507839908599855, 2.9492061111450196, 2.8414856563568116, 2.8304748273849487, 2.8679640632629395, 2.8462161689758303, 2.9244243129730223, 2.8501198894500734, 2.8506875480651854, 2.879433592605591, 2.90091229019165, 2.9033142322540284, 2.861340859413147, 2.9105232524871827, 2.7990353899002076, 2.9007133529663087, 2.9305630825042726, 2.8867082197189333, 2.886445785522461, 2.9251655406951906, 2.912436566162109, 2.918423628616333, 2.9627159454345704, 2.9242148124694824, 2.9416942581176757, 2.924289110183716, 2.9562809579849243, 2.941749783706665, 2.9153515640258787, 2.9384458873748778, 2.9303841243743896, 2.9400159496307374, 2.951979381561279, 2.9525697130203246, 2.939987669754028, 2.9558559787750243, 2.9593952419281004, 2.95345704536438, 2.970126158905029, 2.9652935886383056, 2.9747161725997926, 2.967049036026001, 2.966353159332275, 2.9715652271270754, 2.9605443395614626, 2.9585207176208494, 2.9717487564086915, 2.9686920114517212], "test_acc": [1.459999918937683, 4.869999885559082, 5.710000038146973, 7.109999656677246, 7.669999599456787, 8.010000228881836, 6.799999713897705, 9.179999351501465, 9.359999656677246, 10.199999809265137, 10.84999942779541, 9.479999542236328, 11.84999942779541, 13.359999656677246, 12.779999732971191, 14.059999465942383, 14.179999351501465, 17.459999084472656, 17.68000030517578, 18.489999771118164, 16.770000457763672, 19.939998626708984, 20.5, 19.689998626708984, 19.28999900817871, 20.6299991607666, 20.959999084472656, 21.219999313354492, 22.170000076293945, 24.51999855041504, 23.59000015258789, 23.139999389648438, 23.959999084472656, 24.479999542236328, 25.549999237060547, 25.6299991607666, 25.899999618530273, 27.689998626708984, 28.10999870300293, 27.389999389648438, 27.299999237060547, 26.889999389648438, 28.559999465942383, 26.65999984741211, 29.51999855041504, 29.239999771118164, 29.759998321533203, 30.309999465942383, 29.229999542236328, 28.65999984741211, 30.509998321533203, 30.01999855041504, 31.81999969482422, 30.35999870300293, 31.90999984741211, 32.41999816894531, 33.02000045776367, 32.86000061035156, 32.439998626708984, 33.31999969482422, 33.87999725341797, 32.869998931884766, 32.93000030517578, 33.119998931884766, 33.79999923706055, 33.2599983215332, 35.13999938964844, 34.73999786376953, 33.91999816894531, 34.46999740600586, 34.459999084472656, 34.64999771118164, 34.52000045776367, 35.14999771118164, 34.7599983215332, 34.959999084472656, 35.34000015258789, 34.93000030517578, 35.16999816894531, 34.84000015258789, 35.55999755859375, 35.81999969482422, 35.189998626708984, 35.36000061035156, 35.71999740600586, 35.71999740600586, 35.599998474121094, 35.439998626708984, 35.61000061035156, 35.40999984741211, 35.45000076293945, 35.57999801635742, 35.57999801635742, 35.37999725341797, 35.77000045776367, 35.619998931884766, 35.689998626708984, 35.45000076293945, 35.529998779296875, 35.63999938964844], "wall_time": [3.4535470008850098, 6.239254474639893, 8.712074995040894, 11.22329568862915, 13.67069387435913, 16.067875146865845, 18.321428060531616, 20.86831021308899, 23.241228103637695, 25.666095733642578, 28.179855585098267, 30.469118356704712, 32.95522904396057, 35.18503141403198, 37.65364599227905, 40.36076211929321, 42.70816612243652, 45.159786224365234, 47.607762575149536, 49.967167139053345, 52.3426251411438, 54.84445238113403, 57.257354736328125, 59.69165849685669, 62.17333698272705, 64.4536817073822, 66.77351474761963, 69.23920202255249, 71.57580471038818, 74.04217267036438, 76.44093084335327, 78.76803493499756, 81.20337796211243, 83.76875305175781, 85.95363450050354, 88.30950093269348, 90.71709442138672, 93.0095272064209, 95.45358943939209, 97.92767524719238, 100.0775191783905, 102.5680251121521, 104.92773294448853, 107.4018042087555, 109.72306060791016, 111.97987985610962, 114.28700375556946, 116.73943662643433, 118.95332264900208, 121.44609069824219, 123.77731728553772, 126.06891465187073, 128.46910548210144, 130.84171414375305, 133.2093095779419, 135.41618537902832, 137.6930272579193, 140.12706971168518, 142.37903547286987, 144.76171112060547, 147.15326166152954, 149.61853528022766, 151.91684079170227, 154.22405529022217, 156.43139505386353, 158.6109962463379, 161.1086757183075, 163.66779351234436, 166.50686717033386, 168.89597177505493, 171.16772866249084, 173.42739534378052, 175.8203387260437, 178.13869190216064, 180.3504238128662, 182.80303025245667, 184.98230457305908, 187.21995544433594, 189.50581288337708, 191.841411113739, 194.1904797554016, 196.54076051712036, 198.81336045265198, 201.1762728691101, 204.02851366996765, 206.3884973526001, 208.7437653541565, 211.10284423828125, 213.53545784950256, 215.9001362323761, 218.1860203742981, 220.49435544013977, 222.8421447277069, 225.11026763916016, 227.59634256362915, 230.03938579559326, 232.47001934051514, 234.71302127838135, 237.33981800079346, 239.67669486999512], "val_loss": [7.863527374267578, 4.408241886138916, 4.315096935272217, 4.13544238204956, 4.066332862854004, 3.983437060546875, 4.082431298828125, 3.9979663948059083, 3.927500045013428, 3.890963906097412, 3.8115898193359374, 3.940156559753418, 3.7131483932495115, 3.662840629196167, 3.720924582672119, 3.599541826629639, 3.6385146076202393, 3.4416456699371336, 3.4828701141357423, 3.36755378074646, 3.4768055446624757, 3.2890050552368164, 3.308694599914551, 3.3269603805541994, 3.357702746582031, 3.2644089405059815, 3.2413647048950196, 3.240593434906006, 3.2465728580474855, 3.0843020137786867, 3.1087716400146483, 3.1965853912353515, 3.0875865558624267, 3.11338328704834, 3.0559239543914796, 3.1271527717590333, 3.0673481021881104, 2.9734893547058103, 2.9492218601226807, 2.9731654037475588, 2.928854184341431, 3.062964533996582, 2.9474718070983887, 3.133311328125, 2.908880404281616, 2.9268124881744386, 2.89832709236145, 2.908303446960449, 2.9553304817199706, 2.9848526809692384, 2.943966089630127, 2.9584090461730956, 2.846838606262207, 2.949830253982544, 2.853105541229248, 2.85228182220459, 2.877337049102783, 2.8612730487823486, 2.9472771209716795, 2.857302226257324, 2.8453654361724854, 2.88871989364624, 2.884044952392578, 2.897569940185547, 2.857379885864258, 2.921400510025024, 2.818207931518555, 2.8980151527404785, 2.9335223709106444, 2.8768168727874754, 2.8977335914611815, 2.9256667995452883, 2.918730920410156, 2.9137875118255616, 2.9789571548461913, 2.9334608795166015, 2.9480854095458984, 2.9394914642333982, 2.973053839111328, 2.951582082366943, 2.9246450775146484, 2.9584901107788086, 2.9544638389587403, 2.967060803604126, 2.9668554069519044, 2.9685585128784178, 2.953791818237305, 2.9643703281402587, 2.976819744491577, 2.9598385162353518, 2.9723593544006346, 2.9719555740356447, 2.981636896133423, 2.9733882446289064, 2.9735749446868898, 2.9782740364074707, 2.964150529098511, 2.9626733974456787, 2.9774125690460207, 2.9741031661987303],