{"loss": [], "acc": [], "test_loss": [22.22203316345215, 6.569256692504883, 4.9697041511535645, 4.679149574279785, 4.395336233520508, 4.355088568115234, 4.307214894104004, 4.731767121887207, 4.361739573669434, 4.257338926696777, 4.125088248443603, 4.1093946559906005, 4.12739256362915, 4.061774405670166, 4.050857273864746, 4.071651332092285, 14.060012008666993, 78.239709765625, 45.6699671875, 38.09936110229492, 29.710596408081056, 18.46834417114258, 15.673018145751954, 10.97752370300293, 9.041436897277832, 7.304550708007812, 8.706059300231933, 9.706400268554688, 6.952498165893554, 7.484938607788086, 6.241687902832031, 7.1562219436645504, 7.395870203399658, 6.90530294418335, 5.8818120086669925, 6.399147887420654, 5.9188726547241215, 5.751026780700683, 5.428523177337646, 5.719470146942139, 5.540312335968018, 5.459599237823486, 5.343020187377929, 5.498091886901856, 5.242945616149902, 5.344008660125732, 5.291006257629395, 5.3520380432128905, 5.043541669464111, 5.16354115524292, 5.31986441116333, 5.508727470397949, 5.304070323944091, 5.416695185852051, 5.171878131866455, 5.0268472427368165, 5.090921450042725, 5.095459442138672, 4.945446869659424, 4.875399448394775, 4.923777124023437, 4.799005750274659, 4.777316376495361, 4.805565022277832, 4.702140721130371, 4.665819191741943, 4.65130778503418, 4.693885501098633, 4.716914443206787, 4.613424784851074, 4.61969850769043, 4.56433568572998, 4.618736361694336, 4.50899239730835, 4.513877477264404, 4.494560464477539, 4.577732077789307, 4.452087632751465, 4.457271895599365, 4.4296053047180175, 4.429426177215576, 4.413295157623291, 4.402820208740234, 4.399859008789062, 4.360972330474853, 4.374831253051758, 4.371887100982666, 4.348222901916504, 4.3394138671875, 4.3358951271057125, 4.3304955032348635, 4.317794129943848, 4.320153803253174, 4.3195059265136715, 4.3165882835388185, 4.317923362731934, 4.316197245025635, 4.318963568115234, 4.316402770233155, 4.318207800292969], "test_acc": [1.0899999141693115, 1.2899999618530273, 2.629999876022339, 3.669999837875366, 4.349999904632568, 4.049999713897705, 4.949999809265137, 5.739999771118164, 4.630000114440918, 6.009999752044678, 6.929999828338623, 6.730000019073486, 6.730000019073486, 7.429999828338623, 8.359999656677246, 8.139999389648438, 1.0199999809265137, 0.9699999690055847, 0.8499999642372131, 0.9099999666213989, 1.0199999809265137, 1.149999976158142, 0.8700000047683716, 1.059999942779541, 0.9599999785423279, 0.75, 0.9899999499320984, 1.0499999523162842, 1.2200000286102295, 1.4800000190734863, 1.149999976158142, 1.46999990940094, 1.1399999856948853, 1.459999918937683, 1.3399999141693115, 1.4800000190734863, 1.8199999332427979, 1.659999966621399, 1.2699999809265137, 1.649999976158142, 1.409999966621399, 1.6799999475479126, 1.9299999475479126, 1.9199999570846558, 2.440000057220459, 2.609999895095825, 1.6699999570846558, 1.6299999952316284, 1.4900000095367432, 1.709999918937683, 0.8899999856948853, 1.159999966621399, 1.9399999380111694, 1.5199999809265137, 2.009999990463257, 1.5199999809265137, 1.209999918937683, 1.6899999380111694, 2.2899999618530273, 2.25, 2.2300000190734863, 2.240000009536743, 2.379999876022339, 2.7699999809265137, 2.309999942779541, 2.879999876022339, 1.7899999618530273, 2.7100000381469727, 2.6399998664855957, 2.1399998664855957, 2.3299999237060547, 2.4099998474121094, 2.669999837875366, 2.9099998474121094, 2.1399998664855957, 2.429999828338623, 2.450000047683716, 2.509999990463257, 3.509999990463257, 3.2699999809265137, 2.929999828338623, 2.869999885559082, 3.2200000286102295, 3.379999876022339, 3.419999837875366, 3.069999933242798, 3.0999999046325684, 3.4499998092651367, 2.8499999046325684, 3.3299999237060547, 4.069999694824219, 3.609999895095825, 3.75, 3.509999990463257, 3.5199999809265137, 3.5399999618530273, 3.490000009536743, 3.4700000286102295, 3.5899999141693115, 3.6399998664855957], "wall_time": [5.365732908248901, 9.016322135925293, 12.596354722976685, 16.215811252593994, 19.909062385559082, 23.73394513130188, 28.002362966537476, 31.67635226249695, 35.68537378311157, 39.40986442565918, 43.12886118888855, 46.86111521720886, 50.525124311447144, 54.16169786453247, 57.89814209938049, 62.020172119140625, 65.66572093963623, 69.44942498207092, 73.10104870796204, 76.8441002368927, 80.5001130104065, 86.07905411720276, 89.64999914169312, 93.28981876373291, 96.96410059928894, 100.61212420463562, 104.190274477005, 108.43604493141174, 112.0005190372467, 115.77915692329407, 119.61890697479248, 123.35406422615051, 127.19983386993408, 130.8251142501831, 134.73862481117249, 138.51277136802673, 142.2491738796234, 145.88311529159546, 149.49640536308289, 153.24926376342773, 157.04355454444885, 160.83055663108826, 164.59756350517273, 168.6532382965088, 172.70517110824585, 176.7259132862091, 180.7668318748474, 184.86562657356262, 188.92792773246765, 193.07178330421448, 197.8249249458313, 202.42990040779114, 207.10216307640076, 211.76771068572998, 216.39394164085388, 221.04161977767944, 225.6886911392212, 230.36386394500732, 235.07876467704773, 239.78166961669922, 246.0495162010193, 252.27174639701843, 258.4376838207245, 262.41821479797363, 266.64180636405945, 271.76899790763855, 277.87716126441956, 284.0272569656372, 289.0181486606598, 294.0635724067688, 299.0836260318756, 304.1956617832184, 309.2737662792206, 314.3397181034088, 319.43288373947144, 324.51910734176636, 329.60169982910156, 334.7177665233612, 346.4532608985901, 351.1950786113739, 355.9505944252014, 360.70840668678284, 367.07770705223083, 373.4630057811737, 379.73510003089905, 385.9965178966522, 390.4258210659027, 394.871045589447, 400.767719745636, 409.14277744293213, 413.4619867801666, 418.4881830215454, 423.52605080604553, 428.61166286468506, 433.6643466949463, 441.8590397834778, 447.383172750473, 452.95008277893066, 458.49307584762573, 464.110066652298], "val_loss": [22.323755093383788, 6.441072194671631, 4.994959915924072, 4.680464482116699, 4.3819325782775875, 4.34307370223999, 4.2987842254638675, 4.649389614868164, 4.34801123046875, 4.240328395080566, 4.109893685150147, 4.096925081634521, 4.125886390686035, 4.050738092041016, 4.048439325332642, 4.064975950622559, 14.05588410949707, 79.58621005249023, 45.99473731689453, 38.66270225830078, 29.301209515380858, 18.672533932495117, 15.519248040771485, 10.888203973388672, 8.813376011657715, 7.280738945770263, 8.615962614440917, 9.558446620178223, 6.890662892913818, 7.4307102684021, 6.2082274009704586, 7.088525319671631, 7.39483228302002, 6.908575469970703, 5.864607480621338, 6.420096696472168, 5.886830519104004, 5.695251760864258, 5.435887950897217, 5.708861664581299, 5.521032170104981, 5.465477796173095, 5.324768399810791, 5.517783306884765, 5.229326586914063, 5.35027725982666, 5.2625095069885255, 5.361645707702637, 5.046687477874756, 5.176662387084961, 5.305993641662598, 5.5216490745544435, 5.272772431182862, 5.424563282012939, 5.169009335327148, 5.030301330566406, 5.096538625335693, 5.094446407318115, 4.942104113769531, 4.840039402770996, 4.916561530303955, 4.80092582397461, 4.776262793731689, 4.809302686309814, 4.692074837493896, 4.6684068595886234, 4.648618619537354, 4.678031002807617, 4.695835402679443, 4.604832167053223, 4.609948501586914, 4.554690134429932, 4.601713509368897, 4.523313822174072, 4.51718808670044, 4.500221147918701, 4.588663493347168, 4.451052095794678, 4.4578559089660645, 4.4314003067016605, 4.426066943359375, 4.414448431396484, 4.4141016220092775, 4.3965047828674315, 4.361976499938965, 4.379728858184815, 4.371058709716797, 4.35178663482666, 4.3408325607299805, 4.33828535232544, 4.331382205963135, 4.320990269470215, 4.323877883911133, 4.324697065734863, 4.320287162017823, 4.321058567810058, 4.317802067565918, 4.321354451751709, 4.318765416717529, 4.321274276733399],