{"loss": [], "acc": [], "test_loss": [10.277425521850587, 4.946369096374512, 4.738923207855224, 4.525183183288574, 4.346653958129883, 4.221245858764648, 4.113328521728516, 4.118541421127319, 4.0067446926116945, 4.028189220428467, 3.9332010726928712, 3.9115036373138428, 3.912329425430298, 3.829332499694824, 3.7935895027160647, 3.848000996398926, 3.9068083724975584, 3.7756771141052248, 3.8143764518737795, 3.7030541305541993, 3.635834943008423, 3.5695505027770995, 3.643446048736572, 3.6022059104919433, 3.6126360206604002, 3.5805454216003416, 3.5861451572418215, 3.5312832592010497, 3.5096792572021482, 3.75222739944458, 3.489541654968262, 3.495342935180664, 3.4287069496154787, 3.404674839782715, 3.3744212966918945, 3.304835566711426, 3.326399237060547, 3.2785037479400634, 3.2682528427124025, 3.243136228561401, 3.3058156295776366, 3.2922310150146483, 3.190514947128296, 3.2142551460266113, 3.3589031692504885, 3.1489244293212892, 3.125759928894043, 3.1433527114868163, 3.100736310958862, 3.031221929550171, 3.1045188819885254, 3.0263159038543703, 3.0085193359375, 3.10068592376709, 3.0868469268798826, 2.972562370300293, 2.9708842224121095, 2.961636817932129, 2.9223479164123534, 2.975701718902588, 2.9629022087097168, 2.9722670581817625, 2.94426628036499, 2.9459427871704102, 2.9520321392059325, 2.8865727115631103, 2.8731603172302247, 2.9285480041503904, 2.89845908164978, 2.8692171459197997, 2.9185118278503417, 2.8758904167175294, 2.8723796520233154, 2.9225364265441893, 2.8569064456939697, 2.8897978317260744, 2.8912267612457274, 2.8561840621948242, 2.8442664909362794, 2.8665415744781493, 2.839251460647583, 2.858797538757324, 2.8482706356048584, 2.874781938171387, 2.852066414260864, 2.8621416221618654, 2.877148687362671, 2.8628809841156007, 2.8741492797851564, 2.8632432565689085, 2.86644435005188, 2.871251435470581, 2.869501100158691, 2.870656379890442, 2.8650971385955812, 2.8745192878723143, 2.8751849826812745, 2.872426168823242, 2.8740600200653077, 2.8702393184661865], "test_acc": [1.1100000143051147, 3.299999952316284, 2.7899999618530273, 4.400000095367432, 3.6399998664855957, 5.059999942779541, 5.829999923706055, 5.690000057220459, 7.049999713897705, 6.699999809265137, 7.46999979019165, 8.460000038146973, 9.15999984741211, 10.09000015258789, 10.239999771118164, 10.40999984741211, 10.079999923706055, 10.739999771118164, 10.559999465942383, 12.029999732971191, 13.819999694824219, 14.269999504089355, 13.359999656677246, 14.229999542236328, 14.989999771118164, 14.25999927520752, 14.40999984741211, 15.529999732971191, 15.6899995803833, 14.210000038146973, 15.829999923706055, 17.369998931884766, 18.209999084472656, 18.939998626708984, 19.100000381469727, 20.06999969482422, 20.399999618530273, 21.26999855041504, 21.31999969482422, 21.44999885559082, 21.719999313354492, 22.0, 23.369998931884766, 23.010000228881836, 21.76999855041504, 23.889999389648438, 24.709999084472656, 24.599998474121094, 24.81999969482422, 26.029998779296875, 25.309999465942383, 26.76999855041504, 27.309999465942383, 26.67999839782715, 26.60999870300293, 27.959999084472656, 27.78999900817871, 28.25, 29.229999542236328, 29.739999771118164, 29.759998321533203, 29.329999923706055, 30.35999870300293, 30.189998626708984, 30.059999465942383, 30.809999465942383, 31.719999313354492, 31.1299991607666, 32.029998779296875, 31.869998931884766, 31.35999870300293, 32.380001068115234, 32.540000915527344, 32.529998779296875, 32.709999084472656, 32.86000061035156, 33.02000045776367, 33.39999771118164, 33.619998931884766, 33.77000045776367, 34.05999755859375, 34.06999969482422, 34.189998626708984, 34.05999755859375, 34.22999954223633, 34.21999740600586, 34.5099983215332, 34.32999801635742, 34.2599983215332, 34.38999938964844, 34.5099983215332, 34.5099983215332, 34.529998779296875, 34.73999786376953, 34.56999969482422, 34.64999771118164, 34.540000915527344, 34.71999740600586, 34.619998931884766, 34.82999801635742], "wall_time": [4.357747316360474, 7.069470405578613, 9.807807683944702, 12.537443399429321, 15.069885492324829, 17.75525450706482, 20.764751195907593, 23.669686794281006, 26.19506311416626, 29.082716941833496, 31.949336528778076, 34.69239568710327, 37.64833474159241, 40.59077191352844, 43.37242603302002, 46.214109659194946, 49.17124271392822, 52.07870364189148, 54.97168564796448, 57.86425018310547, 60.530261754989624, 63.48656392097473, 66.3174877166748, 68.99607348442078, 71.69269299507141, 74.50616455078125, 77.46826791763306, 80.0788221359253, 83.04774022102356, 85.98103976249695, 88.5605046749115, 91.20901036262512, 94.11047625541687, 96.95419454574585, 99.54602289199829, 102.41362071037292, 105.21502947807312, 107.98801684379578, 110.65833115577698, 113.5188729763031, 116.13571453094482, 118.97407698631287, 121.56260013580322, 124.2280821800232, 126.87312865257263, 129.49509358406067, 132.19909071922302, 135.14438652992249, 138.02958965301514, 140.6255326271057, 143.46001982688904, 146.08354544639587, 148.71198225021362, 151.37475490570068, 154.03851509094238, 156.93865036964417, 159.58625602722168, 162.40639066696167, 165.28173851966858, 167.9742727279663, 170.81958961486816, 173.71878027915955, 176.6101667881012, 179.41758179664612, 182.28991651535034, 185.15705919265747, 187.95439910888672, 190.55966520309448, 193.18932366371155, 196.03402495384216, 198.70864129066467, 201.35632753372192, 203.9318470954895, 206.5294337272644, 209.2594199180603, 212.16608333587646, 214.95664763450623, 217.91689586639404, 220.7189438343048, 223.27290034294128, 226.0721845626831, 228.66359448432922, 231.56454634666443, 234.20423102378845, 236.8204367160797, 239.60836243629456, 242.38825464248657, 245.2450590133667, 248.01144576072693, 250.60187363624573, 253.21958684921265, 255.9488787651062, 258.7852973937988, 261.439316034317, 264.31117701530457, 267.18439292907715, 269.7229480743408, 272.28045892715454, 275.1341791152954, 277.814822435379], "val_loss": [10.28905480041504, 4.917527848052979, 4.717242884063721, 4.517779988861084, 4.337892501831055, 4.225474517822265, 4.100310133361816, 4.09735966796875, 3.996763619995117, 4.031797568130493, 3.91876821937561, 3.9260717037200927, 3.8993294933319094, 3.8196660804748537, 3.760942230606079, 3.8208218410491943, 3.8965946193695067, 3.7631620418548586, 3.804475947189331, 3.7034872760772704, 3.6415315475463865, 3.55980712928772, 3.6523396598815916, 3.6058015838623048, 3.6003248130798338, 3.5781078563690185, 3.5779225246429442, 3.531042008972168, 3.48291940612793, 3.768229716873169, 3.47867799911499, 3.5040814830780027, 3.421294352722168, 3.4144980110168457, 3.3490612297058107, 3.302256951904297, 3.3179143280029297, 3.28302502746582, 3.259872993469238, 3.2432662342071534, 3.296832527923584, 3.255276023864746, 3.1793173236846926, 3.227446630859375, 3.3688580703735354, 3.1253524810791014, 3.130725337982178, 3.134961310195923, 3.0726625160217287, 3.022278339767456, 3.1086627822875976, 3.011966775894165, 3.0112847988128664, 3.097566501998901, 3.062741424179077, 2.962142277145386, 2.9664253658294677, 2.9637042598724364, 2.938621984863281, 2.9761316589355467, 2.9498552268981935, 2.951844584274292, 2.946542878341675, 2.9366296325683594, 2.9237919216156008, 2.889589772415161, 2.877554916381836, 2.926013717651367, 2.8924846603393553, 2.875255393218994, 2.9193089878082277, 2.8892604915618896, 2.887300828170776, 2.920275779724121, 2.8656737392425535, 2.897062406539917, 2.9009538173675535, 2.8826040740966796, 2.8662921028137207, 2.8839648078918456, 2.855423077011108, 2.8787392135620116, 2.866236340713501, 2.8963419803619384, 2.8826997135162356, 2.88449012260437, 2.9076202655792236, 2.8865601318359375, 2.8973116886138914, 2.882155489730835, 2.8921552879333494, 2.8890797245025635, 2.8940858463287356, 2.896512759399414, 2.8920518104553223, 2.9009452671051026, 2.898997832107544, 2.8970820518493654, 2.898483969116211, 2.8962139572143553],