{"loss": [], "acc": [], "test_loss": [4.659243157196045, 4.535315226745605, 4.29785216140747, 4.0976595901489254, 4.190618173217773, 4.04766263847351, 3.8906642040252684, 3.8222604110717775, 3.8109882133483888, 3.891168296432495, 3.7406780410766602, 3.7901234279632567, 3.6617660751342775, 3.6048419609069824, 3.7714217266082763, 3.769108975982666, 3.5200286056518553, 3.541925646209717, 3.527199857711792, 3.5441434253692625, 3.4711887100219725, 3.500372475814819, 3.4578632137298584, 3.567075923156738, 3.497467176437378, 3.458481534576416, 3.5027513339996337, 3.4844892250061035, 3.5487922618865966, 3.3410518638610838, 3.405165958786011, 3.326268979263306, 3.4199916748046877, 3.5374491737365723, 3.389636059951782, 3.481844275665283, 3.3395384994506836, 3.3682305992126467, 3.3559315719604492, 3.474581886291504, 3.4591043769836425, 3.3882589115142823, 3.3501771060943604, 3.400124516296387, 3.513462432861328, 3.5090537696838378, 3.379349699020386, 3.350873452758789, 3.393265822982788, 3.4526889656066895, 3.5793398986816407, 3.488587936401367, 3.6159331115722657, 3.533154250717163, 3.542490315246582, 3.5615794830322267, 3.61042077293396, 3.7933905448913574, 3.637794317245483, 3.6277882972717284, 3.701416075515747, 3.773222877883911, 3.713859005355835, 3.7235425273895264, 3.7663762348175047, 3.7650055332183836, 3.784805795288086, 3.7909072257995606, 3.850815215301514, 3.88655906829834, 3.876780142593384, 3.885216526031494, 3.9212568199157714, 3.9545659843444825, 3.960055961227417, 3.9636480991363525, 3.9400226753234864, 3.9789284061431887, 3.9922097858428955, 4.000464783477783, 3.9899061046600344, 3.9750923820495605, 4.014119285202026, 4.015709798431397, 4.046316315460205, 4.020127684020996, 4.040459658813477, 4.053051968765259, 4.055059001922608, 4.054531184005738, 4.054340334320068, 4.053619693374634, 4.074618440246582, 4.056625815582275, 4.071024859237671, 4.055326496124268, 4.06479086303711, 4.0570866390228275, 4.06228577003479, 4.055176748657226], "test_acc": [0.9199999570846558, 3.2899999618530273, 4.400000095367432, 6.389999866485596, 6.049999713897705, 7.699999809265137, 9.09999942779541, 10.569999694824219, 11.039999961853027, 10.4399995803833, 12.079999923706055, 11.519999504089355, 13.989999771118164, 14.15999984741211, 13.0, 12.289999961853027, 15.609999656677246, 15.889999389648438, 16.85999870300293, 16.81999969482422, 17.85999870300293, 16.85999870300293, 17.350000381469727, 17.1299991607666, 19.10999870300293, 18.93000030517578, 18.65999984741211, 19.350000381469727, 18.53999900817871, 21.469999313354492, 20.029998779296875, 22.100000381469727, 21.369998931884766, 19.899999618530273, 21.90999984741211, 21.01999855041504, 22.739999771118164, 23.40999984741211, 23.81999969482422, 22.639999389648438, 22.75, 23.78999900817871, 24.029998779296875, 24.01999855041504, 23.689998626708984, 24.219999313354492, 25.43000030517578, 25.510000228881836, 25.75, 25.869998931884766, 24.549999237060547, 25.15999984741211, 23.739999771118164, 25.5, 25.229999542236328, 25.459999084472656, 25.239999771118164, 24.60999870300293, 26.549999237060547, 26.369998931884766, 26.010000228881836, 26.469999313354492, 26.51999855041504, 26.53999900817871, 27.149999618530273, 27.56999969482422, 27.309999465942383, 28.219999313354492, 27.01999855041504, 27.329999923706055, 28.489999771118164, 28.51999855041504, 28.260000228881836, 28.549999237060547, 28.889999389648438, 28.479999542236328, 29.5, 28.649999618530273, 29.329999923706055, 29.439998626708984, 29.69999885559082, 29.869998931884766, 29.78999900817871, 29.849998474121094, 29.619998931884766, 29.779998779296875, 29.899999618530273, 29.889999389648438, 30.189998626708984, 30.299999237060547, 29.899999618530273, 30.09000015258789, 30.049999237060547, 30.0, 30.06999969482422, 30.139999389648438, 30.17999839782715, 30.19999885559082, 30.01999855041504, 30.119998931884766], "wall_time": [5.034673452377319, 8.906036138534546, 12.676276445388794, 16.849271535873413, 20.80185055732727, 23.57733988761902, 26.525667428970337, 29.14229965209961, 32.02169418334961, 34.837406158447266, 38.0273916721344, 40.94149374961853, 43.71109986305237, 47.15518116950989, 50.42094016075134, 53.6000452041626, 56.941670417785645, 59.84716868400574, 63.25866508483887, 66.65972828865051, 69.83800220489502, 74.20606756210327, 77.3396418094635, 80.79970622062683, 83.73682165145874, 87.31549525260925, 90.36786365509033, 93.8249933719635, 96.5286135673523, 100.32051682472229, 103.1572778224945, 107.46246123313904, 111.62067890167236, 115.63936257362366, 119.62284278869629, 123.57105255126953, 127.61722493171692, 131.59582543373108, 135.73507928848267, 139.8941261768341, 142.73900175094604, 146.75749516487122, 150.9034779071808, 154.79087924957275, 158.76467728614807, 162.68365955352783, 166.62600922584534, 170.64894938468933, 174.59551739692688, 178.25398874282837, 181.1405565738678, 183.94660711288452, 187.06818532943726, 189.65553379058838, 192.29203724861145, 195.24898886680603, 198.68145847320557, 202.05611085891724, 205.01799321174622, 207.97226810455322, 211.3435161113739, 215.2315559387207, 218.49214458465576, 222.0625774860382, 224.90489149093628, 228.34481406211853, 231.3323884010315, 234.7147741317749, 238.75013399124146, 242.0567421913147, 246.04091024398804, 249.1003613471985, 252.51029682159424, 255.4830400943756, 258.7736864089966, 261.9277939796448, 265.1409227848053, 267.90322518348694, 271.1940200328827, 274.6501922607422, 277.78455877304077, 281.673282623291, 285.70491909980774, 289.8074629306793, 293.74240040779114, 297.61496686935425, 301.4966411590576, 305.71678471565247, 309.87930965423584, 312.4868326187134, 316.62388372421265, 320.50216722488403, 324.39618611335754, 328.3536343574524, 332.24936532974243, 336.15514874458313, 340.0535981655121, 344.07774591445923, 347.9688296318054, 350.78647541999817], "val_loss": [4.652119319915771, 4.52208201751709, 4.283055769348144, 4.100474118804931, 4.176254746246338, 4.0577958427429195, 3.8900600765228273, 3.8223167934417726, 3.794981929397583, 3.869586153793335, 3.7325834270477296, 3.7966193756103515, 3.6438958431243895, 3.589925923156738, 3.7553086841583254, 3.7457464462280274, 3.4899629638671876, 3.5110612758636472, 3.5188083068847655, 3.526408327102661, 3.463338240814209, 3.471216409301758, 3.4502782455444336, 3.5418386131286623, 3.492987716293335, 3.4468904541015624, 3.4801092235565187, 3.460870579147339, 3.5253814865112303, 3.3448228729248046, 3.385122687149048, 3.341680376434326, 3.394114344406128, 3.4897702072143555, 3.3639200115203858, 3.4797935817718506, 3.3389541450500486, 3.3467164352416994, 3.3311826496124266, 3.469724264907837, 3.4543373188018798, 3.384244387435913, 3.3353619369506835, 3.3900073783874514, 3.4609409164428713, 3.485568431854248, 3.39830746383667, 3.3385039493560793, 3.4009014850616457, 3.4460748222351074, 3.5604644104003906, 3.494892392349243, 3.5986254295349123, 3.482639567565918, 3.5163966567993166, 3.560727923965454, 3.602516753768921, 3.8105102684020995, 3.641584411239624, 3.598113123321533, 3.6812267059326174, 3.7488764728546142, 3.7095091217041016, 3.689061050415039, 3.7595175670623777, 3.7419367767333984, 3.7605723976135255, 3.7778162071228025, 3.8258436317443847, 3.8492792655944825, 3.8524174156188966, 3.879459624481201, 3.9133399253845216, 3.9090355667114256, 3.9542535652160646, 3.9652144546508787, 3.9348475341796876, 3.9986146545410155, 3.9905647285461425, 3.9818037467956544, 3.989011530303955, 3.9806302032470704, 4.008724066925049, 4.011960160064698, 4.044073917388916, 4.027405393981933, 4.03966657333374, 4.059010863494873, 4.054520468139648, 4.056915357208252, 4.055455309295654, 4.051384321594238, 4.074712978363037, 4.053264119720459, 4.068215823364258, 4.0590783226013185, 4.066530499267578, 4.0579358650207515, 4.060344082641602, 4.055180429840088],