{"loss": [], "acc": [], "test_loss": [4.519709420013427, 4.5934903465270995, 4.080095083236694, 4.023253625106811, 3.91762064743042, 3.7931582344055177, 3.7697828392028807, 3.7698881034851075, 3.718659764099121, 3.5928894088745116, 3.6218225643157957, 3.5904345466613767, 3.590548372268677, 3.4864105339050293, 3.537645924377441, 3.418694326400757, 3.5620122871398925, 3.5226109237670897, 3.329763342666626, 3.3993248077392577, 3.362636054992676, 3.3837934215545653, 3.2230857982635497, 3.3023180278778077, 3.2704009365081785, 3.326889199066162, 3.284319166183472, 3.397715319824219, 3.3394160625457765, 3.230940033721924, 3.3185192443847655, 3.2207579097747803, 3.2137802921295164, 3.3817333549499513, 3.4713518035888673, 3.3524420181274412, 3.3413570484161377, 3.3171828285217284, 3.407996378326416, 3.427213740158081, 3.521110019683838, 3.4698607898712157, 3.460466766357422, 3.4063009143829346, 3.5305118213653564, 3.5018182098388673, 3.6227224685668946, 3.5188109748840333, 3.6094745052337647, 3.6028351989746095, 3.625973246765137, 3.6403688316345213, 3.6063271896362306, 3.6334233238220213, 3.5448278476715087, 3.652298305130005, 3.623912754058838, 3.5190581703186035, 3.570605241394043, 3.558619239807129, 3.501734168624878, 3.4901397079467773, 3.4445110305786133, 3.4927299362182618, 3.4289072341918945, 3.4173681201934816, 3.418560583496094, 3.4107019317626954, 3.395074685287476, 3.4069928565979004, 3.3791336853027345, 3.3712915939331056, 3.35907366104126, 3.3539211280822756, 3.367093871307373, 3.342993719482422, 3.3312333950042725, 3.3240678451538086, 3.3166948558807374, 3.3225652603149416, 3.3086682571411132, 3.319980407714844, 3.3071623783111574, 3.310572585296631, 3.3097350547790527, 3.311934424209595, 3.296430112838745, 3.303745367431641, 3.3033406803131102, 3.294095952987671, 3.2968048210144043, 3.301585466003418, 3.2955426498413085, 3.298123137664795, 3.301166756820679, 3.298517723083496, 3.2914131439208982, 3.294896608352661, 3.296895679855347, 3.291168347167969], "test_acc": [2.440000057220459, 4.480000019073486, 8.139999389648438, 7.909999847412109, 8.609999656677246, 10.979999542236328, 11.069999694824219, 12.079999923706055, 13.170000076293945, 14.649999618530273, 14.929999351501465, 15.269999504089355, 16.260000228881836, 17.68000030517578, 16.59000015258789, 19.959999084472656, 17.09000015258789, 17.399999618530273, 20.350000381469727, 21.09000015258789, 21.35999870300293, 21.5, 23.93000030517578, 23.6299991607666, 24.25, 23.90999984741211, 24.689998626708984, 24.459999084472656, 23.920000076293945, 24.829999923706055, 24.85999870300293, 26.40999984741211, 27.3799991607666, 25.849998474121094, 25.309999465942383, 27.17999839782715, 27.6299991607666, 27.689998626708984, 27.559999465942383, 27.420000076293945, 27.510000228881836, 27.8799991607666, 28.510000228881836, 29.049999237060547, 27.869998931884766, 29.399999618530273, 28.5, 30.1299991607666, 30.029998779296875, 29.899999618530273, 30.849998474121094, 29.94999885559082, 30.869998931884766, 30.959999084472656, 32.70000076293945, 31.44999885559082, 32.130001068115234, 32.61000061035156, 32.91999816894531, 32.73999786376953, 33.939998626708984, 33.36000061035156, 34.20000076293945, 33.52000045776367, 33.93000030517578, 34.11000061035156, 34.02000045776367, 34.040000915527344, 34.27000045776367, 34.14999771118164, 34.09000015258789, 34.52000045776367, 34.54999923706055, 34.46999740600586, 34.57999801635742, 34.59000015258789, 34.779998779296875, 34.599998474121094, 34.66999816894531, 34.72999954223633, 34.84000015258789, 34.64999771118164, 34.59000015258789, 34.93000030517578, 34.73999786376953, 34.70000076293945, 35.02000045776367, 34.88999938964844, 34.939998626708984, 34.82999801635742, 34.89999771118164, 34.93000030517578, 35.0, 34.7599983215332, 34.869998931884766, 34.77000045776367, 34.93000030517578, 34.869998931884766, 34.849998474121094, 34.86000061035156], "wall_time": [3.727891683578491, 6.121227264404297, 8.62017297744751, 11.235343933105469, 13.805184841156006, 16.298536777496338, 18.92401909828186, 21.551593542099, 24.073989868164062, 26.670576810836792, 29.27995777130127, 31.870892763137817, 34.43495154380798, 37.06361246109009, 39.3870689868927, 41.729504108428955, 43.97930312156677, 46.464637994766235, 48.97970676422119, 51.78055810928345, 54.37380599975586, 56.80075025558472, 59.23728680610657, 61.996217250823975, 64.12157917022705, 66.34948301315308, 68.44857740402222, 70.76857209205627, 72.93987083435059, 75.07948231697083, 77.13750433921814, 79.21200633049011, 81.73155450820923, 84.02144837379456, 86.52377676963806, 88.97201704978943, 91.29138851165771, 93.77473068237305, 96.14117097854614, 98.54093146324158, 100.84219431877136, 103.06099963188171, 105.40745186805725, 107.79705023765564, 110.1460268497467, 112.3952865600586, 114.98549365997314, 117.36490488052368, 119.70746302604675, 122.08098602294922, 124.19175815582275, 126.61127495765686, 128.71388411521912, 131.1639323234558, 133.50120639801025, 135.88542985916138, 138.13576340675354, 140.31144618988037, 142.3475477695465, 144.7428228855133, 147.2160267829895, 149.60205674171448, 151.75005841255188, 154.34235191345215, 156.6953957080841, 158.9260814189911, 161.16785264015198, 163.36136198043823, 165.79340767860413, 168.10625863075256, 170.45908784866333, 172.83748412132263, 174.91322565078735, 177.11209917068481, 179.41466403007507, 181.58860635757446, 183.7005171775818, 185.9439079761505, 188.25024700164795, 190.62810397148132, 192.95812582969666, 195.26562309265137, 197.68797516822815, 200.09693551063538, 202.4796600341797, 204.88988137245178, 207.05798649787903, 209.21761083602905, 211.6403067111969, 213.8913381099701, 216.00805020332336, 218.3022105693817, 220.3731071949005, 222.66432881355286, 225.15709972381592, 227.52074337005615, 229.9330747127533, 232.2758972644806, 234.62954378128052, 236.95828700065613], "val_loss": [4.50986434173584, 4.573996447753906, 4.055940875244141, 4.005217726898193, 3.8994434707641603, 3.7835949363708496, 3.7401275276184083, 3.74702465133667, 3.704184880065918, 3.5717568756103515, 3.62392184715271, 3.584499312210083, 3.5961814853668215, 3.49709314956665, 3.5208958484649657, 3.405696940612793, 3.5524027713775634, 3.522689450454712, 3.3120494297027587, 3.3801856204986573, 3.393114500808716, 3.3703763042449952, 3.219467711639404, 3.3044900245666504, 3.2608588779449463, 3.325520888519287, 3.265076261138916, 3.3810214458465575, 3.3385868515014647, 3.2033680477142332, 3.3090194458007813, 3.2032152793884276, 3.1823076950073244, 3.318211765289307, 3.4347719524383544, 3.3316153438568117, 3.344649247741699, 3.299507608795166, 3.388458688354492, 3.4216119808197023, 3.500995774459839, 3.4059544685363767, 3.413161775588989, 3.38762056350708, 3.5128920783996582, 3.4812736846923826, 3.569237627410889, 3.4770830223083498, 3.5279353424072264, 3.568354217529297, 3.560299129104614, 3.6113335136413576, 3.560906181335449, 3.6179195617675783, 3.5012085037231446, 3.629810528564453, 3.584678947067261, 3.4987244319915773, 3.534943621826172, 3.5055268741607666, 3.485938804626465, 3.4701876251220702, 3.434525283050537, 3.462717692184448, 3.4126342281341553, 3.400089175415039, 3.402254210662842, 3.3938857402801514, 3.3720209674835204, 3.3836701622009278, 3.3609719230651853, 3.3547189918518066, 3.3350872913360594, 3.3485088466644286, 3.3476321140289307, 3.3266338829040527, 3.315691176223755, 3.3039120098114014, 3.304521686935425, 3.309811108779907, 3.2994106704711914, 3.304293269729614, 3.2900593078613283, 3.2932279510498046, 3.29300571937561, 3.295102861404419, 3.2808591552734376, 3.290556335067749, 3.2877097885131836, 3.2836913681030273, 3.2827052093505857, 3.289556314086914, 3.2844188163757324, 3.2890230907440188, 3.290780855178833, 3.287078360748291, 3.280948150253296, 3.2830939476013183, 3.2832684814453126, 3.2803460872650145],