{"loss": [], "acc": [], "test_loss": [8.973029469299316, 4.800288638305664, 4.3366284278869625, 4.300266931915283, 4.311631228637696, 4.2013590553283695, 4.132179177856445, 4.028446632003784, 3.9176608909606934, 3.9559288013458254, 3.8585793479919435, 3.840407093048096, 4.029800823974609, 3.5630495388031007, 3.7343288024902344, 3.613788887023926, 3.583249842834473, 3.850887339782715, 3.410586735153198, 3.422981770324707, 3.382052185821533, 3.3884682067871092, 3.314682987976074, 3.2601358375549316, 3.3217624156951904, 3.3442815170288087, 3.170393186187744, 3.2132278579711913, 3.284491530609131, 3.233842022705078, 3.1110980125427248, 3.238556139373779, 3.0898374389648438, 3.05887744140625, 3.078174683380127, 3.0333573108673098, 2.918421471405029, 2.9399362716674804, 2.9172640882492065, 2.9041456203460694, 2.940634605789185, 2.8407151653289793, 2.8464675186157224, 2.827023140335083, 2.8202296829223634, 2.894984954071045, 2.831713636779785, 2.730961884689331, 2.7485146900177, 2.7553842937469484, 2.757805336380005, 2.747260343170166, 2.7225565238952636, 2.675268288421631, 2.706427687072754, 2.6925678941726683, 2.6434601945877074, 2.6611965492248535, 2.640372926712036, 2.621398540687561, 2.596919688606262, 2.595715201187134, 2.5785509773254396, 2.642818263244629, 2.581659576034546, 2.5972881736755373, 2.528294818878174, 2.5824293113708494, 2.594599334716797, 2.582479083251953, 2.564413632965088, 2.5166841983795165, 2.525071315765381, 2.5351835151672364, 2.5631231649398805, 2.557754976463318, 2.58179294090271, 2.5546122692108155, 2.534658540725708, 2.5486082317352294, 2.548821410560608, 2.5346220767974854, 2.5361333477020263, 2.547035824966431, 2.5290034454345705, 2.540879359817505, 2.536283671951294, 2.5428628171920775, 2.533321114349365, 2.5359100368499754, 2.5393994884490967, 2.5316096145629885, 2.5390734626770017, 2.540639493560791, 2.5463624309539794, 2.5380675117492677, 2.5408000942230227, 2.532682578277588, 2.535553503036499, 2.5421937091827393], "test_acc": [1.149999976158142, 3.799999952316284, 4.710000038146973, 5.289999961853027, 5.670000076293945, 4.96999979019165, 5.940000057220459, 6.829999923706055, 8.239999771118164, 8.489999771118164, 10.029999732971191, 9.800000190734863, 7.739999771118164, 13.839999198913574, 12.139999389648438, 14.75999927520752, 14.239999771118164, 12.719999313354492, 16.770000457763672, 17.049999237060547, 17.90999984741211, 17.829999923706055, 19.079999923706055, 19.85999870300293, 18.5, 20.010000228881836, 21.979999542236328, 21.93000030517578, 20.31999969482422, 20.739999771118164, 23.59000015258789, 22.350000381469727, 24.119998931884766, 24.0, 24.689998626708984, 24.869998931884766, 27.90999984741211, 26.809999465942383, 27.17999839782715, 27.849998474121094, 27.709999084472656, 29.53999900817871, 29.81999969482422, 29.94999885559082, 30.28999900817871, 29.829999923706055, 31.119998931884766, 31.709999084472656, 31.469999313354492, 32.27000045776367, 32.05999755859375, 31.939998626708984, 32.68000030517578, 34.529998779296875, 33.70000076293945, 34.48999786376953, 35.0, 35.12999725341797, 35.54999923706055, 35.93000030517578, 36.11000061035156, 36.71999740600586, 36.349998474121094, 36.22999954223633, 37.040000915527344, 37.59000015258789, 38.040000915527344, 37.89999771118164, 37.31999969482422, 37.98999786376953, 38.25, 38.73999786376953, 39.439998626708984, 39.27000045776367, 38.66999816894531, 38.70000076293945, 38.84000015258789, 39.02000045776367, 39.27000045776367, 39.66999816894531, 39.439998626708984, 40.0099983215332, 39.47999954223633, 39.70000076293945, 40.15999984741211, 39.81999969482422, 39.78999710083008, 39.91999816894531, 39.709999084472656, 39.959999084472656, 40.18000030517578, 39.869998931884766, 40.029998779296875, 39.709999084472656, 39.86000061035156, 40.0099983215332, 40.03999710083008, 39.98999786376953, 40.03999710083008, 39.849998474121094], "wall_time": [3.589033842086792, 5.928285837173462, 8.169065713882446, 10.731107234954834, 13.02477240562439, 15.53492283821106, 17.892899990081787, 20.2918438911438, 22.652838706970215, 25.07057237625122, 27.532833337783813, 29.82283639907837, 32.22138047218323, 34.63529109954834, 36.84569025039673, 39.16957139968872, 41.63369369506836, 44.005850315093994, 46.38561987876892, 48.76176142692566, 50.97696137428284, 53.370830059051514, 55.827816009521484, 58.2434663772583, 60.50712013244629, 62.956610441207886, 65.30882024765015, 67.66845512390137, 70.05035305023193, 72.39875531196594, 74.66489791870117, 77.07584857940674, 79.3752851486206, 81.64294791221619, 84.06726455688477, 86.29175472259521, 88.71505546569824, 91.1019971370697, 93.42617845535278, 95.68810987472534, 98.03800868988037, 100.36662602424622, 102.67271947860718, 105.11595177650452, 107.478444814682, 109.78979444503784, 112.19672179222107, 114.57746505737305, 116.98810958862305, 119.41113257408142, 121.7109146118164, 124.11611819267273, 126.55312371253967, 128.74378061294556, 131.0616648197174, 133.45292615890503, 135.76408576965332, 138.1308615207672, 140.46804571151733, 142.88049125671387, 145.16334867477417, 147.58664059638977, 150.00705552101135, 152.19940543174744, 154.4827115535736, 156.8775200843811, 159.26229453086853, 161.63047051429749, 164.00467491149902, 166.2587902545929, 168.57815313339233, 170.81769514083862, 173.24693274497986, 175.48346066474915, 177.76528477668762, 180.16718983650208, 182.53527092933655, 185.03486442565918, 187.51082611083984, 189.95229268074036, 192.2846405506134, 194.52954530715942, 196.75602912902832, 199.01107335090637, 201.211327791214, 203.72609877586365, 205.9700059890747, 208.3556845188141, 210.66796207427979, 212.97006487846375, 215.29414653778076, 217.8336079120636, 220.21851873397827, 222.58515667915344, 224.80173635482788, 227.00880432128906, 229.21196246147156, 231.46571898460388, 233.8599832057953, 236.33184146881104], "val_loss": [8.900120208740235, 4.787534746551514, 4.324222861480713, 4.310566593933105, 4.3174766914367675, 4.192442307281494, 4.137133897399902, 4.0241728668212895, 3.8999630992889402, 3.9415254863739015, 3.852737701034546, 3.8524888389587404, 4.0422829856872555, 3.565336898803711, 3.718922010803223, 3.60874630279541, 3.5846859771728514, 3.8560314491271974, 3.4042596462249755, 3.419113935470581, 3.4061136585235596, 3.3948303771972657, 3.322402081298828, 3.258977047729492, 3.308360330200195, 3.331148413848877, 3.1751453636169433, 3.1920891403198244, 3.2675651103973387, 3.207601192855835, 3.0927693244934082, 3.2281017616271974, 3.0650268943786623, 3.048367469024658, 3.051568634414673, 3.0259292083740235, 2.913586000061035, 2.9153712841033936, 2.9037611850738525, 2.8857910598754883, 2.9017584823608398, 2.826924116897583, 2.828281792831421, 2.79102077255249, 2.8127043907165525, 2.879058168792725, 2.826242304229736, 2.70694727935791, 2.728703545761108, 2.7460563331604004, 2.7492854763031005, 2.7293806423187257, 2.725672032928467, 2.659535863876343, 2.705617499923706, 2.697561585235596, 2.6298027797698973, 2.6481322315216063, 2.651111319732666, 2.6322406436920165, 2.608667405700684, 2.6031141773223876, 2.5937843181610107, 2.637176828765869, 2.5887305114746093, 2.622539705657959, 2.5712424541473387, 2.6103769004821777, 2.6187753242492677, 2.606286529541016, 2.594077421951294, 2.5474010192871095, 2.5519439987182615, 2.5660115425109864, 2.586378720474243, 2.5915286178588866, 2.6107562602996826, 2.582541692352295, 2.558016397857666, 2.568546620941162, 2.5755471050262453, 2.5753148696899415, 2.567812557220459, 2.580709432220459, 2.5638579010009765, 2.571155790710449, 2.5666244338989257, 2.57961799659729, 2.5712458087921144, 2.569967753601074, 2.5776518177032473, 2.5669454582214355, 2.571579606628418, 2.576822399139404, 2.5808265132904054, 2.570249660110474, 2.572652459716797, 2.5704552585601808, 2.5689917377471922, 2.577268772888184],