{"loss": [], "acc": [], "test_loss": [4.708432540130615, 4.312708799362182, 4.103605142211914, 3.9665810367584227, 3.84558514213562, 3.821326014328003, 3.809920317840576, 3.6766111724853516, 3.668530743789673, 3.6274668769836427, 3.6106120433807374, 3.62786206741333, 3.664691295623779, 3.6937613250732424, 3.447521019744873, 3.492973490524292, 3.446852305603027, 3.4289475296020506, 3.4482409103393556, 3.382168746948242, 3.3808169158935546, 3.5298674003601076, 3.4724840255737304, 3.2451623500823974, 3.3642236442565916, 3.309207501220703, 3.3580549530029296, 3.428779573440552, 3.372558943939209, 3.3376980895996096, 3.3606340656280516, 3.4225663848876953, 3.3318190517425537, 3.4050982261657716, 3.473422660827637, 3.4886630264282226, 3.623962576675415, 3.5781768016815185, 3.4807953437805175, 3.648004594039917, 3.5919231880187987, 3.533546249008179, 3.59847573928833, 3.6421648612976076, 3.6797777008056642, 3.672984864807129, 3.722261005401611, 3.7416460472106934, 3.782362389755249, 3.648324935913086, 3.8711845947265626, 3.7345535247802735, 3.7868444202423097, 3.679652474975586, 3.733018725967407, 3.6597848625183107, 3.6914579959869385, 3.6238442153930666, 3.6287032459259034, 3.6379276344299316, 3.64662106552124, 3.5731700496673584, 3.5679966796875, 3.5579548591613768, 3.566664854049683, 3.5268074447631834, 3.494910089492798, 3.4943355239868166, 3.460799503707886, 3.47005089263916, 3.4724226554870605, 3.4667565490722656, 3.4411412189483643, 3.428798152923584, 3.4415081817626954, 3.437450009918213, 3.419138094329834, 3.41152089881897, 3.407089147567749, 3.4131533782958985, 3.409487547302246, 3.403133086013794, 3.405338301849365, 3.3939049934387207, 3.379816841888428, 3.3916272483825685, 3.396797525405884, 3.362560433959961, 3.3884812854766846, 3.3820497135162353, 3.3807471515655516, 3.3908128273010254, 3.3803369159698486, 3.383659475708008, 3.376294972991943, 3.379274853897095, 3.3811414222717286, 3.3970226085662842, 3.3819772663116456, 3.3765373725891115], "test_acc": [1.6200000047683716, 4.839999675750732, 7.299999713897705, 8.769999504089355, 9.880000114440918, 11.739999771118164, 11.729999542236328, 13.25999927520752, 14.309999465942383, 14.119999885559082, 15.069999694824219, 15.239999771118164, 14.609999656677246, 15.329999923706055, 17.670000076293945, 18.15999984741211, 19.329999923706055, 19.029998779296875, 19.420000076293945, 22.06999969482422, 21.10999870300293, 20.439998626708984, 21.56999969482422, 24.44999885559082, 23.729999542236328, 24.369998931884766, 24.06999969482422, 24.1299991607666, 24.75, 24.60999870300293, 25.189998626708984, 26.209999084472656, 26.51999855041504, 26.920000076293945, 26.899999618530273, 26.35999870300293, 26.579999923706055, 27.26999855041504, 27.60999870300293, 26.799999237060547, 28.09000015258789, 28.65999984741211, 29.509998321533203, 28.75, 28.649999618530273, 29.60999870300293, 29.509998321533203, 30.06999969482422, 29.69999885559082, 31.15999984741211, 30.09000015258789, 31.099998474121094, 30.40999984741211, 32.27000045776367, 32.29999923706055, 32.64999771118164, 32.459999084472656, 33.04999923706055, 33.2599983215332, 33.43000030517578, 33.21999740600586, 33.82999801635742, 33.95000076293945, 34.13999938964844, 33.88999938964844, 34.619998931884766, 34.75, 34.81999969482422, 35.02000045776367, 34.64999771118164, 34.87999725341797, 34.65999984741211, 35.099998474121094, 34.959999084472656, 34.93000030517578, 34.87999725341797, 34.91999816894531, 35.0, 34.81999969482422, 35.13999938964844, 34.89999771118164, 34.849998474121094, 34.97999954223633, 34.96999740600586, 35.11000061035156, 35.040000915527344, 35.14999771118164, 35.369998931884766, 35.349998474121094, 35.2599983215332, 35.30999755859375, 35.209999084472656, 35.119998931884766, 35.21999740600586, 35.349998474121094, 35.290000915527344, 35.21999740600586, 35.23999786376953, 35.189998626708984, 35.2599983215332], "wall_time": [4.566532611846924, 7.551776885986328, 10.545565605163574, 13.673115968704224, 16.815959453582764, 19.80980610847473, 22.892919063568115, 26.028278589248657, 29.118022441864014, 32.261799335479736, 35.27992391586304, 38.37725901603699, 41.43350625038147, 44.63420009613037, 47.65453219413757, 50.866419553756714, 53.98788142204285, 56.90948438644409, 59.97334694862366, 63.067424058914185, 66.18702673912048, 69.31282806396484, 72.37930011749268, 75.68153643608093, 78.7221302986145, 81.80892491340637, 84.90703916549683, 88.06545925140381, 91.07969355583191, 94.28644895553589, 97.33467769622803, 100.41769671440125, 103.73178815841675, 106.94985127449036, 110.05481600761414, 113.1745502948761, 116.29859900474548, 119.44466400146484, 122.83982467651367, 126.435391664505, 129.6900565624237, 132.99127674102783, 136.22185921669006, 139.4497995376587, 142.70811223983765, 145.9324996471405, 149.19531750679016, 152.4166157245636, 155.68058371543884, 158.914803981781, 162.28482913970947, 165.67741703987122, 168.99371981620789, 172.39493417739868, 175.75366473197937, 179.14048886299133, 182.43887662887573, 185.77623510360718, 189.15719056129456, 192.5236110687256, 195.88876700401306, 199.25734734535217, 202.55694222450256, 205.87095952033997, 209.2130424976349, 212.52357530593872, 215.82185101509094, 219.20928120613098, 222.50486302375793, 225.85737442970276, 229.22291088104248, 232.99669575691223, 236.99016070365906, 240.99829006195068, 244.246737241745, 247.4021599292755, 250.71959447860718, 254.02288436889648, 257.33091855049133, 261.61198258399963, 265.24824953079224, 268.2829592227936, 271.4311320781708, 274.74295830726624, 278.11570477485657, 281.4055132865906, 284.75045371055603, 288.10403537750244, 291.40997552871704, 294.68727231025696, 298.1215250492096, 301.47128891944885, 304.8171787261963, 308.11637449264526, 311.4504323005676, 314.75238394737244, 318.14686727523804, 321.5107090473175, 324.8232419490814, 328.2100646495819], "val_loss": [4.690372145080566, 4.280316649627686, 4.085029905700684, 3.9649082160949707, 3.839941662979126, 3.8429129570007325, 3.8199571479797365, 3.684500566864014, 3.66671563873291, 3.61922419052124, 3.618050133514404, 3.6302432613372804, 3.658636623764038, 3.7151290767669676, 3.4613304416656496, 3.4996170345306394, 3.450224572753906, 3.4285062938690185, 3.428166381072998, 3.375580144882202, 3.3899324363708496, 3.517720378112793, 3.471503620147705, 3.232403830337524, 3.371996849822998, 3.3145604095458983, 3.382833612060547, 3.3848785526275633, 3.380530709838867, 3.3352032878875733, 3.3461157398223875, 3.3898560703277587, 3.3079801647186278, 3.405700830459595, 3.4515654178619384, 3.4753510318756105, 3.6072059829711915, 3.575986463928223, 3.4649965641021727, 3.636792853164673, 3.553144341659546, 3.506846354293823, 3.558365640258789, 3.6369654396057127, 3.6719599273681642, 3.6556423316955566, 3.711983514022827, 3.721488153076172, 3.7502787223815917, 3.637040566635132, 3.8338192081451417, 3.689390975189209, 3.7701407989501954, 3.671316120147705, 3.7129386920928953, 3.6662366256713868, 3.6807260147094727, 3.597275957107544, 3.5941620803833008, 3.6124305992126464, 3.6085371635437014, 3.5482160430908203, 3.561051183319092, 3.5512345153808593, 3.5519674530029297, 3.516726403808594, 3.485095944595337, 3.491333068084717, 3.464048924255371, 3.47072862701416, 3.464993452835083, 3.4542709045410156, 3.443110263824463, 3.4303227840423585, 3.442409850311279, 3.4346072772979737, 3.420820676422119, 3.4161800357818604, 3.406128408050537, 3.405151190185547, 3.3987946445465087, 3.3999018493652344, 3.40231842880249, 3.3945610301971434, 3.378076776123047, 3.3929664165496827, 3.3954106269836424, 3.3710119300842285, 3.3868603782653808, 3.387369533920288, 3.37889942855835, 3.3898746086120606, 3.3782483097076415, 3.382708460235596, 3.376288650894165, 3.382951369857788, 3.3807072784423826, 3.3965798847198485, 3.3828406929016115, 3.3798249710083006],