{"loss": [], "acc": [], "test_loss": [4.4473594947814945, 4.245130155181885, 4.098592193984985, 3.9948141872406007, 3.9383811038970946, 3.8460064853668214, 3.8001591068267824, 3.718518957519531, 3.695984840011597, 3.68658524017334, 3.7575176849365235, 3.948787534713745, 3.5322228412628176, 3.571704351043701, 3.4577047286987304, 3.4286481185913087, 3.3875638946533204, 3.4149474937438966, 3.304641304779053, 3.34295322303772, 3.260850297164917, 3.2162433979034426, 3.247814680480957, 3.2190468524932863, 3.1660912040710447, 3.2139479106903077, 3.193215252304077, 3.2454032665252686, 3.2716517402648924, 3.4297511196136474, 3.1265181659698484, 3.1877794689178467, 3.1394850837707517, 3.0815692504882812, 3.2173009586334227, 3.1784445339202883, 3.1853687355041505, 3.192460220336914, 3.2552805252075196, 3.1527997566223145, 3.3558913158416748, 3.1539943519592284, 3.2587260459899903, 3.351045541381836, 3.3456619354248045, 3.4036901943206788, 3.2748499839782714, 3.3588158000946047, 3.337699125289917, 3.559556735229492, 3.436475338745117, 3.5308345291137697, 3.57488826713562, 3.456475833892822, 3.4824834159851075, 3.610360855102539, 3.5176828636169435, 3.5483985641479494, 3.6053739624023438, 3.54380309715271, 3.544508907699585, 3.548362877655029, 3.546258330154419, 3.499942811203003, 3.523648235321045, 3.5683269207000734, 3.5518631492614747, 3.5352961795806883, 3.5263882194519045, 3.5225175857543944, 3.514675513458252, 3.4902804012298585, 3.5049675132751466, 3.501162419128418, 3.4790808135986326, 3.505238526535034, 3.493275091934204, 3.476274130630493, 3.473642364501953, 3.4855611602783205, 3.494762339782715, 3.47990147895813, 3.498308617782593, 3.4892286254882814, 3.4812623657226562, 3.48980909614563, 3.48224221496582, 3.4774556606292726, 3.490393991088867, 3.483686838912964, 3.478118448638916, 3.47311742477417, 3.483471570587158, 3.4802423404693603, 3.474245177459717, 3.48978529586792, 3.472123337173462, 3.4763677028656006, 3.4772472652435304, 3.4762531227111815], "test_acc": [3.0799999237060547, 5.369999885559082, 7.029999732971191, 8.670000076293945, 8.619999885559082, 11.84999942779541, 11.710000038146973, 13.279999732971191, 12.649999618530273, 13.779999732971191, 13.09999942779541, 11.789999961853027, 16.260000228881836, 15.089999198913574, 16.399999618530273, 17.489999771118164, 19.149999618530273, 18.6299991607666, 20.170000076293945, 19.939998626708984, 21.469999313354492, 22.09000015258789, 21.829999923706055, 22.60999870300293, 24.239999771118164, 23.399999618530273, 24.209999084472656, 24.709999084472656, 24.06999969482422, 23.189998626708984, 26.469999313354492, 26.69999885559082, 26.939998626708984, 27.51999855041504, 26.779998779296875, 28.489999771118164, 28.329999923706055, 28.420000076293945, 27.469999313354492, 29.03999900817871, 27.25, 30.719999313354492, 29.639999389648438, 28.920000076293945, 29.049999237060547, 28.549999237060547, 30.969999313354492, 31.09000015258789, 30.889999389648438, 29.28999900817871, 30.779998779296875, 30.279998779296875, 31.0, 31.420000076293945, 32.040000915527344, 31.6299991607666, 32.04999923706055, 31.799999237060547, 32.18000030517578, 32.84000015258789, 32.79999923706055, 33.05999755859375, 33.2599983215332, 34.13999938964844, 34.32999801635742, 33.689998626708984, 33.93000030517578, 33.79999923706055, 34.38999938964844, 34.619998931884766, 34.75, 34.64999771118164, 34.849998474121094, 35.029998779296875, 35.47999954223633, 35.04999923706055, 35.279998779296875, 35.29999923706055, 35.47999954223633, 35.39999771118164, 35.55999755859375, 35.619998931884766, 35.36000061035156, 35.40999984741211, 35.29999923706055, 35.16999816894531, 35.5, 35.369998931884766, 35.5, 35.48999786376953, 35.56999969482422, 35.56999969482422, 35.55999755859375, 35.34000015258789, 35.46999740600586, 35.5099983215332, 35.529998779296875, 35.540000915527344, 35.619998931884766, 35.689998626708984], "wall_time": [3.4554286003112793, 5.552084684371948, 7.673237085342407, 9.801365613937378, 11.9136323928833, 14.19716739654541, 16.518812894821167, 18.82130718231201, 21.244508981704712, 23.717771291732788, 25.793891429901123, 27.905190467834473, 30.223808765411377, 32.84807848930359, 35.14651322364807, 37.4068717956543, 39.54377770423889, 41.888017654418945, 44.00550556182861, 46.11549782752991, 48.47082877159119, 50.88663935661316, 52.99140501022339, 55.2255277633667, 57.51172971725464, 59.58537673950195, 61.6279661655426, 63.69758677482605, 65.77123045921326, 68.06541013717651, 70.32532525062561, 72.53577613830566, 74.5801329612732, 76.65988492965698, 78.69558429718018, 80.7467827796936, 83.01623845100403, 85.03757214546204, 87.01404023170471, 89.01416540145874, 90.97881984710693, 93.01161861419678, 95.3304603099823, 97.52554130554199, 99.64882445335388, 101.75060963630676, 103.91331601142883, 106.19462084770203, 108.2498619556427, 110.31667947769165, 112.38043451309204, 114.68099308013916, 116.97297859191895, 119.09510469436646, 121.43915700912476, 123.60953211784363, 125.90752649307251, 128.160569190979, 130.23862314224243, 132.27652382850647, 134.32685947418213, 136.66721391677856, 138.96459293365479, 141.49480295181274, 143.8626115322113, 145.94716572761536, 148.04105973243713, 150.2680950164795, 152.3926866054535, 154.61485171318054, 156.6832389831543, 158.8324477672577, 161.08184123039246, 163.18219351768494, 165.4885594844818, 167.7532103061676, 169.77642226219177, 171.85245656967163, 173.96091151237488, 176.0768175125122, 178.5769064426422, 180.72560667991638, 183.2171471118927, 185.2807047367096, 187.43848586082458, 189.53226017951965, 191.80405974388123, 193.88818836212158, 196.3070261478424, 198.47400379180908, 200.58233523368835, 202.83650851249695, 205.13143301010132, 207.1625235080719, 209.4482491016388, 211.5288860797882, 213.64039731025696, 215.71887636184692, 217.94765853881836, 220.2893579006195], "val_loss": [4.442922332000732, 4.247838048553467, 4.101782920837402, 3.9841270706176757, 3.914801649093628, 3.829287905883789, 3.794714649963379, 3.7085215312957764, 3.691237372970581, 3.6779894199371337, 3.75508395652771, 3.9621576873779296, 3.5248258575439455, 3.5724338684082033, 3.4384882568359374, 3.419189217376709, 3.355848762130737, 3.405624465942383, 3.2984158237457275, 3.3359146072387693, 3.2595091438293458, 3.2339061561584472, 3.25731046295166, 3.2132527099609374, 3.182177194213867, 3.1939533363342285, 3.1784198345184325, 3.2504686305999755, 3.2478063774108885, 3.4371911865234375, 3.1328800704956055, 3.162623546600342, 3.1736906372070313, 3.0796142612457276, 3.2044112926483153, 3.1558478958129883, 3.193046073913574, 3.1865842697143556, 3.2437490406036376, 3.19720771484375, 3.360540693664551, 3.1843492778778075, 3.234042470932007, 3.335179957962036, 3.359384455871582, 3.394686054992676, 3.2820219341278074, 3.346736849975586, 3.350017483520508, 3.5934159107208252, 3.4138827209472655, 3.508052392959595, 3.550617064666748, 3.436147803878784, 3.446293292999268, 3.578358067321777, 3.5146642681121825, 3.5312870460510255, 3.6060337577819825, 3.542316668701172, 3.521189962768555, 3.5705280281066893, 3.5394965896606445, 3.5026224739074707, 3.512946652603149, 3.5419373191833494, 3.546038700866699, 3.5364151233673096, 3.5168871295928956, 3.507521022796631, 3.512892087173462, 3.4920347953796385, 3.491317164993286, 3.4869572662353514, 3.4674602363586424, 3.4936373359680175, 3.470999941635132, 3.4659106327056883, 3.465092427825928, 3.4719042430877685, 3.482643681716919, 3.466773285675049, 3.4790989196777344, 3.473486614227295, 3.475215788269043, 3.471897409820557, 3.4654374931335448, 3.4574983448028562, 3.4755291732788085, 3.468586484146118, 3.4620782154083254, 3.4577620738983152, 3.4688698707580565, 3.4651957962036133, 3.460379198074341, 3.479374541091919, 3.4571811676025392, 3.4626853019714354, 3.466402283477783, 3.464027141952515],