{"loss": [], "acc": [], "test_loss": [9.489471955871583, 4.870846839141846, 4.169558227539063, 3.9771130416870117, 3.9283898139953615, 3.9148615020751953, 4.100257269287109, 3.9011236743927, 3.6133595844268798, 3.728393162536621, 3.556881370162964, 3.6712279392242433, 3.512343894958496, 3.510752122116089, 3.434283059692383, 3.3535884162902834, 3.3025704864501955, 3.2695390678405762, 3.271094306945801, 3.3022335975646975, 3.3205064853668214, 3.090629873275757, 3.11500764503479, 3.1521195308685304, 3.0428855194091797, 3.0070490291595457, 3.0531953147888182, 2.9938054191589356, 2.9038067962646483, 2.8982222654342653, 2.9278715532302857, 2.905546355056763, 2.8422925792694094, 2.851512969970703, 2.882177075576782, 2.9194879333496093, 3.0942659564971926, 2.9322879440307617, 2.751952954864502, 2.7506607498168947, 2.665309634780884, 2.837539237213135, 2.6959654792785646, 2.6521615455627443, 2.678671026992798, 2.6598481884002685, 2.723861391067505, 2.782308074951172, 2.7099294075012206, 2.694246979522705, 2.6548581256866455, 2.704644673919678, 2.618308229637146, 2.644213942718506, 2.5819720174789427, 2.564309729576111, 2.688156138801575, 2.623845271873474, 2.7825431507110596, 2.5822257108688356, 2.6199260829925537, 2.7080418489456175, 2.5817979167938234, 2.587678109741211, 2.61129227104187, 2.6065093460083006, 2.606107360649109, 2.645792435264587, 2.612069732284546, 2.679464461517334, 2.6377956859588623, 2.6495236763000487, 2.655971721458435, 2.6497135581970217, 2.6584296730041506, 2.6849053577423097, 2.66143175201416, 2.66269351272583, 2.668104697418213, 2.6608652030944824, 2.6605579010009768, 2.6562999771118165, 2.6561443853378295, 2.672575757598877, 2.660133000946045, 2.671836693763733, 2.6654301712036133, 2.660445713806152, 2.6672595512390136, 2.663914723205566, 2.6612203620910644, 2.6611493492126463, 2.660192273712158, 2.6605714727401732, 2.6611681205749513, 2.6620139644622802, 2.6697996532440187, 2.6580438579559327, 2.65427752532959, 2.664156491088867], "test_acc": [1.649999976158142, 5.529999732971191, 6.569999694824219, 9.130000114440918, 9.559999465942383, 10.229999542236328, 7.989999771118164, 9.84999942779541, 13.339999198913574, 11.649999618530273, 14.5, 12.519999504089355, 15.75999927520752, 16.020000457763672, 17.439998626708984, 18.8799991607666, 19.53999900817871, 20.34000015258789, 20.459999084472656, 20.8799991607666, 19.8799991607666, 23.619998931884766, 23.010000228881836, 22.94999885559082, 24.85999870300293, 25.529998779296875, 24.78999900817871, 26.19999885559082, 27.6299991607666, 27.84000015258789, 27.299999237060547, 27.649999618530273, 29.329999923706055, 29.65999984741211, 29.17999839782715, 29.09000015258789, 26.75, 28.779998779296875, 32.15999984741211, 32.41999816894531, 32.95000076293945, 31.229999542236328, 33.48999786376953, 34.41999816894531, 33.91999816894531, 34.34000015258789, 34.57999801635742, 33.21999740600586, 35.32999801635742, 35.41999816894531, 35.5099983215332, 36.0, 36.88999938964844, 36.80999755859375, 38.23999786376953, 38.21999740600586, 37.98999786376953, 37.65999984741211, 36.48999786376953, 39.11000061035156, 38.57999801635742, 37.71999740600586, 39.349998474121094, 39.849998474121094, 39.28999710083008, 39.87999725341797, 39.88999938964844, 40.22999954223633, 40.459999084472656, 39.88999938964844, 40.54999923706055, 40.80999755859375, 40.90999984741211, 41.349998474121094, 41.22999954223633, 40.63999938964844, 41.15999984741211, 41.209999084472656, 41.40999984741211, 41.189998626708984, 41.18000030517578, 41.18000030517578, 41.529998779296875, 41.38999938964844, 41.63999938964844, 41.63999938964844, 41.62999725341797, 41.87999725341797, 41.63999938964844, 41.75, 42.0, 41.869998931884766, 41.70000076293945, 41.89999771118164, 41.80999755859375, 41.86000061035156, 41.75, 42.05999755859375, 42.0099983215332, 41.97999954223633], "wall_time": [4.002574920654297, 6.357311010360718, 8.661311864852905, 10.979870796203613, 13.346280097961426, 15.728114128112793, 17.92584466934204, 20.15778613090515, 22.55639910697937, 24.97034740447998, 27.18307375907898, 29.599182605743408, 31.82594347000122, 34.151896715164185, 36.5462110042572, 38.98533916473389, 41.45025396347046, 43.79546236991882, 46.135239601135254, 48.41782879829407, 50.86027812957764, 53.121336698532104, 55.55476474761963, 57.849809885025024, 60.14991092681885, 62.53415870666504, 64.80163598060608, 67.09613847732544, 69.51889944076538, 72.03476881980896, 74.4843122959137, 76.87858819961548, 79.31220245361328, 81.74568843841553, 84.3525915145874, 86.63703036308289, 88.94676947593689, 91.38219666481018, 93.74493098258972, 96.14729714393616, 98.52794313430786, 100.95696544647217, 103.25947499275208, 105.61440467834473, 108.00764489173889, 110.40605092048645, 112.80107736587524, 115.22319984436035, 117.62261438369751, 120.06291031837463, 122.50798439979553, 124.91197538375854, 127.20843434333801, 129.63066029548645, 132.04543685913086, 134.30201148986816, 136.68691086769104, 139.12605023384094, 141.39101457595825, 143.74188137054443, 146.1261909008026, 148.4786777496338, 150.79681730270386, 153.24812269210815, 155.58583545684814, 157.9256250858307, 160.28752994537354, 162.66296935081482, 164.98073935508728, 167.22042202949524, 169.56666803359985, 171.87794280052185, 174.2019283771515, 176.69320058822632, 178.90667414665222, 181.31760382652283, 183.65282917022705, 185.99265265464783, 188.26717019081116, 190.57941555976868, 192.76027822494507, 195.080491065979, 197.3659064769745, 199.52625346183777, 201.8040463924408, 204.23167777061462, 206.41060400009155, 208.64268565177917, 211.0536344051361, 213.36817121505737, 215.72591733932495, 218.04970359802246, 220.27698850631714, 222.50395393371582, 224.82802820205688, 227.29263734817505, 229.61405992507935, 231.81303596496582, 234.1628770828247, 236.55457735061646], "val_loss": [9.461319206237793, 4.913189514160156, 4.1688416412353515, 3.9926177268981933, 3.9207130279541014, 3.911145001220703, 4.090027867126465, 3.898055252456665, 3.626368181610107, 3.729030174636841, 3.5446001762390136, 3.6629421936035156, 3.4984710289001466, 3.508528700637817, 3.4370696556091307, 3.346346555328369, 3.315534513473511, 3.2777002334594725, 3.256110167312622, 3.2813602252960203, 3.3511375648498536, 3.0912857517242434, 3.129449108886719, 3.1385403869628905, 3.0291682231903074, 3.006708992767334, 3.048235682678223, 3.0019009105682373, 2.90869746131897, 2.8873357791900633, 2.930483804321289, 2.9026581256866457, 2.8349210163116454, 2.8385271305084228, 2.896832263183594, 2.94621880569458, 3.095131767654419, 2.9276654891967775, 2.751184726715088, 2.759759468460083, 2.681945992279053, 2.829512253189087, 2.7198249305725097, 2.686206392288208, 2.67871015625, 2.657566924285889, 2.7306863834381105, 2.7894953243255616, 2.7323397609710693, 2.6938309799194338, 2.6670994693756103, 2.726329416656494, 2.629939853668213, 2.657668016052246, 2.604764450073242, 2.5944346736907957, 2.7032257434844973, 2.6712131309509277, 2.779553715133667, 2.6077736278533936, 2.662605394744873, 2.748003652191162, 2.61005599899292, 2.6246396270751955, 2.6523551876068114, 2.654172311782837, 2.63282500038147, 2.674788372039795, 2.63628366355896, 2.706162749862671, 2.6753858207702637, 2.679896959686279, 2.6736460563659667, 2.675228746032715, 2.698321551513672, 2.708370262145996, 2.694474661254883, 2.6962969356536863, 2.6927601673126222, 2.692688679122925, 2.6944340881347655, 2.692930248641968, 2.6895480476379396, 2.7060342449188233, 2.695102876281738, 2.705159871673584, 2.7020553161621095, 2.6957389022827147, 2.704428482055664, 2.7037994636535645, 2.7008513816833495, 2.700603046798706, 2.698113247680664, 2.6986000118255613, 2.7035237464904784, 2.7019620891571043, 2.7117964126586913, 2.6983155948638915, 2.6957702980041502, 2.7028296897888184],