{"loss": [], "acc": [], "test_loss": [4.771359004211426, 4.3209642295837405, 4.170323055267334, 3.980128484725952, 3.8660493297576903, 3.8058663066864016, 3.757268334579468, 3.7739299598693847, 3.7001699951171876, 3.7093714862823486, 3.625054648590088, 3.5988050979614257, 3.616243209838867, 3.5813843521118165, 3.545192174911499, 3.4721882270812987, 3.6251962829589846, 3.503808605957031, 3.6046225456237795, 3.5909154903411866, 3.4816805194854736, 3.5769337982177736, 3.5786872638702394, 3.4675781871795652, 3.6054307498931886, 3.5249614707946777, 3.553968184661865, 3.5342781768798828, 4.109475853729248, 3.6087981128692626, 3.649630489730835, 3.8758179470062255, 3.865779467010498, 3.7444281848907472, 3.8176809509277345, 3.8012519817352297, 3.7410041206359863, 3.8317424072265625, 3.889016425704956, 4.055994983673096, 3.8340181262969972, 3.89869549331665, 3.80837342338562, 3.9265188564300537, 3.9560691719055177, 4.043358742904663, 3.8969050285339355, 3.9857638355255127, 3.9178383277893065, 3.7750476783752442, 3.9016956478118896, 3.858692331695557, 3.824199422836304, 3.811261743927002, 3.7823516777038573, 3.783384295654297, 3.7237390914916992, 3.674411927032471, 3.667961240386963, 3.6868403923034667, 3.5943331348419187, 3.6055134220123293, 3.5775616020202636, 3.547422602844238, 3.5575332885742186, 3.5191653884887697, 3.498594548034668, 3.498686672973633, 3.4865883781433107, 3.486023778152466, 3.4625881622314454, 3.453204326629639, 3.442713748550415, 3.4354633598327635, 3.4406810844421387, 3.4186856018066405, 3.4017765632629393, 3.391080994415283, 3.3969772537231444, 3.39012900390625, 3.385875185394287, 3.3860124153137208, 3.3902492805480957, 3.386079224395752, 3.370573681640625, 3.3732181373596193, 3.375735877609253, 3.3646649787902834, 3.3715291316986082, 3.3705905883789065, 3.3666571590423584, 3.378837099456787, 3.3724545742034913, 3.367614052963257, 3.364579982757568, 3.3655283966064453, 3.3681413703918457, 3.3724341026306153, 3.367253708648682, 3.3673468418121337], "test_acc": [1.3299999237060547, 5.039999961853027, 6.769999980926514, 9.25, 10.420000076293945, 11.300000190734863, 12.859999656677246, 12.149999618530273, 13.559999465942383, 13.279999732971191, 14.819999694824219, 15.789999961853027, 14.90999984741211, 16.78999900817871, 17.69999885559082, 18.81999969482422, 16.8799991607666, 19.8799991607666, 19.369998931884766, 20.35999870300293, 21.10999870300293, 20.809999465942383, 22.15999984741211, 22.170000076293945, 22.829999923706055, 23.549999237060547, 22.90999984741211, 24.049999237060547, 19.709999084472656, 23.81999969482422, 23.719999313354492, 22.809999465942383, 23.099998474121094, 24.329999923706055, 24.93000030517578, 25.369998931884766, 26.03999900817871, 26.26999855041504, 25.09000015258789, 23.849998474121094, 26.760000228881836, 26.670000076293945, 27.44999885559082, 27.56999969482422, 27.779998779296875, 26.889999389648438, 28.469999313354492, 27.799999237060547, 29.09000015258789, 30.0, 29.989999771118164, 30.489999771118164, 30.920000076293945, 30.78999900817871, 31.1299991607666, 31.17999839782715, 31.689998626708984, 32.27000045776367, 32.48999786376953, 32.27000045776367, 32.96999740600586, 33.46999740600586, 32.96999740600586, 33.2599983215332, 33.13999938964844, 33.93000030517578, 33.66999816894531, 33.72999954223633, 33.68000030517578, 33.54999923706055, 33.63999938964844, 33.86000061035156, 33.86000061035156, 33.89999771118164, 33.91999816894531, 34.07999801635742, 34.14999771118164, 34.25, 34.20000076293945, 34.22999954223633, 34.279998779296875, 34.16999816894531, 34.14999771118164, 34.25, 34.23999786376953, 34.14999771118164, 34.040000915527344, 34.290000915527344, 34.599998474121094, 34.29999923706055, 34.37999725341797, 34.30999755859375, 34.43000030517578, 34.2599983215332, 34.439998626708984, 34.25, 34.30999755859375, 34.2599983215332, 34.54999923706055, 34.31999969482422], "wall_time": [6.555377006530762, 10.174120426177979, 13.700191497802734, 18.056082487106323, 22.752851009368896, 27.4012553691864, 31.399621725082397, 35.15519404411316, 38.871376276016235, 42.67978620529175, 46.789947271347046, 50.816226959228516, 54.96629309654236, 59.068684577941895, 63.23431992530823, 67.58542513847351, 71.55162692070007, 75.62577724456787, 79.76537942886353, 83.94909858703613, 87.87586069107056, 91.79375576972961, 95.83881449699402, 99.86342787742615, 103.95546412467957, 107.93261885643005, 111.90375256538391, 115.85433173179626, 120.19373726844788, 124.75635933876038, 129.15528655052185, 133.09235548973083, 136.97831797599792, 141.17604684829712, 145.46444511413574, 149.60036754608154, 153.72668147087097, 157.90969014167786, 162.1483702659607, 166.3234944343567, 169.91495203971863, 173.7506422996521, 177.61545991897583, 181.30612015724182, 185.05856561660767, 189.11083555221558, 193.15691208839417, 197.1765172481537, 200.77328038215637, 204.24827361106873, 208.09825897216797, 212.12101483345032, 216.24231624603271, 220.4581048488617, 224.33258295059204, 227.92554664611816, 232.14706659317017, 236.4471845626831, 240.40970826148987, 244.3675765991211, 248.18811678886414, 251.94492983818054, 255.85197806358337, 259.8159041404724, 263.8424389362335, 267.84157395362854, 271.8729772567749, 276.2604031562805, 280.65700125694275, 285.32036566734314, 289.76324582099915, 293.82545042037964, 297.8480455875397, 302.3284168243408, 306.8802230358124, 311.49279499053955, 316.1399941444397, 320.7988600730896, 324.821248292923, 328.9017188549042, 333.0670907497406, 337.23358368873596, 341.51684832572937, 345.8760759830475, 350.2745108604431, 354.5867130756378, 358.89515113830566, 363.5482621192932, 367.97676157951355, 371.9622218608856, 375.9549105167389, 380.1469089984894, 384.2470519542694, 388.38981914520264, 392.2913854122162, 396.0477304458618, 399.8248760700226, 403.7668960094452, 407.63783621788025, 411.6049635410309], "val_loss": [4.760574369812011, 4.3040210708618165, 4.157280604553223, 3.971315355682373, 3.8734395473480223, 3.812235493850708, 3.756875548171997, 3.7772029052734375, 3.6874099605560304, 3.670065899276733, 3.634303296661377, 3.604122536468506, 3.6294275207519533, 3.575772107696533, 3.5593172679901124, 3.469718637084961, 3.6335583984375, 3.507937339401245, 3.6182128280639647, 3.5928794132232666, 3.507407358932495, 3.574754656982422, 3.5815469528198243, 3.4718807628631594, 3.5766842918396, 3.5605531661987304, 3.57640841217041, 3.545256137084961, 4.114591332626342, 3.616623513031006, 3.661115399932861, 3.903484652709961, 3.842228793334961, 3.7278484169006347, 3.8443071075439454, 3.8399376991271974, 3.7653671527862547, 3.895059963989258, 3.9208053459167482, 4.0474168800354, 3.8467609909057616, 3.908955437850952, 3.792093780517578, 3.8986551696777343, 3.958176332092285, 4.076936800384521, 3.8924135940551756, 3.985518685913086, 3.939496160888672, 3.776306075286865, 3.906049136352539, 3.8553614387512205, 3.8381100540161133, 3.81765333404541, 3.8096347412109375, 3.780378109359741, 3.729812156677246, 3.6935981231689454, 3.6543076820373535, 3.6880110275268554, 3.5991203857421876, 3.6081127269744875, 3.578508462524414, 3.5511672023773193, 3.5458292701721192, 3.5162201126098633, 3.49220022277832, 3.4922025421142577, 3.4784014724731445, 3.478672397613525, 3.4615253158569335, 3.43903914642334, 3.4248156715393065, 3.41681393737793, 3.4252027206420896, 3.4060763778686525, 3.3914356575012206, 3.3846553314208982, 3.3855772369384765, 3.382395484161377, 3.3775582382202147, 3.3795110717773436, 3.377080588531494, 3.3780870231628417, 3.3568075302124023, 3.3607657585144044, 3.3632487213134765, 3.3594591156005857, 3.3616754806518556, 3.360811036682129, 3.3549324531555174, 3.3669411903381348, 3.3601473892211913, 3.356328532409668, 3.3557553634643553, 3.3567871688842774, 3.357278257751465, 3.361057353210449, 3.3564405082702637, 3.360495531463623],