{"loss": [], "acc": [], "test_loss": [16.038533435058593, 4.768911080932617, 4.201254020309448, 4.092003239440918, 3.992930078125, 3.851699807357788, 3.8574353843688964, 3.8453817615509034, 3.782326898956299, 3.709844829559326, 14.031299716186524, 5.492030232238769, 5.068016165161133, 4.911224729919433, 4.730441751861572, 4.69202707901001, 4.569891986846923, 4.486597051239014, 4.4467340721130375, 4.46113106918335, 4.292783892059326, 4.307724988555909, 4.178909513092041, 4.208349430084229, 4.1811698616027835, 4.155140188217163, 4.11191573600769, 4.065066868591309, 4.112769449615478, 4.01552792930603, 3.9895948093414306, 3.9474083019256594, 3.9129275661468506, 3.9525123905181885, 3.925250954437256, 3.8464248294830323, 3.830887860107422, 3.8587926582336425, 3.8877518451690674, 3.792626742553711, 11.408782135009766, 6.638984853363037, 5.0747764144897465, 5.111520021057129, 5.3022242965698245, 5.021548500061035, 4.866633298492432, 4.781212480163574, 4.906043968963623, 4.799148826599121, 4.749000163269043, 4.614802326965332, 4.66776787109375, 4.619284773254394, 4.636195913696289, 4.509470415496827, 4.482630676269531, 4.442344955062866, 4.43406647644043, 4.447816553497314, 4.460973885345459, 4.309473108673096, 4.28562498664856, 4.35179896697998, 4.286338938140869, 4.297333466339111, 4.2378265686035155, 4.211389687347412, 4.141441712570191, 4.139953574752807, 4.113142463684082, 4.1561313861846925, 4.118661115264892, 4.098361798858643, 4.054213329315186, 4.069753844070434, 4.1081748249053955, 4.0737212387084965, 4.030023237228393, 4.038446195220947, 4.030338453292846, 4.072198705673218, 4.00920686416626, 3.99156541595459, 3.993641625595093, 3.9967813499450684, 3.9845511722564697, 3.966734056854248, 3.986418650817871, 3.9655868064880373, 3.9642253898620607, 3.9658786930084227, 3.954623835372925, 3.9544725814819337, 3.951402214050293, 3.9510617042541503, 3.9586294704437255, 3.96022324256897, 3.951493365097046, 3.9501031913757325], "test_acc": [1.0499999523162842, 4.829999923706055, 7.619999885559082, 7.359999656677246, 8.09000015258789, 10.199999809265137, 10.859999656677246, 9.699999809265137, 10.75, 11.9399995803833, 1.0, 1.2599999904632568, 1.0299999713897705, 1.2899999618530273, 2.5399999618530273, 2.069999933242798, 2.3999998569488525, 3.0799999237060547, 2.859999895095825, 2.68999981880188, 4.009999752044678, 4.319999694824219, 5.299999713897705, 4.690000057220459, 5.440000057220459, 5.089999675750732, 6.489999771118164, 6.449999809265137, 5.839999675750732, 7.339999675750732, 8.300000190734863, 8.619999885559082, 9.09999942779541, 9.0, 8.130000114440918, 10.1899995803833, 10.149999618530273, 10.50999927520752, 9.460000038146973, 10.929999351501465, 0.8199999928474426, 2.25, 1.1899999380111694, 1.8799999952316284, 1.4900000095367432, 2.1399998664855957, 2.069999933242798, 2.4700000286102295, 2.419999837875366, 2.7300000190734863, 2.169999837875366, 2.3999998569488525, 3.179999828338623, 3.419999837875366, 3.240000009536743, 3.3399999141693115, 4.059999942779541, 4.019999980926514, 3.990000009536743, 4.699999809265137, 4.369999885559082, 3.7300000190734863, 4.679999828338623, 5.639999866485596, 4.960000038146973, 5.619999885559082, 5.619999885559082, 5.75, 5.829999923706055, 6.159999847412109, 6.679999828338623, 6.429999828338623, 6.589999675750732, 7.069999694824219, 6.909999847412109, 7.169999599456787, 6.509999752044678, 7.569999694824219, 7.46999979019165, 7.480000019073486, 8.079999923706055, 7.679999828338623, 7.509999752044678, 7.980000019073486, 8.09999942779541, 8.630000114440918, 7.980000019073486, 8.220000267028809, 8.010000228881836, 8.649999618530273, 8.449999809265137, 8.359999656677246, 8.929999351501465, 8.800000190734863, 8.719999313354492, 8.929999351501465, 8.779999732971191, 8.829999923706055, 8.710000038146973, 8.789999961853027], "wall_time": [3.628005266189575, 5.981550693511963, 8.278869152069092, 10.890130758285522, 13.355958700180054, 15.780150413513184, 18.207269430160522, 23.813493251800537, 26.73589301109314, 29.336588621139526, 31.780829906463623, 34.2201189994812, 36.740310192108154, 39.34274935722351, 41.76220774650574, 44.30812454223633, 46.862616300582886, 49.38115954399109, 51.91496300697327, 54.45293951034546, 56.978081703186035, 59.68534779548645, 62.21954011917114, 64.63469171524048, 67.12755560874939, 69.63416314125061, 72.21473693847656, 75.03435778617859, 77.48521018028259, 80.13481163978577, 82.8709647655487, 85.46645140647888, 88.12948989868164, 90.63908314704895, 93.33034896850586, 95.9896080493927, 99.91269207000732, 102.5164623260498, 105.09551763534546, 107.8560562133789, 110.6900281906128, 113.36078143119812, 115.80384588241577, 118.23977255821228, 120.88613748550415, 123.54198718070984, 126.21070504188538, 128.90741753578186, 131.52168536186218, 134.1822907924652, 137.0283784866333, 139.7234070301056, 142.351402759552, 145.05480575561523, 147.74022150039673, 150.57795214653015, 153.32758593559265, 155.9596164226532, 158.80105590820312, 161.4005892276764, 164.209876537323, 166.79291367530823, 169.55850768089294, 173.48467826843262, 179.216210603714, 185.2348780632019, 193.26012754440308, 198.6537721157074, 201.74297833442688, 204.71517992019653, 207.58412146568298, 210.70508408546448, 213.62755966186523, 216.3479335308075, 219.06249904632568, 221.78702926635742, 224.63187837600708, 227.49522495269775, 230.32087540626526, 233.2221269607544, 236.20332050323486, 239.1452989578247, 242.06210160255432, 244.94614815711975, 247.85118079185486, 251.0766429901123, 254.062402009964, 256.8977119922638, 259.7090892791748, 262.65416717529297, 265.37421202659607, 268.0461058616638, 270.69638228416443, 273.3149359226227, 275.88828110694885, 278.54334902763367, 281.1093146800995, 283.5547049045563, 286.18868827819824, 288.87161564826965], "val_loss": [16.110323947143556, 4.7258853973388675, 4.180191590881348, 4.080742375183106, 3.9822064323425295, 3.8520101211547852, 3.8390353981018066, 3.835756670379639, 3.7780495162963867, 3.7029170166015626, 13.950354809570312, 5.492217150115967, 5.051753823852539, 4.903535092163086, 4.727062112426758, 4.67432915725708, 4.573100517272949, 4.467977024078369, 4.436774191284179, 4.452505427551269, 4.290486923980713, 4.294928646850586, 4.173100649261475, 4.209249150848389, 4.174485746002198, 4.149417583465576, 4.120673896789551, 4.064221195983887, 4.096798824310302, 4.016818871307373, 3.9817557968139647, 3.942917428588867, 3.9122053329467774, 3.936480741882324, 3.9151050300598143, 3.848454503631592, 3.82593766784668, 3.8532843852996828, 3.8754670066833494, 3.7863933586120604, 11.395059286499023, 6.6230386405944826, 5.078911212158203, 5.106843668365478, 5.268108929443359, 5.015935198974609, 4.856715833282471, 4.758907623291016, 4.903096761322021, 4.757382218933105, 4.73106572265625, 4.610186515808105, 4.683509077453613, 4.632182011413574, 4.600402320098877, 4.498962045288086, 4.467775982666016, 4.424182772827148, 4.425038208770752, 4.435103872680664, 4.448436239624024, 4.294961780548095, 4.278259777832031, 4.340914923858643, 4.285014420318603, 4.282206826019287, 4.229180123901367, 4.200384931945801, 4.132410652160645, 4.137571611022949, 4.104988095092773, 4.163850157165528, 4.0989170753479005, 4.094323416900635, 4.043333317565918, 4.071602117156982, 4.095392919921875, 4.062862545013428, 4.01892518157959, 4.031530086517334, 4.020560349273682, 4.067287953186035, 4.003307727813721, 3.9873737884521483, 3.990976470184326, 3.993496598815918, 3.9806558952331543, 3.963963651275635, 3.9790636054992676, 3.96154575881958, 3.9592418624877928, 3.9597641708374023, 3.948576523590088, 3.9492925186157226, 3.9468537147521974, 3.9458350219726563, 3.954322918701172, 3.955890193939209, 3.9459717109680175, 3.944583322906494],