{"loss": [], "acc": [], "test_loss": [18.869354428100586, 4.898714219665528, 4.612427976989746, 4.476695035552979, 4.302456406021118, 4.106974253845215, 4.215138549041748, 4.114195782470703, 4.087503783798218, 4.065775523757934, 10.30981410369873, 7.138529871368408, 6.1327036819458005, 5.02055756225586, 4.439377670669556, 4.447429093933105, 4.156551680374146, 4.370841031646728, 4.060216220855713, 4.2072691741943355, 4.13528856086731, 3.912283777999878, 3.960937119293213, 4.322492691040039, 4.362762483215332, 4.0669295089721675, 3.87135341796875, 3.779974676132202, 3.6642109714508058, 3.666110480880737, 3.639306516265869, 3.603009327316284, 3.805211717605591, 3.4851083625793455, 3.3953190719604494, 3.4715713356018068, 3.402420174789429, 3.448877242279053, 3.3749322967529296, 3.4065232536315917, 3.242444585418701, 3.27310259475708, 3.3190934715270997, 3.188140756225586, 3.2595318119049073, 3.168572328186035, 3.1404482902526856, 3.27985004196167, 3.2423580005645753, 3.1301535453796387, 3.0877314907073976, 3.036107038116455, 3.1342412624359133, 2.950657851791382, 2.964600025177002, 2.9460366523742674, 2.913312371444702, 2.843217562866211, 2.94644379196167, 2.9581053028106687, 2.832385918045044, 2.7652870229721067, 2.783642413139343, 2.7832015232086182, 2.761496759033203, 2.8047213327407836, 2.7304885444641114, 2.774546620941162, 2.7075757648468017, 2.6762750173568723, 2.6938389087677, 2.6625898910522463, 2.6470763050079347, 2.6154893154144285, 2.6154652954101563, 2.615102529525757, 2.58738752822876, 2.61883874168396, 2.5918428993225096, 2.585986330413818, 2.592290224075317, 2.575139329147339, 2.5831815910339357, 2.5818330471038817, 2.571087850189209, 2.565648098373413, 2.5760759143829346, 2.567342812347412, 2.559486424446106, 2.573149963760376, 2.5644682273864747, 2.570141960525513, 2.562848581695557, 2.5672844703674316, 2.5580030590057374, 2.5579370262145997, 2.5631664093017577, 2.5577221157073975, 2.5573768867492674, 2.5613991775512694], "test_acc": [0.8899999856948853, 2.240000009536743, 3.8499999046325684, 5.529999732971191, 5.659999847412109, 7.089999675750732, 5.940000057220459, 7.259999752044678, 6.589999675750732, 7.980000019073486, 4.029999732971191, 4.839999675750732, 5.339999675750732, 6.389999866485596, 6.569999694824219, 6.960000038146973, 8.220000267028809, 8.229999542236328, 9.760000228881836, 9.510000228881836, 8.949999809265137, 10.279999732971191, 11.489999771118164, 10.75, 11.029999732971191, 13.00999927520752, 13.679999351501465, 13.50999927520752, 14.25, 13.359999656677246, 14.710000038146973, 14.549999237060547, 14.359999656677246, 17.5, 17.850000381469727, 17.219999313354492, 17.6299991607666, 18.579999923706055, 18.649999618530273, 18.5, 20.229999542236328, 20.689998626708984, 21.0, 22.209999084472656, 20.81999969482422, 23.729999542236328, 24.010000228881836, 21.639999389648438, 22.28999900817871, 23.799999237060547, 24.53999900817871, 24.689998626708984, 24.18000030517578, 27.349998474121094, 26.979999542236328, 26.719999313354492, 27.739999771118164, 29.029998779296875, 27.25, 27.75, 29.969999313354492, 30.489999771118164, 31.369998931884766, 30.989999771118164, 31.03999900817871, 30.809999465942383, 31.869998931884766, 31.489999771118164, 32.369998931884766, 32.689998626708984, 32.31999969482422, 33.36000061035156, 34.25, 34.52000045776367, 34.71999740600586, 34.15999984741211, 34.86000061035156, 34.43000030517578, 35.22999954223633, 34.959999084472656, 35.369998931884766, 35.43000030517578, 35.47999954223633, 35.70000076293945, 35.529998779296875, 35.81999969482422, 35.88999938964844, 35.68000030517578, 36.22999954223633, 36.05999755859375, 36.06999969482422, 36.0, 36.29999923706055, 35.939998626708984, 36.02000045776367, 36.0, 35.96999740600586, 36.040000915527344, 35.95000076293945, 36.12999725341797], "wall_time": [5.542568206787109, 9.594253301620483, 13.951587677001953, 19.358824729919434, 25.086768865585327, 30.810597896575928, 36.410937786102295, 41.973820209503174, 47.56355905532837, 53.122108697891235, 57.911781787872314, 62.63423156738281, 67.4258360862732, 73.39040303230286, 77.70780754089355, 82.47839426994324, 87.48121190071106, 94.02748394012451, 99.33666181564331, 104.68001794815063, 110.00809168815613, 115.30753135681152, 120.63567161560059, 125.94746613502502, 131.28531622886658, 136.54803133010864, 141.8352689743042, 147.19520807266235, 152.49807453155518, 157.80572032928467, 163.09532570838928, 168.3608043193817, 173.62530374526978, 178.84103322029114, 184.09561324119568, 188.09973406791687, 192.20723009109497, 196.5171058177948, 200.79311084747314, 205.04847192764282, 209.3056025505066, 213.55476593971252, 217.86679983139038, 222.14213824272156, 226.39521956443787, 230.24367094039917, 234.22096419334412, 238.16595482826233, 242.07688283920288, 246.25396013259888, 250.04041385650635, 253.66718816757202, 257.4237422943115, 261.2689390182495, 265.1367003917694, 268.8652105331421, 272.81113862991333, 276.62004947662354, 280.3169810771942, 284.2655646800995, 287.94174551963806, 291.8329060077667, 295.53095149993896, 299.4050467014313, 303.2421703338623, 306.90410900115967, 310.67375588417053, 314.3446002006531, 318.2659788131714, 321.91743302345276, 325.6477794647217, 329.45848321914673, 333.1264612674713, 336.7916810512543, 340.5553240776062, 344.1692898273468, 347.99907755851746, 351.69185853004456, 355.41718101501465, 359.1087384223938, 362.97116708755493, 366.55594205856323, 370.3396964073181, 374.16876459121704, 377.8339126110077, 381.5092465877533, 385.3411250114441, 389.0245552062988, 393.0909368991852, 396.7410514354706, 400.4158570766449, 404.37703824043274, 408.5969309806824, 412.10495114326477, 416.1028504371643, 419.9295334815979, 423.88318514823914, 427.61160159111023, 431.2140724658966, 434.9403579235077], "val_loss": [18.961394815063475, 4.883543395996094, 4.623098529815674, 4.457000984191895, 4.32632855758667, 4.1273410087585445, 4.200184267425537, 4.1058910316467285, 4.0873474014282225, 4.053383853149414, 10.120982554626465, 7.08110262298584, 6.096440286254883, 4.993868249511719, 4.463152869415283, 4.443509848022461, 4.1754937065124516, 4.389208985900879, 4.062281365966797, 4.217145293426514, 4.15462670211792, 3.9331815502166747, 3.9596730934143065, 4.3763762344360355, 4.342732740783691, 4.156299384689331, 3.913106460571289, 3.7826468090057372, 3.676509377288818, 3.6859180923461916, 3.642520287322998, 3.5884653602600096, 3.840472843170166, 3.4873123863220217, 3.3871990631103515, 3.448137998962402, 3.398960731887817, 3.4471035820007323, 3.3412411773681643, 3.382738885116577, 3.219751494216919, 3.2359253105163575, 3.2956384944915773, 3.1670533714294433, 3.2464435405731202, 3.1402688858032226, 3.1143388778686525, 3.2468385459899904, 3.239507470321655, 3.122966463470459, 3.079170991897583, 2.994360834121704, 3.1123593647003176, 2.9213482593536377, 2.9381405155181883, 2.9304148571014403, 2.91060160484314, 2.8627803268432617, 2.939170443725586, 2.93097520904541, 2.822368713378906, 2.765401522064209, 2.766643408203125, 2.7886073875427244, 2.746195277404785, 2.790920280456543, 2.707654462432861, 2.7605165966033938, 2.6947801555633544, 2.6618693450927733, 2.6922003623962403, 2.651139514923096, 2.6593495716094973, 2.6187402992248536, 2.5991161262512206, 2.614081177139282, 2.590883363342285, 2.6115146827697755, 2.597595476913452, 2.5806901893615724, 2.590934206390381, 2.579233632659912, 2.5858627433776857, 2.5788181606292726, 2.5640469371795653, 2.558030403137207, 2.5744360233306884, 2.5657504531860353, 2.562539247894287, 2.5652492530822752, 2.564604697418213, 2.566982932662964, 2.560859108734131, 2.5625945056915285, 2.552209405517578, 2.552923306274414, 2.5560740604400634, 2.5552630485534666, 2.55198330078125, 2.5589901222229003],