{"loss": [], "acc": [], "test_loss": [4.747343253326416, 4.359100434112549, 4.1955377471923825, 4.0993001235961914, 3.991953228378296, 3.9849874568939208, 3.9240289688110352, 3.9199460678100584, 3.8954294612884524, 3.780701123046875, 3.7339694431304933, 3.7842374019622804, 3.662137943649292, 3.6676241344451905, 3.675130027770996, 3.6161926570892335, 3.621608111190796, 3.5882646625518797, 3.5597366634368894, 3.5520737655639647, 3.4441970878601076, 3.450989764022827, 3.4784422588348387, 3.4697555282592774, 3.4096788829803466, 3.3610285720825197, 3.323937926483154, 3.401229440689087, 3.351816960525513, 3.4257713859558105, 3.29858385848999, 3.2482710327148436, 3.273267752075195, 3.2377455043792724, 3.2236466720581056, 3.2156918754577637, 3.229606057739258, 3.261390441894531, 3.27775153465271, 3.2406432292938234, 3.2714632415771483, 3.1373863403320312, 3.196508006286621, 3.2239490325927735, 3.1842954067230225, 3.1554287853240965, 3.1594589004516602, 3.166988363647461, 3.1824705360412597, 3.2659345310211183, 3.2035645275115967, 3.1341914806365967, 3.1467907028198243, 3.2139986194610595, 3.2472723495483398, 3.184170235443115, 3.2487296552658083, 3.169401003265381, 3.1814815845489504, 3.2151496585845947, 3.1946073905944825, 3.230344903564453, 3.2450515712738035, 3.250422540664673, 3.19727719039917, 3.2958369590759276, 3.3003673267364504, 3.281059064102173, 3.315547240829468, 3.285646257019043, 3.282059341812134, 3.334213845062256, 3.321236506652832, 3.3366103042602537, 3.344700006866455, 3.327136448287964, 3.3522022380828855, 3.3678126960754393, 3.3622116233825685, 3.3882745380401613, 3.3820797992706297, 3.3924265769958497, 3.3832755435943604, 3.388201853942871, 3.4046387466430663, 3.412882621383667, 3.410657636260986, 3.436218069458008, 3.4174593475341797, 3.427541961288452, 3.437559963989258, 3.437251889038086, 3.435797477340698, 3.429983358001709, 3.4487891403198243, 3.4328512817382815, 3.4449017295837403, 3.4389357933044433, 3.4279831981658937, 3.4387487007141115], "test_acc": [2.3499999046325684, 4.670000076293945, 5.21999979019165, 6.690000057220459, 8.050000190734863, 8.079999923706055, 8.199999809265137, 8.880000114440918, 8.699999809265137, 11.170000076293945, 12.109999656677246, 11.079999923706055, 13.489999771118164, 13.34999942779541, 12.59999942779541, 14.299999237060547, 14.15999984741211, 14.569999694824219, 15.129999160766602, 15.4399995803833, 17.309999465942383, 16.639999389648438, 16.989999771118164, 16.899999618530273, 18.309999465942383, 18.520000457763672, 19.799999237060547, 19.06999969482422, 19.779998779296875, 19.639999389648438, 20.350000381469727, 22.459999084472656, 21.350000381469727, 22.01999855041504, 23.15999984741211, 23.40999984741211, 23.549999237060547, 22.56999969482422, 22.239999771118164, 23.510000228881836, 24.029998779296875, 24.75, 24.809999465942383, 25.40999984741211, 26.170000076293945, 27.10999870300293, 26.25, 27.19999885559082, 27.139999389648438, 27.10999870300293, 27.529998779296875, 28.35999870300293, 28.90999984741211, 27.90999984741211, 28.06999969482422, 28.369998931884766, 28.689998626708984, 30.119998931884766, 30.0, 29.889999389648438, 30.549999237060547, 30.329999923706055, 29.729999542236328, 30.349998474121094, 31.279998779296875, 30.299999237060547, 31.34000015258789, 31.299999237060547, 31.369998931884766, 32.119998931884766, 31.219999313354492, 31.049999237060547, 31.709999084472656, 31.959999084472656, 32.34000015258789, 32.30999755859375, 32.209999084472656, 32.54999923706055, 32.790000915527344, 32.38999938964844, 32.95000076293945, 32.91999816894531, 32.89999771118164, 33.07999801635742, 33.18000030517578, 33.13999938964844, 33.56999969482422, 33.22999954223633, 32.93000030517578, 33.029998779296875, 33.0, 32.93000030517578, 32.97999954223633, 33.23999786376953, 33.02000045776367, 33.14999771118164, 33.040000915527344, 33.16999816894531, 33.25, 32.89999771118164], "wall_time": [4.418951749801636, 7.655832290649414, 10.751784801483154, 13.880024909973145, 17.022891998291016, 20.345834493637085, 23.50661587715149, 26.856942415237427, 30.314844846725464, 33.583621978759766, 37.25458264350891, 40.71694278717041, 44.0434033870697, 47.298049449920654, 50.56113243103027, 54.03967523574829, 57.52968382835388, 61.03636169433594, 64.1600558757782, 67.33887386322021, 70.64101529121399, 73.72848796844482, 76.73993921279907, 80.07907795906067, 83.38850378990173, 86.51936912536621, 89.68855929374695, 93.01180148124695, 96.39339280128479, 99.67913222312927, 102.9506528377533, 106.43552803993225, 109.68218088150024, 112.91130018234253, 115.91068935394287, 118.97188115119934, 122.02945113182068, 125.03831791877747, 128.12892031669617, 131.25443124771118, 134.26275658607483, 137.52594900131226, 140.8525094985962, 144.13651037216187, 147.35763883590698, 150.754891872406, 154.05474662780762, 157.35608577728271, 160.57907605171204, 163.78620719909668, 167.00177597999573, 170.02342987060547, 172.98529982566833, 176.1516718864441, 179.16346836090088, 182.2264747619629, 185.41253876686096, 188.42812156677246, 191.44227170944214, 194.49075055122375, 197.52244210243225, 200.55677247047424, 203.73023295402527, 207.02148628234863, 210.34669494628906, 213.5672709941864, 216.72772669792175, 220.2388653755188, 223.8281707763672, 227.4048855304718, 230.92085719108582, 234.28013014793396, 237.20568370819092, 240.40780687332153, 243.49553847312927, 246.62283086776733, 249.74844217300415, 252.97226309776306, 256.0288531780243, 259.145055770874, 262.5143985748291, 266.05209946632385, 269.5239498615265, 272.6648998260498, 275.8268828392029, 279.07887840270996, 282.171982049942, 285.56478691101074, 288.84349942207336, 291.85283279418945, 295.028391122818, 298.23469495773315, 301.4023311138153, 304.3933689594269, 307.7052924633026, 310.93602991104126, 314.05313420295715, 317.31986904144287, 320.6518642902374, 323.9498670101166], "val_loss": [4.7464162109375, 4.33408687286377, 4.178004640960693, 4.099288423156739, 3.9806054573059084, 3.9781687461853026, 3.923891460418701, 3.913219305419922, 3.8877910194396974, 3.77099891204834, 3.7282616329193115, 3.7991172061920166, 3.6728158863067626, 3.663128014755249, 3.664901784133911, 3.617310116958618, 3.626671607208252, 3.5946766399383545, 3.5576026836395265, 3.5447238399505614, 3.4554195152282716, 3.453883676147461, 3.477863478088379, 3.478449249649048, 3.3965536136627197, 3.3654130420684814, 3.347801078414917, 3.3948315738677977, 3.3548030380249023, 3.420734115600586, 3.3035100959777832, 3.242725684738159, 3.2624820835113524, 3.251512746810913, 3.2305689739227295, 3.212835692214966, 3.2213974750518797, 3.234201235961914, 3.2760426040649415, 3.2250571006774904, 3.285334270477295, 3.1278057891845705, 3.1902864768981933, 3.1915330551147463, 3.158093675994873, 3.1360719455718993, 3.1705232242584227, 3.1429685791015625, 3.1553062545776367, 3.244173010253906, 3.1871668495178223, 3.1361925720214843, 3.120308084487915, 3.192589302444458, 3.230080477142334, 3.154014736175537, 3.223400277328491, 3.1626264793395995, 3.1594890117645265, 3.209192272186279, 3.1495165729522707, 3.199554832458496, 3.208682950210571, 3.23776720085144, 3.1813260475158693, 3.248428084182739, 3.2525578956604004, 3.24429151802063, 3.2797351951599123, 3.239475385284424, 3.2205150260925293, 3.3020319374084472, 3.285741300582886, 3.3078428173065184, 3.2874159523010253, 3.292399032974243, 3.3115563163757322, 3.3096722213745116, 3.300502474975586, 3.320608724975586, 3.3228322204589844, 3.3515976383209227, 3.3364835803985597, 3.3512829429626465, 3.357136464691162, 3.360706016540527, 3.3664545097351075, 3.397421086883545, 3.3622081371307373, 3.374877952194214, 3.3849204524993897, 3.3821879009246825, 3.3834621215820313, 3.3740068813323973, 3.391282417678833, 3.3839768028259276, 3.3927878021240234, 3.38275047454834, 3.3735841541290283, 3.384094858932495],