{"loss": [], "acc": [], "test_loss": [4.538637274169922, 4.333876480102539, 4.17406569480896, 4.118627146530152, 3.9635318256378174, 3.879191512298584, 3.8664944339752196, 3.8040149166107176, 3.773801976013184, 3.8314829071044922, 4.1312166076660155, 3.834904239654541, 3.6903962112426756, 3.7874838745117185, 3.760139934158325, 3.5584213550567627, 3.5070079074859617, 3.6110991134643555, 3.4717785522460938, 3.56361297454834, 3.5116419734954833, 3.423257319641113, 3.590258253479004, 3.3325258083343505, 3.337282829284668, 3.322009733581543, 3.45002251701355, 3.3848415157318117, 3.3138459968566893, 3.4102929512023925, 3.3742541297912596, 3.3448163623809815, 3.3663954704284667, 3.276702456665039, 3.2871292980194093, 3.268934126281738, 3.355760088729858, 3.368681973648071, 3.2966314895629885, 3.325741284561157, 3.3492216743469236, 3.321099730300903, 3.334631837081909, 3.289009882736206, 3.3285950618743896, 3.421862051773071, 3.4662401191711427, 3.4518050857543945, 3.5172529663085936, 3.5580753799438476, 3.5250397712707517, 3.557106777191162, 3.5749252460479735, 3.688863103866577, 3.5958099822998046, 3.6621366596221923, 3.754365698623657, 3.734184355163574, 3.7410844314575193, 3.7534814670562744, 3.7518075885772704, 3.7503875965118407, 3.7856046020507814, 3.7964478275299074, 3.8726089527130125, 3.854187406921387, 3.8003800788879394, 3.8295613498687744, 3.8138732131958006, 3.8430185634613037, 3.790404975128174, 3.8116340759277345, 3.8198461032867432, 3.784995659637451, 3.7872257595062258, 3.768052877807617, 3.7734387920379637, 3.7720651332855226, 3.7608209117889406, 3.76806463432312, 3.766207222747803, 3.7594871181488037, 3.7796696422576903, 3.7632331127166747, 3.7627472423553465, 3.770962978363037, 3.762162127685547, 3.754816361236572, 3.752488342666626, 3.7520576511383057, 3.7619668201446532, 3.7644706771850585, 3.7772105171203614, 3.76382205619812, 3.7525312732696534, 3.7634777851104735, 3.7711213249206543, 3.744978843688965, 3.7638999698638917, 3.7488061782836914], "test_acc": [2.2799999713897705, 6.009999752044678, 5.799999713897705, 5.329999923706055, 8.479999542236328, 9.359999656677246, 10.65999984741211, 11.269999504089355, 11.529999732971191, 10.609999656677246, 8.920000076293945, 10.769999504089355, 12.739999771118164, 12.529999732971191, 12.65999984741211, 15.639999389648438, 16.889999389648438, 15.569999694824219, 17.34000015258789, 15.869999885559082, 16.739999771118164, 18.68000030517578, 16.969999313354492, 19.90999984741211, 20.649999618530273, 20.25, 18.779998779296875, 20.510000228881836, 22.399999618530273, 20.3799991607666, 21.619998931884766, 21.15999984741211, 22.170000076293945, 23.260000228881836, 23.75, 24.34000015258789, 23.51999855041504, 23.899999618530273, 25.260000228881836, 26.099998474121094, 25.0, 25.899999618530273, 26.40999984741211, 27.010000228881836, 26.689998626708984, 26.10999870300293, 26.10999870300293, 26.729999542236328, 26.84000015258789, 26.81999969482422, 27.329999923706055, 27.459999084472656, 27.51999855041504, 26.849998474121094, 28.579999923706055, 28.959999084472656, 27.809999465942383, 28.219999313354492, 28.719999313354492, 28.44999885559082, 28.75, 28.8799991607666, 29.17999839782715, 29.76999855041504, 29.739999771118164, 29.799999237060547, 30.099998474121094, 30.170000076293945, 30.60999870300293, 30.639999389648438, 31.15999984741211, 30.979999542236328, 30.979999542236328, 30.989999771118164, 31.189998626708984, 31.559999465942383, 31.469999313354492, 31.09000015258789, 31.59000015258789, 31.17999839782715, 31.349998474121094, 31.56999969482422, 31.5, 31.439998626708984, 31.279998779296875, 31.299999237060547, 31.35999870300293, 31.42999839782715, 31.549999237060547, 31.219999313354492, 31.65999984741211, 31.5, 31.309999465942383, 31.17999839782715, 31.469999313354492, 31.25, 31.239999771118164, 31.369998931884766, 31.19999885559082, 31.420000076293945], "wall_time": [4.841919660568237, 7.308884620666504, 9.837318658828735, 12.581330060958862, 15.463613986968994, 18.29986047744751, 21.069774866104126, 23.87508797645569, 26.315489292144775, 29.098321437835693, 31.5698823928833, 34.37390923500061, 37.127947092056274, 39.60436201095581, 42.36525559425354, 44.82590198516846, 47.60155367851257, 50.04242777824402, 52.51499009132385, 54.957491397857666, 57.91930794715881, 60.39131832122803, 62.82585000991821, 65.24528455734253, 67.6253592967987, 70.41373491287231, 72.85131454467773, 75.40603590011597, 77.90284442901611, 80.6302981376648, 83.44164729118347, 86.28372597694397, 88.71577644348145, 91.50906372070312, 94.27647686004639, 97.07566690444946, 99.46522545814514, 101.92345976829529, 104.39013028144836, 107.19549894332886, 109.71807384490967, 112.21929621696472, 114.68761849403381, 117.13058590888977, 119.94211077690125, 122.71823191642761, 125.56898093223572, 128.2673671245575, 131.05777502059937, 133.4853184223175, 136.30241131782532, 139.4565885066986, 142.1915807723999, 144.65985679626465, 147.2107584476471, 149.67492389678955, 152.41311502456665, 155.2398145198822, 157.64878797531128, 160.6620705127716, 163.44123005867004, 165.90065169334412, 168.6393756866455, 171.1371569633484, 173.96336245536804, 176.65625929832458, 179.20347571372986, 181.7498984336853, 185.08133602142334, 187.78854322433472, 190.653404712677, 193.08783841133118, 195.5790717601776, 198.277517080307, 201.03824520111084, 203.4609968662262, 206.13348484039307, 208.53151512145996, 211.140460729599, 214.16237616539001, 216.80925679206848, 219.99382853507996, 222.58758640289307, 225.28583788871765, 228.01163411140442, 230.7543179988861, 233.18237352371216, 235.8879942893982, 238.34888529777527, 240.77828311920166, 243.28054761886597, 245.74701571464539, 248.15238189697266, 250.90697145462036, 253.33251190185547, 255.7677767276764, 258.2297053337097, 261.01677918434143, 263.4539818763733, 266.2404730319977], "val_loss": [4.53402017211914, 4.310449700927735, 4.164863864135742, 4.104064296722412, 3.95534068069458, 3.8769997161865235, 3.8658309944152833, 3.804092051315308, 3.756286237335205, 3.8265356258392336, 4.140732619094849, 3.818676019668579, 3.6845415733337403, 3.7622085388183595, 3.752893176651001, 3.5577005455017088, 3.478015180206299, 3.5994592094421387, 3.4611484565734862, 3.5567215015411375, 3.5242047592163086, 3.4068524593353273, 3.568829251861572, 3.3160384372711182, 3.3193500091552735, 3.310196064376831, 3.441743962478638, 3.376683292388916, 3.30637659072876, 3.3930006816864013, 3.3774566188812254, 3.323512933349609, 3.355358110809326, 3.267283164978027, 3.2615268379211426, 3.2605650199890137, 3.360083614730835, 3.3678382164001466, 3.2961828842163086, 3.357942733001709, 3.3729418800354005, 3.3421264598846436, 3.340594190979004, 3.2763187393188478, 3.3614147117614745, 3.422280535888672, 3.4565488906860353, 3.457561657333374, 3.4994062026977537, 3.550096413421631, 3.547584181213379, 3.595957287597656, 3.593965365600586, 3.668486484146118, 3.597187519836426, 3.6651633491516113, 3.7741274543762207, 3.7346219985961913, 3.756593724822998, 3.7826822662353514, 3.7362022159576416, 3.7559026054382323, 3.7649550151824953, 3.809339823150635, 3.925120234680176, 3.870177146911621, 3.8618027671813966, 3.8684574546813963, 3.8255609764099123, 3.8680736656188963, 3.818313467025757, 3.833540243148804, 3.8431585788726808, 3.818021855163574, 3.825196569824219, 3.8068509113311766, 3.806015344619751, 3.8034304061889648, 3.7969873077392577, 3.796559214782715, 3.7938012916564943, 3.797629514694214, 3.806802816390991, 3.78935382270813, 3.7955273517608643, 3.7989119079589844, 3.793115882110596, 3.7875754146575926, 3.7880228073120117, 3.7864549961090086, 3.797864220046997, 3.797365563964844, 3.808706317901611, 3.7978645771026613, 3.7865222496032716, 3.797618539428711, 3.805156174468994, 3.777758238220215, 3.794578321838379, 3.78443920211792],