{"loss": [], "acc": [], "test_loss": [4.81302336883545, 4.289541516494751, 3.9746295364379884, 3.8792157890319823, 3.8175584148406982, 3.778728606414795, 3.7012110664367674, 3.6939063850402833, 3.594986096572876, 3.647721599960327, 3.6838668891906736, 3.5480922183990478, 3.6583989135742185, 3.594294440841675, 3.4878712677001955, 3.481288770675659, 3.408703134918213, 3.4580750392913817, 3.5719840759277344, 3.50203028717041, 3.4350954708099364, 3.5040191623687744, 3.550605655670166, 3.5021715026855467, 3.4756833381652834, 3.4799857555389404, 3.3634139236450196, 3.534138748931885, 3.4927156253814697, 3.5208181468963624, 3.56490380897522, 3.6106842086791993, 3.535419149017334, 3.5417089408874514, 3.5689751205444336, 3.6838608238220214, 3.630378601837158, 3.791745181655884, 3.687386213684082, 3.61918479385376, 3.6284046733856203, 3.79464116897583, 3.83726216468811, 3.7415951587677, 3.6740658184051513, 3.6261060459136965, 3.642365212249756, 3.582808526992798, 3.5462218711853026, 3.555937614440918, 3.5128613655090333, 3.5543215980529785, 3.4533281898498536, 3.456253174972534, 3.486340570449829, 3.415213819503784, 3.39257021484375, 3.367823624420166, 3.370700030517578, 3.3288792655944826, 3.303192642211914, 3.298332408905029, 3.2944560985565188, 3.2902394714355467, 3.2643410552978516, 3.2484444999694824, 3.2430564655303957, 3.2217411766052244, 3.223449578857422, 3.2396692012786867, 3.2218677841186523, 3.2147414798736573, 3.1972639636993407, 3.1992917625427246, 3.1951805644989015, 3.177740940093994, 3.1914457229614257, 3.177502893066406, 3.177597413635254, 3.1886281005859374, 3.175851865005493, 3.1653759368896486, 3.1635656002044676, 3.1751175529479982, 3.170602619934082, 3.159502318572998, 3.1742806629180906, 3.159570930099487, 3.1682972644805907, 3.164100117492676, 3.1570950771331785, 3.166505408477783, 3.1633954681396483, 3.156445700073242, 3.158725998687744, 3.1551892822265626, 3.168190251159668, 3.1560968605041504, 3.1579208839416504, 3.1595197647094726], "test_acc": [1.96999990940094, 6.71999979019165, 8.619999885559082, 10.519999504089355, 11.00999927520752, 12.59000015258789, 13.479999542236328, 14.059999465942383, 14.579999923706055, 15.09999942779541, 15.589999198913574, 17.049999237060547, 15.84999942779541, 17.56999969482422, 19.03999900817871, 20.549999237060547, 21.76999855041504, 22.15999984741211, 20.34000015258789, 22.09000015258789, 22.329999923706055, 22.420000076293945, 22.889999389648438, 24.3799991607666, 23.559999465942383, 24.489999771118164, 26.40999984741211, 25.03999900817871, 26.979999542236328, 26.029998779296875, 26.549999237060547, 25.76999855041504, 27.959999084472656, 28.34000015258789, 28.559999465942383, 27.760000228881836, 28.670000076293945, 27.399999618530273, 29.309999465942383, 29.420000076293945, 31.229999542236328, 29.649999618530273, 28.51999855041504, 30.139999389648438, 31.6299991607666, 32.72999954223633, 32.13999938964844, 32.439998626708984, 32.90999984741211, 33.43000030517578, 33.63999938964844, 33.70000076293945, 33.77000045776367, 33.57999801635742, 33.95000076293945, 34.45000076293945, 34.790000915527344, 34.689998626708984, 34.790000915527344, 34.86000061035156, 35.18000030517578, 35.23999786376953, 35.20000076293945, 34.87999725341797, 35.23999786376953, 35.63999938964844, 35.619998931884766, 35.55999755859375, 35.07999801635742, 35.279998779296875, 35.40999984741211, 35.29999923706055, 35.52000045776367, 35.16999816894531, 35.38999938964844, 35.82999801635742, 35.37999725341797, 35.439998626708984, 35.46999740600586, 35.439998626708984, 35.52000045776367, 35.70000076293945, 35.65999984741211, 35.48999786376953, 35.709999084472656, 35.5099983215332, 35.72999954223633, 35.619998931884766, 35.62999725341797, 35.61000061035156, 35.82999801635742, 35.529998779296875, 35.62999725341797, 35.709999084472656, 35.73999786376953, 35.61000061035156, 35.439998626708984, 35.71999740600586, 35.5099983215332, 35.55999755859375], "wall_time": [4.368489503860474, 6.913577556610107, 9.401623249053955, 12.085827112197876, 14.520294666290283, 17.080967903137207, 19.636170387268066, 22.21839141845703, 24.739969968795776, 27.35465955734253, 30.017326593399048, 32.58553743362427, 35.26891040802002, 37.82784724235535, 40.45140361785889, 42.98322010040283, 45.58583998680115, 48.19678330421448, 50.71899485588074, 53.35444688796997, 55.84686040878296, 58.40362048149109, 60.9151177406311, 63.514034271240234, 66.07985234260559, 68.61988854408264, 71.18991351127625, 73.81094765663147, 76.35589480400085, 78.87142586708069, 81.3944878578186, 84.04801821708679, 86.5809051990509, 89.13362693786621, 91.83906984329224, 94.447674036026, 97.03116631507874, 99.61940884590149, 102.163325548172, 104.94568419456482, 107.6041431427002, 110.15911984443665, 112.72450709342957, 115.31644439697266, 117.85401344299316, 120.46522808074951, 123.09155750274658, 125.67870950698853, 128.27095293998718, 130.89894199371338, 133.47988724708557, 136.19193243980408, 138.77116584777832, 141.38912391662598, 143.94996309280396, 146.51212882995605, 149.10381436347961, 151.78865933418274, 154.39564299583435, 157.06061697006226, 159.5764660835266, 162.1840968132019, 164.702392578125, 167.24450087547302, 169.8665702342987, 172.51844358444214, 175.030513048172, 177.58731245994568, 180.09717297554016, 182.63735222816467, 185.1835901737213, 187.72365307807922, 190.4134497642517, 192.97816109657288, 195.56854677200317, 198.25758981704712, 200.84854435920715, 203.4112651348114, 205.97518944740295, 208.51814770698547, 211.11276054382324, 213.62050247192383, 216.15893292427063, 218.78046417236328, 221.35378670692444, 224.00074529647827, 226.4935483932495, 229.13267827033997, 231.75163054466248, 234.3501591682434, 237.00055718421936, 239.63591814041138, 242.23728203773499, 244.80443000793457, 247.4927623271942, 250.16684079170227, 252.78030395507812, 255.43327689170837, 257.97546911239624, 260.62741899490356], "val_loss": [4.810092375183105, 4.29409542388916, 3.965376954650879, 3.8964282958984375, 3.7932175521850584, 3.751025389099121, 3.6997000820159913, 3.706322367095947, 3.5649641315460205, 3.6227139659881593, 3.652257592010498, 3.52333115234375, 3.647836777877808, 3.5777755416870116, 3.447463446426392, 3.4645698734283448, 3.405921741485596, 3.4259805671691894, 3.5700775508880613, 3.464930268859863, 3.4419615589141848, 3.4908846214294433, 3.5098713237762453, 3.490987735748291, 3.477474898147583, 3.491246975708008, 3.3777806133270265, 3.5487436351776123, 3.4928402053833008, 3.560667371368408, 3.5639633674621582, 3.5820024185180666, 3.555112286758423, 3.545637387084961, 3.5627969650268554, 3.6725970199584963, 3.6709184120178224, 3.7691659873962404, 3.6968151760101318, 3.641746297454834, 3.6429495300292967, 3.7864182231903074, 3.85625311126709, 3.728474166870117, 3.7210166091918944, 3.634290351867676, 3.622345544433594, 3.5723676383972167, 3.5571336669921876, 3.5495112564086915, 3.531102769470215, 3.540660781097412, 3.4535889511108397, 3.4623205528259278, 3.4963842475891114, 3.430416509246826, 3.3869629974365236, 3.385552070617676, 3.3709869071960448, 3.3319920345306397, 3.308183876419067, 3.300069676589966, 3.3021986598968507, 3.287447938156128, 3.262050986480713, 3.244810930252075, 3.2508615299224854, 3.227025463104248, 3.231332796096802, 3.235073087692261, 3.2190016830444335, 3.226541135787964, 3.2058607376098633, 3.2093377540588377, 3.2048152996063233, 3.1911613162994383, 3.197213516998291, 3.187000421142578, 3.183448895263672, 3.193452944946289, 3.1782680488586426, 3.1726932022094725, 3.1747981994628907, 3.187164052581787, 3.179814934539795, 3.171119383239746, 3.1844360511779786, 3.1710998500823973, 3.1772244647979737, 3.173719472122192, 3.1651805389404295, 3.1754271297454832, 3.1717022689819334, 3.1667355529785155, 3.1670444648742677, 3.1657298526763915, 3.176433020019531, 3.1651342281341552, 3.169427584075928, 3.1663592548370363],