{"loss": [], "acc": [], "test_loss": [822.612050390625, 4.591758143615722, 4.463910315704346, 4.716724247741699, 4.692532734680176, 4.612520722198487, 4.622985499572754, 4.236238611602783, 4.712140835571289, 4.543806394958496, 4.773450898742675, 4.765701893234253, 4.438846834564209, 4.8592543731689455, 4.202580637741089, 4.714224559020996, 4.384358948516845, 4.593864023590088, 4.595858713912964, 4.399018798065185, 4.903944213104248, 4.456995346832276, 4.229964060211182, 4.343010958862305, 4.8916617744445805, 4.438600731658935, 4.090532747268677, 4.403012429046631, 4.667865414428711, 4.21510933227539, 4.08899338760376, 4.229480124664307, 4.021747855758667, 4.236854754638672, 4.445110075378418, 4.086803952789307, 4.525599195098877, 4.037012902832031, 3.9717194202423096, 3.91815411567688, 3.793913737487793, 4.096695154190064, 4.0863218627929685, 4.034537878417969, 3.953697052001953, 3.683201084899902, 3.863012931060791, 3.8956104850769044, 3.923705623626709, 3.7370336151123045, 3.6558038299560547, 3.7268847534179685, 3.6633079696655275, 3.606765174102783, 3.6605083530426024, 3.727337321472168, 3.6192449684143067, 3.495404172897339, 3.6144234218597413, 3.6063731185913084, 3.4865454216003418, 3.482451978302002, 3.4957119033813475, 3.4642481605529785, 3.447397867202759, 3.385163430786133, 3.324508042907715, 3.3630495864868166, 3.39496714515686, 3.3239204360961914, 3.397806182861328, 3.258605478668213, 3.303103547668457, 3.26401781539917, 3.2687883922576906, 3.214040231704712, 3.271342487716675, 3.230208288574219, 3.2344948028564455, 3.2241379165649415, 3.2179507595062256, 3.2206585136413572, 3.1887816452026367, 3.203883239746094, 3.2194720943450927, 3.1966977195739745, 3.1805951496124267, 3.17242912902832, 3.1732195667266847, 3.1760139785766603, 3.1579104427337645, 3.1656582210540773, 3.1782103157043458, 3.1786811569213866, 3.182933062362671, 3.1716698783874513, 3.1590421314239503, 3.166930850982666, 3.1610729419708252, 3.164363525009155], "test_acc": [1.0, 2.5899999141693115, 3.7300000190734863, 4.670000076293945, 4.739999771118164, 5.079999923706055, 6.369999885559082, 6.710000038146973, 6.529999732971191, 8.40999984741211, 8.710000038146973, 9.59000015258789, 11.369999885559082, 11.929999351501465, 14.149999618530273, 12.920000076293945, 13.369999885559082, 14.460000038146973, 15.40999984741211, 15.619999885559082, 15.319999694824219, 18.489999771118164, 18.779998779296875, 19.10999870300293, 18.18000030517578, 19.329999923706055, 20.189998626708984, 21.1299991607666, 21.219999313354492, 23.1299991607666, 23.78999900817871, 23.719999313354492, 24.299999237060547, 24.029998779296875, 24.44999885559082, 26.099998474121094, 23.94999885559082, 26.219999313354492, 27.35999870300293, 28.459999084472656, 28.979999542236328, 27.84000015258789, 28.809999465942383, 29.15999984741211, 29.049999237060547, 31.689998626708984, 29.53999900817871, 29.809999465942383, 30.92999839782715, 31.839998245239258, 32.71999740600586, 32.279998779296875, 32.93000030517578, 33.709999084472656, 32.59000015258789, 33.21999740600586, 33.41999816894531, 33.97999954223633, 33.56999969482422, 34.52000045776367, 34.209999084472656, 34.59000015258789, 35.209999084472656, 35.209999084472656, 35.20000076293945, 35.36000061035156, 35.959999084472656, 35.709999084472656, 36.46999740600586, 36.77000045776367, 36.43000030517578, 37.05999755859375, 36.369998931884766, 36.87999725341797, 36.790000915527344, 37.61000061035156, 37.34000015258789, 37.119998931884766, 37.29999923706055, 37.57999801635742, 37.709999084472656, 37.619998931884766, 37.91999816894531, 37.64999771118164, 37.689998626708984, 37.82999801635742, 37.91999816894531, 37.849998474121094, 38.0099983215332, 38.16999816894531, 38.0, 38.0, 37.89999771118164, 37.939998626708984, 37.93000030517578, 38.15999984741211, 38.25, 37.97999954223633, 38.22999954223633, 38.32999801635742], "wall_time": [4.709254503250122, 8.222892045974731, 12.276240587234497, 15.292492866516113, 18.88872790336609, 22.500377416610718, 26.611868143081665, 30.4457049369812, 34.23577094078064, 38.44794726371765, 41.94281053543091, 45.62213635444641, 49.27329421043396, 53.08997464179993, 56.95482015609741, 60.670448541641235, 64.73286819458008, 68.52420139312744, 72.04714560508728, 75.79336047172546, 79.52401351928711, 83.61498808860779, 87.33913946151733, 90.83439922332764, 94.68913960456848, 98.42231178283691, 102.1489942073822, 105.81725263595581, 109.71995306015015, 113.86134672164917, 117.37691521644592, 121.14672040939331, 125.2167432308197, 129.22265243530273, 133.1746644973755, 136.62292766571045, 140.59140586853027, 144.48179721832275, 148.34954833984375, 152.2307004928589, 155.89121556282043, 159.80911874771118, 163.78435468673706, 167.38083696365356, 171.05472826957703, 174.58781123161316, 178.55166459083557, 182.43451738357544, 186.55880570411682, 190.1840672492981, 193.75091695785522, 197.6566505432129, 201.16094851493835, 204.95088744163513, 208.6194145679474, 212.40956163406372, 216.0429482460022, 219.7130537033081, 223.83671140670776, 227.47287893295288, 231.29664134979248, 235.226708650589, 239.02933073043823, 242.6674976348877, 246.46330213546753, 250.50750732421875, 254.64346313476562, 258.666357755661, 262.5328996181488, 266.55720472335815, 270.5598180294037, 274.5944230556488, 277.8674192428589, 281.82543540000916, 285.62875986099243, 289.1924386024475, 293.3231267929077, 297.067214012146, 300.61919593811035, 303.54933309555054, 307.481760263443, 311.5357766151428, 315.2699325084686, 319.09172224998474, 323.0915071964264, 327.1604378223419, 330.7583158016205, 334.6705515384674, 338.4860563278198, 342.26142740249634, 346.1858260631561, 350.0964889526367, 353.61961221694946, 357.3418200016022, 361.262491941452, 365.23600912094116, 369.1111629009247, 373.1916320323944, 376.750625371933, 380.5065543651581], "val_loss": [817.99013125, 4.59665256652832, 4.453662842559814, 4.7111096126556395, 4.718178500366211, 4.632761029052735, 4.649439192962647, 4.249942097854614, 4.71126605834961, 4.555151192092896, 4.81200330657959, 4.804470586395263, 4.469971592712402, 4.918444332885742, 4.238561931228638, 4.733797706604004, 4.441301652526856, 4.640339302062988, 4.649642220306396, 4.472562111663819, 4.944152973937988, 4.506962265396118, 4.291812237167359, 4.375091869354248, 4.999697752380371, 4.524623826980591, 4.140502799224853, 4.416820156478882, 4.7069444145202635, 4.296031790161133, 4.150784224319458, 4.316580975723267, 4.088449068450927, 4.277574617385865, 4.439482691574097, 4.162090271759033, 4.556454085922241, 4.137810510253907, 4.064973905563354, 3.931692882347107, 3.8662928115844726, 4.145348365402222, 4.146979151916504, 4.030554483032226, 4.030434406280517, 3.7707918464660644, 3.931448667907715, 3.919912977409363, 3.9934503257751466, 3.777407531738281, 3.7002776914596556, 3.722425109100342, 3.702572202682495, 3.6318009857177733, 3.7252639923095705, 3.754299186515808, 3.653074703979492, 3.4942070926666258, 3.648100109863281, 3.6537018993377686, 3.5554245811462404, 3.4776609853744507, 3.5122656799316405, 3.509672011756897, 3.4814785131454467, 3.432413621520996, 3.390437585639954, 3.4208286708831785, 3.44388507232666, 3.3958772968292235, 3.437267534637451, 3.297459018707275, 3.350432886505127, 3.31830731048584, 3.322669527244568, 3.2605915660858154, 3.3294669677734374, 3.2696837371826173, 3.284673919868469, 3.271727638244629, 3.2670389623641967, 3.267459562110901, 3.2319575317382814, 3.2425363958358764, 3.2466040431976317, 3.238341297531128, 3.2159649597167967, 3.2046484127044677, 3.217840374946594, 3.2215832286834716, 3.2094779413223264, 3.2145819776535034, 3.2209258153915403, 3.222486821937561, 3.2268884773254394, 3.213157181739807, 3.2028034677505492, 3.207642102241516, 3.2075012887954713, 3.209881003379822],