{"loss": [], "acc": [], "test_loss": [4.940251644897461, 5.002326013946533, 4.273462069702148, 4.193215502929688, 4.104526400756836, 4.061750444793701, 4.016747122955322, 3.906264274597168, 3.8107245491027832, 3.814142180633545, 3.7232577648162843, 3.8455681995391844, 3.650251787185669, 3.6652349418640138, 3.7391322402954104, 3.5831016815185546, 3.5982029235839845, 3.588771574020386, 3.5417874740600586, 3.512275424194336, 3.435954333114624, 3.528709431838989, 3.393019362258911, 3.431255625152588, 3.4374253337860106, 3.36812034034729, 3.2902566703796388, 3.364471650695801, 3.3417050178527834, 3.2272545169830322, 3.233451819610596, 3.3079544895172117, 3.200573637008667, 3.2008571784973143, 3.20219098777771, 3.2621173198699953, 3.1751058013916014, 3.0789537750244143, 3.0801951168060304, 3.1036464778900146, 3.0740059841156007, 3.019234420776367, 3.0098435356140136, 3.121344375228882, 3.1254346630096435, 3.068144956970215, 2.9832608169555663, 3.0483791625976564, 3.018515126800537, 3.0639851432800294, 3.1215666969299316, 2.9945349117279054, 2.9785383029937744, 3.0091975654602052, 2.991864482116699, 3.0287189834594725, 2.998469091796875, 3.0208053314208985, 3.070374294281006, 3.1041545333862306, 3.0171891792297365, 3.0519286838531494, 3.0322519485473634, 3.0837798412322996, 3.0170971656799317, 3.035453360748291, 3.041729088973999, 3.043509265899658, 2.974055501174927, 3.0288705413818358, 3.047168493270874, 3.010121812438965, 2.9599631340026855, 3.0440366748809815, 3.0034676834106446, 2.9960280540466306, 2.9927055225372317, 3.0155424556732178, 3.0254493705749512, 3.003709672164917, 3.008117668914795, 3.009495231628418, 2.9939722484588622, 3.0087392185211184, 2.9995929069519045, 3.0105990604400636, 3.0122307281494143, 3.003454999542236, 2.9776260498046874, 2.9950578926086426, 2.995421179199219, 3.0028433979034426, 2.9949482234954834, 3.0014673942565917, 2.997445957183838, 3.001168324279785, 2.9991288440704347, 3.002456206512451, 3.0004431045532227, 2.990216973876953], "test_acc": [1.9299999475479126, 2.7799999713897705, 4.630000114440918, 5.329999923706055, 7.019999980926514, 6.769999980926514, 7.589999675750732, 9.1899995803833, 10.1899995803833, 9.729999542236328, 12.0, 11.289999961853027, 12.920000076293945, 13.799999237060547, 13.549999237060547, 14.359999656677246, 15.929999351501465, 15.679999351501465, 15.839999198913574, 16.959999084472656, 17.03999900817871, 18.100000381469727, 19.389999389648438, 18.85999870300293, 19.029998779296875, 19.799999237060547, 22.03999900817871, 21.760000228881836, 21.959999084472656, 23.10999870300293, 23.920000076293945, 23.439998626708984, 24.149999618530273, 24.44999885559082, 25.399999618530273, 24.719999313354492, 25.239999771118164, 27.059999465942383, 27.25, 27.510000228881836, 27.829999923706055, 28.709999084472656, 29.599998474121094, 29.01999855041504, 28.759998321533203, 29.420000076293945, 31.559999465942383, 29.479999542236328, 31.209999084472656, 30.42999839782715, 30.689998626708984, 31.479999542236328, 32.39999771118164, 32.06999969482422, 32.75, 32.21999740600586, 32.959999084472656, 33.30999755859375, 33.21999740600586, 32.91999816894531, 34.12999725341797, 33.939998626708984, 34.56999969482422, 33.95000076293945, 35.189998626708984, 34.72999954223633, 34.5099983215332, 34.939998626708984, 35.70000076293945, 35.93000030517578, 35.32999801635742, 35.61000061035156, 36.209999084472656, 36.099998474121094, 36.29999923706055, 37.27000045776367, 36.70000076293945, 36.47999954223633, 36.91999816894531, 37.279998779296875, 36.90999984741211, 37.37999725341797, 37.07999801635742, 37.099998474121094, 37.41999816894531, 37.47999954223633, 37.529998779296875, 37.5099983215332, 37.89999771118164, 37.779998779296875, 37.88999938964844, 37.77000045776367, 37.849998474121094, 38.02000045776367, 37.79999923706055, 37.88999938964844, 38.15999984741211, 37.96999740600586, 37.84000015258789, 38.09000015258789], "wall_time": [4.114025831222534, 7.646273374557495, 11.409384727478027, 14.957436084747314, 18.70770812034607, 22.39202618598938, 25.628722667694092, 29.039055109024048, 32.46504235267639, 36.09888291358948, 39.88032150268555, 43.33061361312866, 47.01531720161438, 50.61970353126526, 54.06037378311157, 57.698508739471436, 61.47126865386963, 65.37641501426697, 69.09702181816101, 72.75493121147156, 76.62703800201416, 79.99850845336914, 83.69917488098145, 87.18125009536743, 90.83343029022217, 94.33146834373474, 98.36822700500488, 102.45929908752441, 106.07157588005066, 109.86493015289307, 113.2524926662445, 116.98618173599243, 120.75577163696289, 124.24186420440674, 128.06363987922668, 131.44345021247864, 134.84398078918457, 138.60078310966492, 142.56485295295715, 146.41230988502502, 149.8971302509308, 153.86508512496948, 157.24616980552673, 160.6610026359558, 164.44901371002197, 168.19728636741638, 171.67956852912903, 175.45591855049133, 178.89018630981445, 182.52319836616516, 186.51286149024963, 190.40350341796875, 194.11278796195984, 197.16704440116882, 200.762526512146, 204.6072609424591, 208.08798217773438, 211.73043870925903, 215.4949996471405, 219.10671710968018, 222.4771444797516, 226.1845781803131, 229.8909206390381, 233.42761778831482, 237.28625106811523, 241.00090432167053, 244.79406642913818, 248.33676385879517, 252.08163142204285, 256.1150403022766, 259.4766118526459, 263.186799287796, 266.6142723560333, 270.2704050540924, 274.4473874568939, 277.78364062309265, 281.368732213974, 284.827472448349, 288.32696652412415, 291.78627586364746, 295.59093832969666, 299.75499963760376, 303.30928206443787, 306.7510952949524, 310.12825322151184, 314.1620466709137, 317.4588644504547, 321.0280795097351, 324.0026249885559, 327.89537501335144, 331.4011540412903, 335.20328736305237, 339.11653757095337, 342.7149875164032, 346.2944178581238, 349.88049483299255, 353.65663957595825, 357.5870997905731, 361.2497968673706, 365.02286171913147], "val_loss": [4.949873328399658, 5.023463718414306, 4.29054094619751, 4.198863668823242, 4.0968435157775875, 4.070089802551269, 4.011374551773072, 3.9184536781311037, 3.8091582149505614, 3.812316084289551, 3.734473714065552, 3.844815431213379, 3.663454898071289, 3.6556171401977537, 3.7358918071746827, 3.582039419937134, 3.602718091583252, 3.5931277530670167, 3.5512292919158934, 3.529313074874878, 3.465882601928711, 3.5523382904052734, 3.4089528511047362, 3.443178346633911, 3.45802961769104, 3.382213346862793, 3.2795674430847166, 3.3459994750976563, 3.3324620079040526, 3.2645135581970215, 3.2488182037353517, 3.314595403289795, 3.2291533153533933, 3.2199368251800538, 3.2306877410888672, 3.299291423034668, 3.181978335571289, 3.1141600494384765, 3.088140765762329, 3.1282927112579344, 3.109642749786377, 3.056287660217285, 3.0626542465209963, 3.17725831451416, 3.189889604949951, 3.0929714027404787, 3.0120038005828857, 3.1080650390625, 3.055229555511475, 3.088021237182617, 3.1314320304870606, 3.034289470291138, 3.002604315567017, 3.057486937713623, 3.0088515869140626, 3.0760984798431394, 3.0245865325927737, 3.0613506427764894, 3.1084026290893556, 3.1443159103393556, 3.0685722770690917, 3.095942875289917, 3.0672576976776122, 3.099800072479248, 3.0425858947753905, 3.08026754989624, 3.096073500823975, 3.078926125717163, 3.0469971366882325, 3.064457891845703, 3.094027318572998, 3.0744322227478027, 3.005295847702026, 3.0730686573028563, 3.0354596801757814, 3.0298174423217774, 3.0317673332214357, 3.055508441543579, 3.0620676330566408, 3.032345231246948, 3.0338397342681884, 3.0462710330963136, 3.01813063583374, 3.0359523708343508, 3.0336653621673584, 3.047075946044922, 3.0502526473999025, 3.0409402797698974, 3.017203260803223, 3.0306088745117186, 3.0308471481323243, 3.037379237747192, 3.0303889572143556, 3.04021570854187, 3.0357067554473876, 3.041676601409912, 3.0401916381835936, 3.043410750579834, 3.0413274883270263, 3.0326855865478515],