{"loss": [], "acc": [], "test_loss": [6.681386947631836, 4.466289922332764, 4.244897747802734, 4.124632180023194, 4.038474393844605, 3.9931956451416015, 4.018167144012451, 3.9346863243103027, 3.8710128383636473, 3.823575425720215, 3.8995795303344725, 3.790492388534546, 3.7503143604278564, 3.665367668914795, 3.7783983753204344, 3.6697280052185057, 3.709482508468628, 3.6414363571166994, 3.639320630264282, 3.6458609954833983, 3.6124034534454346, 3.666904284667969, 3.483517441558838, 3.5197088047027587, 3.5100242469787597, 3.5151565086364744, 3.569636655807495, 3.563449197769165, 3.5156292823791504, 3.5653391567230224, 3.6050416358947754, 3.6120907726287843, 3.6390538829803467, 3.6263614112854006, 3.7856204704284666, 3.6155941413879393, 3.6215457988739015, 3.6307044078826904, 3.6176271202087404, 3.7510729885101317, 3.8101445960998537, 3.732513552093506, 3.639734378814697, 3.8634733306884765, 3.792522905731201, 3.7349508323669434, 3.847806286239624, 3.73360835647583, 4.123717616653442, 3.94694513130188, 3.8702411808013917, 3.9812285026550294, 3.837790863800049, 3.9279105003356936, 3.893388220977783, 4.000657289505005, 3.984900604248047, 4.0328265560150145, 4.041300468444824, 4.1163234001159665, 4.081217188262939, 4.080883337402343, 4.276714959716797, 4.17216448059082, 4.190706739807129, 4.125530224609375, 4.1573625106811525, 4.280545413970947, 4.2028015209198, 4.235308336639404, 4.292790066528321, 4.264551460266113, 4.282686789703369, 4.258866664123535, 4.242872541046142, 4.261019766235352, 4.265188655090332, 4.264900971221924, 4.273419792938232, 4.253093288421631, 4.253351454925537, 4.22859557723999, 4.226469432067871, 4.23956064529419, 4.239844055938721, 4.232848686981201, 4.234508033752442, 4.233924597167968, 4.249602565002442, 4.240317267608643, 4.23282096786499, 4.235699394226074, 4.231834876251221, 4.2261020370483395, 4.223806587219238, 4.226335305786133, 4.234401329803466, 4.223438742828369, 4.226562277984619, 4.224312794494629], "test_acc": [1.2699999809265137, 3.359999895095825, 4.190000057220459, 5.75, 6.899999618530273, 7.349999904632568, 7.899999618530273, 8.569999694824219, 10.229999542236328, 11.649999618530273, 9.899999618530273, 10.829999923706055, 12.149999618530273, 13.969999313354492, 12.119999885559082, 13.719999313354492, 13.460000038146973, 15.919999122619629, 15.589999198913574, 15.029999732971191, 16.03999900817871, 16.40999984741211, 17.90999984741211, 18.100000381469727, 17.899999618530273, 18.189998626708984, 18.75, 18.600000381469727, 19.15999984741211, 19.60999870300293, 18.479999542236328, 19.459999084472656, 19.559999465942383, 19.260000228881836, 17.60999870300293, 20.6299991607666, 20.10999870300293, 20.84000015258789, 20.25, 20.439998626708984, 20.76999855041504, 20.689998626708984, 21.869998931884766, 21.03999900817871, 21.439998626708984, 22.439998626708984, 21.510000228881836, 22.049999237060547, 21.68000030517578, 21.149999618530273, 22.09000015258789, 21.8799991607666, 22.309999465942383, 23.170000076293945, 23.469999313354492, 22.799999237060547, 23.09000015258789, 23.28999900817871, 23.719999313354492, 24.18000030517578, 23.94999885559082, 24.469999313354492, 23.93000030517578, 23.549999237060547, 24.099998474121094, 24.739999771118164, 24.09000015258789, 23.53999900817871, 24.779998779296875, 24.649999618530273, 24.329999923706055, 24.809999465942383, 24.510000228881836, 25.309999465942383, 25.170000076293945, 25.229999542236328, 25.26999855041504, 25.119998931884766, 25.399999618530273, 25.25, 25.329999923706055, 25.56999969482422, 25.43000030517578, 25.299999237060547, 25.6299991607666, 25.51999855041504, 25.489999771118164, 25.579999923706055, 25.34000015258789, 25.6299991607666, 25.8799991607666, 25.709999084472656, 25.809999465942383, 25.899999618530273, 25.889999389648438, 25.739999771118164, 25.849998474121094, 25.69999885559082, 25.75, 25.84000015258789], "wall_time": [3.5655980110168457, 6.910984039306641, 10.321857213973999, 13.647305250167847, 17.000231504440308, 20.53863525390625, 23.695927381515503, 26.72283434867859, 30.08060312271118, 33.527443170547485, 36.802672147750854, 40.0868034362793, 43.341245889663696, 46.99359345436096, 50.05592489242554, 53.547000885009766, 56.726582288742065, 59.913718700408936, 63.128581047058105, 66.20358371734619, 69.55812644958496, 72.80169677734375, 75.95276260375977, 79.21932363510132, 82.0548312664032, 85.41885375976562, 88.60946750640869, 92.02873349189758, 95.5090343952179, 98.56425380706787, 101.72680115699768, 105.02871608734131, 108.24384379386902, 111.52751588821411, 114.89792513847351, 118.22095489501953, 121.1305639743805, 124.40785932540894, 127.46741437911987, 130.73403429985046, 133.9424340724945, 137.2777190208435, 140.5810992717743, 143.53739714622498, 146.8018913269043, 149.97446060180664, 153.26040625572205, 156.3131229877472, 159.39010286331177, 162.55381751060486, 165.91225504875183, 169.18453884124756, 172.52228450775146, 175.18934726715088, 178.37525820732117, 181.37106919288635, 184.55119466781616, 187.79903268814087, 191.05777883529663, 193.96621441841125, 197.36780428886414, 200.47324466705322, 203.80963683128357, 207.08036303520203, 210.29009556770325, 214.11657786369324, 217.31878447532654, 220.45683217048645, 223.40401148796082, 226.63475680351257, 229.59449553489685, 232.9604959487915, 236.09279656410217, 239.48486948013306, 242.39311361312866, 245.61894631385803, 249.1777946949005, 252.58559918403625, 255.74883913993835, 258.8721091747284, 261.6830840110779, 265.030739068985, 268.35789346694946, 271.3598518371582, 274.6639904975891, 278.0260977745056, 281.06602716445923, 284.00767254829407, 287.4306390285492, 290.8893642425537, 294.4023549556732, 297.596928358078, 300.84266901016235, 303.8999021053314, 307.0413248538971, 310.2341859340668, 313.7311956882477, 317.0624487400055, 320.05216097831726, 323.4461615085602], "val_loss": [6.7508785423278805, 4.4846118011474605, 4.255784415054321, 4.1371445636749264, 4.053966429138184, 3.9943107574462893, 4.0315709346771245, 3.9364101276397707, 3.8788203750610353, 3.8168389266967773, 3.9044361614227294, 3.7937416519165037, 3.746081568145752, 3.6695821376800537, 3.7841674171447752, 3.686788681411743, 3.716178569030762, 3.6485434059143067, 3.6299498195648194, 3.6320055156707762, 3.623678929901123, 3.686043877029419, 3.4894783756256103, 3.5484881275177003, 3.5460425117492678, 3.542755878829956, 3.5651056900024414, 3.5700618293762205, 3.5179746501922606, 3.573608765411377, 3.6219777126312254, 3.6284186069488524, 3.6384699668884277, 3.6200462768554686, 3.846668221664429, 3.6288129474639894, 3.636274415588379, 3.6490977279663084, 3.6564743240356443, 3.7626824295043946, 3.834435241699219, 3.7670639770507814, 3.6529455699920654, 3.8833960456848144, 3.8204793224334717, 3.7366504291534426, 3.850862400817871, 3.766344990539551, 4.119915480041504, 3.981942714691162, 3.9209803325653074, 4.0164509475708, 3.860032360076904, 3.9357882232666017, 3.9270455642700197, 4.04702052116394, 4.070285744476318, 4.0945445327758785, 4.07131215133667, 4.12309003829956, 4.139906759262085, 4.120403605651855, 4.304702429199219, 4.224881980895996, 4.181508743286133, 4.175307773971558, 4.2034910194396975, 4.320875388717651, 4.236066582107544, 4.264455645751953, 4.302574270248413, 4.279595629501343, 4.295622849273681, 4.278339032745361, 4.282745236206055, 4.308298580169677, 4.28696841430664, 4.290525322341919, 4.294755875778198, 4.278371686553955, 4.275758100128174, 4.246146604537964, 4.243987824630738, 4.262766662597656, 4.265444779968262, 4.256267163085938, 4.250990995025635, 4.259179232788086, 4.273474589538575, 4.262466485214233, 4.257572536849976, 4.256202524185181, 4.257493584442138, 4.251369978332519, 4.242663481521607, 4.248913436126709, 4.254833673095703, 4.25089507522583, 4.24661623916626, 4.250397340393066],