{"loss": [], "acc": [], "test_loss": [7.732856870269775, 5.759538838195801, 4.90102997970581, 4.271837799835205, 4.416261428070069, 4.203636801147461, 4.036690794372559, 3.9131302841186524, 3.980394013214111, 3.888508782196045, 3.907825582885742, 3.759051086425781, 3.9134092403411866, 3.603287313079834, 3.842036920547485, 3.8155619514465333, 3.683316899108887, 3.54514368057251, 3.5383957542419435, 3.5886979259490968, 3.685933972930908, 3.5265569839477537, 3.597595397186279, 3.2807160804748534, 3.333726584625244, 3.318855955505371, 3.3299838020324706, 3.1850131843566896, 3.2100394638061522, 3.288268091201782, 3.3419402545928953, 3.329226898956299, 2.9859204437255857, 3.3926786758422853, 3.099553106689453, 2.981803564453125, 2.875251573944092, 3.028771381378174, 3.1386230911254884, 2.8839287353515624, 3.0181760818481447, 2.870443776702881, 2.993090139389038, 2.7937719596862793, 2.79278664932251, 2.8270710235595704, 2.724862516784668, 2.772271556854248, 2.6400516742706297, 2.681724703979492, 2.753979471588135, 2.6957964233398437, 2.7527145584106445, 2.6955494575500487, 2.639051425933838, 2.593853677368164, 2.661991212463379, 2.6306245723724366, 2.5517067138671874, 2.490787194061279, 2.5204922115325927, 2.5106171340942383, 2.507159706878662, 2.4770711025238037, 2.495851049041748, 2.450032995223999, 2.4840058921813966, 2.464334049987793, 2.4802086227416993, 2.4546023612976073, 2.4247537757873534, 2.458418717956543, 2.3997753246307374, 2.4086895503997803, 2.4036712928771973, 2.403807439422607, 2.405448826980591, 2.3969540084838865, 2.3895092525482178, 2.3632248168945313, 2.3707425830841062, 2.365624583053589, 2.372079354095459, 2.361436696624756, 2.3754438579559327, 2.355844340515137, 2.35417820892334, 2.3549663455963135, 2.35281109085083, 2.360839602661133, 2.35103698348999, 2.3506042388916017, 2.352267935180664, 2.3612847640991212, 2.357104776763916, 2.3603652572631835, 2.3577414291381835, 2.357525279998779, 2.3511337364196776, 2.3515638511657713], "test_acc": [1.350000023841858, 2.2899999618530273, 3.869999885559082, 5.089999675750732, 6.099999904632568, 6.679999828338623, 7.899999618530273, 9.25, 9.309999465942383, 10.59000015258789, 10.559999465942383, 12.539999961853027, 13.279999732971191, 15.319999694824219, 14.739999771118164, 15.389999389648438, 16.600000381469727, 18.619998931884766, 19.869998931884766, 20.34000015258789, 19.389999389648438, 21.19999885559082, 21.639999389648438, 24.189998626708984, 24.93000030517578, 24.779998779296875, 25.639999389648438, 27.889999389648438, 27.849998474121094, 28.09000015258789, 28.729999542236328, 29.31999969482422, 32.21999740600586, 28.309999465942383, 31.869998931884766, 32.959999084472656, 35.029998779296875, 33.05999755859375, 33.95000076293945, 36.09000015258789, 34.91999816894531, 36.63999938964844, 36.189998626708984, 38.40999984741211, 38.09000015258789, 38.20000076293945, 38.540000915527344, 39.72999954223633, 40.65999984741211, 40.65999984741211, 39.939998626708984, 40.88999938964844, 40.53999710083008, 41.45000076293945, 41.91999816894531, 43.20000076293945, 41.61000061035156, 43.37999725341797, 44.05999755859375, 44.119998931884766, 44.5, 44.23999786376953, 44.37999725341797, 44.56999969482422, 44.96999740600586, 45.38999938964844, 45.12999725341797, 45.599998474121094, 45.05999755859375, 45.52000045776367, 45.96999740600586, 45.87999725341797, 46.30999755859375, 46.25, 46.61000061035156, 46.37999725341797, 46.61000061035156, 46.72999954223633, 46.69999694824219, 47.18000030517578, 46.94999694824219, 47.209999084472656, 46.709999084472656, 47.189998626708984, 47.02000045776367, 47.25, 47.30999755859375, 47.43000030517578, 47.38999938964844, 47.34000015258789, 47.46999740600586, 47.28999710083008, 47.22999954223633, 47.39999771118164, 47.30999755859375, 47.15999984741211, 47.23999786376953, 47.40999984741211, 47.28999710083008, 47.28999710083008], "wall_time": [4.1809210777282715, 7.956395149230957, 11.575829982757568, 15.005844116210938, 18.602760314941406, 22.220073223114014, 25.985951900482178, 29.59135413169861, 32.84256291389465, 36.64152121543884, 39.916953325271606, 43.220723152160645, 46.502032995224, 50.04958701133728, 53.4128623008728, 57.150413274765015, 60.99599528312683, 64.68962717056274, 68.32340669631958, 71.6884765625, 75.30454730987549, 79.03863453865051, 81.86613440513611, 84.85876035690308, 88.24078106880188, 91.46459078788757, 95.35253500938416, 99.1383626461029, 103.02152967453003, 106.77137565612793, 110.24747490882874, 113.54829621315002, 116.78847622871399, 119.60959506034851, 122.91384410858154, 126.77427577972412, 130.2062599658966, 133.5938103199005, 136.9063582420349, 140.57294392585754, 144.0254054069519, 147.42594170570374, 150.40906953811646, 153.82505178451538, 157.316002368927, 160.5260362625122, 164.43431639671326, 168.03389263153076, 171.80219149589539, 174.89706563949585, 178.74057459831238, 182.05429482460022, 185.3820300102234, 188.95063400268555, 192.80739879608154, 196.20072984695435, 199.72296261787415, 203.35915231704712, 207.03699779510498, 210.59842228889465, 213.54226565361023, 217.01269221305847, 220.30426120758057, 223.98066592216492, 227.75382113456726, 231.57219195365906, 235.01872086524963, 238.79601335525513, 242.38157391548157, 246.14893889427185, 249.36473298072815, 253.23376154899597, 256.6042490005493, 260.45478558540344, 264.2253122329712, 267.4971601963043, 270.97590351104736, 274.34720253944397, 278.2436583042145, 281.9484488964081, 285.51783180236816, 289.0585482120514, 292.90455079078674, 295.7746694087982, 299.48061180114746, 303.3444890975952, 307.1711735725403, 311.0695858001709, 314.5054531097412, 317.9829595088959, 321.7205946445465, 325.0312035083771, 328.32725858688354, 332.1455900669098, 335.5269978046417, 339.2896683216095, 342.63338899612427, 346.1448886394501, 349.9851965904236, 353.4589660167694], "val_loss": [7.808191072845459, 5.763824607849121, 4.909340643310547, 4.285737004852295, 4.420240979766846, 4.184669805908203, 4.045504804229736, 3.9169998832702637, 4.001394472503662, 3.9221724449157715, 3.9090072296142577, 3.7584273677825926, 3.937037339782715, 3.622787618637085, 3.845506555175781, 3.846172690963745, 3.699884593963623, 3.538840200805664, 3.574492961502075, 3.6017317909240725, 3.7144191188812257, 3.511743695831299, 3.6221266410827635, 3.2820807331085207, 3.3293346206665038, 3.3113702964782714, 3.3351420547485353, 3.197736183929443, 3.2606912307739258, 3.2824164684295654, 3.321614811706543, 3.340010278701782, 3.012150508880615, 3.3789190048217774, 3.133451635360718, 2.9993802013397217, 2.9101475646972657, 3.0709695446014402, 3.158792656326294, 2.8983922973632814, 3.0229972438812256, 2.923778392791748, 3.04167287940979, 2.821363269805908, 2.847459013748169, 2.8731095527648924, 2.791673536682129, 2.7927082733154296, 2.6807775146484376, 2.7292412990570067, 2.7987351013183592, 2.7416929611206053, 2.780580429458618, 2.742484404754639, 2.6614270431518556, 2.6311476623535155, 2.692733150100708, 2.676796072769165, 2.5912454816818236, 2.546327452659607, 2.587660985183716, 2.553826332092285, 2.557818103790283, 2.531345216178894, 2.5494750617980957, 2.4941753158569338, 2.5300760986328124, 2.518002104949951, 2.5334326246261596, 2.495406577301025, 2.467676784324646, 2.488375429344177, 2.448526162528992, 2.443103553009033, 2.447308652305603, 2.4266167894363404, 2.4482536516189577, 2.4324813480377196, 2.4222973220825197, 2.405574043273926, 2.404450640106201, 2.4037532735824585, 2.399995212173462, 2.4047623014450075, 2.399696433830261, 2.380996688079834, 2.3815936756134035, 2.393640158081055, 2.384222269439697, 2.389884030151367, 2.3840541538238527, 2.380069928741455, 2.3815289987564086, 2.3907563566207886, 2.38893917427063, 2.3881572832107545, 2.3869269916534424, 2.38841023349762, 2.381327664375305, 2.383109317398071],