{"loss": [], "acc": [], "test_loss": [6.488149090576172, 4.463866515350341, 4.389337022399903, 4.257735232543945, 4.119106353759766, 4.060895089721679, 4.102277790832519, 3.93953157081604, 3.87453260307312, 3.8998884643554685, 3.9178545345306395, 3.7762805709838867, 3.723949997711182, 3.6949228904724123, 3.606098229217529, 3.5975270080566406, 3.580480774307251, 3.5192666416168215, 3.4751722240447998, 3.4164560680389404, 3.40486314163208, 3.380726953125, 3.4536650058746337, 3.291120136642456, 3.2878127155303956, 3.388889912033081, 3.341998168182373, 3.2926535484313963, 3.2745740005493165, 3.319503726196289, 3.314381728363037, 3.152875810623169, 3.1971163425445557, 3.246309593200684, 3.2088470043182373, 3.1405073749542236, 3.1021338413238526, 3.141011833190918, 3.2094348361968996, 3.1409193370819093, 3.1310292068481447, 3.1607034645080567, 3.0793672126770018, 3.1067522064208983, 3.1306835166931153, 3.0979920291900633, 3.2153746562957766, 3.1831484443664553, 3.224221152496338, 3.21059362411499, 3.1877569953918456, 3.146425308609009, 3.14676194229126, 3.145306372833252, 3.2176350769042967, 3.1157453746795656, 3.129427970123291, 3.1473475425720214, 3.096430835723877, 3.0731488277435304, 3.048418962097168, 3.090458605957031, 3.030873603057861, 3.034227474594116, 3.0846591651916504, 3.0626942474365233, 3.025119415283203, 3.0239206020355223, 2.999632199859619, 2.9930547119140627, 2.9502688415527345, 2.957725227355957, 2.966724027252197, 2.9449907665252684, 2.9497176696777343, 2.9440328815460206, 2.938223412322998, 2.940409976196289, 2.9298679580688476, 2.9272320579528808, 2.925754655456543, 2.9209491317749023, 2.926269211959839, 2.923890020370483, 2.9199270561218262, 2.916390857696533, 2.909430653762817, 2.9169345100402833, 2.899653978347778, 2.90093239364624, 2.9062929359436036, 2.9087860054016113, 2.9010781089782713, 2.899958437728882, 2.8981461601257323, 2.906208882904053, 2.90193695602417, 2.90576298828125, 2.909336157989502, 2.8957369415283205], "test_acc": [1.7599999904632568, 2.5799999237060547, 3.369999885559082, 3.819999933242798, 4.690000057220459, 5.549999713897705, 5.670000076293945, 6.940000057220459, 8.619999885559082, 8.880000114440918, 9.889999389648438, 11.130000114440918, 11.549999237060547, 12.269999504089355, 13.65999984741211, 14.449999809265137, 14.09999942779541, 15.229999542236328, 16.729999542236328, 17.799999237060547, 18.56999969482422, 19.18000030517578, 18.309999465942383, 20.76999855041504, 20.75, 20.469999313354492, 21.100000381469727, 21.81999969482422, 22.84000015258789, 21.829999923706055, 23.809999465942383, 25.689998626708984, 24.599998474121094, 24.420000076293945, 26.709999084472656, 26.309999465942383, 28.079999923706055, 26.969999313354492, 27.60999870300293, 27.829999923706055, 28.329999923706055, 28.75, 29.279998779296875, 29.809999465942383, 30.389999389648438, 30.92999839782715, 29.219999313354492, 30.420000076293945, 29.56999969482422, 31.1299991607666, 30.53999900817871, 32.11000061035156, 31.10999870300293, 31.65999984741211, 31.119998931884766, 32.65999984741211, 32.709999084472656, 33.61000061035156, 32.91999816894531, 33.97999954223633, 34.540000915527344, 34.5, 34.98999786376953, 35.36000061035156, 35.11000061035156, 35.27000045776367, 35.80999755859375, 36.0099983215332, 35.90999984741211, 36.39999771118164, 36.73999786376953, 36.619998931884766, 36.79999923706055, 36.86000061035156, 37.099998474121094, 37.0099983215332, 37.2599983215332, 37.25, 36.81999969482422, 37.099998474121094, 37.29999923706055, 37.43000030517578, 37.459999084472656, 37.709999084472656, 37.40999984741211, 37.55999755859375, 37.75, 37.65999984741211, 37.75, 37.87999725341797, 37.63999938964844, 37.68000030517578, 37.82999801635742, 38.029998779296875, 37.93000030517578, 37.91999816894531, 37.79999923706055, 37.89999771118164, 37.65999984741211, 37.869998931884766], "wall_time": [3.8708059787750244, 6.615615129470825, 10.186245679855347, 13.994864702224731, 17.538432121276855, 20.51654577255249, 24.122905492782593, 27.66685914993286, 31.142500638961792, 34.66152286529541, 38.320072412490845, 41.57095646858215, 44.95877695083618, 48.89505958557129, 52.44197607040405, 55.84472155570984, 59.51974296569824, 63.14745378494263, 66.8111457824707, 70.5654308795929, 74.02608704566956, 77.12474632263184, 80.76168322563171, 84.12267279624939, 87.5199658870697, 90.73702907562256, 93.93971967697144, 97.77077913284302, 101.53538703918457, 104.93306040763855, 108.09814047813416, 111.65937662124634, 115.00259351730347, 118.37264227867126, 121.51595067977905, 125.00640296936035, 128.23171615600586, 131.488374710083, 134.95813941955566, 138.55583930015564, 141.71353483200073, 145.40927386283875, 148.8395607471466, 152.27299904823303, 155.64966416358948, 159.2386748790741, 162.7829053401947, 166.44175839424133, 170.20072555541992, 173.57358169555664, 177.02575969696045, 180.50462698936462, 184.48360633850098, 187.64520907402039, 190.82256436347961, 194.10886025428772, 197.5995602607727, 201.19811272621155, 204.483323097229, 207.52845239639282, 210.96577906608582, 214.33336281776428, 217.49212551116943, 220.8914406299591, 224.14682149887085, 227.6105935573578, 231.0321180820465, 234.30930852890015, 237.90099382400513, 241.70888209342957, 245.39635300636292, 248.92150902748108, 252.3036811351776, 255.8067593574524, 259.21004939079285, 262.68259263038635, 266.3972692489624, 269.9721055030823, 273.0677123069763, 276.61919593811035, 280.1708254814148, 283.62173104286194, 287.0952253341675, 290.5817537307739, 294.10283064842224, 297.74707531929016, 301.3672297000885, 304.5416238307953, 307.8469114303589, 310.97216510772705, 314.88614869117737, 318.59752559661865, 322.09912180900574, 325.7256066799164, 328.93152689933777, 332.5081102848053, 335.99344754219055, 339.51643466949463, 342.8252239227295, 346.4103081226349], "val_loss": [6.55101732711792, 4.483967395782471, 4.392771796798706, 4.276627309799195, 4.135551543807983, 4.076818174743653, 4.117927795028686, 3.9496896213531496, 3.885867141342163, 3.911470525741577, 3.936424402618408, 3.7830742637634276, 3.7250243286132814, 3.69938544883728, 3.5974766426086426, 3.5950457969665526, 3.571441321182251, 3.546032801437378, 3.4436411365509034, 3.396003931427002, 3.4059818359375, 3.3932056453704833, 3.44782364654541, 3.2951950424194334, 3.274655415725708, 3.3812075592041015, 3.329535391998291, 3.2633855365753175, 3.267736917877197, 3.302575503921509, 3.299219397354126, 3.108138084411621, 3.1725202018737795, 3.245656583404541, 3.1773108879089356, 3.1568595024108888, 3.107989237213135, 3.154175749206543, 3.220189744949341, 3.1448259521484374, 3.123235292816162, 3.1567880405426028, 3.0987360176086427, 3.1200501499176023, 3.098131858062744, 3.108026216888428, 3.20271650390625, 3.182378450012207, 3.2178418342590334, 3.2354323623657226, 3.203561436080933, 3.160113840484619, 3.1812441268920897, 3.1258249225616455, 3.2024168128967285, 3.1074089675903322, 3.1413972888946535, 3.1671695098876955, 3.1084592405319214, 3.0800537433624267, 3.0395537578582763, 3.0997819259643555, 3.0512790458679198, 3.045919134902954, 3.096734935379028, 3.067578582382202, 3.0354780141830444, 3.0329166328430177, 3.0196050800323486, 3.0158628406524657, 2.9636994537353516, 2.9859994836807253, 2.9786906013488768, 2.967020331573486, 2.9835370635986327, 2.9796744144439695, 2.9689818672180177, 2.9652241930007937, 2.9517854707717897, 2.9636618183135988, 2.9518761043548585, 2.9496379066467284, 2.9584664115905763, 2.958759399032593, 2.9485638404846193, 2.9461153718948365, 2.932998710632324, 2.9424819292068483, 2.9308011978149415, 2.9311006828308104, 2.932132734680176, 2.9366613243103026, 2.9306520469665527, 2.9291618980407716, 2.9262386016845703, 2.9347683130264284, 2.9292627086639405, 2.9337402191162107, 2.9364267017364503, 2.9256033935546877],