{"loss": [], "acc": [], "test_loss": [72.66029859008789, 4.4820993110656735, 4.227130744171142, 4.189102733612061, 4.095680233001709, 4.381635923004151, 4.071936890411377, 4.000606182861328, 3.9868114627838134, 3.856768891143799, 3.8281162925720214, 3.8629185356140137, 3.778532819366455, 3.7624318038940427, 3.806207120513916, 3.7420741950988767, 3.7238100860595704, 3.6811767921447753, 3.7539747844696043, 3.663343963623047, 3.69196594619751, 3.759945293426514, 3.576160048675537, 3.5317802291870115, 3.613521006011963, 3.52724361038208, 3.562205993270874, 3.5234472675323487, 3.696275695037842, 3.6296502670288087, 3.4643616596221922, 3.6466347919464113, 3.5963561157226565, 3.6084358795166014, 3.652981647491455, 3.790677444458008, 3.630133132171631, 3.80268359413147, 3.784119197845459, 3.875665758895874, 3.729637051010132, 3.6764346542358397, 4.01614369392395, 3.759832723236084, 3.7563470378875734, 3.824264823913574, 3.8753057456970215, 3.908029243850708, 3.959491039276123, 3.9823274925231935, 3.956259951400757, 3.9886388095855714, 4.186563651275635, 4.0402783630371095, 4.005814695739746, 4.164041947174073, 4.1644098159790035, 4.13851223449707, 4.148436470031738, 4.178372339248657, 4.200032372665405, 4.2416074771881105, 4.212695727539063, 4.175376613616943, 4.250657789611816, 4.212198413085938, 4.208213040161133, 4.227514492797852, 4.196012743377685, 4.170040354919434, 4.144620515441894, 4.155464065551758, 4.121677864074707, 4.137540956878662, 4.095872282409668, 4.099238477325439, 4.088489875793457, 4.08833748626709, 4.081293041992187, 4.081617669677734, 4.067401181793213, 4.050847186279297, 4.0606101043701175, 4.049960514068603, 4.04409847869873, 4.057405591583252, 4.035215418243408, 4.039170706939697, 4.036424275207519, 4.034559628295899, 4.023731954193115, 4.029240884399414, 4.021327061462403, 4.026966574096679, 4.033058148956298, 4.0325345642089845, 4.030392105102539, 4.037118022918701, 4.03015177154541, 4.020732149505616], "test_acc": [1.1200000047683716, 3.679999828338623, 3.869999885559082, 4.440000057220459, 5.96999979019165, 5.730000019073486, 6.359999656677246, 7.649999618530273, 7.669999599456787, 9.260000228881836, 10.429999351501465, 10.139999389648438, 11.149999618530273, 12.519999504089355, 11.579999923706055, 13.289999961853027, 13.25, 14.479999542236328, 14.1899995803833, 15.949999809265137, 15.919999122619629, 15.460000038146973, 17.619998931884766, 18.19999885559082, 18.75, 18.829999923706055, 18.81999969482422, 19.78999900817871, 17.709999084472656, 19.420000076293945, 21.03999900817871, 20.44999885559082, 21.329999923706055, 20.850000381469727, 21.10999870300293, 20.279998779296875, 21.639999389648438, 21.189998626708984, 21.68000030517578, 21.35999870300293, 22.959999084472656, 23.489999771118164, 21.59000015258789, 23.51999855041504, 23.90999984741211, 24.26999855041504, 24.709999084472656, 24.639999389648438, 24.420000076293945, 23.399999618530273, 25.06999969482422, 24.90999984741211, 24.420000076293945, 25.059999465942383, 25.139999389648438, 25.439998626708984, 25.81999969482422, 26.149999618530273, 25.809999465942383, 25.84000015258789, 26.219999313354492, 25.67999839782715, 26.649999618530273, 26.65999984741211, 26.899999618530273, 27.139999389648438, 27.349998474121094, 27.40999984741211, 27.469999313354492, 27.65999984741211, 27.8799991607666, 27.649999618530273, 27.59000015258789, 28.09000015258789, 28.149999618530273, 27.94999885559082, 28.239999771118164, 28.139999389648438, 27.849998474121094, 28.03999900817871, 27.989999771118164, 27.90999984741211, 28.01999855041504, 28.0, 27.8799991607666, 28.049999237060547, 27.989999771118164, 27.920000076293945, 28.1299991607666, 28.1299991607666, 28.17999839782715, 28.459999084472656, 28.329999923706055, 28.239999771118164, 28.239999771118164, 28.35999870300293, 28.189998626708984, 28.170000076293945, 28.25, 28.28999900817871], "wall_time": [4.100446462631226, 8.037281274795532, 11.997423648834229, 15.700997114181519, 19.3508517742157, 22.89938521385193, 26.2282497882843, 29.94941520690918, 33.70301270484924, 37.48130822181702, 41.04072284698486, 44.99633765220642, 48.70764994621277, 52.37156319618225, 56.16812181472778, 59.76325345039368, 63.98857259750366, 67.74319672584534, 71.29954552650452, 75.27752041816711, 78.91824865341187, 82.63404369354248, 86.347092628479, 89.99637961387634, 93.82246398925781, 97.29237127304077, 101.03159284591675, 105.13093829154968, 108.73262882232666, 112.46168518066406, 116.22870349884033, 119.73836040496826, 123.50312519073486, 127.5693027973175, 131.13579559326172, 134.80985307693481, 138.67567944526672, 142.67588186264038, 146.5224733352661, 150.3654317855835, 154.14221382141113, 157.80033159255981, 161.47778463363647, 165.44587016105652, 169.28050923347473, 172.90889644622803, 176.62005591392517, 180.27091765403748, 183.94681811332703, 187.7014775276184, 191.21645975112915, 194.96174240112305, 198.9222514629364, 203.0040888786316, 206.68339776992798, 210.4882311820984, 214.20245695114136, 217.8995008468628, 221.84770131111145, 225.56385159492493, 229.28286457061768, 233.02225589752197, 236.71669220924377, 240.4334659576416, 243.9651381969452, 247.11160445213318, 250.63853859901428, 254.40312004089355, 257.92813515663147, 261.7093667984009, 265.5676939487457, 269.1096782684326, 272.87718391418457, 276.5122694969177, 280.22713327407837, 284.00004863739014, 287.79876255989075, 291.3890039920807, 295.3361279964447, 299.00602531433105, 302.40826082229614, 306.4451401233673, 310.26832914352417, 313.97535514831543, 317.3506495952606, 320.9389679431915, 324.793536901474, 328.23505997657776, 331.97252655029297, 336.01356196403503, 339.6179151535034, 343.20166635513306, 347.13092732429504, 350.7055847644806, 354.2392907142639, 358.2899055480957, 361.8485221862793, 365.54933047294617, 369.5380132198334, 373.3677427768707], "val_loss": [72.24436862792969, 4.502487740325928, 4.243599199295044, 4.1993274684906, 4.100791242599487, 4.391148090362549, 4.071183029174804, 4.0091633659362795, 3.9841154319763183, 3.856322417831421, 3.822931813430786, 3.851036361694336, 3.779010181808472, 3.758802183151245, 3.8071503032684326, 3.7511560108184816, 3.737819960784912, 3.6802320629119873, 3.766491865158081, 3.6639756504058836, 3.6896996841430663, 3.7650066833496094, 3.5892082054138186, 3.556425031661987, 3.6080271713256837, 3.540516341781616, 3.583462378692627, 3.530045126724243, 3.7042685775756836, 3.645197914505005, 3.471306215667725, 3.650484200668335, 3.5895637306213377, 3.605068546295166, 3.669297913360596, 3.808155031204224, 3.6378600345611574, 3.797746319580078, 3.7866815631866455, 3.875776385116577, 3.741431639099121, 3.6886005222320555, 4.002958172988891, 3.793483680725098, 3.7281504875183105, 3.8547595996856687, 3.8822797050476074, 3.930204653549194, 3.958654194641113, 3.989716056060791, 3.9806278274536133, 3.995570669174194, 4.192923338317871, 4.069428294754029, 4.04063575592041, 4.14448562965393, 4.178075745391846, 4.14394338760376, 4.122860041427613, 4.190854558563233, 4.183448458099365, 4.227495118331909, 4.165395375823975, 4.1831524955749515, 4.233246654510498, 4.205368148803711, 4.194352098846435, 4.201743123626709, 4.1618946960449215, 4.165088901901245, 4.119750046539306, 4.150311985397339, 4.115024335861206, 4.141040012359619, 4.094035920715332, 4.102256834030151, 4.08537766532898, 4.080021317291259, 4.072971825408936, 4.082093463897705, 4.060424764251709, 4.0487283512115475, 4.051139340591431, 4.039135304641723, 4.0304640037536625, 4.04935701713562, 4.028129705810547, 4.033546939849853, 4.030793669128418, 4.027971537780762, 4.0177307800292965, 4.023107207489014, 4.009063132858277, 4.016663214111328, 4.028580250549316, 4.033435787582397, 4.020971977233887, 4.030141728210449, 4.0258484470367435, 4.016252145385742],