{"loss": [], "acc": [], "test_loss": [4.64177075881958, 4.415756868743896, 4.194880402374268, 4.003533020782471, 3.983097992706299, 3.928532220840454, 3.876923575592041, 3.8551385707855226, 3.814945436859131, 3.7748042442321776, 3.7243914207458495, 3.6732603195190427, 3.6763768142700197, 3.6660442878723143, 3.739921710205078, 3.62136436920166, 3.585530828475952, 3.7034857814788817, 3.5734071674346923, 3.6339953800201417, 3.5772662086486817, 3.6576154113769532, 3.4854168785095214, 3.6830415748596192, 3.5930375843048097, 3.434349543762207, 3.5180110569000242, 3.4718555171966554, 3.596726220703125, 3.6078672119140625, 3.479857329559326, 3.4539807888031007, 3.506039675140381, 3.4606182197570803, 3.522989072036743, 3.5251227573394774, 3.5228824829101564, 3.6519806030273436, 3.7104469802856443, 3.6374186115264893, 3.7211564723968507, 3.768099292755127, 3.7514284385681154, 3.89912374420166, 3.967950044631958, 3.8798130264282227, 3.942296915435791, 4.006168981933594, 4.0722970825195315, 4.170880892562867, 4.041446502304077, 3.9955772346496583, 4.178682524108886, 4.147430083465576, 4.080457052612305, 4.080070162582397, 4.337345146179199, 4.231634037017822, 4.173082906341553, 4.19469803276062, 4.1871878490448, 4.2399640209198, 4.210052021026612, 4.190942156219482, 4.230344663238525, 4.190841632080078, 4.191588377380371, 4.129670690155029, 4.149661123657227, 4.111179221343994, 4.105186496734619, 4.123468775558472, 4.0887723083496095, 4.080131268310547, 4.068912642669678, 4.072646354675293, 4.048576132965088, 4.045175151824951, 4.024779387664795, 4.017290584564209, 4.008297809219361, 4.01429354095459, 4.0177305332183835, 3.9997574321746825, 3.9983160583496096, 3.999348847579956, 4.008150564575195, 3.9989802577972413, 4.0033539772033695, 4.008318244552612, 3.9945996734619142, 3.993296739959717, 3.987065905380249, 3.9794056411743166, 3.9715633003234863, 3.9858682949066164, 3.9837221534729004, 3.992306578063965, 3.9919817317962645, 3.9883147006988526], "test_acc": [1.25, 3.859999895095825, 5.37999963760376, 8.6899995803833, 8.469999313354492, 9.550000190734863, 10.210000038146973, 10.649999618530273, 11.34000015258789, 12.380000114440918, 13.15999984741211, 14.149999618530273, 13.739999771118164, 14.170000076293945, 13.329999923706055, 15.75, 16.119998931884766, 15.449999809265137, 16.65999984741211, 16.529998779296875, 17.260000228881836, 18.170000076293945, 18.53999900817871, 18.170000076293945, 18.760000228881836, 20.510000228881836, 20.459999084472656, 20.34000015258789, 19.689998626708984, 19.520000457763672, 21.68000030517578, 22.06999969482422, 22.189998626708984, 23.18000030517578, 21.65999984741211, 22.6299991607666, 22.59000015258789, 22.6299991607666, 23.099998474121094, 23.579999923706055, 23.44999885559082, 22.760000228881836, 24.40999984741211, 22.93000030517578, 22.119998931884766, 23.10999870300293, 23.3799991607666, 24.059999465942383, 23.65999984741211, 22.31999969482422, 24.969999313354492, 25.260000228881836, 24.31999969482422, 24.849998474121094, 25.31999969482422, 26.40999984741211, 24.65999984741211, 25.649999618530273, 26.78999900817871, 26.42999839782715, 26.809999465942383, 27.099998474121094, 27.5, 27.829999923706055, 27.670000076293945, 28.69999885559082, 27.85999870300293, 28.639999389648438, 28.619998931884766, 28.759998321533203, 29.219999313354492, 29.01999855041504, 28.869998931884766, 28.619998931884766, 29.259998321533203, 29.31999969482422, 29.170000076293945, 29.26999855041504, 29.5, 29.099998474121094, 29.639999389648438, 29.8799991607666, 29.459999084472656, 29.56999969482422, 29.619998931884766, 29.689998626708984, 29.329999923706055, 29.479999542236328, 29.42999839782715, 29.3799991607666, 29.420000076293945, 29.509998321533203, 29.459999084472656, 29.34000015258789, 29.69999885559082, 29.619998931884766, 29.439998626708984, 29.75, 29.469999313354492, 29.42999839782715], "wall_time": [4.955301761627197, 8.975184679031372, 13.331412315368652, 18.09460210800171, 22.56992197036743, 28.66289734840393, 36.6078155040741, 41.741597175598145, 46.85236573219299, 52.01818299293518, 57.20379829406738, 62.31004309654236, 67.46546626091003, 72.67469692230225, 77.87069964408875, 83.07341766357422, 88.27633619308472, 93.42824101448059, 98.55727481842041, 103.78028225898743, 109.00056648254395, 114.229909658432, 119.44733786582947, 124.65868997573853, 129.83849000930786, 135.01913785934448, 140.20201444625854, 145.41030621528625, 150.64870429039001, 155.8979880809784, 161.1472249031067, 166.32735514640808, 171.5277099609375, 176.7304332256317, 181.9881091117859, 187.20600748062134, 192.43531441688538, 197.65076231956482, 202.87918877601624, 208.2745373249054, 213.7024302482605, 219.13535380363464, 224.50427651405334, 229.85688066482544, 235.26113390922546, 240.6450810432434, 246.01908683776855, 251.4362986087799, 256.8099801540375, 262.195609331131, 267.56270837783813, 274.45632219314575, 279.86421942710876, 285.28798270225525, 290.6483771800995, 296.0620982646942, 300.8296916484833, 306.2855246067047, 311.69393944740295, 317.04006004333496, 323.94022488594055, 335.374409198761, 339.95568776130676, 344.5184898376465, 349.096257686615, 354.82533597946167, 366.11171984672546, 370.71600317955017, 375.3178825378418, 379.9656729698181, 384.6064956188202, 389.24140644073486, 393.9556312561035, 399.24130868911743, 404.74856066703796, 410.10344529151917, 415.47991132736206, 420.8433749675751, 426.20141410827637, 431.60837173461914, 436.9469323158264, 442.324964761734, 447.61576294898987, 452.96598839759827, 458.3406662940979, 463.7172086238861, 469.05313086509705, 474.4542462825775, 479.8046205043793, 485.1519365310669, 490.49912691116333, 495.8510687351227, 501.198303937912, 506.5017237663269, 511.8712944984436, 517.2297685146332, 522.5910465717316, 527.9987828731537, 533.375809431076, 538.663901090622], "val_loss": [4.630858800506592, 4.391468914794922, 4.184441605377197, 4.014230135345459, 3.966000287628174, 3.932809829711914, 3.8664675720214845, 3.8317726280212403, 3.7914225574493408, 3.7782006607055663, 3.7149326637268065, 3.6661784809112548, 3.668246508407593, 3.6660574005126954, 3.748983668518066, 3.6154268005371093, 3.588242660903931, 3.7051949737548826, 3.573996208190918, 3.630535378265381, 3.5886259937286376, 3.646322096633911, 3.487566216278076, 3.6903453506469726, 3.58683818321228, 3.4320668529510496, 3.519424439239502, 3.478933563232422, 3.597928164291382, 3.588145195388794, 3.4666979309082033, 3.44042371673584, 3.485179549407959, 3.4698282974243164, 3.5283448768615724, 3.5237766761779783, 3.5307461147308348, 3.6607644409179687, 3.6952180156707763, 3.6376963500976562, 3.719825373840332, 3.759777498626709, 3.7449068588256837, 3.9038271423339843, 3.942205375671387, 3.8585724662780763, 3.9536397262573244, 3.981297915649414, 4.089725463867188, 4.156103681182861, 4.045482619857788, 3.9971887596130373, 4.213073111724854, 4.092492893218994, 4.1204928695678715, 4.043662879943848, 4.290825393676758, 4.200923573303223, 4.116115411376953, 4.14603314743042, 4.1418202697753905, 4.221359632873535, 4.159765153503418, 4.154187146759033, 4.189569766998291, 4.156780802154541, 4.155742040252686, 4.086672596740723, 4.110855429077149, 4.067540615081787, 4.069059110260009, 4.079920685577393, 4.037743955230713, 4.032884622955322, 4.023010260772705, 4.0194526908874515, 3.999313981628418, 3.989471209716797, 3.975178953552246, 3.9703244621276856, 3.9611471618652345, 3.9553328346252443, 3.970482723236084, 3.949231848144531, 3.941989009094238, 3.950382145690918, 3.9516875915527345, 3.9465907302856444, 3.947209864807129, 3.95003006439209, 3.9388980010986328, 3.9442351860046387, 3.9367949516296386, 3.931539038848877, 3.9219874084472655, 3.935870874786377, 3.9342160102844237, 3.9426155853271485, 3.9427350410461424, 3.9360491294860838],