{"loss": [], "acc": [], "test_loss": [4.660152365112305, 4.296307814788818, 4.086137476730347, 4.063795272827148, 3.9498591232299805, 3.8676297107696533, 3.7474247356414794, 3.7610500759124754, 3.767565493774414, 3.7048813957214355, 3.731675005340576, 3.6204498542785646, 3.8163194423675537, 3.6497552349090574, 3.607107336425781, 3.6505189296722413, 3.461378509902954, 3.454706521987915, 3.4463995529174807, 3.448455562591553, 3.426266371154785, 3.4096327838897706, 3.418962218093872, 3.719667092895508, 3.5568182540893556, 3.4375620704650878, 3.308652172088623, 3.6861420921325685, 3.3599841205596923, 3.5162513221740723, 3.550827352142334, 3.648467470932007, 3.510453536987305, 3.589873801422119, 3.4760501136779784, 3.55115539894104, 3.7130310600280763, 3.6190495037078856, 3.591188609313965, 3.658214778137207, 3.5740770805358886, 3.665112614822388, 3.8744452575683592, 3.8625457138061523, 3.8521056617736815, 3.970869659805298, 4.007311334228516, 3.8001526542663573, 3.8346056018829344, 3.859920901107788, 3.9908911766052246, 3.942653966140747, 3.96595763130188, 3.9755138023376464, 3.9309264122009275, 3.903117301559448, 3.9431565380096436, 3.909805241394043, 3.842059881591797, 3.8676708198547365, 3.798182041168213, 3.8310168323516844, 3.8175197277069093, 3.7714666732788085, 3.7762291793823244, 3.720687283325195, 3.703156853103638, 3.7048982460021973, 3.682930532836914, 3.677831493759155, 3.666976661682129, 3.651532120513916, 3.6310629741668703, 3.6231376483917237, 3.6267488426208496, 3.5926130813598633, 3.5933711715698244, 3.6043295196533203, 3.5701415603637696, 3.5773353302001953, 3.569358543777466, 3.5674416481018065, 3.554484574508667, 3.553423430633545, 3.5554126472473144, 3.5497396003723143, 3.544401986694336, 3.5595849784851072, 3.5467811107635496, 3.5476999752044676, 3.547275691986084, 3.541693154144287, 3.533386381149292, 3.547823406600952, 3.5507644916534424, 3.541690950012207, 3.546940782546997, 3.5457623252868653, 3.5489961318969727, 3.543474828720093], "test_acc": [1.4900000095367432, 5.239999771118164, 7.279999732971191, 7.25, 8.149999618530273, 10.90999984741211, 12.25999927520752, 11.929999351501465, 12.5, 12.559999465942383, 13.089999198913574, 14.9399995803833, 13.399999618530273, 15.619999885559082, 15.779999732971191, 16.799999237060547, 18.369998931884766, 19.309999465942383, 19.65999984741211, 19.43000030517578, 20.18000030517578, 22.10999870300293, 21.56999969482422, 19.729999542236328, 20.35999870300293, 22.760000228881836, 23.719999313354492, 19.689998626708984, 23.809999465942383, 23.670000076293945, 22.779998779296875, 21.670000076293945, 24.34000015258789, 24.8799991607666, 25.35999870300293, 25.43000030517578, 23.78999900817871, 24.869998931884766, 25.559999465942383, 25.670000076293945, 26.90999984741211, 26.01999855041504, 24.459999084472656, 26.529998779296875, 25.959999084472656, 25.309999465942383, 25.079999923706055, 27.35999870300293, 28.049999237060547, 28.139999389648438, 27.309999465942383, 28.219999313354492, 27.989999771118164, 28.079999923706055, 28.69999885559082, 28.969999313354492, 29.689998626708984, 30.579999923706055, 30.65999984741211, 30.279998779296875, 31.189998626708984, 31.079999923706055, 31.1299991607666, 32.04999923706055, 31.719999313354492, 32.380001068115234, 32.290000915527344, 32.84000015258789, 32.64999771118164, 32.41999816894531, 32.73999786376953, 32.77000045776367, 32.540000915527344, 33.040000915527344, 32.90999984741211, 32.869998931884766, 33.099998474121094, 33.02000045776367, 32.97999954223633, 33.22999954223633, 33.2599983215332, 33.209999084472656, 33.27000045776367, 33.349998474121094, 33.290000915527344, 33.29999923706055, 33.279998779296875, 33.349998474121094, 33.119998931884766, 33.07999801635742, 33.20000076293945, 33.27000045776367, 33.39999771118164, 33.36000061035156, 33.23999786376953, 33.459999084472656, 33.439998626708984, 33.189998626708984, 33.22999954223633, 33.30999755859375], "wall_time": [4.451777696609497, 7.425498008728027, 10.210553407669067, 13.124038457870483, 15.885378122329712, 19.05213451385498, 22.06676435470581, 25.100616931915283, 28.03603458404541, 30.90701699256897, 33.981061697006226, 36.99262809753418, 39.88013529777527, 42.86458492279053, 45.72077536582947, 48.63439416885376, 51.655375719070435, 54.626518964767456, 57.64936971664429, 60.56986403465271, 63.464470863342285, 66.43770980834961, 69.55404114723206, 72.58938479423523, 75.68609857559204, 78.6242036819458, 81.84834456443787, 84.91337895393372, 87.85205817222595, 90.74607110023499, 93.97700667381287, 97.20194458961487, 100.1085696220398, 103.23583841323853, 106.34155178070068, 109.48492765426636, 112.43027782440186, 115.78360795974731, 118.8707525730133, 121.81717562675476, 124.85065174102783, 128.03748035430908, 131.05647563934326, 134.40427017211914, 137.433687210083, 140.40979170799255, 143.4250373840332, 146.28218483924866, 149.59597492218018, 152.5023217201233, 155.39323687553406, 158.4461932182312, 161.3314483165741, 164.25478792190552, 167.14555621147156, 170.1348888874054, 173.30803656578064, 176.46364641189575, 179.5056221485138, 182.50190567970276, 185.51191520690918, 188.5345778465271, 191.75860214233398, 195.0038435459137, 198.046870470047, 201.05890035629272, 204.11399269104004, 207.28462529182434, 210.5021095275879, 213.64099025726318, 216.62054204940796, 219.61048340797424, 222.76222133636475, 225.78100395202637, 228.83638978004456, 231.96315836906433, 235.1390895843506, 238.2180211544037, 241.67117977142334, 244.79852771759033, 247.79287695884705, 250.96122193336487, 254.13982439041138, 257.3389320373535, 260.80591893196106, 263.922203540802, 267.0503978729248, 269.9526319503784, 273.1690573692322, 276.3735101222992, 279.4996416568756, 282.5162208080292, 285.570317029953, 289.43793201446533, 292.5572955608368, 295.69748854637146, 298.7664170265198, 302.0166199207306, 305.0239176750183, 308.0560965538025], "val_loss": [4.654847521972656, 4.283985906982422, 4.073206317901612, 4.041866103363037, 3.9481652935028078, 3.863123471450806, 3.7630260528564454, 3.76928777885437, 3.7664602615356446, 3.7190163761138915, 3.7154851516723633, 3.6045679977416993, 3.7918977657318114, 3.662930693435669, 3.6068070014953615, 3.639861931991577, 3.448604049682617, 3.443057280731201, 3.452501961517334, 3.4727800601959227, 3.4241345306396482, 3.4328652683258056, 3.4405916370391845, 3.7263254638671874, 3.584446894073486, 3.459330981826782, 3.3383675788879397, 3.674823012161255, 3.388806609725952, 3.5114552112579345, 3.5362383979797363, 3.662199312210083, 3.537677199554443, 3.589678581237793, 3.4944851360321043, 3.5443704963684084, 3.7141389724731444, 3.6200518741607666, 3.5927220310211183, 3.6866659549713137, 3.5462720024108885, 3.6868186584472658, 3.84826142578125, 3.86012294921875, 3.840634439468384, 3.9539394653320312, 3.9607088821411134, 3.7863222763061524, 3.831806901550293, 3.8741038463592528, 3.9444230613708497, 3.919762735748291, 3.9803239944458007, 3.971706103515625, 3.9262389289855957, 3.851737861251831, 3.8938731170654295, 3.831572486114502, 3.8110561779022216, 3.8373850395202638, 3.784496942520142, 3.7944330421447754, 3.758137464141846, 3.7275440368652344, 3.7350494178771974, 3.686793274688721, 3.6793889419555663, 3.6747555126190186, 3.656202252960205, 3.6361256286621093, 3.6370731452941896, 3.626064962005615, 3.604495720291138, 3.6045219272613527, 3.6073588230133056, 3.566872149658203, 3.568892658996582, 3.573322829437256, 3.541856812286377, 3.551687340545654, 3.5390182060241697, 3.5386470912933348, 3.5241882369995117, 3.5310067207336426, 3.5249347881317137, 3.521425492858887, 3.519976781845093, 3.532699263000488, 3.5228993732452394, 3.5239711406707763, 3.5222818130493163, 3.518865348815918, 3.50952825012207, 3.523739814758301, 3.526356774902344, 3.5167440437316895, 3.522098832702637, 3.5194418468475344, 3.5256841796875, 3.5197854427337645],