{"loss": [], "acc": [], "test_loss": [4.652590190887451, 4.700985927581787, 4.549877629089355, 4.524559913635254, 4.4943432487487796, 4.401724153518677, 4.399652684783936, 4.342463467025757, 4.322446043777465, 4.362835293197632, 4.368865074920654, 4.306408307647705, 4.391795328903198, 4.461898153686524, 4.7440863143920895, 4.6255047874450685, 4.68197712097168, 4.469900336456299, 4.546379710388184, 4.463398295593262, 4.544753681945801, 4.618790914154053, 5.036505026245117, 4.846349614715576, 5.08620389251709, 4.746485682678222, 4.728717742919922, 4.834142984008789, 4.9180969200134275, 4.93004281616211, 5.0832486236572265, 5.00610994796753, 5.148350750732422, 5.168228020477295, 5.321449949645996, 5.309111088562012, 5.265706240081787, 5.298053232574463, 5.295287876129151, 5.371702227783203, 5.418892805480957, 5.409607009887695, 5.441159009552002, 5.639313572692871, 5.617236835479736, 5.5229965057373045, 5.661190502166748, 5.590595767211914, 5.6579186019897465, 5.7687607147216795, 5.76271791305542, 5.755689199066162, 5.8151031036376954, 5.726982180786133, 5.940407597351074, 5.9365155418396, 5.828801398468017, 5.821262267303466, 5.835257569122314, 5.884593982696533, 5.925650080871582, 5.847254291534424, 5.871027359008789, 5.889142972564697, 5.837318982696533, 5.866561853790283, 5.913925315856933, 5.8981331359863285, 5.907877634429932, 5.904293603515625, 5.85311365890503, 5.872642385101319, 5.887524618530273, 5.894272586059571, 5.871309156799317, 5.8736839233398435, 5.8899064453125, 5.86968623046875, 5.870310874938965, 5.866761971282959, 5.865819660949707, 5.868852152252197, 5.87509083404541, 5.863369158172607, 5.869159539031982, 5.860081308746338, 5.865932005310059, 5.875417922973633, 5.871364129638672, 5.8566534759521485, 5.871740167999268, 5.875353569030762, 5.879462478637695, 5.871935829162598, 5.864095053100586, 5.864820864105225, 5.87690965423584, 5.8759221252441405, 5.848607363891602, 5.860060469055176], "test_acc": [0.8299999833106995, 1.0199999809265137, 2.179999828338623, 3.18999981880188, 4.179999828338623, 4.75, 4.859999656677246, 6.239999771118164, 6.730000019073486, 6.25, 6.960000038146973, 6.779999732971191, 7.439999580383301, 7.71999979019165, 6.989999771118164, 6.75, 7.669999599456787, 7.909999847412109, 7.619999885559082, 8.639999389648438, 8.949999809265137, 8.84000015258789, 8.210000038146973, 8.670000076293945, 8.239999771118164, 9.489999771118164, 9.399999618530273, 9.609999656677246, 9.710000038146973, 10.1899995803833, 9.609999656677246, 9.559999465942383, 10.00999927520752, 10.369999885559082, 9.510000228881836, 9.479999542236328, 9.739999771118164, 9.979999542236328, 9.859999656677246, 10.869999885559082, 10.819999694824219, 11.769999504089355, 10.069999694824219, 10.399999618530273, 10.1899995803833, 11.469999313354492, 10.079999923706055, 11.619999885559082, 11.279999732971191, 11.449999809265137, 11.149999618530273, 11.649999618530273, 11.389999389648438, 12.139999389648438, 11.109999656677246, 11.300000190734863, 12.149999618530273, 11.880000114440918, 12.489999771118164, 12.229999542236328, 12.309999465942383, 12.649999618530273, 12.639999389648438, 12.469999313354492, 13.179999351501465, 12.729999542236328, 12.269999504089355, 12.75, 12.420000076293945, 12.549999237060547, 12.829999923706055, 12.819999694824219, 13.069999694824219, 12.859999656677246, 12.880000114440918, 12.920000076293945, 12.809999465942383, 12.839999198913574, 12.989999771118164, 13.039999961853027, 13.269999504089355, 13.139999389648438, 13.059999465942383, 13.139999389648438, 13.0, 12.90999984741211, 12.929999351501465, 13.179999351501465, 12.989999771118164, 12.880000114440918, 12.949999809265137, 12.9399995803833, 12.989999771118164, 13.119999885559082, 12.989999771118164, 13.039999961853027, 13.029999732971191, 13.039999961853027, 13.109999656677246, 13.049999237060547], "wall_time": [2.8006114959716797, 4.417728900909424, 6.044995546340942, 7.67159628868103, 9.308346271514893, 10.89849591255188, 12.592084646224976, 14.232473611831665, 15.91563081741333, 17.534009218215942, 19.104084014892578, 20.682215452194214, 22.3495090007782, 24.202919006347656, 25.84924077987671, 27.565290451049805, 29.17569875717163, 30.75849747657776, 32.37767481803894, 34.07183051109314, 35.664886474609375, 37.296170711517334, 38.98270034790039, 40.5918755531311, 42.23624229431152, 43.92103719711304, 45.59980535507202, 47.271206855773926, 48.982775926589966, 50.643601417541504, 52.20197510719299, 53.85524082183838, 55.43189525604248, 57.0040385723114, 58.54932498931885, 60.24638891220093, 61.85504508018494, 63.52800488471985, 65.18646335601807, 66.80211210250854, 68.3448736667633, 69.91420197486877, 71.52374768257141, 73.10054731369019, 74.59896779060364, 76.19894981384277, 77.83335876464844, 79.40333366394043, 81.05277442932129, 82.67583179473877, 84.33959341049194, 85.90561437606812, 87.52173280715942, 89.15494060516357, 90.8445131778717, 92.46385550498962, 94.10949635505676, 95.81308436393738, 97.40850830078125, 98.96373057365417, 100.5195460319519, 102.0716016292572, 103.6316602230072, 105.2629988193512, 106.91030359268188, 108.58955883979797, 110.13639163970947, 111.75825452804565, 113.40351915359497, 114.98666501045227, 116.63009238243103, 118.21718144416809, 119.86081624031067, 121.47442030906677, 123.11844944953918, 124.80196452140808, 126.47838187217712, 128.07899618148804, 129.74104142189026, 131.35993719100952, 132.88677978515625, 134.48246574401855, 136.07611513137817, 137.66947841644287, 139.20419430732727, 140.85336637496948, 142.38906407356262, 143.9158980846405, 145.4959695339203, 147.2522566318512, 148.8386585712433, 150.45565748214722, 152.02267241477966, 153.641615152359, 155.27125549316406, 156.9422664642334, 158.50428986549377, 160.1920289993286, 161.8916313648224, 163.55411577224731], "val_loss": [4.651134246826172, 4.697691027832032, 4.548977738189698, 4.52692424621582, 4.501419651031494, 4.392534628295898, 4.381301555633545, 4.340927603149414, 4.311267549133301, 4.3473230041503905, 4.359334487915039, 4.284820575714111, 4.3865099685668945, 4.448892454528808, 4.71513024597168, 4.615494743347168, 4.684232391357422, 4.453200715637207, 4.541679103851318, 4.454488893127442, 4.534260035705566, 4.5888564636230464, 5.048237002563477, 4.830841171264648, 5.100805160522461, 4.749644820404053, 4.734522414398193, 4.855198202514648, 4.879833750152588, 4.925497374725341, 5.064758761596679, 5.048128900146485, 5.163178737640381, 5.161896751403809, 5.330594663238525, 5.32899585723877, 5.235399642944336, 5.292151150512695, 5.298354843902588, 5.353205790710449, 5.42997568283081, 5.426161327362061, 5.438961148071289, 5.587907162475586, 5.58157925491333, 5.494707781219482, 5.665422771453858, 5.570044909667969, 5.624188157653808, 5.760312824249268, 5.751742018890381, 5.755472570037842, 5.802883022308349, 5.736512849426269, 5.93211194229126, 5.882934770202636, 5.81691579284668, 5.778241300964355, 5.834761323547363, 5.869395244598389, 5.872355735015869, 5.825774114227295, 5.850487232971191, 5.886061669158935, 5.8255151260375975, 5.853807011413574, 5.889729914093017, 5.873196494293213, 5.888616944122314, 5.866279005432129, 5.82512610244751, 5.841399346923828, 5.860502672576905, 5.868273692321777, 5.84512075805664, 5.844570565795898, 5.860180983734131, 5.840714449310303, 5.840351317596435, 5.8448530929565425, 5.848077266693116, 5.847066779327393, 5.851864422607422, 5.84214197845459, 5.846679856109619, 5.83658974533081, 5.84139387512207, 5.854435102081299, 5.850979628753662, 5.839456742858887, 5.850369040679932, 5.855218701171875, 5.857685015106201, 5.852309253692627, 5.844681806182861, 5.843864991760254, 5.854929318237304, 5.8551486915588375, 5.83052574005127, 5.840319832611084],