{"loss": [], "acc": [], "test_loss": [4.251163271331787, 3.966260312271118, 3.88881470413208, 3.8366342483520506, 3.5720862590789797, 3.566294787597656, 3.5037163204193114, 3.4032474914550783, 3.3723778930664063, 3.267605840301514, 3.2626523948669433, 3.217067784881592, 3.0753544921875, 3.07068982963562, 2.931642616653442, 2.953330084991455, 2.9423154243469236, 2.7409756561279295, 2.706960665130615, 2.655502659225464, 2.6983605617523194, 2.7725433921813964, 2.701732116317749, 2.508191184234619, 2.4160379104614256, 2.6820749240875243, 2.687218082046509, 2.5134082389831542, 2.6445101898193357, 2.479636426925659, 2.4001332633972168, 2.5549108289718627, 2.420349946975708, 2.469335258102417, 2.4213952075958254, 2.4213881145477294, 2.4585532459259034, 2.293912948989868, 2.1804544708251954, 2.460254266738892, 2.2251175277709963, 2.231083606338501, 2.4146216796875, 2.255280798339844, 2.362369722366333, 2.5844610145568847, 2.2544265602111815, 2.2142706605911253, 2.295667630004883, 2.099771492385864, 2.1671124406814575, 2.175907911682129, 2.161634071731567, 2.154956438064575, 2.0449657341003418, 2.1577744468688964, 2.238338345718384, 2.2217416969299317, 2.2136204637527466, 2.3357815895080565, 2.193247904586792, 2.0898208263397215, 2.164731018829346, 2.0896178314208984, 2.174862465286255, 2.0944558238983153, 2.1030956466674806, 2.198714052581787, 2.1242694942474367, 2.1286560863494874, 2.108356048774719, 2.098547459602356, 2.0543746603012085, 2.1245164403915404, 2.0767504869461058, 2.0841381507873535, 2.0621100341796876, 2.066709156036377, 2.0599557573318483, 2.050629128074646, 2.0309840559005736, 2.0363296985626222, 2.0273303375244143, 2.0253163845062256, 2.0124891437530517, 2.019244118499756, 1.9912024570465088, 2.0095034803390504, 2.010853087234497, 2.0040224313735964, 2.0004850479125977, 1.9954895439147948, 2.00873577041626, 1.9803922355651855, 1.9901467334747314, 1.9870777641296387, 1.9795399524688722, 1.988129567337036, 1.9892795303344726, 1.9858281476974486], "test_acc": [5.549999713897705, 8.1899995803833, 9.229999542236328, 9.880000114440918, 14.710000038146973, 14.359999656677246, 15.149999618530273, 17.10999870300293, 18.479999542236328, 19.600000381469727, 20.170000076293945, 21.059999465942383, 23.529998779296875, 22.989999771118164, 25.619998931884766, 26.969999313354492, 26.75, 29.619998931884766, 30.709999084472656, 31.42999839782715, 31.509998321533203, 30.0, 30.84000015258789, 34.37999725341797, 36.70000076293945, 32.119998931884766, 32.95000076293945, 34.82999801635742, 33.099998474121094, 35.27000045776367, 37.84000015258789, 34.779998779296875, 37.459999084472656, 36.849998474121094, 38.11000061035156, 38.20000076293945, 36.71999740600586, 40.34000015258789, 42.41999816894531, 38.39999771118164, 41.96999740600586, 41.939998626708984, 39.52000045776367, 41.119998931884766, 40.0099983215332, 37.21999740600586, 41.689998626708984, 43.939998626708984, 42.279998779296875, 45.75, 44.95000076293945, 44.87999725341797, 45.709999084472656, 45.65999984741211, 47.5099983215332, 46.13999938964844, 44.849998474121094, 45.44999694824219, 45.53999710083008, 44.18000030517578, 47.30999755859375, 49.04999923706055, 47.90999984741211, 49.28999710083008, 48.59000015258789, 50.0, 50.16999816894531, 49.65999984741211, 49.959999084472656, 51.04999923706055, 51.68000030517578, 51.88999938964844, 52.779998779296875, 51.96999740600586, 53.439998626708984, 53.81999969482422, 54.19999694824219, 54.38999938964844, 54.16999816894531, 54.65999984741211, 54.80999755859375, 55.13999938964844, 54.68000030517578, 55.71999740600586, 55.439998626708984, 55.63999938964844, 55.869998931884766, 55.779998779296875, 55.77000045776367, 56.03999710083008, 56.15999984741211, 56.25, 55.849998474121094, 56.32999801635742, 56.03999710083008, 56.29999923706055, 56.529998779296875, 56.41999816894531, 56.32999801635742, 56.44999694824219], "wall_time": [11.584513664245605, 22.3511221408844, 32.20838236808777, 42.405755281448364, 52.57007050514221, 62.82464241981506, 72.92157649993896, 83.20234179496765, 93.1492280960083, 103.42395639419556, 113.4958860874176, 123.8394386768341, 134.07229375839233, 144.22292685508728, 154.83845615386963, 164.88412594795227, 174.94945764541626, 185.0321352481842, 195.28048419952393, 205.18016576766968, 215.36947464942932, 225.54921960830688, 235.776864528656, 245.7826533317566, 256.15981364250183, 266.2334792613983, 276.7842507362366, 287.35384798049927, 297.6523823738098, 307.75902557373047, 318.2248578071594, 328.51605677604675, 338.66324067115784, 348.8880579471588, 359.21005511283875, 369.4973475933075, 379.5199599266052, 390.0200836658478, 400.03387665748596, 409.9703631401062, 420.2163689136505, 430.47544836997986, 440.47084188461304, 450.4840567111969, 460.58345198631287, 470.5426228046417, 479.90092754364014, 489.957222700119, 500.0141372680664, 509.96273493766785, 520.1133348941803, 530.1126003265381, 539.8837113380432, 549.8765075206757, 560.03875207901, 570.1038901805878, 580.2643740177155, 590.3865723609924, 600.4693927764893, 610.5727941989899, 620.7849216461182, 630.0113596916199, 640.0102903842926, 649.9642024040222, 659.9527769088745, 669.8387031555176, 679.9637176990509, 690.1925094127655, 700.1933014392853, 710.1124799251556, 720.2620329856873, 730.2195317745209, 740.5859818458557, 750.8189585208893, 760.8498508930206, 770.9246144294739, 781.4089889526367, 791.6887629032135, 801.7384300231934, 811.482887506485, 821.3722295761108, 831.7158629894257, 841.4259896278381, 851.4533631801605, 861.5741221904755, 871.8354091644287, 882.197687625885, 891.9416582584381, 902.5756227970123, 912.9678087234497, 923.1900570392609, 933.7172465324402, 943.9472341537476, 954.4784600734711, 964.6692314147949, 974.8174200057983, 985.1513671875, 995.2016234397888, 1005.2758393287659, 1015.5505881309509], "val_loss": [4.244653523254395, 3.9572157928466796, 3.8709047958374025, 3.817549188995361, 3.5643217784881593, 3.545830599594116, 3.4765177867889405, 3.3788427444458007, 3.323033452606201, 3.2470889373779297, 3.2574442123413085, 3.2024698570251466, 3.0584983512878416, 3.068694012451172, 2.8789072219848633, 2.907536295700073, 2.93657004776001, 2.7266814571380613, 2.7049814460754393, 2.6390351406097414, 2.6639783233642578, 2.73953108253479, 2.6882865852355957, 2.500709339141846, 2.38977380027771, 2.6742949798583986, 2.686475294876099, 2.477014167022705, 2.6023487323760985, 2.445537752914429, 2.378696747970581, 2.5355215126037596, 2.4132660343170165, 2.445315166091919, 2.438975854301453, 2.4221090394973754, 2.4222865589141844, 2.254007541656494, 2.159474046707153, 2.4373647972106935, 2.216898978805542, 2.2215987163543702, 2.396052402114868, 2.230853566169739, 2.3535021522521973, 2.56915823097229, 2.2404260536193847, 2.189235130310059, 2.3073947418212892, 2.107571904373169, 2.1430050193786623, 2.1510146974563598, 2.136742524719238, 2.111971901702881, 2.032019098854065, 2.122580579185486, 2.2043658157348633, 2.1881085456848144, 2.185172286224365, 2.3240405055999758, 2.1557163902282714, 2.1158384731292723, 2.128313865661621, 2.0710264095306394, 2.143681163787842, 2.0939052467346193, 2.0703136880874635, 2.149765963745117, 2.085825966644287, 2.1087055267333983, 2.092883588409424, 2.08495690536499, 2.0308075901031493, 2.117652667427063, 2.0775643669128416, 2.081110597229004, 2.0395692659378053, 2.0581898609161375, 2.0519856216430665, 2.0614467418670652, 2.021988616371155, 2.046724577331543, 2.031459527206421, 2.02421238861084, 2.018844300079346, 2.0164326616287234, 2.004151781845093, 2.0155890731811525, 2.015420629119873, 2.009096802520752, 2.0044085624694823, 2.000104069519043, 2.0102314582824707, 1.9928728355407714, 2.002376337814331, 1.9958264150619507, 1.990118412399292, 2.0007046356201172, 2.0044707794189454, 1.996129455947876],