{"loss": [], "acc": [], "test_loss": [4.057600977325439, 3.9347662536621093, 3.623509608078003, 3.418271110534668, 3.255612371826172, 3.682387986755371, 3.0120131172180176, 2.768051884460449, 2.886539162826538, 2.7935793384552, 2.7527364685058595, 2.6138622856140135, 2.7601831592559813, 2.760545701599121, 2.5870923011779787, 2.461326710510254, 2.4169655532836916, 2.4319069854736326, 2.4275487049102784, 2.586365515136719, 2.3833157749176026, 2.430904189682007, 2.5528539920806885, 2.37081442527771, 2.5306107866287233, 2.2869662033081055, 2.1933248664855958, 2.3238142543792724, 2.2290156341552736, 2.278864225387573, 2.209299698257446, 2.1947580505371094, 2.2171406475067137, 2.279640234375, 2.3074880966186524, 2.218555710220337, 2.122973267173767, 2.1820899003982546, 2.1910225774765015, 2.256496612548828, 2.341305553817749, 2.2066048274993895, 2.1509782186508177, 2.3090373161315916, 2.1399099601745606, 2.1395873947143556, 2.2249192098617554, 2.085450461959839, 2.1147549392700196, 2.092513459396362, 2.118819106674194, 2.3380587427139283, 2.237385181427002, 2.1370920928955077, 2.2920226615905763, 2.155059135437012, 2.1559144214630126, 2.1380999446868896, 2.22437557182312, 2.1478224990844725, 2.166365338897705, 2.1938600570678712, 2.181408172607422, 2.2037241638183596, 2.1439554473876954, 2.1336324270248412, 2.156695119857788, 2.1752766384124755, 2.106544775390625, 2.1831246351242064, 2.1207219997406006, 2.236909830856323, 2.223591661453247, 2.1806788177490235, 2.210182720184326, 2.2043544567108153, 2.192115008354187, 2.205257349395752, 2.2292524505615234, 2.2400545249938966, 2.2406578350067137, 2.2485129646301267, 2.229020246887207, 2.2322621757507326, 2.2314151527404786, 2.2385885356903077, 2.2425123920440675, 2.2405131744384765, 2.2445771976470947, 2.2374726940155027, 2.2454595527648924, 2.2368344482421874, 2.2407059257507322, 2.2445999885559083, 2.243189384841919, 2.2533337520599366, 2.232731014251709, 2.24991974067688, 2.243985214996338, 2.246046478652954], "test_acc": [6.730000019073486, 8.420000076293945, 13.069999694824219, 15.929999351501465, 19.689998626708984, 14.34999942779541, 23.399999618530273, 27.34000015258789, 26.260000228881836, 28.1299991607666, 28.35999870300293, 31.469999313354492, 29.19999885559082, 29.619998931884766, 32.25, 35.32999801635742, 35.80999755859375, 36.34000015258789, 36.43000030517578, 33.959999084472656, 37.90999984741211, 37.41999816894531, 34.45000076293945, 37.349998474121094, 35.62999725341797, 39.599998474121094, 41.91999816894531, 39.689998626708984, 41.779998779296875, 40.31999969482422, 41.90999984741211, 42.41999816894531, 41.81999969482422, 40.93000030517578, 40.95000076293945, 42.84000015258789, 44.439998626708984, 42.66999816894531, 43.119998931884766, 41.38999938964844, 40.86000061035156, 43.91999816894531, 44.39999771118164, 42.11000061035156, 45.46999740600586, 46.0099983215332, 43.91999816894531, 45.94999694824219, 46.57999801635742, 46.28999710083008, 47.06999969482422, 42.88999938964844, 44.73999786376953, 47.13999938964844, 44.599998474121094, 46.82999801635742, 47.209999084472656, 47.43000030517578, 47.0099983215332, 47.72999954223633, 48.03999710083008, 47.64999771118164, 48.2599983215332, 48.80999755859375, 50.11000061035156, 49.97999954223633, 49.86000061035156, 49.91999816894531, 51.099998474121094, 51.11000061035156, 52.18000030517578, 50.959999084472656, 51.03999710083008, 51.959999084472656, 52.31999969482422, 52.57999801635742, 52.6099967956543, 53.0099983215332, 53.15999984741211, 53.29999923706055, 53.62999725341797, 53.98999786376953, 53.959999084472656, 54.06999969482422, 54.21999740600586, 54.53999710083008, 54.619998931884766, 54.55999755859375, 54.529998779296875, 54.709999084472656, 54.68000030517578, 54.91999816894531, 54.8599967956543, 54.84000015258789, 54.82999801635742, 54.81999969482422, 54.869998931884766, 55.06999969482422, 54.94999694824219, 54.779998779296875], "wall_time": [10.203863620758057, 18.41290020942688, 26.57779312133789, 34.77039647102356, 42.98634123802185, 51.197232246398926, 59.38505220413208, 67.55648136138916, 75.7603964805603, 83.94953393936157, 92.14044690132141, 100.32880520820618, 108.51153349876404, 116.66509747505188, 124.860018491745, 133.0346953868866, 141.24244284629822, 149.41952848434448, 157.60349297523499, 165.80009651184082, 174.00151777267456, 182.1533510684967, 190.3555247783661, 198.5786714553833, 206.78550505638123, 214.9676866531372, 223.21636605262756, 231.43911290168762, 239.65210628509521, 247.85807609558105, 256.0700604915619, 264.2444996833801, 272.41891288757324, 280.61870646476746, 288.8318603038788, 297.0098309516907, 305.1814069747925, 313.3824927806854, 321.57552313804626, 329.7461688518524, 337.9655656814575, 346.15725207328796, 354.32837867736816, 362.47398948669434, 370.6607449054718, 378.8538725376129, 387.0494294166565, 395.2545232772827, 403.43999004364014, 411.6144070625305, 419.7872579097748, 428.00276827812195, 436.19541668891907, 444.3900873661041, 452.5792467594147, 460.7627971172333, 468.95749258995056, 477.15294098854065, 485.35672974586487, 493.53145813941956, 501.72591829299927, 509.9178535938263, 518.0992321968079, 526.2518382072449, 534.4368145465851, 542.6402852535248, 550.8336501121521, 559.0121669769287, 567.2200019359589, 575.4187948703766, 583.6130790710449, 591.7898795604706, 600.0190968513489, 608.2179889678955, 616.4113337993622, 624.596554517746, 632.7895362377167, 640.9983232021332, 649.1820602416992, 657.3709161281586, 665.5569121837616, 673.7706003189087, 681.9479939937592, 690.1146898269653, 698.3171832561493, 706.4969866275787, 714.7328255176544, 722.9941947460175, 731.2110726833344, 739.4174554347992, 747.6093623638153, 755.7934544086456, 763.9862306118011, 772.2138116359711, 780.3745810985565, 788.5485506057739, 796.7197029590607, 804.9408774375916, 813.1333363056183, 821.3160192966461], "val_loss": [4.062370393753052, 3.9398162757873534, 3.619270685195923, 3.444824085998535, 3.2978548118591307, 3.6980930030822754, 3.0750789073944094, 2.8194708095550536, 2.9313452781677247, 2.8232895164489746, 2.7672037101745603, 2.6710444511413574, 2.77870523147583, 2.8062666118621826, 2.6385636821746825, 2.4850007263183596, 2.453950932312012, 2.464438501739502, 2.4514685039520265, 2.6025391777038576, 2.411238222503662, 2.4605730140686037, 2.5869331493377685, 2.4199976440429687, 2.5703643474578857, 2.2957052211761475, 2.2618587755203245, 2.3340762073516848, 2.2583614585876464, 2.2926050239562987, 2.237368045425415, 2.217577270126343, 2.26740405960083, 2.3399004890441892, 2.350158010482788, 2.2646336517333983, 2.1626959032058717, 2.225372940826416, 2.2327069982528687, 2.2735920063018797, 2.3713788276672365, 2.2426636878967283, 2.1879213027954103, 2.3395725154876708, 2.210499779891968, 2.145813599014282, 2.2367624969482423, 2.10512781791687, 2.155602417564392, 2.126170036315918, 2.164384872817993, 2.3608995010375975, 2.254235836791992, 2.182567999267578, 2.327641097640991, 2.1865837480545043, 2.1825431144714353, 2.1652205720901487, 2.2618052822113035, 2.202380009460449, 2.1948390563964844, 2.2319065467834474, 2.254461451911926, 2.223730071258545, 2.1811394889831544, 2.1682767845153808, 2.193170742034912, 2.2251836822509765, 2.1374763189315797, 2.2417528610229494, 2.163533414077759, 2.2662074909210204, 2.2701845985412596, 2.2498874324798583, 2.2680243797302246, 2.2473076290130614, 2.243832455825806, 2.258325473403931, 2.2716814805984495, 2.2791097923278807, 2.2860918437957762, 2.2978464881896974, 2.2746879819869994, 2.2724760395050048, 2.26822779006958, 2.290115210723877, 2.2904589431762696, 2.2877612770080566, 2.284072045135498, 2.278376728820801, 2.2878996490478514, 2.2871189683914186, 2.2798834144592286, 2.282743430709839, 2.270552053451538, 2.2825775177001955, 2.26572661857605, 2.2919281604766844, 2.279278232192993, 2.2791667995452882],