{"loss": [], "acc": [], "test_loss": [4.227881716156006, 3.5909307315826418, 3.369990306091309, 3.0681114429473877, 3.141146295928955, 3.1086403175354005, 2.741680617904663, 2.619305144882202, 2.576654167175293, 2.9773218788146973, 2.544581007003784, 2.3848121894836427, 2.341292322540283, 2.4234664218902586, 2.4614148487091065, 2.403244299697876, 2.3837589237213135, 2.2717488265991213, 2.512222942352295, 2.6316459297180175, 2.20702199344635, 2.3057866844177246, 2.2945661888122557, 2.2542280027389525, 2.322098524093628, 2.309164289665222, 2.2065501846313476, 2.43364220123291, 2.4927216331481934, 2.1404265300750733, 2.409548892021179, 2.184837052154541, 2.1852361963272093, 2.1484620193481447, 2.214879108428955, 2.157893062210083, 2.2372607719421387, 2.2664982978820802, 2.2678819087982176, 2.1904621353149416, 2.1352138080596923, 2.1682356927871704, 2.149210612297058, 2.1827660274505614, 2.1725978460311888, 2.333729050064087, 2.1377142906188964, 2.2763054063797, 2.1474122037887575, 2.1468671161651613, 2.155616621017456, 2.2377913646697998, 2.123471772766113, 2.1784296138763426, 2.184733268737793, 2.0719029205322266, 2.2599113063812255, 2.2650225036621094, 2.2443457397460937, 2.2267492191314697, 2.2851974437713625, 2.1699696575164795, 2.2251934616088866, 2.1334792491912844, 2.210197317314148, 2.2465036960601807, 2.2543792446136472, 2.205835584259033, 2.172078394317627, 2.216810771560669, 2.180508843231201, 2.191668369293213, 2.203966305923462, 2.1727378295898436, 2.219616173553467, 2.160861798477173, 2.185916123199463, 2.1558884643554688, 2.126386971282959, 2.1265565322875974, 2.135371531867981, 2.1344294784545896, 2.1407196239471435, 2.13145283164978, 2.133599827575684, 2.1337872104644777, 2.1272441562652586, 2.119205448150635, 2.10578945350647, 2.103710662460327, 2.105385822296143, 2.1116820936203005, 2.115477970504761, 2.105765784072876, 2.105108570098877, 2.1086624797821045, 2.1046406101226807, 2.112007808685303, 2.1012391094207765, 2.119968040847778], "test_acc": [7.019999980926514, 13.489999771118164, 17.959999084472656, 22.1299991607666, 22.76999855041504, 21.389999389648438, 27.829999923706055, 31.78999900817871, 31.1299991607666, 26.28999900817871, 33.369998931884766, 36.40999984741211, 37.459999084472656, 35.72999954223633, 35.959999084472656, 37.21999740600586, 37.63999938964844, 38.5099983215332, 36.189998626708984, 35.16999816894531, 40.87999725341797, 39.2599983215332, 40.46999740600586, 40.89999771118164, 40.13999938964844, 40.15999984741211, 42.939998626708984, 39.07999801635742, 38.279998779296875, 44.22999954223633, 39.70000076293945, 42.98999786376953, 43.41999816894531, 44.23999786376953, 42.689998626708984, 44.63999938964844, 43.34000015258789, 42.529998779296875, 43.68000030517578, 45.05999755859375, 46.22999954223633, 45.25, 45.209999084472656, 44.81999969482422, 45.709999084472656, 42.64999771118164, 46.75, 44.20000076293945, 47.029998779296875, 47.05999755859375, 47.71999740600586, 46.86000061035156, 47.97999954223633, 47.53999710083008, 47.88999938964844, 50.14999771118164, 46.62999725341797, 47.779998779296875, 47.36000061035156, 48.30999755859375, 47.96999740600586, 50.189998626708984, 49.599998474121094, 50.62999725341797, 50.0099983215332, 50.11000061035156, 49.96999740600586, 51.81999969482422, 51.849998474121094, 52.16999816894531, 52.7599983215332, 52.5, 53.1099967956543, 53.93000030517578, 52.78999710083008, 54.03999710083008, 54.38999938964844, 54.54999923706055, 55.0, 55.37999725341797, 55.29999923706055, 54.6099967956543, 55.14999771118164, 55.54999923706055, 55.18000030517578, 55.23999786376953, 55.30999755859375, 55.21999740600586, 55.56999969482422, 55.869998931884766, 55.57999801635742, 55.59000015258789, 55.72999954223633, 55.59000015258789, 55.689998626708984, 55.689998626708984, 55.709999084472656, 55.81999969482422, 55.709999084472656, 55.369998931884766], "wall_time": [9.44100284576416, 15.33017086982727, 21.221166849136353, 27.159641981124878, 33.148624897003174, 39.11718487739563, 45.07297492027283, 51.07636499404907, 56.91473388671875, 62.921478271484375, 68.81157851219177, 74.78533482551575, 80.73226165771484, 86.65175724029541, 92.5509717464447, 98.44880294799805, 104.34481906890869, 110.27399587631226, 116.23636746406555, 122.17519736289978, 128.07206439971924, 134.06008386611938, 139.96827101707458, 145.92712426185608, 151.83071398735046, 157.82653617858887, 163.71114802360535, 169.67297315597534, 175.51674056053162, 181.45102286338806, 187.34340929985046, 193.39973211288452, 199.44511580467224, 205.43334674835205, 211.36064338684082, 217.3352301120758, 223.32464456558228, 229.28186464309692, 235.09236788749695, 241.03102564811707, 247.05597639083862, 253.082590341568, 259.1304008960724, 265.12098479270935, 271.0528483390808, 277.0114824771881, 282.873911857605, 288.68657898902893, 294.65123081207275, 300.67170691490173, 306.56262159347534, 312.5564486980438, 318.6070363521576, 324.44589924812317, 330.2941117286682, 336.326379776001, 342.2977011203766, 348.17910170555115, 354.1706943511963, 360.1732587814331, 366.1925120353699, 372.1995542049408, 378.20237040519714, 384.2911264896393, 390.2417833805084, 396.1542091369629, 402.06017422676086, 408.05477356910706, 414.06024408340454, 419.98611330986023, 425.9269118309021, 431.87067198753357, 437.83924317359924, 443.74477791786194, 449.85651445388794, 455.69897508621216, 461.58903551101685, 467.65273094177246, 473.604031085968, 479.6109082698822, 485.57608222961426, 491.50509810447693, 497.42244720458984, 503.38241839408875, 509.2974545955658, 515.2867233753204, 521.2328968048096, 527.3377585411072, 533.2956159114838, 539.2804133892059, 545.2458665370941, 551.2306087017059, 557.2063963413239, 563.1098926067352, 569.0298643112183, 575.2810122966766, 581.2292850017548, 587.2115819454193, 593.1376430988312, 599.1319024562836], "val_loss": [4.252064801025391, 3.609234020233154, 3.3924822483062744, 3.101564584350586, 3.1620632446289063, 3.1739655952453614, 2.761034065628052, 2.6586559642791747, 2.5956754428863524, 3.005163410568237, 2.595733953857422, 2.396944407272339, 2.372184736633301, 2.4667248516082765, 2.4915578899383544, 2.4366259349823, 2.389480379104614, 2.2984110353469847, 2.5136556564331056, 2.6754067684173584, 2.2216608627319334, 2.3128036655426025, 2.291180767059326, 2.2641324897766113, 2.340001524734497, 2.306198764038086, 2.236314069747925, 2.43698014831543, 2.504722170257568, 2.161944832611084, 2.4357475364685057, 2.186203173446655, 2.1992896705627443, 2.2048914119720457, 2.2437527889251707, 2.1541273040771483, 2.252094814682007, 2.2440716472625732, 2.2886857803344727, 2.2022330253601075, 2.155874779510498, 2.1517563457489013, 2.172709976387024, 2.2145600463867186, 2.1833218185424803, 2.3335795974731446, 2.1416365165710447, 2.2908309204101562, 2.1323849946975706, 2.162928236579895, 2.141311775970459, 2.218278398132324, 2.124595198059082, 2.217158073425293, 2.178278605079651, 2.1025075584411623, 2.225672592163086, 2.2691936470031737, 2.2588094718933105, 2.222105568313599, 2.292504164886475, 2.1681430755615234, 2.203383818435669, 2.134043434524536, 2.2086950019836427, 2.225565525817871, 2.2310395858764647, 2.189435396003723, 2.1822810024261474, 2.1876704496383668, 2.142838857460022, 2.173578919219971, 2.1736117061614992, 2.1437290718078614, 2.206746242904663, 2.15169517288208, 2.189288203048706, 2.1310138298034667, 2.1180173734664915, 2.113976949310303, 2.1158470848083497, 2.1191721868515017, 2.1164914037704468, 2.1160460186004637, 2.1200400230407714, 2.108317685317993, 2.1076812204360964, 2.102588761138916, 2.0976192071914674, 2.095217084121704, 2.0961577018737794, 2.1027044052124024, 2.100736491012573, 2.094297208404541, 2.0921511943817137, 2.0895053066253664, 2.089378286933899, 2.0946221714019777, 2.0893189191818236, 2.109840869140625],