{"loss": [], "acc": [], "test_loss": [4.668986856079101, 4.26992507019043, 4.091484063720703, 4.074650363922119, 4.128067943572998, 3.8724836013793946, 3.814471155166626, 3.7603116603851316, 3.7594571838378905, 3.753289623260498, 3.6489214740753173, 3.6099492832183837, 3.571110857772827, 3.7610437999725344, 3.625681143951416, 3.587448573303223, 3.5310981605529785, 3.4139241920471193, 3.3805472156524656, 3.452463849258423, 3.550937337875366, 3.6621151458740235, 3.456755623245239, 3.4813830665588377, 3.5159628925323485, 3.5434456359863282, 3.647079405593872, 3.607286817932129, 3.3910944396972655, 3.607593662261963, 3.4370776184082033, 3.4279372329711912, 3.5615089248657226, 4.150737581634521, 3.6578770248413086, 3.8347667991638184, 3.6533172065734862, 3.744609318161011, 3.9138291927337647, 3.5723377998352053, 3.7984734619140625, 3.6973823554992675, 3.6433647613525393, 3.8521911308288574, 3.94359522895813, 3.930253148651123, 3.8080853302001954, 3.877195418548584, 4.187417506408692, 4.012084229278565, 3.87242756729126, 4.041142641448975, 3.963775592803955, 4.008239538574219, 4.034846624755859, 3.907079662322998, 4.0220325035095215, 3.9775827575683596, 4.007616802978515, 3.9845825302124025, 3.9339150177001954, 3.9241912246704103, 3.9173349128723145, 3.88925154876709, 3.8736181587219236, 3.8696200843811037, 3.891444103240967, 3.8273048599243165, 3.8292565994262695, 3.812524304962158, 3.7961073974609376, 3.812387908935547, 3.8081219589233397, 3.7763731021881104, 3.774268886566162, 3.7691668075561524, 3.747348589324951, 3.7457735763549804, 3.7390030258178713, 3.7418836807250977, 3.7294521057128907, 3.7435480445861815, 3.718658173370361, 3.721220915222168, 3.7241250709533693, 3.7173876174926757, 3.71402183303833, 3.7188549476623534, 3.7096315589904787, 3.7117998558044434, 3.702686589050293, 3.708069669342041, 3.716943084716797, 3.7109988410949706, 3.7021195724487304, 3.710811008453369, 3.71091039352417, 3.70360438079834, 3.715950966644287, 3.7095435028076174], "test_acc": [1.0, 5.889999866485596, 6.980000019073486, 7.509999752044678, 7.37999963760376, 9.630000114440918, 12.069999694824219, 11.809999465942383, 12.979999542236328, 12.319999694824219, 14.34999942779541, 15.869999885559082, 16.350000381469727, 14.569999694824219, 16.510000228881836, 16.600000381469727, 18.420000076293945, 20.31999969482422, 21.709999084472656, 20.1299991607666, 19.209999084472656, 18.78999900817871, 21.31999969482422, 21.969999313354492, 22.689998626708984, 21.969999313354492, 20.469999313354492, 21.279998779296875, 25.279998779296875, 22.920000076293945, 23.939998626708984, 25.779998779296875, 23.8799991607666, 19.40999984741211, 23.93000030517578, 23.170000076293945, 25.309999465942383, 23.149999618530273, 23.209999084472656, 26.779998779296875, 25.639999389648438, 27.479999542236328, 27.239999771118164, 25.799999237060547, 25.51999855041504, 27.59000015258789, 27.510000228881836, 27.60999870300293, 24.779998779296875, 27.029998779296875, 29.029998779296875, 28.239999771118164, 28.729999542236328, 28.969999313354492, 28.029998779296875, 30.059999465942383, 29.8799991607666, 30.259998321533203, 29.899999618530273, 30.84000015258789, 30.94999885559082, 31.469999313354492, 31.81999969482422, 32.290000915527344, 32.43000030517578, 32.29999923706055, 32.34000015258789, 32.55999755859375, 32.63999938964844, 32.82999801635742, 32.86000061035156, 32.73999786376953, 32.7599983215332, 32.96999740600586, 33.20000076293945, 33.189998626708984, 33.18000030517578, 33.29999923706055, 33.279998779296875, 33.189998626708984, 33.349998474121094, 33.36000061035156, 33.30999755859375, 33.279998779296875, 33.40999984741211, 33.38999938964844, 33.40999984741211, 33.45000076293945, 33.459999084472656, 33.43000030517578, 33.41999816894531, 33.540000915527344, 33.40999984741211, 33.37999725341797, 33.64999771118164, 33.37999725341797, 33.29999923706055, 33.46999740600586, 33.599998474121094, 33.48999786376953], "wall_time": [4.059465169906616, 6.505691051483154, 8.958529949188232, 11.435797929763794, 13.668712139129639, 15.934688806533813, 18.388134479522705, 20.66437554359436, 23.057540893554688, 25.56773281097412, 28.050276517868042, 30.321678638458252, 32.80321741104126, 35.29726028442383, 37.72626209259033, 39.93166780471802, 42.379183769226074, 44.869946241378784, 47.46676301956177, 49.92272424697876, 52.34640908241272, 54.630693674087524, 57.00898551940918, 59.44786214828491, 61.70674729347229, 64.02916622161865, 66.46213269233704, 68.75085043907166, 71.22600769996643, 73.57272338867188, 75.76479697227478, 78.13412857055664, 80.46926832199097, 82.71844601631165, 85.03334355354309, 87.45953035354614, 89.85725164413452, 92.20212054252625, 94.52582097053528, 96.81884360313416, 99.20524621009827, 101.69727897644043, 104.07862329483032, 106.31598091125488, 108.61483788490295, 110.95069479942322, 113.25151300430298, 115.59704232215881, 118.09312105178833, 120.44742631912231, 122.66354894638062, 125.07130432128906, 127.50589394569397, 129.91011214256287, 132.31670475006104, 134.7947940826416, 137.29785251617432, 139.81695771217346, 142.1195957660675, 144.40068912506104, 146.61395859718323, 148.8653039932251, 151.07699489593506, 153.32862401008606, 155.73463702201843, 158.1746747493744, 160.6306607723236, 162.99290704727173, 165.41296124458313, 167.8810214996338, 170.32026362419128, 172.69909286499023, 175.05361127853394, 177.51556396484375, 180.00237202644348, 182.3843469619751, 184.8297438621521, 187.17251539230347, 189.5421085357666, 191.97573018074036, 194.2544457912445, 196.66059851646423, 199.01503562927246, 201.3364131450653, 203.70278668403625, 206.02968764305115, 208.46499824523926, 210.96966767311096, 213.22959184646606, 215.4953441619873, 217.70014667510986, 220.11958479881287, 222.61229515075684, 224.9111168384552, 227.33634042739868, 229.64921379089355, 231.9460563659668, 234.4238624572754, 237.04559588432312, 239.64491987228394], "val_loss": [4.674500008392334, 4.286544583129883, 4.09768144454956, 4.078720352554321, 4.154342110443115, 3.8814305671691893, 3.843869563293457, 3.7690988105773924, 3.7766434803009035, 3.756730818939209, 3.6657056228637694, 3.606040064620972, 3.6116240417480467, 3.776496876525879, 3.669623091506958, 3.60564419670105, 3.5609463748931884, 3.4329601596832275, 3.4150240493774415, 3.467112784576416, 3.5699759185791016, 3.6725007087707517, 3.4576720863342287, 3.5448755466461184, 3.5496985237121583, 3.5754006950378416, 3.692539079284668, 3.655835513687134, 3.4034007286071777, 3.6249776905059816, 3.4870235469818116, 3.454829629898071, 3.5802598526000975, 4.166481805419922, 3.6885676612854006, 3.832513956451416, 3.711151522445679, 3.823886057281494, 3.947864650726318, 3.6065274322509766, 3.8490963066101074, 3.772953022766113, 3.713881428146362, 3.92208288192749, 3.994520189666748, 4.010074913024902, 3.8825789154052734, 3.9194301582336424, 4.294468521881104, 4.114448729705811, 3.88338772315979, 4.121796116638183, 4.053213886260986, 4.066388341522217, 4.150926929092408, 3.9881717041015623, 4.094983387374878, 4.088401624298096, 4.08775076828003, 4.082661376953125, 4.034702861785889, 4.0091579734802245, 4.019483930969238, 3.993669789123535, 3.9556855995178224, 3.9839102447509767, 3.981632320404053, 3.933957223892212, 3.9314888324737547, 3.888782662200928, 3.8850948684692383, 3.91087255859375, 3.904172661972046, 3.8854803665161133, 3.8896019435882567, 3.8800834526062014, 3.8527902965545655, 3.844253408432007, 3.8388496154785154, 3.8375757625579836, 3.8279996044158935, 3.8432129089355467, 3.814817333984375, 3.8172814254760743, 3.819637632369995, 3.8163912094116212, 3.8143655281066895, 3.815276453399658, 3.8055868423461914, 3.8133407218933106, 3.802330185699463, 3.8093283294677733, 3.8196092365264893, 3.815400373840332, 3.8012484031677247, 3.811201475906372, 3.809407551574707, 3.8050537704467775, 3.817352685928345, 3.8085974334716797],