{"loss": [], "acc": [], "test_loss": [4.624444240570068, 4.636561394500732, 4.646925785064697, 4.504910217285156, 4.270885989379883, 4.330394889068604, 4.348070820617676, 4.301651268005371, 4.298310452270508, 4.283228492736816, 4.2159747253417965, 4.446905282592773, 4.256995670318603, 4.375850190734863, 4.325170709228516, 4.350648261260987, 4.2434625152587895, 4.343313954162598, 4.386541346740723, 4.5778924690246585, 4.551072747802734, 4.525619345855713, 4.524933163452149, 4.467790524291992, 4.417379467773437, 4.556327763366699, 4.4563991188049314, 4.633945315551758, 4.618184297180176, 4.701962167358398, 4.591518019866943, 4.78621602859497, 4.725906173706055, 4.969656091308594, 4.802730709075928, 4.932704939270019, 5.197683471679688, 5.077433308410645, 4.97818716430664, 5.014389595031738, 5.141242562866211, 5.0368850189208985, 5.212923996734619, 5.315861959075928, 5.35670428314209, 5.423361322784424, 5.266851769256592, 5.626605918121338, 5.484335165405273, 5.364094125366211, 5.509890813446045, 5.621537924957275, 5.5170342819213865, 5.503370513153076, 5.616111856842041, 5.605838858032227, 5.620868730163574, 5.71526224899292, 5.7440444915771485, 5.663689878082275, 5.649157501220703, 5.745284832000732, 5.707192723083496, 5.778221826934814, 5.738517832183838, 5.754282307434082, 5.710344180297851, 5.756572979736328, 5.732049854278564, 5.688257083892823, 5.729282494354248, 5.737862577056885, 5.743339274597168, 5.7607018104553225, 5.7893614677429195, 5.807715479278564, 5.762716062927246, 5.780738808441162, 5.795835406494141, 5.8093714538574215, 5.797647724151611, 5.781384369659424, 5.787989138793946, 5.800460151672363, 5.804748063659668, 5.766537893676758, 5.7915029716491695, 5.772957763671875, 5.791006283569336, 5.80044377822876, 5.787066758728027, 5.788388302612304, 5.7895065132141115, 5.788792866516113, 5.791271182250976, 5.778615728759766, 5.7778271926879885, 5.798851580047607, 5.793095251464844, 5.796804261779785], "test_acc": [1.0, 1.0, 1.1100000143051147, 1.9299999475479126, 4.75, 5.389999866485596, 5.369999885559082, 6.190000057220459, 7.25, 6.359999656677246, 7.369999885559082, 6.389999866485596, 7.789999961853027, 6.940000057220459, 7.579999923706055, 8.679999351501465, 9.399999618530273, 9.179999351501465, 9.429999351501465, 9.260000228881836, 8.229999542236328, 9.559999465942383, 10.0, 10.40999984741211, 10.380000114440918, 10.920000076293945, 10.479999542236328, 10.59000015258789, 10.670000076293945, 9.920000076293945, 11.309999465942383, 10.550000190734863, 9.979999542236328, 9.789999961853027, 10.529999732971191, 11.130000114440918, 10.869999885559082, 10.289999961853027, 11.6899995803833, 11.920000076293945, 11.420000076293945, 12.84999942779541, 11.859999656677246, 11.969999313354492, 12.00999927520752, 12.65999984741211, 12.949999809265137, 11.300000190734863, 12.219999313354492, 13.25999927520752, 12.09999942779541, 12.279999732971191, 13.019999504089355, 13.25999927520752, 12.59999942779541, 13.539999961853027, 12.25, 13.239999771118164, 13.40999984741211, 13.239999771118164, 14.039999961853027, 13.289999961853027, 13.549999237060547, 13.719999313354492, 13.839999198913574, 14.139999389648438, 14.379999160766602, 14.139999389648438, 14.199999809265137, 14.420000076293945, 14.239999771118164, 14.109999656677246, 14.279999732971191, 14.319999694824219, 14.649999618530273, 14.59999942779541, 14.389999389648438, 14.34999942779541, 14.309999465942383, 14.59999942779541, 14.65999984741211, 14.789999961853027, 14.979999542236328, 14.839999198913574, 14.779999732971191, 14.929999351501465, 14.899999618530273, 14.949999809265137, 14.619999885559082, 14.829999923706055, 14.799999237060547, 15.00999927520752, 14.989999771118164, 14.879999160766602, 14.960000038146973, 14.969999313354492, 15.039999961853027, 14.9399995803833, 14.989999771118164, 15.019999504089355], "wall_time": [2.0269970893859863, 2.982330083847046, 3.9138288497924805, 4.845367670059204, 5.768739461898804, 6.688467741012573, 7.613276958465576, 8.540144205093384, 9.431512594223022, 10.329313278198242, 11.212251424789429, 12.096001863479614, 13.027050018310547, 13.975553274154663, 14.827185869216919, 15.738456010818481, 16.662484169006348, 17.587754249572754, 18.48838520050049, 19.391594648361206, 20.3438081741333, 21.28283381462097, 22.1446475982666, 23.062422513961792, 24.007242918014526, 24.91932249069214, 25.80431818962097, 26.666581630706787, 27.532954931259155, 28.458647966384888, 29.390883684158325, 30.341951608657837, 31.312373399734497, 32.24214172363281, 33.16267776489258, 34.068461656570435, 34.97813367843628, 35.912978410720825, 36.790335178375244, 37.667938470840454, 38.55391263961792, 39.458374977111816, 40.38638710975647, 41.28732132911682, 42.240973472595215, 43.199082136154175, 44.1329607963562, 45.07185626029968, 46.03458309173584, 46.978774309158325, 47.867384910583496, 48.811909437179565, 49.7221953868866, 50.63258910179138, 51.553154945373535, 52.50852155685425, 53.455251693725586, 54.3980176448822, 55.29342174530029, 56.181187868118286, 57.10655927658081, 58.04219961166382, 58.96750783920288, 59.88775062561035, 60.79685616493225, 61.72500824928284, 62.65110373497009, 63.512824058532715, 64.38696718215942, 65.27672624588013, 66.12590885162354, 67.0141875743866, 67.9056761264801, 68.79142379760742, 69.67230367660522, 70.59655904769897, 71.52066612243652, 72.43187522888184, 73.34296202659607, 74.30297923088074, 75.22190690040588, 76.12774658203125, 77.0454351902008, 77.97418260574341, 78.91667461395264, 79.80732750892639, 80.72491645812988, 81.61157250404358, 82.55278301239014, 83.43214702606201, 84.3538110256195, 85.31991076469421, 86.23280072212219, 87.17058777809143, 88.07335162162781, 89.04955101013184, 89.97886872291565, 90.86887788772583, 91.75223350524902, 92.66393232345581], "val_loss": [4.624877523803711, 4.641488372802734, 4.653142268371582, 4.513426105499268, 4.286128022766113, 4.345093227386474, 4.341992708206177, 4.301123693847656, 4.305537308502197, 4.30442728805542, 4.242000146865845, 4.469350085449219, 4.2696262573242185, 4.392779862213135, 4.330983575057983, 4.373322161102295, 4.275718537902832, 4.33945064163208, 4.385940612792969, 4.601859141540527, 4.562280197525024, 4.514178370666504, 4.54392837677002, 4.501498624420166, 4.417470565032959, 4.570858201217652, 4.462554166412353, 4.656784533691407, 4.658217575836182, 4.729156533813477, 4.628111099243164, 4.802685664367676, 4.758208838272095, 5.016348000335693, 4.8073766204833985, 4.948335249328613, 5.208999157714843, 5.06853051071167, 5.02325502281189, 5.036817095947265, 5.189603025817871, 5.090858937835693, 5.249761478424072, 5.379070314788819, 5.433834620666504, 5.44960442199707, 5.298593447875977, 5.691471212768555, 5.558621237945557, 5.422014108276367, 5.533166312408447, 5.652721006774902, 5.56932071685791, 5.5572713737487796, 5.64485220336914, 5.680893548583985, 5.702382421112061, 5.773436445617675, 5.783923114776611, 5.685348371887207, 5.70313324508667, 5.806271296691895, 5.757658612060547, 5.8529362205505375, 5.8245075370788575, 5.8004250175476075, 5.7761253684997556, 5.8078225875854494, 5.775764588165283, 5.745079260253906, 5.798104085540771, 5.800241442108154, 5.817617562866211, 5.812986891174316, 5.826933921813965, 5.845916785430909, 5.786570134735108, 5.802134355926514, 5.824811996459961, 5.8458301567077635, 5.8379447265625, 5.826636810302734, 5.844008515930176, 5.859744322967529, 5.860336724090576, 5.823580529785156, 5.850056005096436, 5.824942752075195, 5.839119022369385, 5.849170024108886, 5.836076821899414, 5.842003371429444, 5.841864579772949, 5.842560396575927, 5.842323973083496, 5.830394779205323, 5.835649697875977, 5.854673908996582, 5.848147717285157, 5.849884517669678],