{"loss": [], "acc": [], "test_loss": [4.639229337310791, 4.688630256652832, 4.662148915863037, 4.4317656455993655, 4.3158229606628415, 4.4010716255187985, 4.419135808563232, 4.431166210174561, 4.338588977050781, 4.303516874694824, 4.287318264007569, 4.390671487426758, 4.435315134429931, 4.506603564453125, 4.565589540863037, 4.473918895721436, 4.591055770874023, 4.567691344451904, 4.823127335357666, 4.848045837402344, 4.712783245849609, 4.7443872138977055, 4.807249887847901, 4.875468367767334, 4.964303773498536, 4.879265952301026, 5.290000635528564, 5.408303186798095, 5.13012950592041, 5.402501151275635, 5.46806354675293, 5.427691257476806, 5.248436586761475, 5.216891664123535, 5.341943798065185, 5.3846630958557125, 5.41848903503418, 5.5139853515625, 5.514212657165527, 5.588606970214844, 5.6694776054382325, 5.629164476776123, 5.713279332733154, 5.674408618164063, 5.664154637908935, 5.8264491027832035, 5.7745761215209965, 5.839224942016601, 5.8350259765625, 5.877869371795654, 5.8383744461059575, 5.798778197479248, 5.811776976013183, 5.960078652191162, 5.998589378356933, 6.0235518478393555, 5.987174558258056, 5.8918217803955075, 5.966388473510742, 5.932972328948974, 5.945570048522949, 5.933069585418701, 5.927989888000488, 5.88536201171875, 5.869543367004394, 5.889314141082764, 5.906811963653564, 5.927448818969727, 5.8705502723693845, 5.888968270874024, 5.917100317382812, 5.899248559570313, 5.916659088897705, 5.881284023284912, 5.874183341979981, 5.886072182464599, 5.862391491699219, 5.867687434387207, 5.881968666839599, 5.882897825622559, 5.8813070297241214, 5.884958419036865, 5.884495088195801, 5.884213716125489, 5.897862846374512, 5.880368740844727, 5.885565307617187, 5.877946139526367, 5.867249153900146, 5.869109234619141, 5.868688597106933, 5.878054569244385, 5.878718157196045, 5.877589782714844, 5.894877081298828, 5.896693077087402, 5.883367258453369, 5.89501974029541, 5.898815264129639, 5.889033215332031], "test_acc": [1.0, 1.0, 1.0199999809265137, 2.68999981880188, 4.650000095367432, 4.679999828338623, 5.279999732971191, 5.62999963760376, 6.339999675750732, 6.679999828338623, 7.619999885559082, 7.279999732971191, 7.169999599456787, 7.529999732971191, 7.480000019073486, 8.179999351501465, 8.229999542236328, 9.269999504089355, 8.019999504089355, 8.039999961853027, 9.34999942779541, 10.09999942779541, 9.760000228881836, 10.079999923706055, 9.880000114440918, 10.929999351501465, 9.319999694824219, 8.899999618530273, 10.679999351501465, 10.09999942779541, 9.75, 10.639999389648438, 11.579999923706055, 11.059999465942383, 10.899999618530273, 11.369999885559082, 11.0, 10.469999313354492, 11.699999809265137, 11.279999732971191, 11.329999923706055, 11.639999389648438, 11.969999313354492, 12.429999351501465, 11.569999694824219, 12.609999656677246, 12.50999927520752, 12.329999923706055, 12.130000114440918, 12.979999542236328, 12.75, 12.899999618530273, 13.079999923706055, 12.170000076293945, 13.170000076293945, 12.559999465942383, 12.859999656677246, 13.1899995803833, 13.529999732971191, 13.329999923706055, 12.84999942779541, 13.319999694824219, 13.389999389648438, 13.579999923706055, 13.469999313354492, 13.779999732971191, 13.729999542236328, 13.380000114440918, 13.929999351501465, 13.639999389648438, 13.579999923706055, 13.670000076293945, 13.65999984741211, 13.880000114440918, 13.809999465942383, 13.729999542236328, 13.789999961853027, 13.829999923706055, 14.0, 14.049999237060547, 14.170000076293945, 14.069999694824219, 14.019999504089355, 14.069999694824219, 13.869999885559082, 13.889999389648438, 13.880000114440918, 13.979999542236328, 13.929999351501465, 13.920000076293945, 13.869999885559082, 14.029999732971191, 13.84999942779541, 13.960000038146973, 13.90999984741211, 13.859999656677246, 14.039999961853027, 13.929999351501465, 13.920000076293945, 13.929999351501465], "wall_time": [2.5527172088623047, 3.6100025177001953, 4.69299054145813, 5.76645040512085, 6.773996591567993, 7.870940923690796, 8.958815574645996, 10.019725561141968, 11.039129257202148, 12.05956220626831, 13.167722225189209, 14.20741868019104, 15.234687328338623, 16.35516667366028, 17.37442135810852, 18.41295623779297, 19.51545214653015, 20.596624851226807, 21.649080514907837, 22.658344745635986, 23.75712537765503, 24.798341274261475, 25.827807903289795, 26.92188596725464, 27.97391390800476, 29.111873149871826, 30.1563401222229, 31.25101590156555, 32.23256015777588, 33.253233909606934, 34.30057144165039, 35.35185098648071, 36.39733147621155, 37.41260766983032, 38.45465350151062, 39.44770812988281, 40.547646284103394, 41.57455229759216, 42.68005323410034, 43.77042841911316, 44.90728187561035, 45.988359451293945, 47.09614682197571, 48.14704966545105, 49.24117636680603, 50.298823595047, 51.29339623451233, 52.308125019073486, 53.37778854370117, 54.426549196243286, 55.42728233337402, 56.47708010673523, 57.51724720001221, 58.638522148132324, 59.68551468849182, 60.76026153564453, 61.75492763519287, 62.8633291721344, 63.92342519760132, 64.99166345596313, 66.01528191566467, 67.14654612541199, 68.176189661026, 69.25955200195312, 70.2737340927124, 71.262526512146, 72.27617645263672, 73.3492317199707, 74.37403607368469, 75.47340989112854, 76.51685786247253, 77.55609798431396, 78.59947633743286, 79.71558284759521, 80.85984086990356, 81.97399520874023, 83.08324909210205, 84.06919574737549, 85.08235216140747, 86.12423920631409, 87.1802191734314, 88.21847009658813, 89.24031782150269, 90.30311822891235, 91.38974595069885, 92.47873663902283, 93.49725890159607, 94.62303376197815, 95.64381742477417, 96.71917223930359, 97.75250244140625, 98.84028673171997, 99.89110708236694, 100.93432784080505, 101.97368288040161, 103.11561226844788, 104.17182660102844, 105.26232576370239, 106.33371424674988, 107.38415479660034], "val_loss": [4.639571343231201, 4.690458030700683, 4.671497519683838, 4.430812241363525, 4.331180321502686, 4.413941582489014, 4.405125408935547, 4.451832305145263, 4.335934397888184, 4.30453130645752, 4.299892100524902, 4.396628907012939, 4.44257473526001, 4.531028700256348, 4.581230673980713, 4.498570021820068, 4.601698937225342, 4.594291960525513, 4.830261994552612, 4.8558831161499025, 4.733439410400391, 4.79815032119751, 4.803353289794922, 4.905790502166748, 4.981549084472657, 4.913950400161744, 5.308799563598633, 5.438878057861328, 5.198710145568848, 5.403954909515381, 5.515123630523681, 5.425853186035156, 5.281354130554199, 5.259497787475586, 5.377331269073486, 5.460760494995117, 5.500961317443847, 5.542845834350586, 5.540629476165772, 5.641939739990234, 5.7392656539916995, 5.714291306304932, 5.752384932708741, 5.737817595672608, 5.67656661529541, 5.905819705200195, 5.827448419189453, 5.891479367828369, 5.895410112762451, 5.939651780700683, 5.879117682647705, 5.851407627868652, 5.87490407333374, 6.017891310882568, 6.071264818572998, 6.056313227081299, 6.040748516845703, 5.93750410079956, 6.01466880569458, 5.9807331695556645, 5.994739791870117, 5.970087854003906, 5.970140803527832, 5.93108590927124, 5.909847559356689, 5.925890135955811, 5.950469203948975, 5.971828604125976, 5.911686651611328, 5.929658863067627, 5.963261250305176, 5.940857792663574, 5.977851723480224, 5.946500803375244, 5.9387097129821775, 5.946877194976807, 5.921780570220947, 5.922175200653077, 5.939350624084472, 5.939120347595215, 5.9407289077758785, 5.942411162567138, 5.945254271697998, 5.943605434417725, 5.9531656364440915, 5.934247760009765, 5.939500386810303, 5.926912301635742, 5.918833169555664, 5.922361410522461, 5.922761254882812, 5.933543515014648, 5.934287325286865, 5.93673014755249, 5.955924122619629, 5.954760848236084, 5.938192163085938, 5.949960636901856, 5.956253284454346, 5.947330546569824],