{"loss": [], "acc": [], "test_loss": [4.074532984161377, 3.8252906753540037, 3.7299392238616944, 3.3663340003967286, 3.2917179832458494, 3.142821799468994, 3.038200622558594, 3.011079567718506, 2.9541024520874024, 2.9325623569488526, 3.1250326583862305, 2.9704187229156496, 2.7956861507415773, 2.717505039978027, 2.8327282138824463, 2.5766758213043213, 2.636951877593994, 2.4870647411346436, 2.4946254856109618, 2.4639089748382568, 2.5812089714050295, 2.591323774719238, 2.449391533279419, 2.2782366802215575, 2.5995583881378175, 2.4778046421051023, 2.3743419647216797, 2.4253772453308104, 2.3538958026885988, 2.4496925582885742, 2.543034225845337, 2.424165021133423, 2.335451894378662, 2.759089653778076, 2.393715833282471, 2.324846565437317, 2.386722077178955, 2.591886687088013, 2.327191534805298, 2.2392982456207275, 2.198183975982666, 2.257299900436401, 2.310014329147339, 2.146937487602234, 2.1790188304901124, 2.235996618080139, 2.2617913372039795, 2.2649676624298096, 2.140595978927612, 2.200520690155029, 2.1148800827026366, 2.3877838245391847, 2.2311898248672484, 2.147459754371643, 2.214679295349121, 2.1429059606552125, 2.107454759979248, 2.1128966100692748, 2.1921998874664306, 2.1472754821777342, 2.107980216217041, 2.0930162803649903, 2.099074704170227, 2.277656950378418, 2.192339336013794, 2.121211728668213, 2.210735687637329, 2.1988682643890383, 2.1995630462646485, 2.1310672634124757, 2.1969747764587404, 2.200703764343262, 2.200211640548706, 2.215011968612671, 2.1658637569427492, 2.1983573486328125, 2.1787264217376707, 2.1963368804931642, 2.20274748916626, 2.201110675811768, 2.2093203201293945, 2.192467501068115, 2.2135817253112795, 2.2160496250152586, 2.2129768821716307, 2.2138396141052246, 2.213854682159424, 2.2046260509490967, 2.2104724086761474, 2.2098299980163576, 2.2187923561096192, 2.2212298645019533, 2.219608592224121, 2.215347037887573, 2.225115633773804, 2.216618704986572, 2.212980224227905, 2.222614247894287, 2.218954482650757, 2.222638654708862], "test_acc": [6.739999771118164, 9.649999618530273, 11.670000076293945, 17.209999084472656, 19.19999885559082, 21.59000015258789, 23.779998779296875, 23.649999618530273, 25.06999969482422, 25.639999389648438, 23.19999885559082, 25.260000228881836, 28.099998474121094, 31.0, 27.889999389648438, 32.0099983215332, 31.309999465942383, 34.71999740600586, 34.849998474121094, 35.36000061035156, 33.36000061035156, 32.96999740600586, 36.189998626708984, 38.939998626708984, 34.29999923706055, 35.689998626708984, 37.95000076293945, 37.31999969482422, 38.43000030517578, 37.05999755859375, 34.89999771118164, 37.54999923706055, 39.45000076293945, 33.5099983215332, 39.16999816894531, 39.599998474121094, 38.709999084472656, 36.12999725341797, 40.38999938964844, 42.279998779296875, 43.05999755859375, 42.37999725341797, 41.55999755859375, 44.32999801635742, 43.61000061035156, 43.30999755859375, 42.39999771118164, 43.04999923706055, 45.439998626708984, 43.779998779296875, 46.099998474121094, 41.88999938964844, 44.43000030517578, 46.44999694824219, 45.56999969482422, 46.87999725341797, 47.02000045776367, 46.98999786376953, 46.959999084472656, 48.14999771118164, 47.46999740600586, 48.62999725341797, 49.07999801635742, 47.34000015258789, 48.89999771118164, 49.89999771118164, 48.209999084472656, 49.349998474121094, 49.27000045776367, 50.38999938964844, 50.22999954223633, 50.19999694824219, 50.209999084472656, 50.12999725341797, 51.72999954223633, 51.87999725341797, 51.57999801635742, 51.82999801635742, 52.439998626708984, 52.21999740600586, 52.53999710083008, 53.02000045776367, 53.599998474121094, 53.34000015258789, 53.439998626708984, 53.1099967956543, 53.54999923706055, 53.529998779296875, 53.619998931884766, 53.6099967956543, 53.2599983215332, 53.84000015258789, 53.44999694824219, 53.30999755859375, 53.65999984741211, 53.55999755859375, 53.619998931884766, 53.84000015258789, 53.57999801635742, 53.63999938964844], "wall_time": [5.943803548812866, 10.768592596054077, 15.658644914627075, 20.577078580856323, 25.72687530517578, 30.80635142326355, 35.746561765670776, 40.67854022979736, 45.7547972202301, 51.003525733947754, 56.317729473114014, 61.23086667060852, 66.25284767150879, 71.33594989776611, 76.30274868011475, 81.30128765106201, 86.42785310745239, 91.2798388004303, 96.347088098526, 101.27500867843628, 106.31718850135803, 111.0489547252655, 116.10254263877869, 121.17144823074341, 126.25804209709167, 131.21188259124756, 136.4714868068695, 141.37589573860168, 146.08917903900146, 150.88863348960876, 155.87598848342896, 160.79300665855408, 165.55577397346497, 170.46962666511536, 175.67287516593933, 180.83911323547363, 185.7490963935852, 190.84553956985474, 195.8374879360199, 200.87001872062683, 205.65480875968933, 210.45598149299622, 215.21484422683716, 220.16933488845825, 225.18635892868042, 230.0596888065338, 235.00531339645386, 239.9019660949707, 244.75109124183655, 249.75544428825378, 254.591379404068, 259.6608748435974, 264.4224603176117, 269.2438313961029, 274.25337386131287, 279.20777797698975, 284.09846472740173, 289.02887296676636, 293.7613525390625, 298.7005217075348, 303.9053370952606, 308.72492146492004, 313.5594747066498, 318.5871410369873, 323.6208050251007, 328.45399594306946, 333.28527545928955, 338.3762593269348, 343.59833812713623, 348.7046847343445, 353.6305875778198, 358.43528485298157, 363.2942750453949, 368.1231994628906, 372.990873336792, 377.93318486213684, 382.8202359676361, 387.7655608654022, 392.5297112464905, 397.3815686702728, 402.3090739250183, 407.23491978645325, 412.1840009689331, 417.3231177330017, 422.2383759021759, 427.3119728565216, 432.3806712627411, 437.4512770175934, 442.3720440864563, 447.3443214893341, 452.2247052192688, 456.9473924636841, 461.58806848526, 466.5397889614105, 471.59368538856506, 476.37156677246094, 481.40886402130127, 486.25187158584595, 491.00493574142456, 495.72708106040955], "val_loss": [4.094499942779541, 3.874554334259033, 3.7436623916625975, 3.383555902862549, 3.34218362197876, 3.133882192993164, 3.059043524169922, 3.021331531524658, 2.967336444091797, 2.9467218406677245, 3.1473570922851564, 3.0226627979278566, 2.8037720302581786, 2.7318791694641114, 2.8510141540527343, 2.6058959060668947, 2.659314184951782, 2.5151430656433105, 2.5068081928253174, 2.4871350048065186, 2.614371859741211, 2.6633431442260744, 2.48729501953125, 2.327426655578613, 2.6339454746246336, 2.5288667919158936, 2.4027114627838135, 2.4606439125061037, 2.3971755222320557, 2.477372026824951, 2.588924793624878, 2.479518487548828, 2.383296863555908, 2.782819231414795, 2.4474255950927732, 2.343331729888916, 2.4169651748657226, 2.620938500213623, 2.349116174697876, 2.2833178256988527, 2.239643106460571, 2.3156525676727293, 2.3373045993804933, 2.1944995277404784, 2.216140557861328, 2.2611836769104006, 2.306759182357788, 2.33249075050354, 2.1770908988952637, 2.2533453987121583, 2.153158798408508, 2.411688530731201, 2.2535774185180664, 2.172823858642578, 2.2584534637451172, 2.1716760440826417, 2.1352230728149415, 2.0880340007781983, 2.226735441207886, 2.204716646194458, 2.1728932258605957, 2.1292703269958495, 2.141893300819397, 2.2928614589691163, 2.2280827392578124, 2.1710025283813477, 2.2511770809173584, 2.2318974086761476, 2.2223001205444337, 2.1499993827819823, 2.2603551372528075, 2.211886226272583, 2.2260543617248536, 2.2447682300567626, 2.2069668155670166, 2.253746075439453, 2.215725830078125, 2.228306213760376, 2.2551302154541015, 2.259306747055054, 2.2679044269561768, 2.2456061828613283, 2.254418521499634, 2.2614900390625, 2.275852419281006, 2.2657270278930666, 2.2744319282531738, 2.2596014205932615, 2.2756260457992554, 2.2706951471328733, 2.275582720565796, 2.2770985643386843, 2.27522649269104, 2.267838891983032, 2.2782484926223754, 2.2713948375701905, 2.2690931941986086, 2.275940217971802, 2.2724734352111815, 2.2773208671569822],