{"loss": [], "acc": [], "test_loss": [4.660633114624024, 4.190056642913818, 4.072264081573486, 4.002879933929443, 3.9315284912109374, 3.961678561401367, 3.889156121444702, 3.7937868698120116, 3.7287934646606447, 3.6484692565917967, 3.6264516246795653, 3.5750711399078368, 3.5289400512695313, 3.5315557758331297, 3.4285787261962892, 3.3944825588226317, 3.5817678928375245, 3.4996564998626707, 3.247141937255859, 3.3762106620788574, 3.2363894721984865, 3.46061591796875, 3.3251598503112794, 3.2761923362731933, 3.3521590312957765, 3.356337543106079, 3.5118406112670897, 3.3087018497467042, 3.3892262042999266, 3.3242903858184816, 3.3270189712524414, 3.3621860023498535, 3.6366340270996096, 3.3800196617126463, 3.3449822269439697, 3.495960706329346, 3.406177917098999, 3.5514527557373046, 3.7156337863922118, 3.529694590759277, 3.6985573150634767, 3.7158825675964358, 3.7167811210632324, 3.686402691268921, 3.728788945388794, 3.7504596321105956, 3.7869712699890137, 3.7224782344818115, 3.796520895767212, 3.800238130569458, 4.093575917816162, 3.973417893981934, 4.0814879009246825, 3.966228224182129, 3.847875059509277, 3.952056114196777, 4.0139748435974125, 4.018979747009277, 3.9602732849121094, 3.8875208324432373, 3.9490961265563964, 4.014940535354614, 3.9438270553588866, 3.9740681789398193, 3.888064216995239, 3.8853821479797364, 3.8535971138000487, 3.8799515716552735, 3.892997400665283, 3.8468115676879884, 3.8793930820465086, 3.8496919845581057, 3.8505866386413574, 3.8279023864746096, 3.8205298820495606, 3.8084608394622803, 3.822240832901001, 3.787817520141602, 3.8066216567993165, 3.783591097640991, 3.781062739562988, 3.7619431461334227, 3.768059687805176, 3.775556452178955, 3.768517721939087, 3.7665784534454345, 3.764747826385498, 3.760426233673096, 3.7613976890563965, 3.7568232856750488, 3.7522223571777342, 3.747463610839844, 3.7631799903869627, 3.75944412689209, 3.754587554550171, 3.7559139587402344, 3.746524380493164, 3.756795104598999, 3.7568956264495847, 3.7655597751617433], "test_acc": [1.0, 4.829999923706055, 6.819999694824219, 8.329999923706055, 9.639999389648438, 9.739999771118164, 10.139999389648438, 10.84999942779541, 13.109999656677246, 14.75, 15.00999927520752, 15.739999771118164, 15.719999313354492, 16.8799991607666, 18.399999618530273, 18.889999389648438, 17.809999465942383, 18.78999900817871, 21.709999084472656, 20.600000381469727, 22.869998931884766, 20.279998779296875, 22.170000076293945, 23.68000030517578, 23.559999465942383, 23.44999885559082, 21.84000015258789, 23.299999237060547, 24.479999542236328, 24.35999870300293, 24.479999542236328, 25.599998474121094, 23.239999771118164, 26.26999855041504, 25.60999870300293, 26.01999855041504, 26.85999870300293, 26.059999465942383, 24.920000076293945, 25.309999465942383, 26.25, 25.579999923706055, 25.670000076293945, 27.329999923706055, 26.6299991607666, 27.329999923706055, 27.299999237060547, 28.559999465942383, 27.729999542236328, 28.119998931884766, 26.349998474121094, 27.56999969482422, 27.19999885559082, 28.309999465942383, 29.6299991607666, 28.869998931884766, 28.81999969482422, 29.3799991607666, 30.299999237060547, 30.759998321533203, 30.67999839782715, 30.079999923706055, 31.01999855041504, 30.42999839782715, 31.44999885559082, 31.369998931884766, 32.279998779296875, 32.07999801635742, 32.029998779296875, 32.22999954223633, 32.189998626708984, 31.759998321533203, 32.11000061035156, 32.779998779296875, 33.05999755859375, 32.880001068115234, 33.14999771118164, 33.099998474121094, 33.189998626708984, 33.209999084472656, 33.27000045776367, 33.41999816894531, 33.189998626708984, 32.98999786376953, 33.23999786376953, 33.06999969482422, 33.39999771118164, 33.290000915527344, 33.34000015258789, 33.349998474121094, 33.39999771118164, 33.45000076293945, 33.0099983215332, 33.189998626708984, 33.25, 33.40999984741211, 33.32999801635742, 33.189998626708984, 33.349998474121094, 33.30999755859375], "wall_time": [3.298325300216675, 5.2467334270477295, 7.172364950180054, 9.08169674873352, 11.01920199394226, 12.989482641220093, 14.988205909729004, 16.885380268096924, 18.825785160064697, 20.84902262687683, 22.768512725830078, 24.715445041656494, 26.7297306060791, 28.74744415283203, 30.785032033920288, 32.74496054649353, 34.75471758842468, 36.60845947265625, 38.63924026489258, 40.59862542152405, 42.52776098251343, 44.54311180114746, 46.52377414703369, 48.45655584335327, 50.38799333572388, 52.225945472717285, 54.249189376831055, 56.34912133216858, 58.34076499938965, 60.332517862319946, 62.40856385231018, 64.3524580001831, 66.47344613075256, 68.46339678764343, 70.43518328666687, 72.39139556884766, 74.3795211315155, 76.43334412574768, 78.42249608039856, 80.29253435134888, 82.36044430732727, 84.30556225776672, 86.30651497840881, 88.23344111442566, 90.115234375, 92.15559458732605, 94.07375264167786, 95.99462914466858, 97.98023104667664, 99.9288547039032, 101.91148924827576, 103.8239643573761, 105.89893960952759, 107.8224229812622, 109.72364926338196, 111.77049112319946, 113.68683958053589, 115.67078518867493, 117.5768985748291, 119.69358968734741, 121.68557953834534, 123.57025909423828, 125.50864386558533, 127.44079852104187, 129.5008306503296, 131.45858812332153, 133.50018572807312, 135.42736387252808, 137.4666383266449, 139.4999234676361, 141.58310103416443, 143.68219590187073, 145.84238505363464, 147.81635165214539, 149.81198406219482, 151.78559136390686, 153.74784517288208, 155.67319655418396, 157.6874315738678, 159.68036937713623, 161.7148199081421, 163.76282691955566, 165.72740030288696, 167.63894248008728, 169.72431659698486, 171.6487009525299, 173.5967252254486, 175.57551169395447, 177.54612255096436, 179.72545909881592, 181.77207803726196, 183.81365084648132, 185.6990520954132, 187.6292269229889, 189.5978045463562, 191.56675934791565, 193.66862154006958, 195.71449995040894, 197.6837317943573, 199.66940689086914], "val_loss": [4.665216577911377, 4.191976921081543, 4.076386965179443, 4.013409762954712, 3.95370478515625, 3.9827220417022704, 3.9016848854064943, 3.8087661338806154, 3.7478082092285154, 3.6757449062347414, 3.657276669692993, 3.6134102611541747, 3.557061873626709, 3.5437716045379637, 3.4373211029052735, 3.4189933506011965, 3.5894191844940186, 3.5010022422790525, 3.2626400886535643, 3.3963792640686035, 3.2708435192108154, 3.500864030456543, 3.3628838459014894, 3.266408329772949, 3.392545803451538, 3.3650251586914064, 3.533961289215088, 3.313735456466675, 3.3924245904922485, 3.3552621887207033, 3.3737633163452148, 3.4095895072937012, 3.642818186187744, 3.406704072570801, 3.334555132675171, 3.5078937446594236, 3.4261804958343505, 3.5928864013671875, 3.7391617790222167, 3.571497982788086, 3.750459172821045, 3.795656057739258, 3.7871807579040526, 3.731665488433838, 3.799688210296631, 3.8098073219299318, 3.801740301132202, 3.7336140144348144, 3.834593642044067, 3.8220211994171143, 4.18500350189209, 4.0280733406066895, 4.170616319656372, 3.990642218399048, 3.8905267196655275, 3.9937578384399415, 4.04380662612915, 4.047268175125122, 3.982058661651611, 3.9401183227539063, 4.010195334243774, 4.104507291793824, 3.974798001861572, 4.011018022155762, 3.9402811580657957, 3.9287038063049318, 3.9201487308502196, 3.9290185218811033, 3.9488208106994627, 3.904167911529541, 3.9336068069458006, 3.882503974533081, 3.917263702392578, 3.8948787803649902, 3.8798259201049805, 3.863266608428955, 3.8707973121643064, 3.846147243118286, 3.8578602058410643, 3.843845880126953, 3.840578360366821, 3.8225706588745116, 3.826092512512207, 3.8349037185668946, 3.825928537750244, 3.8326267890930175, 3.8344539672851563, 3.8225687522888183, 3.8241187484741213, 3.818603299331665, 3.80967887840271, 3.8052017456054688, 3.817847144317627, 3.8168074562072754, 3.8119920822143554, 3.8169829315185546, 3.8051738121032717, 3.813498226928711, 3.819357995605469, 3.8232897926330565],