{"loss": [], "acc": [], "test_loss": [4.685011651611328, 3.8804979675292968, 3.530537672805786, 3.582441839599609, 3.159227716445923, 3.098425407409668, 2.9765326709747315, 2.956995193481445, 2.814828949737549, 2.764992282104492, 2.759893081665039, 2.696421405792236, 2.752412203979492, 2.8183488235473635, 2.691626448059082, 2.9218678607940674, 2.667876251220703, 2.886100862121582, 2.754599983215332, 2.7975413940429688, 2.8323612113952636, 2.796230718231201, 2.864497643661499, 2.981732831573486, 2.8952414291381836, 2.902590126800537, 2.8202895225524904, 3.1791283611297607, 3.140276025390625, 2.937070785140991, 2.935793376159668, 2.947397481536865, 2.861265121459961, 2.9270364166259766, 2.936748722076416, 2.9552880630493163, 2.9571360984802246, 2.937501773071289, 2.9947040435791017, 3.0575055290222166, 3.2382029399871826, 2.909415845489502, 3.0146208236694334, 2.9825125854492187, 2.881258666229248, 2.8670974864959717, 2.907147155761719, 2.8534093753814695, 2.8932492485046386, 2.819001097488403, 2.7671034114837645, 2.793963712692261, 2.8376922622680665, 2.777728910446167, 2.7804862884521486, 2.7410335105895998, 2.692328049468994, 2.6920467720031738, 2.674790404510498, 2.7624624046325685, 2.627808783340454, 2.6524958683013917, 2.641002223968506, 2.6145256256103515, 2.613188439178467, 2.581497518157959, 2.5812764694213866, 2.5716599853515625, 2.566496598815918, 2.5555329887390137, 2.54201091003418, 2.5229363288879396, 2.5318142837524413, 2.5027708324432374, 2.5286019027709963, 2.5035422214508056, 2.4974497871398924, 2.5013674407958986, 2.4928512950897215, 2.482027079772949, 2.4768989330291746, 2.469575035858154, 2.4734928592681884, 2.4759212394714356, 2.4689780403137207, 2.4634738243103027, 2.4656026710510255, 2.4629504985809327, 2.4678349395751953, 2.4727530826568604, 2.473113885498047, 2.4670534191131592, 2.4653357089996337, 2.462260789489746, 2.4627768787384032, 2.462964025115967, 2.4666557441711428, 2.4685937774658204, 2.4679804809570314, 2.4724048107147216], "test_acc": [1.0899999141693115, 10.800000190734863, 16.229999542236328, 16.75, 21.559999465942383, 24.170000076293945, 25.60999870300293, 27.670000076293945, 29.06999969482422, 31.31999969482422, 31.969999313354492, 32.66999816894531, 33.13999938964844, 33.63999938964844, 35.599998474121094, 34.029998779296875, 36.41999816894531, 33.290000915527344, 36.40999984741211, 36.119998931884766, 35.84000015258789, 38.349998474121094, 37.87999725341797, 36.64999771118164, 37.02000045776367, 36.79999923706055, 39.62999725341797, 35.779998779296875, 36.95000076293945, 38.25, 39.30999755859375, 38.80999755859375, 40.56999969482422, 41.2599983215332, 40.189998626708984, 40.03999710083008, 40.43000030517578, 41.119998931884766, 40.90999984741211, 39.849998474121094, 38.90999984741211, 42.119998931884766, 42.14999771118164, 42.48999786376953, 42.72999954223633, 42.959999084472656, 43.349998474121094, 43.89999771118164, 43.849998474121094, 44.09000015258789, 45.53999710083008, 45.05999755859375, 44.12999725341797, 45.22999954223633, 45.189998626708984, 45.80999755859375, 45.46999740600586, 46.22999954223633, 46.25, 45.2599983215332, 46.30999755859375, 45.86000061035156, 46.869998931884766, 47.09000015258789, 46.71999740600586, 47.30999755859375, 47.88999938964844, 47.25, 47.0099983215332, 47.77000045776367, 47.44999694824219, 47.78999710083008, 47.28999710083008, 47.93000030517578, 47.47999954223633, 47.94999694824219, 48.16999816894531, 48.099998474121094, 48.19999694824219, 48.19999694824219, 48.02000045776367, 48.32999801635742, 48.14999771118164, 48.21999740600586, 48.29999923706055, 47.89999771118164, 48.07999801635742, 48.369998931884766, 48.29999923706055, 48.31999969482422, 48.099998474121094, 48.59000015258789, 48.31999969482422, 48.23999786376953, 48.27000045776367, 48.39999771118164, 48.279998779296875, 48.189998626708984, 48.46999740600586, 48.30999755859375], "wall_time": [4.621316909790039, 7.872583627700806, 10.946512222290039, 14.063468933105469, 17.16806149482727, 20.315144300460815, 23.444787979125977, 26.623314380645752, 29.724199056625366, 32.81210660934448, 35.88939046859741, 38.9451584815979, 42.01398801803589, 45.075746297836304, 48.11287999153137, 51.217673540115356, 54.352011919021606, 57.48167133331299, 60.53246355056763, 63.61550545692444, 66.74302649497986, 69.81296062469482, 72.97506403923035, 76.07029056549072, 79.19284105300903, 82.26084303855896, 85.34361720085144, 88.44755220413208, 91.56475353240967, 94.75693821907043, 97.99993896484375, 101.09256792068481, 104.18957471847534, 107.26606345176697, 110.43172001838684, 113.55168724060059, 116.65782380104065, 119.76805114746094, 122.90965437889099, 126.05260014533997, 129.1502068042755, 132.25133323669434, 135.40225863456726, 138.50821566581726, 141.71981859207153, 144.84923887252808, 147.98625349998474, 151.0523657798767, 154.10553455352783, 157.197922706604, 160.27116894721985, 163.3580207824707, 166.51257276535034, 169.5921881198883, 172.68610191345215, 175.7876489162445, 178.87497901916504, 182.05701971054077, 185.26795864105225, 188.39471578598022, 191.65779376029968, 194.7851893901825, 197.86272740364075, 200.91658639907837, 204.03986597061157, 207.12012457847595, 210.264634847641, 213.36879324913025, 216.51603484153748, 219.59081721305847, 222.75709915161133, 225.9443154335022, 229.06761074066162, 232.18767476081848, 235.29967617988586, 238.41082668304443, 241.56083130836487, 244.7380850315094, 247.9298119544983, 251.14402055740356, 254.26113748550415, 257.36330127716064, 260.4737548828125, 263.5700960159302, 266.66934847831726, 269.7745563983917, 272.80237007141113, 275.9539041519165, 279.05843234062195, 282.3169655799866, 285.49856543540955, 288.590873003006, 291.7447283267975, 294.9001519680023, 298.07213258743286, 301.11663842201233, 304.2810800075531, 307.35135531425476, 310.4488344192505, 313.7330677509308], "val_loss": [4.677149273681641, 3.890829917907715, 3.5527680126190186, 3.5925206661224367, 3.1959633056640624, 3.1343318008422854, 3.020953494262695, 2.98431455116272, 2.872156344604492, 2.804629567718506, 2.7952780048370363, 2.7502871822357178, 2.799952352142334, 2.8314929779052735, 2.6760079109191897, 2.887167296600342, 2.6931344577789305, 2.881927387237549, 2.7445528705596924, 2.7834855430603027, 2.7819022655487062, 2.761744574737549, 2.8313972595214842, 2.987583656311035, 2.8505740516662597, 2.932229221343994, 2.795014499282837, 3.1634478134155275, 3.1189159229278562, 2.9237046813964844, 2.9282844425201415, 2.9504486934661864, 2.8151549739837645, 2.900895352935791, 2.9210600151062014, 2.917950621032715, 2.9715767387390137, 2.891604099082947, 2.9318966789245606, 3.0298451793670655, 3.188517892074585, 2.8544672378540037, 2.9923851402282713, 2.9772973068237305, 2.874464008331299, 2.8445307395935058, 2.8446041461944582, 2.7792898300170896, 2.857968900680542, 2.7824856048583984, 2.7148989696502683, 2.7069576217651368, 2.7564717407226564, 2.707996534919739, 2.7166159324645998, 2.6732551021575928, 2.6327757038116455, 2.6276379795074463, 2.615419138145447, 2.7118241641998293, 2.5742822286605835, 2.604808136177063, 2.5737517959594727, 2.5749159521102905, 2.5842819326400757, 2.5405566680908205, 2.5325600650787354, 2.5386050512313845, 2.518596329689026, 2.500630519294739, 2.486327495956421, 2.4763498781204225, 2.4717172216415406, 2.456607660865784, 2.4707545829772948, 2.4498477989196776, 2.4410979461669924, 2.448377986717224, 2.4440737243652344, 2.4374059843063356, 2.4345138244628908, 2.421204363822937, 2.4237292289733885, 2.4346167879104614, 2.4230762525558474, 2.4214276912689208, 2.415669421005249, 2.420598888969421, 2.426936664581299, 2.4328170232772828, 2.431473493385315, 2.4242912725448607, 2.4210810485839844, 2.421417095375061, 2.418126597213745, 2.419059280395508, 2.424458046340942, 2.4239305980682375, 2.4233048795700074, 2.4293582960128783],