{"loss": [], "acc": [], "test_loss": [4.755041603088379, 4.523599533843994, 3.9210288478851316, 3.7478345405578612, 3.9721432888031005, 3.587885889816284, 3.4343087474822998, 3.328382670211792, 3.2934193572998045, 3.1342927680969237, 3.7459076992034914, 2.9902756824493406, 3.0068255626678466, 2.9706373962402344, 3.241724577331543, 3.1762273933410645, 2.9755088275909425, 3.266324213027954, 3.3970566635131836, 3.065775612258911, 2.932830707550049, 2.983768342590332, 3.014068158721924, 2.8923837440490723, 2.947568460845947, 2.9142126068115233, 3.2293159744262696, 3.0378048210144044, 3.3631377243041993, 3.1065195861816406, 3.0312866233825684, 2.9840440170288085, 3.1001222373962403, 3.066804679107666, 3.2367739898681642, 3.326119027709961, 3.0341102722167967, 3.1456412475585935, 3.13223152885437, 3.1901245975494383, 3.0443984245300295, 3.1683695236206053, 3.072238956451416, 3.1540198558807373, 3.113935549545288, 3.17137211265564, 3.1242877502441404, 3.154062977218628, 3.1322688285827636, 3.1565135913848876, 3.1000442726135256, 3.210605006790161, 3.113490976715088, 3.100220404434204, 3.061341659164429, 3.0286130222320558, 3.0100531074523924, 2.9824214347839355, 3.015686091995239, 2.9931983005523684, 2.9330827068328857, 2.9234792758941652, 2.868074654388428, 2.911247051239014, 2.8846864646911623, 2.876946870803833, 2.8523163673400878, 2.8211565814971924, 2.816209380340576, 2.8129263622283935, 2.7937614391326906, 2.793086950302124, 2.794619172668457, 2.782622496032715, 2.7857518165588377, 2.7768600379943846, 2.762556772613525, 2.767520569229126, 2.7564231636047363, 2.7518133407592775, 2.748319253540039, 2.73968385887146, 2.7440996925354004, 2.7421224182128907, 2.7307354217529296, 2.73659451751709, 2.7277626239776613, 2.7287313514709473, 2.7311723644256594, 2.7436855056762695, 2.7394596630096437, 2.7349645862579344, 2.735217985534668, 2.7239857975006103, 2.7321618892669677, 2.7257952686309816, 2.732570209121704, 2.728789981842041, 2.7369211917877196, 2.7394458950042724], "test_acc": [1.0, 6.349999904632568, 11.079999923706055, 12.799999237060547, 12.149999618530273, 17.68000030517578, 19.8799991607666, 20.809999465942383, 21.15999984741211, 25.369998931884766, 18.420000076293945, 26.0, 26.439998626708984, 28.399999618530273, 25.8799991607666, 26.189998626708984, 30.349998474121094, 25.35999870300293, 25.34000015258789, 28.67999839782715, 31.03999900817871, 31.849998474121094, 30.28999900817871, 33.21999740600586, 32.45000076293945, 32.939998626708984, 29.709999084472656, 33.70000076293945, 30.31999969482422, 32.880001068115234, 34.34000015258789, 35.7599983215332, 34.93000030517578, 35.04999923706055, 34.369998931884766, 33.369998931884766, 36.57999801635742, 35.98999786376953, 37.04999923706055, 35.77000045776367, 38.54999923706055, 36.36000061035156, 38.45000076293945, 37.84000015258789, 38.22999954223633, 38.0, 38.96999740600586, 38.599998474121094, 39.029998779296875, 38.5, 39.89999771118164, 39.28999710083008, 40.119998931884766, 40.15999984741211, 40.59000015258789, 41.53999710083008, 41.90999984741211, 42.23999786376953, 41.47999954223633, 41.5, 42.7599983215332, 42.65999984741211, 43.349998474121094, 42.619998931884766, 43.05999755859375, 43.52000045776367, 43.31999969482422, 43.709999084472656, 44.11000061035156, 43.779998779296875, 44.18000030517578, 43.98999786376953, 44.099998474121094, 44.07999801635742, 44.12999725341797, 44.05999755859375, 44.27000045776367, 44.30999755859375, 44.279998779296875, 44.53999710083008, 44.54999923706055, 44.39999771118164, 44.459999084472656, 44.439998626708984, 44.5, 44.43000030517578, 44.40999984741211, 44.5, 44.29999923706055, 44.56999969482422, 44.31999969482422, 44.34000015258789, 44.5099983215332, 44.56999969482422, 44.57999801635742, 44.43000030517578, 44.46999740600586, 44.40999984741211, 44.23999786376953, 44.2599983215332], "wall_time": [4.569578170776367, 7.691513299942017, 10.79000973701477, 13.958314180374146, 17.10189461708069, 20.191871643066406, 23.336055278778076, 26.50751233100891, 29.638280153274536, 32.79172730445862, 35.925533294677734, 39.11618137359619, 42.21726751327515, 45.39931869506836, 48.52292609214783, 51.751291036605835, 54.84522271156311, 57.93251585960388, 61.05704307556152, 64.1582522392273, 67.24205088615417, 70.4464259147644, 73.64587378501892, 76.74906253814697, 79.87619471549988, 83.06959867477417, 86.21797156333923, 89.32796001434326, 92.41520643234253, 95.53280830383301, 98.61900925636292, 101.7146360874176, 104.91778111457825, 108.0511462688446, 111.222083568573, 114.35537266731262, 117.50444054603577, 120.65649127960205, 123.77771329879761, 126.85973024368286, 129.92585134506226, 133.08340001106262, 136.27809834480286, 139.47132182121277, 142.58871984481812, 145.7607114315033, 148.78128600120544, 152.06188321113586, 155.22456097602844, 158.35776782035828, 161.4743869304657, 164.5786156654358, 167.70074701309204, 170.79217910766602, 173.90793085098267, 177.0403277873993, 180.11131596565247, 183.1943507194519, 186.27944660186768, 189.32725596427917, 192.3729271888733, 195.4801414012909, 198.64176273345947, 201.7592761516571, 204.8652470111847, 208.0491018295288, 211.12497425079346, 214.26645612716675, 217.3804214000702, 220.5231330394745, 223.71758008003235, 226.82225441932678, 229.90902972221375, 232.967440366745, 236.15951108932495, 239.36770057678223, 242.46305561065674, 245.596431016922, 248.7176342010498, 251.84129738807678, 254.96086525917053, 258.0807304382324, 261.1608335971832, 264.33581829071045, 267.3983120918274, 270.6326861381531, 273.74092054367065, 276.8558394908905, 279.90353870391846, 283.0007860660553, 286.18614411354065, 289.28033900260925, 292.3968632221222, 295.5853910446167, 298.6871917247772, 301.77409386634827, 304.8335747718811, 307.8890814781189, 310.9923212528229, 314.11489939689636], "val_loss": [4.755538373565674, 4.533485816955566, 3.923000066757202, 3.7756100540161133, 3.9652483753204346, 3.634192699432373, 3.4364518814086913, 3.351169957733154, 3.315032754898071, 3.140978980636597, 3.799912741088867, 3.0182425270080566, 3.0538175285339357, 2.989253820037842, 3.2255525398254394, 3.1725745635986327, 3.0023311950683595, 3.289544236755371, 3.4338679512023926, 3.0913515098571778, 2.956155401992798, 2.952846297073364, 3.0232799861907957, 2.9282389389038084, 2.9533270366668702, 2.9293241844177245, 3.2524949802398684, 3.046381322860718, 3.38880047416687, 3.142674388885498, 3.0437978969573973, 3.0152924861907957, 3.14588270111084, 3.0663346977233887, 3.269897996520996, 3.4192159255981447, 3.087065504837036, 3.1588572845458986, 3.1766553550720213, 3.170835019683838, 3.107021807861328, 3.2123781858444214, 3.1193515121459963, 3.2174933666229246, 3.129836319732666, 3.2066898803710937, 3.1277752922058104, 3.1694801792144776, 3.1428393020629883, 3.159297573852539, 3.1098214977264402, 3.2173832178115847, 3.1174407722473143, 3.125480443572998, 3.0908560302734376, 3.0585920585632325, 3.0247161060333254, 2.9875429119110106, 3.0331246295928955, 2.995366304397583, 2.9428258769989015, 2.930383215713501, 2.8780473026275635, 2.903019236755371, 2.8872701875686646, 2.882908417892456, 2.8651941093444826, 2.831830623245239, 2.8199998332977296, 2.837488063812256, 2.794617638015747, 2.8027126544952394, 2.8094727752685547, 2.8011903053283693, 2.8079782382965086, 2.798518933105469, 2.7825613452911377, 2.7838894180297853, 2.7787350494384766, 2.7627504627227784, 2.7665494709014893, 2.752275582122803, 2.7567252044677732, 2.7585526027679443, 2.744915773010254, 2.7495975582122805, 2.7449245098114012, 2.7414028812408446, 2.7459330074310304, 2.7626682796478272, 2.7543165035247803, 2.7450218244552613, 2.746555459213257, 2.7405846923828125, 2.741138825035095, 2.736929866027832, 2.748608475112915, 2.741549962615967, 2.748221862411499, 2.752547412109375],