{"loss": [], "acc": [], "test_loss": [4.822767069244385, 4.125631610870362, 3.8445164199829103, 3.6549609031677246, 3.615148710632324, 3.3889051040649414, 3.3552134841918946, 3.439964527130127, 3.1829780433654786, 3.0928610015869142, 3.162036025619507, 3.1452117149353027, 3.4101662868499756, 3.105144674682617, 3.274815619277954, 3.1355274520874024, 3.3272164154052732, 3.134960705947876, 3.3896207874298097, 3.401857582092285, 3.263778296661377, 3.4752729431152343, 3.3365423553466798, 3.316584370422363, 3.6019395893096924, 3.4350360069274903, 3.499745857620239, 3.318366384887695, 3.454261853790283, 3.4544175682067872, 3.4347878032684327, 3.3406969230651855, 3.8638051475524904, 3.679505697631836, 3.539670034790039, 3.4601360649108885, 3.524399253845215, 3.5233437644958494, 3.685389958190918, 3.5563561855316164, 3.6224454486846924, 3.5074566326141356, 3.448585243988037, 3.5269511375427247, 3.3832308097839356, 3.4077780418395998, 3.323719251251221, 3.3359902847290037, 3.3040233894348146, 3.264753369140625, 3.2414689765930174, 3.1703296249389648, 3.1529140724182128, 3.1370012603759765, 3.0958545570373537, 3.1066683349609376, 3.0929216259002685, 3.058020230102539, 3.0445077373504636, 3.0072175773620606, 2.9994515956878662, 2.970691240310669, 2.9705835990905762, 2.963861999511719, 2.9496150695800782, 2.9326537117004396, 2.9306189723968505, 2.9111943199157713, 2.916214182281494, 2.8982467544555663, 2.9024277477264406, 2.9057601230621337, 2.892057208633423, 2.8857197414398192, 2.882285277175903, 2.8777636867523193, 2.8714349601745606, 2.879550559616089, 2.8652052921295166, 2.863431136703491, 2.861836735153198, 2.85688953704834, 2.8535355236053466, 2.8604799087524415, 2.8545778881072996, 2.853309309387207, 2.853471739578247, 2.8519084156036376, 2.8459190704345705, 2.8444554679870606, 2.8463665836334227, 2.844983427429199, 2.8465276763916014, 2.8480537773132326, 2.8494282836914064, 2.8450420627593993, 2.846164175796509, 2.843934495162964, 2.850220211791992, 2.8524162719726562], "test_acc": [1.5699999332427979, 8.59999942779541, 10.800000190734863, 13.6899995803833, 16.389999389648438, 19.189998626708984, 19.5, 18.619998931884766, 22.010000228881836, 25.559999465942383, 24.40999984741211, 24.899999618530273, 21.619998931884766, 26.31999969482422, 24.760000228881836, 28.03999900817871, 27.53999900817871, 28.51999855041504, 25.260000228881836, 27.81999969482422, 28.309999465942383, 28.739999771118164, 30.329999923706055, 30.759998321533203, 29.119998931884766, 30.399999618530273, 30.549999237060547, 32.88999938964844, 32.0, 32.369998931884766, 33.11000061035156, 34.59000015258789, 29.81999969482422, 32.040000915527344, 32.91999816894531, 33.91999816894531, 33.5, 33.77000045776367, 32.89999771118164, 34.64999771118164, 34.27000045776367, 35.47999954223633, 35.73999786376953, 35.47999954223633, 36.40999984741211, 36.290000915527344, 38.0099983215332, 37.40999984741211, 38.21999740600586, 38.209999084472656, 38.65999984741211, 39.22999954223633, 39.81999969482422, 39.62999725341797, 39.79999923706055, 39.62999725341797, 39.91999816894531, 40.36000061035156, 40.599998474121094, 40.82999801635742, 40.52000045776367, 40.73999786376953, 40.5099983215332, 40.91999816894531, 40.91999816894531, 41.21999740600586, 41.0, 41.03999710083008, 41.369998931884766, 41.16999816894531, 41.43000030517578, 41.029998779296875, 41.21999740600586, 40.95000076293945, 41.07999801635742, 41.2599983215332, 41.439998626708984, 41.30999755859375, 41.29999923706055, 41.32999801635742, 41.349998474121094, 41.54999923706055, 41.22999954223633, 41.22999954223633, 41.38999938964844, 41.37999725341797, 41.5099983215332, 41.38999938964844, 41.53999710083008, 41.599998474121094, 41.61000061035156, 41.43000030517578, 41.63999938964844, 41.57999801635742, 41.349998474121094, 41.369998931884766, 41.48999786376953, 41.28999710083008, 41.5, 41.41999816894531], "wall_time": [7.104229211807251, 10.938138246536255, 14.834325075149536, 18.685789108276367, 22.52450680732727, 26.394416332244873, 30.32277488708496, 34.14149761199951, 38.02300786972046, 41.86943960189819, 45.80740928649902, 49.600160360336304, 53.49000573158264, 57.34147930145264, 61.284525871276855, 65.11524987220764, 68.9496557712555, 72.87752437591553, 76.68361568450928, 80.50740718841553, 84.35961294174194, 88.15185880661011, 91.99287176132202, 95.86142802238464, 99.71091294288635, 103.54023265838623, 107.35034418106079, 111.15044856071472, 114.95860886573792, 118.79047656059265, 122.60731196403503, 126.4132571220398, 130.2505657672882, 134.13331413269043, 137.95285964012146, 141.8694429397583, 145.68935418128967, 149.72430562973022, 153.54062294960022, 157.38336777687073, 161.2058231830597, 165.12470030784607, 168.9932873249054, 172.8353307247162, 176.7056007385254, 180.54283571243286, 184.32780480384827, 188.2015311717987, 192.01465797424316, 195.88295340538025, 199.67489743232727, 203.52297115325928, 207.33109974861145, 211.1616096496582, 214.95761060714722, 218.77151012420654, 222.693852186203, 226.54975485801697, 230.36244344711304, 234.1865518093109, 238.02671766281128, 241.84093976020813, 245.6418662071228, 249.4998869895935, 253.3225667476654, 257.267959356308, 261.1156334877014, 264.9222660064697, 268.7723116874695, 272.63240218162537, 276.4431002140045, 280.2967882156372, 284.1062104701996, 287.9866509437561, 291.787544965744, 295.6359598636627, 299.460729598999, 303.338121175766, 307.17430424690247, 310.95692253112793, 314.801913022995, 318.7160723209381, 322.56323862075806, 326.34111428260803, 330.17708587646484, 334.0625443458557, 337.94024896621704, 341.8477473258972, 345.80138778686523, 349.6339521408081, 353.5189368724823, 357.33211636543274, 361.1855802536011, 365.00505685806274, 368.83370661735535, 372.76094365119934, 376.61019372940063, 380.4055669307709, 384.236519575119, 388.0303862094879], "val_loss": [4.818665170288086, 4.146978984069825, 3.86286068649292, 3.6481271286010744, 3.6172776054382325, 3.415733346557617, 3.3554771392822267, 3.447248539352417, 3.1884746280670164, 3.149975452423096, 3.1784299507141114, 3.1537045848846437, 3.3934346950531005, 3.130394189453125, 3.2785397735595705, 3.1011057918548586, 3.3467193817138674, 3.1639322078704835, 3.413414894104004, 3.421259708404541, 3.2482358467102053, 3.50079047164917, 3.345993877029419, 3.3084381450653075, 3.5993452472686767, 3.4085904499053954, 3.4885169219970704, 3.3089875228881835, 3.468444283294678, 3.4184335269927977, 3.412438803100586, 3.3480561477661133, 3.843798014831543, 3.702319110107422, 3.5337135749816895, 3.4695867500305178, 3.538227838897705, 3.5108622970581056, 3.7132138637542726, 3.526392841720581, 3.655792140197754, 3.47435824508667, 3.4454853984832763, 3.4532976531982422, 3.3636802680969238, 3.3805898612976075, 3.297445032119751, 3.3093453956604004, 3.2775999603271484, 3.2280120819091795, 3.1933281940460203, 3.152612213134766, 3.146382262420654, 3.105182772064209, 3.0960079586029052, 3.0833791496276857, 3.0761695873260497, 3.0658192302703857, 3.041015773010254, 2.9881347282409667, 2.9939302352905273, 2.966576761627197, 2.953048609161377, 2.948700583267212, 2.941241724014282, 2.9131458335876466, 2.9147448348999023, 2.901408762359619, 2.9042308700561525, 2.8859089405059812, 2.8868969848632813, 2.889122990036011, 2.8787724662780763, 2.8757760482788086, 2.869648645782471, 2.861951086807251, 2.8519923233032225, 2.8601313137054443, 2.8432002662658693, 2.8480748321533205, 2.847219087600708, 2.840270927429199, 2.837155043029785, 2.8442997898101807, 2.8358736206054687, 2.8367873683929443, 2.839118462371826, 2.835230827331543, 2.830972346496582, 2.8314097400665283, 2.834247041320801, 2.8293560340881347, 2.8353312564849853, 2.8329794704437257, 2.834994645309448, 2.831207778930664, 2.8332006294250487, 2.830309563064575, 2.8354646614074706, 2.8372605278015137],