{"loss": [], "acc": [], "test_loss": [4.616127698516846, 4.162957723999024, 4.120565294647217, 3.9395673461914065, 3.6804833110809327, 3.598464673995972, 3.3209844337463377, 3.5313650745391847, 3.340533060836792, 3.1712657413482668, 3.154730101776123, 3.1161188903808594, 3.0456738933563234, 3.1948651599884035, 2.8917577667236327, 3.047870503234863, 2.981381224822998, 2.7982690425872803, 2.8627593200683594, 2.915169947052002, 2.8969758686065674, 2.8170205959320067, 2.867126763153076, 2.799384335708618, 3.0530567195892333, 2.808339517211914, 3.089876412200928, 2.8107888984680174, 2.861227798461914, 3.059709828567505, 2.822846482849121, 2.741428044128418, 2.6298341007232664, 2.837109909057617, 2.7571042766571043, 2.862358338546753, 2.8144296005249023, 2.933610189819336, 2.8269875793457033, 2.759259225845337, 3.0370571056365967, 3.01398530960083, 2.8388378017425535, 2.7416055152893066, 2.848572104263306, 2.85477892074585, 2.8275907176971438, 2.917648941421509, 2.945443217086792, 2.9307277545928954, 3.0194026096343993, 2.7628078758239747, 2.8778522567749025, 2.997278288269043, 3.0133677444458007, 2.9364593994140624, 3.063613488769531, 3.098193212890625, 2.9623505737304687, 3.0023734504699706, 3.0176242279052734, 2.970207163238525, 3.0552599884033205, 3.039702275085449, 3.0050609321594237, 2.957884049987793, 2.966187466430664, 3.0293474311828614, 2.9652283626556395, 2.968684365081787, 3.0133715538024903, 3.082607825469971, 2.966864959716797, 3.010048027801514, 3.074109252166748, 3.01129934425354, 2.9994350967407226, 3.019504070663452, 3.011130921936035, 2.9991797996520995, 3.008475887298584, 2.996250821685791, 3.00866330947876, 3.0083091445922854, 2.9978708992004393, 3.0116172660827636, 3.0032218147277834, 2.996685436248779, 2.996246253967285, 2.9924532829284667, 3.0037195068359375, 2.991387471008301, 3.0008782051086427, 3.010684147644043, 3.0105261978149414, 2.9978481689453127, 3.0104311752319335, 3.003902362060547, 3.010919093322754, 2.9969351303100584], "test_acc": [1.2200000286102295, 5.429999828338623, 5.859999656677246, 8.6899995803833, 12.329999923706055, 12.989999771118164, 18.209999084472656, 15.789999961853027, 18.389999389648438, 21.10999870300293, 20.670000076293945, 22.389999389648438, 22.869998931884766, 22.049999237060547, 25.8799991607666, 24.639999389648438, 25.5, 28.049999237060547, 27.279998779296875, 27.53999900817871, 27.619998931884766, 28.849998474121094, 29.059999465942383, 29.649999618530273, 26.849998474121094, 30.979999542236328, 27.09000015258789, 31.809999465942383, 30.649999618530273, 28.76999855041504, 31.549999237060547, 32.79999923706055, 34.779998779296875, 33.25, 33.279998779296875, 33.89999771118164, 34.599998474121094, 32.57999801635742, 34.43000030517578, 34.7599983215332, 32.98999786376953, 33.46999740600586, 34.95000076293945, 35.55999755859375, 35.73999786376953, 36.07999801635742, 35.39999771118164, 36.599998474121094, 35.88999938964844, 35.2599983215332, 36.209999084472656, 39.02000045776367, 38.279998779296875, 36.72999954223633, 37.290000915527344, 38.119998931884766, 37.37999725341797, 37.72999954223633, 39.07999801635742, 38.73999786376953, 39.47999954223633, 40.2599983215332, 40.07999801635742, 40.62999725341797, 40.27000045776367, 41.14999771118164, 41.47999954223633, 40.79999923706055, 41.779998779296875, 42.52000045776367, 41.439998626708984, 41.189998626708984, 42.7599983215332, 42.55999755859375, 42.47999954223633, 42.97999954223633, 43.12999725341797, 43.06999969482422, 43.04999923706055, 43.71999740600586, 43.68000030517578, 43.91999816894531, 42.90999984741211, 43.53999710083008, 43.97999954223633, 43.68000030517578, 43.38999938964844, 44.0099983215332, 43.91999816894531, 43.93000030517578, 44.05999755859375, 43.90999984741211, 44.0099983215332, 44.05999755859375, 44.06999969482422, 44.03999710083008, 44.029998779296875, 44.13999938964844, 44.22999954223633, 44.099998474121094], "wall_time": [4.027348756790161, 7.097168445587158, 9.931987762451172, 12.861276149749756, 15.858514547348022, 18.96306586265564, 21.739091157913208, 24.797474145889282, 27.86117672920227, 30.94575309753418, 33.99026346206665, 37.10246801376343, 40.07439565658569, 43.0478401184082, 45.951266050338745, 49.09705185890198, 52.098034620285034, 55.27561664581299, 58.10350561141968, 61.16028690338135, 64.18839645385742, 67.15801048278809, 70.29945826530457, 73.39086556434631, 76.50022077560425, 79.38663578033447, 82.40132761001587, 85.47278952598572, 88.50473761558533, 91.53272652626038, 94.49685406684875, 97.46222186088562, 100.54135227203369, 103.69357204437256, 106.81759262084961, 110.01622796058655, 113.09403944015503, 116.21163058280945, 119.20184421539307, 122.26880621910095, 125.3531699180603, 128.39354395866394, 131.43837785720825, 134.380362033844, 137.35387134552002, 140.450537443161, 143.56925344467163, 146.5332169532776, 149.5894627571106, 152.3250503540039, 155.414692401886, 158.451110124588, 161.571031332016, 164.6895399093628, 167.83532166481018, 170.81215906143188, 173.93057584762573, 177.0223479270935, 179.98481035232544, 182.9492793083191, 185.91698598861694, 188.99733519554138, 192.1140205860138, 195.18137502670288, 198.37625885009766, 201.51999044418335, 204.4363329410553, 207.56246423721313, 210.57126426696777, 213.58675694465637, 216.7437925338745, 219.94440627098083, 222.89691543579102, 225.99554443359375, 229.07192087173462, 232.27915740013123, 235.37295055389404, 238.54827642440796, 241.70811295509338, 244.80154180526733, 247.92421007156372, 250.93952417373657, 253.9569272994995, 257.07846450805664, 260.2050440311432, 263.27478647232056, 266.42561650276184, 269.47094321250916, 272.5837767124176, 275.6992790699005, 278.75075483322144, 281.81550097465515, 284.9861214160919, 287.8147587776184, 290.8990955352783, 294.02225947380066, 297.1141197681427, 300.1672673225403, 303.32815432548523, 306.51055240631104], "val_loss": [4.618278890228272, 4.185253527832031, 4.1205119667053225, 3.968252367782593, 3.6855120040893556, 3.598490372085571, 3.335969729614258, 3.5457659767150878, 3.3685772113800048, 3.195553981399536, 3.1475215423583984, 3.1554002838134765, 3.0624789375305177, 3.2160311866760254, 2.900485730743408, 3.085544334411621, 3.003043161392212, 2.825047130203247, 2.8768457290649416, 2.9189247245788574, 2.9119117496490476, 2.854523838043213, 2.9149209823608397, 2.8070562732696533, 3.051701796722412, 2.8408740718841554, 3.168724074554443, 2.8357754692077637, 2.882476690673828, 3.0998129444122315, 2.874255269241333, 2.7636452629089354, 2.641570334625244, 2.8493224731445315, 2.7692220180511473, 2.8850803169250487, 2.8078558349609377, 2.993296271133423, 2.8590382831573486, 2.768562456512451, 3.054214154815674, 3.021685187149048, 2.85947891998291, 2.7356249027252195, 2.869884710693359, 2.9230513847351074, 2.8298309600830076, 2.935306066131592, 2.9934815994262696, 2.935582732772827, 3.0468214321136475, 2.76173480758667, 2.890515980529785, 3.024319118499756, 3.0727116859436037, 2.9241142440795898, 3.095509535217285, 3.134098254776001, 2.951318101119995, 3.028470508956909, 3.040869393539429, 3.001002963256836, 3.070166582489014, 3.0211765171051024, 3.0027376922607423, 2.969743020629883, 2.9678436477661134, 3.0400972591400146, 3.0014154148101806, 3.0271582668304444, 3.0485023086547853, 3.1245785118103027, 3.014624912643433, 3.03723967666626, 3.120979867935181, 3.0355539936065674, 3.033749660491943, 3.033770407104492, 3.023281820297241, 3.0189262969970705, 3.013513850402832, 3.016741292190552, 3.027095514678955, 3.0192253997802734, 3.0035832386016845, 3.0242918342590333, 3.019305809020996, 3.0071235706329347, 3.0120330783843996, 3.0009927059173584, 3.0196624462127684, 2.9996041873931887, 3.011994973373413, 3.020091388702393, 3.0202629516601562, 3.0033472549438476, 3.0191619609832765, 3.008171781539917, 3.021001442718506, 3.0064557357788084],