{"loss": [], "acc": [], "test_loss": [4.631005556488037, 4.221993950653077, 4.135403897857666, 3.972595791244507, 3.6303822494506837, 3.516620362854004, 3.411305015563965, 3.34836851272583, 3.2713638454437257, 3.1484325157165527, 3.2140773239135743, 3.046488246536255, 3.008367070388794, 3.045023735046387, 3.0933676582336425, 3.1422798263549803, 2.8183498542785643, 3.0571916915893556, 3.036246932220459, 2.867092147064209, 2.8468278575897217, 2.882732558822632, 2.805208506011963, 3.0081280715942382, 2.9377667156219482, 2.7926202629089354, 2.7869162090301516, 2.8008233139038086, 2.8737198051452637, 2.8647557411193847, 2.8440654418945313, 2.711432788848877, 2.7405932094573973, 2.742516072463989, 2.7788705184936524, 2.81291241607666, 2.6804868904113768, 2.72866683883667, 2.715638190460205, 2.800897469329834, 2.8813353996276856, 2.949793184661865, 2.9316462455749512, 3.1061956817626952, 2.7658026412963865, 2.9477657238006594, 2.985815980911255, 2.9572330375671387, 2.9208659572601317, 2.8649373401641847, 2.992355078125, 2.9292887931823732, 3.0326517276763916, 2.917871876907349, 2.961319486999512, 3.007557997894287, 2.961343994140625, 2.995841997909546, 3.017551826477051, 3.088969493865967, 2.9074068588256834, 3.088506537246704, 3.014878282928467, 2.959845821380615, 3.1095149116516114, 2.9514592250823974, 3.062901920700073, 3.005844200515747, 3.011596676635742, 3.0515785900115966, 3.0870987606048583, 2.9887452766418456, 3.0317034309387205, 3.020420269012451, 3.0034232818603517, 2.991501629638672, 3.004118907546997, 3.020530751037598, 2.9837059440612794, 3.013659805679321, 3.0014553134918214, 3.0017754676818846, 3.009240916824341, 3.0013487106323242, 3.0207270526885988, 3.0094521465301516, 3.009078118133545, 3.0059719779968264, 3.011246291732788, 2.9898101459503175, 2.9892908531188964, 2.9966502410888674, 2.995039028930664, 2.991455697631836, 3.003104489517212, 3.0007390968322754, 3.001305460357666, 2.9964569732666018, 2.9936382949829103, 2.9989389488220213], "test_acc": [1.0, 5.899999618530273, 6.919999599456787, 8.920000076293945, 12.40999984741211, 13.579999923706055, 16.010000228881836, 15.489999771118164, 18.18000030517578, 20.43000030517578, 19.03999900817871, 21.010000228881836, 22.399999618530273, 23.84000015258789, 22.739999771118164, 23.149999618530273, 26.260000228881836, 24.869998931884766, 25.149999618530273, 27.51999855041504, 28.42999839782715, 28.31999969482422, 28.899999618530273, 27.260000228881836, 27.219999313354492, 30.979999542236328, 30.559999465942383, 30.3799991607666, 29.8799991607666, 30.26999855041504, 31.59000015258789, 32.5099983215332, 32.09000015258789, 33.0, 33.369998931884766, 33.0099983215332, 34.39999771118164, 34.73999786376953, 34.86000061035156, 34.72999954223633, 34.869998931884766, 33.48999786376953, 34.040000915527344, 32.96999740600586, 36.09000015258789, 35.65999984741211, 34.369998931884766, 35.79999923706055, 35.779998779296875, 36.39999771118164, 35.81999969482422, 36.73999786376953, 35.88999938964844, 37.93000030517578, 36.459999084472656, 37.959999084472656, 39.099998474121094, 37.7599983215332, 38.93000030517578, 37.65999984741211, 40.89999771118164, 38.36000061035156, 39.37999725341797, 40.959999084472656, 39.32999801635742, 41.89999771118164, 41.34000015258789, 41.38999938964844, 41.78999710083008, 42.189998626708984, 41.28999710083008, 42.53999710083008, 42.7599983215332, 43.11000061035156, 43.46999740600586, 43.529998779296875, 43.75, 43.81999969482422, 43.87999725341797, 43.98999786376953, 43.95000076293945, 43.93000030517578, 43.93000030517578, 44.30999755859375, 43.849998474121094, 44.11000061035156, 44.11000061035156, 44.23999786376953, 44.52000045776367, 44.25, 44.57999801635742, 44.32999801635742, 44.529998779296875, 44.5, 44.2599983215332, 44.39999771118164, 44.439998626708984, 44.369998931884766, 44.439998626708984, 44.25], "wall_time": [4.8159966468811035, 8.455721855163574, 12.031804084777832, 15.698124170303345, 19.34810519218445, 22.998993158340454, 26.676708459854126, 30.250235319137573, 34.029415130615234, 37.59795665740967, 41.36726474761963, 45.022562980651855, 48.640775203704834, 52.29946184158325, 55.96759271621704, 59.75089359283447, 63.39481854438782, 66.90394258499146, 70.59135866165161, 74.25642561912537, 78.0077292919159, 81.7246036529541, 85.43355083465576, 89.00400733947754, 92.69027590751648, 96.31252145767212, 99.92882442474365, 103.56495022773743, 107.24794340133667, 110.94914436340332, 114.59425115585327, 118.15289282798767, 121.85684204101562, 125.5617208480835, 129.14077925682068, 132.85157895088196, 136.61990213394165, 140.33580660820007, 143.98311138153076, 147.68695545196533, 151.34762573242188, 154.96582627296448, 158.66139936447144, 162.2267484664917, 165.82577538490295, 169.3159363269806, 172.75993824005127, 176.37581419944763, 180.02773189544678, 183.72630524635315, 187.41292572021484, 191.02812123298645, 194.66715240478516, 198.2823133468628, 201.9085075855255, 205.6024477481842, 209.20083451271057, 212.85023164749146, 216.55861639976501, 220.23820161819458, 223.88238501548767, 227.54487991333008, 231.29264497756958, 234.92203974723816, 238.48678493499756, 242.172611951828, 245.92172265052795, 249.57000613212585, 253.23512721061707, 256.8943202495575, 260.5013110637665, 264.1077024936676, 267.6987257003784, 271.36711287498474, 274.98272466659546, 278.7083866596222, 282.34190106391907, 285.9750270843506, 289.6354548931122, 293.28171014785767, 297.0582230091095, 300.8262252807617, 304.46632385253906, 308.16427302360535, 311.7899901866913, 315.4178216457367, 319.12209153175354, 322.90884947776794, 326.5935432910919, 330.1782021522522, 333.8191933631897, 337.4318356513977, 341.11195278167725, 344.67347598075867, 348.3114564418793, 351.9452362060547, 355.5265064239502, 359.1802306175232, 362.86709547042847, 366.5064227581024], "val_loss": [4.631735060119629, 4.247578217315674, 4.1647044437408445, 4.00701501121521, 3.641712910461426, 3.558741765975952, 3.428348538970947, 3.374000386428833, 3.2836609146118163, 3.1380530002593994, 3.2440977478027344, 3.0641716617584227, 3.012077798461914, 3.0585540061950685, 3.117734076690674, 3.147675792312622, 2.8560082778930664, 3.0983533447265623, 3.082615224456787, 2.887357437515259, 2.889108116912842, 2.9340092212677003, 2.832084098815918, 3.022195168685913, 2.9825354370117187, 2.7999217906951905, 2.764851908493042, 2.8049850078582765, 2.902965428543091, 2.926077199935913, 2.839583889007568, 2.7428904666900635, 2.7659614643096924, 2.746352536392212, 2.79399275932312, 2.8385786178588868, 2.6635340240478516, 2.754985120391846, 2.7227406539916994, 2.8105339618682863, 2.880294219970703, 2.95551604347229, 2.9084662422180174, 3.046523532104492, 2.7684987674713133, 2.976894388961792, 2.976498383331299, 2.9638185047149657, 2.949269818878174, 2.8678066413879395, 2.993662603759766, 2.9248116535186766, 2.999847134399414, 2.8993536331176757, 2.948068013763428, 3.0069281503677368, 2.962000205230713, 2.988367158126831, 2.9955181816101075, 3.0894053283691405, 2.8964209762573243, 3.0842143199920655, 2.990729740524292, 2.896385115814209, 3.088029253387451, 2.93474218788147, 3.037941086578369, 2.9628471420288087, 2.963294511413574, 3.0105701377868654, 3.044780504989624, 2.975744941329956, 2.9940934516906736, 2.9769342079162597, 2.95531399269104, 2.95182712059021, 2.9538890373229982, 2.9507566604614257, 2.940042656326294, 2.9602373527526855, 2.955907989883423, 2.9561778881073, 2.9438307880401613, 2.942685137939453, 2.965750226974487, 2.9664945541381837, 2.956061650085449, 2.955542487716675, 2.955343955230713, 2.9365753997802733, 2.931713325881958, 2.93935025062561, 2.945909299850464, 2.933047201538086, 2.9424742958068846, 2.9459715713500976, 2.9452200405120847, 2.940682915496826, 2.942227526473999, 2.9457615264892576],