{"loss": [], "acc": [], "test_loss": [4.653677610015869, 4.32118069152832, 4.23803850479126, 4.059877474212646, 3.8653182807922364, 3.7256127338409426, 3.690387282180786, 3.586109294128418, 3.683367774963379, 3.4851140445709228, 3.4692434967041015, 3.3832507900238036, 3.437178704071045, 3.4085657341003417, 3.404524050140381, 3.526873503494263, 3.096103845977783, 3.364442350387573, 3.3188639698028566, 3.1756966205596924, 3.1240665531158447, 3.2576180110931396, 3.292137680053711, 3.0349368827819823, 2.951333793258667, 3.0555207969665528, 2.934511373138428, 3.03448356590271, 3.1365963859558104, 3.0883409832000734, 2.96268810005188, 2.990138877105713, 3.042474500656128, 2.929759107208252, 3.0908402557373047, 3.004412688446045, 2.958765453338623, 2.9282588176727296, 3.0026231056213377, 2.916106467437744, 2.9212045200347903, 2.9904705722808838, 2.995594026184082, 3.054370602798462, 3.068580916976929, 2.9310056735992434, 2.987009828948975, 2.8828053089141847, 3.053802624511719, 3.1383517486572265, 3.0490260231018067, 2.9827816551208497, 3.055633406829834, 3.176398802947998, 3.0045760261535643, 2.9320654846191405, 3.0983747798919676, 2.9888165977478027, 3.1044289772033693, 3.1346848850250244, 3.0606278659820556, 3.1285910530090333, 3.0755123474121095, 3.2138370681762694, 3.213928458404541, 3.1115269775390626, 3.0887512329101563, 3.228629443359375, 3.188757748031616, 3.221510894012451, 3.2340010681152345, 3.1941079818725586, 3.196020063018799, 3.1981721420288087, 3.2306893577575684, 3.1945659454345705, 3.2419522716522216, 3.216726167678833, 3.253905167388916, 3.2522076889038085, 3.2665940380096434, 3.2710826095581056, 3.265176741409302, 3.2572519382476806, 3.2569773246765137, 3.255002100753784, 3.243477640533447, 3.254278875732422, 3.2668627807617185, 3.2524468326568603, 3.2714423290252688, 3.2615258918762207, 3.257197592163086, 3.2649015190124513, 3.2620916088104246, 3.256138952636719, 3.2552395179748537, 3.2672400634765624, 3.2627462139129637, 3.263285355758667], "test_acc": [1.0, 4.159999847412109, 5.239999771118164, 6.569999694824219, 9.319999694824219, 11.219999313354492, 11.059999465942383, 13.319999694824219, 11.809999465942383, 15.019999504089355, 15.84999942779541, 15.969999313354492, 16.3799991607666, 17.020000457763672, 17.920000076293945, 15.6899995803833, 21.649999618530273, 19.149999618530273, 19.920000076293945, 21.76999855041504, 23.670000076293945, 21.3799991607666, 21.59000015258789, 24.3799991607666, 26.760000228881836, 25.739999771118164, 27.739999771118164, 26.170000076293945, 25.139999389648438, 25.809999465942383, 27.869998931884766, 27.06999969482422, 26.849998474121094, 28.279998779296875, 27.19999885559082, 29.01999855041504, 28.759998321533203, 29.28999900817871, 29.19999885559082, 30.1299991607666, 30.889999389648438, 30.51999855041504, 30.85999870300293, 29.35999870300293, 30.029998779296875, 32.02000045776367, 31.60999870300293, 32.56999969482422, 30.85999870300293, 30.69999885559082, 31.899999618530273, 32.96999740600586, 32.71999740600586, 33.07999801635742, 33.21999740600586, 34.36000061035156, 33.96999740600586, 34.89999771118164, 34.97999954223633, 34.77000045776367, 34.93000030517578, 35.56999969482422, 35.16999816894531, 34.5, 34.89999771118164, 36.29999923706055, 36.849998474121094, 35.93000030517578, 36.18000030517578, 36.98999786376953, 37.29999923706055, 36.939998626708984, 38.11000061035156, 38.09000015258789, 37.47999954223633, 38.709999084472656, 37.779998779296875, 38.30999755859375, 38.48999786376953, 38.39999771118164, 38.459999084472656, 38.55999755859375, 39.12999725341797, 39.0099983215332, 39.29999923706055, 39.63999938964844, 39.25, 39.709999084472656, 39.43000030517578, 39.31999969482422, 39.349998474121094, 39.30999755859375, 39.38999938964844, 39.47999954223633, 39.41999816894531, 39.61000061035156, 39.48999786376953, 39.45000076293945, 39.529998779296875, 39.32999801635742], "wall_time": [4.33345627784729, 7.494513750076294, 10.537517786026001, 13.836097002029419, 17.11288094520569, 20.34174108505249, 23.62690258026123, 26.88218402862549, 30.047918796539307, 33.284977197647095, 36.55738949775696, 39.70489954948425, 43.07900333404541, 46.32456159591675, 49.37437295913696, 52.891101598739624, 55.95791673660278, 59.29795217514038, 62.64914345741272, 65.73914432525635, 69.04418873786926, 72.4072413444519, 75.54260635375977, 78.82723927497864, 82.22428870201111, 85.45960879325867, 88.47622752189636, 91.78650236129761, 95.04666137695312, 98.44987320899963, 101.60815668106079, 104.85299253463745, 108.08546924591064, 111.2730941772461, 114.40760111808777, 117.56406807899475, 120.89450168609619, 124.1584780216217, 127.42047929763794, 130.65191507339478, 133.91557145118713, 137.1945357322693, 140.4420201778412, 143.67123317718506, 146.972229719162, 150.19588804244995, 153.53429412841797, 156.8484125137329, 160.11723852157593, 163.47005128860474, 166.55104112625122, 169.66512656211853, 172.7420003414154, 175.98347735404968, 179.25164580345154, 182.58538627624512, 185.71776676177979, 188.86624455451965, 191.90854954719543, 195.12160968780518, 198.25546026229858, 201.49001359939575, 204.6074459552765, 207.64803528785706, 210.92529320716858, 214.18899726867676, 217.37875032424927, 220.62337827682495, 224.01356601715088, 227.21268153190613, 230.44253206253052, 233.71388745307922, 236.93713879585266, 240.29068660736084, 243.67060375213623, 246.72954082489014, 249.84962153434753, 253.17648911476135, 256.27760887145996, 259.499183177948, 262.75898814201355, 266.0535638332367, 269.35457730293274, 272.633629322052, 275.89260387420654, 279.1802167892456, 282.4271676540375, 285.67599749565125, 289.1006050109863, 292.4363362789154, 295.79141497612, 299.0012400150299, 302.32113218307495, 305.6083548069, 308.7800407409668, 312.13155817985535, 315.3732478618622, 318.6775391101837, 321.82656693458557, 325.0497159957886], "val_loss": [4.659190634155274, 4.332136535644532, 4.254417435455323, 4.0449215625762935, 3.869590362930298, 3.7321105934143066, 3.703807445526123, 3.5902655124664307, 3.707103526687622, 3.5178355491638182, 3.4882331146240233, 3.4177411026000977, 3.4758009811401367, 3.432014108657837, 3.452382239151001, 3.553612093734741, 3.1493787784576415, 3.3770729629516603, 3.3372755210876464, 3.2063835647583008, 3.1216124599456787, 3.300136540222168, 3.36356877784729, 3.0498730339050293, 2.9793408279418947, 3.109548012161255, 2.987236700820923, 3.0786297412872314, 3.1476524772644043, 3.1306841846466065, 3.0023008544921876, 3.026640825653076, 3.121720110321045, 2.951241639328003, 3.1051425281524656, 3.0451517417907716, 2.9958217533111573, 2.98377148399353, 3.08002707901001, 2.9771461639404295, 2.945883213043213, 3.0486209003448486, 3.035975227355957, 3.092900164413452, 3.0960594917297364, 2.9745822853088377, 3.043950203704834, 2.9455144691467283, 3.128568321990967, 3.1800230266571043, 3.0826873748779295, 3.044586891937256, 3.1177959632873535, 3.262857738113403, 3.08065385017395, 3.000874063873291, 3.1263928443908693, 3.081582385635376, 3.1851166507720947, 3.200686792755127, 3.1394014812469484, 3.2024409900665285, 3.1611363800048826, 3.278848907852173, 3.286987167739868, 3.175865505981445, 3.1790166744232176, 3.312379410934448, 3.271268469238281, 3.2840036155700685, 3.3319564502716066, 3.294832356262207, 3.310405585861206, 3.3112077556610107, 3.360216149520874, 3.3179779426574707, 3.3726563320159912, 3.314118120574951, 3.361995680999756, 3.3445655937194823, 3.3530166454315187, 3.367447533798218, 3.369673491668701, 3.3618390029907226, 3.362127911758423, 3.362078758621216, 3.348436937713623, 3.3578724182128905, 3.3694667877197264, 3.3492833961486816, 3.3696885383605957, 3.3607959892272947, 3.3537768451690675, 3.363916939163208, 3.3647767280578615, 3.3602848148345945, 3.357543112182617, 3.370930165863037, 3.369902473068237, 3.370387840270996],