{"loss": [], "acc": [], "test_loss": [4.854431931304932, 4.572582772064209, 4.405634041595459, 3.7292768028259276, 3.596814169692993, 3.6928874454498293, 3.187177995300293, 3.3628561153411867, 3.3043636978149413, 3.1631830638885496, 3.100139485168457, 3.3451814266204836, 3.104759055709839, 3.2241340198516846, 3.473080591583252, 3.4561856018066406, 3.081333182525635, 3.0834079116821287, 3.230856645202637, 3.0399895164489745, 3.3816892875671387, 3.297793324279785, 3.154042420196533, 3.192915954208374, 3.3930545249938966, 3.0421533752441405, 3.204133457183838, 3.4654176280975344, 3.3525282470703126, 3.306655593109131, 3.3702689247131348, 3.2835740051269533, 3.577967873764038, 3.1678818954467776, 3.2125721023559572, 3.2353592761993406, 3.3548931983947754, 3.435368243408203, 3.30727265663147, 3.2987725780487063, 3.235822053527832, 3.2394008872985838, 3.2848061477661132, 3.257039179229736, 3.3506650051116944, 3.2569086715698243, 3.2735396572113036, 3.2094874114990235, 3.2581285915374756, 3.1992863403320313, 3.1264129566192627, 3.172070331573486, 3.0847380977630614, 3.0055417770385744, 2.9500977935791015, 2.979877782821655, 2.9799913101196287, 2.943705388259888, 2.92705622215271, 2.9224676902770996, 2.877488116455078, 2.8834875274658205, 2.8635057357788085, 2.845339421081543, 2.822629512786865, 2.8178104614257813, 2.797432859802246, 2.7972059226989745, 2.800769071960449, 2.792927395629883, 2.802631713485718, 2.782266244125366, 2.779471739196777, 2.774785614013672, 2.767300341796875, 2.7741258388519285, 2.759984631729126, 2.757277507400513, 2.75087105178833, 2.754331767654419, 2.7469074237823485, 2.7445535209655763, 2.7449980003356935, 2.7387707206726075, 2.7418917018890383, 2.7387526058197023, 2.7374150592803956, 2.736913357925415, 2.7376357917785645, 2.7276637939453123, 2.7289700859069823, 2.7328621738433836, 2.727557964324951, 2.732677685165405, 2.727183794784546, 2.7290617645263673, 2.7362034317016604, 2.72725945892334, 2.732983098220825, 2.726633695220947], "test_acc": [1.0, 6.029999732971191, 8.670000076293945, 14.130000114440918, 15.449999809265137, 17.25, 21.43000030517578, 21.439998626708984, 21.459999084472656, 25.3799991607666, 25.260000228881836, 23.399999618530273, 26.56999969482422, 24.649999618530273, 24.56999969482422, 25.8799991607666, 29.099998474121094, 30.239999771118164, 29.989999771118164, 31.509998321533203, 28.65999984741211, 29.399999618530273, 31.6299991607666, 31.459999084472656, 29.439998626708984, 33.099998474121094, 32.47999954223633, 30.709999084472656, 31.899999618530273, 32.70000076293945, 32.95000076293945, 32.56999969482422, 32.61000061035156, 35.02000045776367, 35.56999969482422, 34.87999725341797, 34.779998779296875, 33.63999938964844, 36.369998931884766, 36.0, 37.27000045776367, 36.869998931884766, 37.18000030517578, 37.14999771118164, 37.20000076293945, 37.369998931884766, 36.98999786376953, 38.619998931884766, 38.37999725341797, 39.099998474121094, 39.709999084472656, 38.689998626708984, 40.2599983215332, 41.119998931884766, 41.279998779296875, 40.90999984741211, 41.27000045776367, 41.82999801635742, 41.90999984741211, 42.12999725341797, 42.529998779296875, 42.46999740600586, 42.61000061035156, 42.43000030517578, 42.61000061035156, 43.029998779296875, 43.05999755859375, 43.04999923706055, 42.80999755859375, 42.79999923706055, 42.88999938964844, 43.16999816894531, 43.20000076293945, 43.16999816894531, 43.0099983215332, 43.18000030517578, 43.48999786376953, 43.43000030517578, 43.63999938964844, 43.32999801635742, 43.43000030517578, 43.64999771118164, 43.56999969482422, 43.53999710083008, 43.56999969482422, 43.63999938964844, 43.75, 43.599998474121094, 43.529998779296875, 43.599998474121094, 43.529998779296875, 43.39999771118164, 43.68000030517578, 43.70000076293945, 43.52000045776367, 43.57999801635742, 43.47999954223633, 43.56999969482422, 43.45000076293945, 43.52000045776367], "wall_time": [7.014180660247803, 11.445712804794312, 15.836947202682495, 20.23951745033264, 24.62928795814514, 29.083263158798218, 33.47847008705139, 37.968552112579346, 42.373950719833374, 46.71066856384277, 51.17740225791931, 55.610344886779785, 60.0226309299469, 64.4513611793518, 68.88673567771912, 73.32464504241943, 77.7393479347229, 82.14098596572876, 86.62122440338135, 91.01344347000122, 95.40341877937317, 99.77974081039429, 104.21785759925842, 108.65990853309631, 113.0779197216034, 117.45655751228333, 121.80327153205872, 126.2341718673706, 130.67509579658508, 135.09570026397705, 139.52982306480408, 143.90098929405212, 148.32652258872986, 152.77664875984192, 157.17947483062744, 161.58637022972107, 166.05567455291748, 170.4828155040741, 174.8870038986206, 179.27272605895996, 183.65345788002014, 188.09285163879395, 192.5262668132782, 196.95716857910156, 201.34088516235352, 205.73545217514038, 210.10211372375488, 214.56112599372864, 219.02262902259827, 223.435626745224, 227.84584641456604, 232.31371927261353, 236.731374502182, 241.15130281448364, 245.56697940826416, 250.05118083953857, 254.4374098777771, 258.8515377044678, 263.2484197616577, 267.6455166339874, 272.05321526527405, 276.5196554660797, 280.9076716899872, 285.41596484184265, 289.84887742996216, 294.26516556739807, 298.713591337204, 303.11587166786194, 307.5317962169647, 311.91141271591187, 316.2936894893646, 320.71051836013794, 325.0779798030853, 329.4907202720642, 333.9132254123688, 338.26169061660767, 342.6766209602356, 347.1224732398987, 351.5594162940979, 355.9604182243347, 360.3846871852875, 364.7453112602234, 369.1149215698242, 373.60979890823364, 378.02588152885437, 382.4257986545563, 386.81123208999634, 391.19516491889954, 395.6318266391754, 400.07983207702637, 404.4698374271393, 408.86171293258667, 413.2839722633362, 417.6972029209137, 422.1579065322876, 426.5943787097931, 431.0133852958679, 435.4843921661377, 439.94725346565247, 444.44488859176636], "val_loss": [4.86120685043335, 4.591637860870361, 4.41269948348999, 3.7208617073059083, 3.6166527309417726, 3.687132344818115, 3.192557253265381, 3.4071811687469484, 3.308272322845459, 3.1918940441131594, 3.130368325805664, 3.3617918537139895, 3.135745952606201, 3.222221004104614, 3.5291832492828368, 3.4645441879272463, 3.094416617202759, 3.120366123199463, 3.263522324752808, 3.056621178817749, 3.3655625797271727, 3.3330167518615723, 3.153756580352783, 3.2013146533966066, 3.486744463348389, 3.080894395828247, 3.216516385650635, 3.543841803359985, 3.3631018810272217, 3.3454404735565184, 3.403960992050171, 3.2832765480041504, 3.652539588546753, 3.233169033050537, 3.251294111633301, 3.2873919704437258, 3.354515581512451, 3.47647568359375, 3.2735316345214844, 3.3271391471862795, 3.242877449417114, 3.2169748546600343, 3.2873233142852785, 3.2932194480895998, 3.418730815887451, 3.301436668395996, 3.328413904571533, 3.2206826015472414, 3.287797072982788, 3.209252116394043, 3.1645055629730225, 3.2275259857177736, 3.11326678237915, 3.0586045806884767, 3.0236359966278075, 3.0367324939727784, 3.033727461242676, 2.9823603981018065, 2.9772800300598146, 2.975444203186035, 2.9233365074157716, 2.924707843017578, 2.907849221420288, 2.8840442916870117, 2.878566396331787, 2.867117545700073, 2.8386817390441896, 2.836046501159668, 2.8510746864318848, 2.834657391357422, 2.833910646057129, 2.8207964878082277, 2.8126421562194825, 2.807814759063721, 2.7952952262878417, 2.80376605758667, 2.7906908542633055, 2.793254660797119, 2.7878113555908204, 2.7865032047271727, 2.7797405029296876, 2.7773912899017335, 2.7755456775665284, 2.777174213409424, 2.7795914058685303, 2.7764621612548828, 2.7729649421691893, 2.773292056274414, 2.774383712387085, 2.7606933906555176, 2.7646342601776124, 2.7680846240997314, 2.7639437992095948, 2.7701708114624024, 2.762979689025879, 2.7651912773132326, 2.7710172721862794, 2.7632766777038573, 2.767788535308838, 2.7655094879150393],