{"loss": [], "acc": [], "test_loss": [4.723958683013916, 3.718609582901001, 3.452538931274414, 3.1942619567871096, 3.3774679275512693, 2.9511486602783203, 2.940785932159424, 2.734932879638672, 3.1070556659698485, 2.5603972785949707, 2.7270891834259032, 2.693321788787842, 2.7845820583343506, 2.7935147155761717, 2.7149288284301756, 2.9697083770751953, 2.725644795227051, 2.742377561187744, 2.8344547481536866, 2.8406987651824953, 2.717587701034546, 2.6952727718353273, 2.694516303253174, 2.966993877410889, 2.996407032775879, 2.89397236289978, 2.778467523956299, 2.868799729156494, 2.8752368675231934, 2.804353165054321, 2.723669278335571, 2.833693391799927, 2.8912518943786623, 2.8190931705474855, 2.904215170288086, 2.7574497451782225, 2.793716402053833, 2.7937768997192385, 2.80842133102417, 2.8714031085968017, 2.812903691101074, 2.8591725898742677, 2.739683447265625, 2.7996468509674073, 2.7284314655303956, 2.724956002044678, 2.700820588684082, 2.760116067504883, 2.721029697418213, 2.702922513961792, 2.631758856201172, 2.67205241394043, 2.6209200523376466, 2.602513938140869, 2.554410615158081, 2.5424676208496093, 2.4957864402770995, 2.4792673065185546, 2.477062951660156, 2.4630511707305907, 2.419651025009155, 2.4300944511413576, 2.4137417900085447, 2.4423019142150877, 2.410233994293213, 2.3928383110046387, 2.3715831466674806, 2.3770086193084716, 2.3621061672210693, 2.3634295379638672, 2.362250082397461, 2.3509049026489257, 2.358951432418823, 2.3483588165283202, 2.344050160598755, 2.343139694213867, 2.331993236541748, 2.333952645111084, 2.333375323104858, 2.3228527866363526, 2.3252849769592285, 2.3155149116516114, 2.319193193054199, 2.323888215637207, 2.3211482780456545, 2.3241282493591306, 2.315695949935913, 2.3194946071624756, 2.3119590969085695, 2.315780228805542, 2.3139740627288816, 2.3146097496032714, 2.310252841949463, 2.3176782897949217, 2.307918974304199, 2.311336018371582, 2.3184219745635986, 2.3214774307250976, 2.313862557220459, 2.3134138217926026], "test_acc": [1.0, 13.699999809265137, 17.219999313354492, 20.709999084472656, 20.059999465942383, 26.06999969482422, 27.299999237060547, 31.31999969482422, 26.34000015258789, 35.27000045776367, 33.209999084472656, 35.37999725341797, 33.96999740600586, 33.5099983215332, 35.88999938964844, 33.31999969482422, 37.32999801635742, 36.27000045776367, 36.459999084472656, 37.209999084472656, 38.81999969482422, 39.869998931884766, 39.5, 37.82999801635742, 36.79999923706055, 39.5, 39.79999923706055, 39.21999740600586, 39.77000045776367, 41.29999923706055, 42.71999740600586, 40.959999084472656, 41.849998474121094, 42.279998779296875, 41.75, 43.54999923706055, 43.73999786376953, 43.46999740600586, 43.5, 42.349998474121094, 42.5099983215332, 43.029998779296875, 44.54999923706055, 44.37999725341797, 45.23999786376953, 45.39999771118164, 46.13999938964844, 45.44999694824219, 46.15999984741211, 45.86000061035156, 47.30999755859375, 46.37999725341797, 47.27000045776367, 47.43000030517578, 48.11000061035156, 48.25, 48.5099983215332, 48.97999954223633, 48.57999801635742, 48.93000030517578, 49.41999816894531, 49.28999710083008, 49.41999816894531, 49.21999740600586, 49.689998626708984, 49.14999771118164, 49.73999786376953, 49.62999725341797, 49.79999923706055, 50.02000045776367, 50.0, 49.91999816894531, 49.81999969482422, 50.0, 50.03999710083008, 50.04999923706055, 50.16999816894531, 50.209999084472656, 50.029998779296875, 50.119998931884766, 49.959999084472656, 50.07999801635742, 50.16999816894531, 49.80999755859375, 49.91999816894531, 50.27000045776367, 50.11000061035156, 50.05999755859375, 49.80999755859375, 49.90999984741211, 50.27000045776367, 49.93000030517578, 50.25, 50.07999801635742, 49.89999771118164, 50.13999938964844, 49.93000030517578, 50.18000030517578, 50.05999755859375, 50.04999923706055], "wall_time": [8.954388856887817, 15.167637586593628, 21.297884225845337, 27.408581256866455, 33.52199625968933, 39.62416672706604, 45.736266136169434, 51.88703370094299, 58.02294683456421, 64.11811351776123, 70.20087695121765, 76.29791116714478, 82.44894194602966, 88.55851769447327, 94.64329552650452, 100.79076433181763, 106.91863203048706, 113.04523348808289, 119.19125604629517, 125.371661901474, 131.48043155670166, 137.5950756072998, 143.73538303375244, 149.8650622367859, 155.94034123420715, 162.08274817466736, 168.2187638282776, 174.32540822029114, 180.4233899116516, 186.52711534500122, 192.62711668014526, 198.7357120513916, 204.81223320960999, 210.93704414367676, 217.03594398498535, 223.15030479431152, 229.26103591918945, 235.3658902645111, 241.52589511871338, 247.67559504508972, 253.78854417800903, 259.914799451828, 266.01879382133484, 272.110155582428, 278.30691480636597, 284.38582253456116, 290.50589776039124, 296.5980718135834, 302.749972820282, 308.87334656715393, 314.93536615371704, 321.08855152130127, 327.1560025215149, 333.2953176498413, 339.4852821826935, 345.6253776550293, 351.78001403808594, 357.9526619911194, 364.1024034023285, 370.1966767311096, 376.31897807121277, 382.4560396671295, 388.5858039855957, 394.79070687294006, 400.90106105804443, 406.9800486564636, 413.1566336154938, 419.2813813686371, 425.3788912296295, 431.5317738056183, 437.70810317993164, 443.83220410346985, 450.02542757987976, 456.2097804546356, 462.3155632019043, 468.48428297042847, 474.6148488521576, 480.7890441417694, 486.9564230442047, 493.09705090522766, 499.2379641532898, 505.31825613975525, 511.44507455825806, 517.5746715068817, 523.6805386543274, 529.8001410961151, 535.9314484596252, 542.1140775680542, 548.2260918617249, 554.3373310565948, 560.4566898345947, 566.6204526424408, 572.7082750797272, 578.8288292884827, 584.9324607849121, 591.0165174007416, 597.1469540596008, 603.2524104118347, 609.3438541889191, 615.5028779506683], "val_loss": [4.723274211883545, 3.7462702491760256, 3.4778367099761964, 3.212204864501953, 3.402511344528198, 2.969736584854126, 2.9758305892944334, 2.75138976020813, 3.130951569366455, 2.569784959411621, 2.705168569946289, 2.705782189178467, 2.790431534576416, 2.8179232063293456, 2.746876491546631, 2.9620360809326174, 2.730005781173706, 2.7329570869445803, 2.8225753143310546, 2.866964013671875, 2.753637978363037, 2.6854690090179445, 2.6982053642272947, 2.9139570472717287, 2.9864816135406493, 2.9190657455444335, 2.7576671367645265, 2.85523980178833, 2.868401398849487, 2.780204891204834, 2.7122575357437135, 2.8277601951599123, 2.8740359954833985, 2.798528916168213, 2.90659066696167, 2.77276443939209, 2.750188254547119, 2.791783722305298, 2.847816311264038, 2.848967486190796, 2.7622572326660157, 2.8729570037841796, 2.746330227661133, 2.759400096130371, 2.6949621673583986, 2.6768165710449217, 2.685972931289673, 2.7287463203430176, 2.6876240482330322, 2.6683760776519776, 2.5916364574432373, 2.64289718208313, 2.5932476314544677, 2.567761022949219, 2.5096412979125975, 2.5054728591918947, 2.4582135665893556, 2.4340660537719727, 2.4500758239746094, 2.4247540462493897, 2.392611740112305, 2.4010238426208494, 2.3888597980499267, 2.4112297775268554, 2.3729266033172607, 2.3693073375701905, 2.348218767166138, 2.3538894668579102, 2.33304441947937, 2.339047252655029, 2.3291001819610595, 2.3207557540893555, 2.3296642856597902, 2.308985752868652, 2.3079646797180176, 2.3007684837341307, 2.2994112716674806, 2.2971305030822755, 2.29309426574707, 2.286348740005493, 2.2892986740112304, 2.2808099720001223, 2.281338165283203, 2.2874950695037843, 2.286400189590454, 2.285745166015625, 2.2824311103820802, 2.2833550205230715, 2.2759742027282717, 2.274976428604126, 2.2785593326568603, 2.281261483001709, 2.272802796173096, 2.2850930969238283, 2.2749137939453123, 2.2738569496154786, 2.2842478340148924, 2.285989026641846, 2.2799962173461914, 2.278949185562134],