{"loss": [], "acc": [], "test_loss": [110.98383028564453, 4.62288666305542, 4.4831829849243165, 4.343908228302002, 4.2571681823730465, 4.202635931396484, 4.102664302062989, 4.0971873653411865, 8511.26977734375, 4.407062586975098, 4.112555588531494, 4.029326358032226, 3.977133082580566, 3.951573885345459, 3.9495831756591797, 3.892466142654419, 3.9258491371154784, 3.832624819946289, 3.848800443649292, 3.7945279991149903, 3.7327608531951904, 3.8149288856506347, 3.68602405166626, 3.7858695545196532, 3.985424923324585, 3.6533427669525147, 3.620649571990967, 3.582557542419434, 3.6033121528625487, 3.6363261428833007, 3.5874049598693847, 3.5251865909576416, 3.6446460830688476, 3.581463304138184, 3.4812336906433106, 3.6599293590545656, 3.5398284774780273, 3.5481131912231447, 3.5556002868652343, 3.5308737754821777, 3.476353542327881, 3.4374698738098144, 3.4555609321594236, 3.4439895427703857, 3.4295112648010253, 3.468687495803833, 3.4879486946105955, 3.4187601745605467, 3.381648360443115, 3.5582292694091797, 3.522500145339966, 3.591341202926636, 3.5518811164855957, 3.5403157974243165, 3.5801930561065674, 3.54857964553833, 3.6113245460510255, 3.581493640136719, 3.660850805282593, 3.532970501327515, 3.7626139987945555, 3.7223998153686524, 3.7181489109039307, 3.7332388637542726, 3.754375563430786, 3.7441504386901854, 3.784939750289917, 3.926162456893921, 3.8001583419799805, 3.8601528369903564, 3.881168970870972, 4.000544564819336, 3.97040032043457, 3.917347257232666, 3.988926051712036, 3.9475225284576414, 3.9859794147491456, 3.983156356048584, 4.026176774597168, 4.026547003173828, 4.003351509857178, 4.011180363464355, 4.015129862213135, 4.021916320037842, 4.025365502166748, 4.013208921051025, 4.012521225357055, 4.043593199920655, 4.023517407989502, 4.02246869430542, 4.025609101104736, 4.032536068725586, 4.032574450683594, 4.028746338653565, 4.014099333953857, 4.033415529251099, 4.038550244140625, 4.0291402084350585, 4.035627293777466, 4.022051758575439], "test_acc": [1.0099999904632568, 1.5199999809265137, 2.5199999809265137, 3.740000009536743, 4.699999809265137, 4.559999942779541, 5.559999942779541, 4.900000095367432, 1.0899999141693115, 4.989999771118164, 5.889999866485596, 6.859999656677246, 6.529999732971191, 7.349999904632568, 7.669999599456787, 8.25, 8.949999809265137, 9.09999942779541, 9.429999351501465, 10.369999885559082, 11.199999809265137, 10.079999923706055, 11.809999465942383, 11.559999465942383, 12.0, 13.529999732971191, 14.059999465942383, 14.859999656677246, 15.029999732971191, 14.819999694824219, 16.029998779296875, 16.809999465942383, 16.639999389648438, 16.779998779296875, 18.35999870300293, 16.969999313354492, 17.059999465942383, 18.889999389648438, 18.029998779296875, 19.5, 20.059999465942383, 21.3799991607666, 21.229999542236328, 21.049999237060547, 21.760000228881836, 21.529998779296875, 22.369998931884766, 23.639999389648438, 23.799999237060547, 22.779998779296875, 23.25, 22.68000030517578, 24.029998779296875, 23.8799991607666, 24.329999923706055, 24.599998474121094, 24.94999885559082, 25.209999084472656, 25.44999885559082, 26.079999923706055, 24.549999237060547, 24.869998931884766, 25.939998626708984, 25.78999900817871, 26.0, 26.35999870300293, 26.0, 26.209999084472656, 27.0, 26.709999084472656, 26.739999771118164, 26.59000015258789, 26.849998474121094, 27.799999237060547, 27.76999855041504, 27.84000015258789, 27.69999885559082, 27.989999771118164, 27.689998626708984, 27.84000015258789, 27.94999885559082, 27.779998779296875, 27.869998931884766, 28.219999313354492, 27.989999771118164, 28.229999542236328, 28.10999870300293, 28.139999389648438, 28.349998474121094, 28.09000015258789, 28.369998931884766, 28.34000015258789, 28.329999923706055, 28.329999923706055, 28.299999237060547, 28.219999313354492, 28.3799991607666, 28.3799991607666, 28.17999839782715, 28.34000015258789], "wall_time": [5.357428312301636, 10.155688047409058, 14.758432865142822, 19.614259481430054, 24.4120512008667, 29.33247995376587, 33.55474519729614, 38.128124713897705, 42.99040174484253, 47.88949918746948, 52.306135177612305, 57.018845319747925, 61.83042931556702, 66.11240363121033, 70.7733724117279, 75.47649502754211, 80.1217691898346, 84.65220260620117, 88.41526484489441, 91.61104989051819, 96.33242654800415, 101.24258732795715, 106.04544496536255, 110.82834124565125, 115.61320614814758, 120.5528609752655, 125.35968947410583, 130.2239089012146, 134.53160047531128, 139.15804743766785, 143.57056832313538, 148.09270858764648, 152.81288385391235, 157.02243518829346, 161.64534044265747, 166.4142951965332, 171.11013650894165, 175.69945669174194, 180.1878159046173, 184.84198474884033, 189.62049293518066, 194.38960337638855, 199.24020218849182, 203.9840681552887, 208.1496295928955, 212.99968123435974, 217.4349491596222, 222.2796676158905, 227.09470582008362, 231.94473433494568, 236.83212327957153, 241.68759274482727, 246.50921392440796, 251.20665836334229, 255.81920075416565, 260.5252192020416, 265.3661494255066, 269.9827606678009, 274.82896995544434, 279.50470638275146, 284.36928033828735, 288.98533153533936, 293.7797679901123, 298.57767605781555, 303.1063404083252, 307.6730914115906, 312.27430295944214, 317.08121037483215, 321.86767411231995, 326.59729528427124, 330.9768257141113, 335.62115359306335, 338.8287308216095, 343.2705726623535, 348.128262758255, 351.9752333164215, 355.7026193141937, 359.63340997695923, 363.56117510795593, 367.07736802101135, 370.63801980018616, 375.515900850296, 380.37888503074646, 384.8755235671997, 389.77370834350586, 394.50872921943665, 399.3846879005432, 404.2475607395172, 409.12262082099915, 413.8709807395935, 417.02478981018066, 420.2203025817871, 425.01764273643494, 429.77188205718994, 434.2064187526703, 439.03915667533875, 443.7980537414551, 447.1556122303009, 451.68027997016907, 456.434645652771], "val_loss": [112.30283530883789, 4.616860021209717, 4.4717098777771, 4.341568363952637, 4.259566101074219, 4.191765922546387, 4.105511168670654, 4.084988533782959, 8562.674853320312, 4.387921600341797, 4.105752982711792, 4.022111861419678, 3.984800185394287, 3.937773084259033, 3.9551528553009034, 3.895213941192627, 3.9187300746917724, 3.827247658920288, 3.843535115432739, 3.797682851409912, 3.7292779090881347, 3.8178305667877197, 3.6825024311065673, 3.778013890838623, 3.9649359497070313, 3.6488276054382323, 3.6336191555023194, 3.5754904987335205, 3.607485213088989, 3.6248502578735353, 3.590115789794922, 3.5121109340667727, 3.6535660148620606, 3.571976836013794, 3.4963111656188963, 3.6408346683502195, 3.5598416778564452, 3.5624974529266358, 3.568112218475342, 3.5509169471740725, 3.4669756107330323, 3.435278207397461, 3.459559437561035, 3.4587728534698488, 3.4327712589263917, 3.454965107345581, 3.4751493209838866, 3.4106668395996094, 3.3826955924987794, 3.5619420509338378, 3.5129506870269775, 3.568185733795166, 3.552019157028198, 3.524200885772705, 3.598148983001709, 3.5547962253570558, 3.5896886165618898, 3.6131303977966307, 3.677141284942627, 3.5638680168151855, 3.7672549556732178, 3.718595407104492, 3.6882952491760252, 3.7306836765289306, 3.757772387313843, 3.743077946090698, 3.7682990249633788, 3.887919804763794, 3.7913897651672364, 3.8442302646636963, 3.8659484031677245, 3.9844941291809084, 3.933914072418213, 3.9108335571289063, 3.9752522384643556, 3.9256883335113524, 3.9908177383422854, 3.964945812225342, 4.027585707092285, 4.008480848312378, 3.9923713764190674, 3.9984133422851564, 4.010623355484009, 4.016228178405762, 4.014745399856567, 4.0069458839416505, 4.005992791748047, 4.033676804351806, 4.0150869972229, 4.0263070877075195, 4.0201804664611815, 4.028714259338379, 4.0341543746948245, 4.030918214416504, 4.014726927185059, 4.032355502319336, 4.036750712585449, 4.027390133666993, 4.032681465911865, 4.022360043334961],