{"loss": [], "acc": [], "test_loss": [6.003612677001954, 4.135704273986817, 3.9373625465393065, 3.8909310176849363, 3.751889376449585, 3.800966642379761, 3.729746670913696, 3.6641962818145752, 4.02888956451416, 3.896133152770996, 3.7433195819854737, 3.7272825454711915, 3.632731986618042, 3.533307820892334, 3.5867630767822267, 3.347181655883789, 3.2837530502319336, 3.353193864440918, 3.4844296340942384, 3.242822257232666, 3.1243828716278075, 3.122231056213379, 3.1870869049072263, 3.4001021198272703, 3.1336981170654297, 3.233229151535034, 2.9834898330688477, 3.0794625312805177, 2.995352426147461, 2.9779311740875243, 3.127084465408325, 2.9768006507873537, 3.039656326293945, 3.0845917850494384, 3.0794118141174316, 2.931220341873169, 3.0432077377319335, 3.028251040267944, 3.0189446990966795, 3.0923059116363527, 3.0331623233795164, 3.0149467555999756, 3.0789470321655275, 3.211965225982666, 3.156326755523682, 3.2145554679870605, 3.107374150085449, 3.0876867223739626, 3.1634019563674927, 3.169975791931152, 3.0923366260528566, 3.017301985168457, 3.0634100820541383, 3.052247269439697, 2.9918104532241823, 2.9886034229278566, 2.988493989562988, 3.014734840965271, 2.9714512126922608, 2.971098546600342, 2.959352092933655, 2.9428282972335817, 2.9167592277526855, 2.9045690074920656, 2.8764799465179443, 2.8766979095458987, 2.813923256111145, 2.821203090286255, 2.8464561130523682, 2.8089138790130614, 2.8468827013015745, 2.810566291809082, 2.82069653339386, 2.8054608125686644, 2.7580612131118776, 2.774990545272827, 2.768919055175781, 2.7468273250579833, 2.755140259361267, 2.729249941444397, 2.754380704498291, 2.7540340267181396, 2.7232860408782957, 2.7412965139389036, 2.7201777606964113, 2.729347364234924, 2.7195324340820313, 2.710287082672119, 2.720832346343994, 2.718240613746643, 2.724472490310669, 2.717588970947266, 2.709324714279175, 2.7138635566711424, 2.70676155166626, 2.7109049337387083, 2.721189693069458, 2.715937079811096, 2.712944136810303, 2.706936099243164], "test_acc": [3.3499999046325684, 7.539999961853027, 9.130000114440918, 9.199999809265137, 11.149999618530273, 11.529999732971191, 12.049999237060547, 13.299999237060547, 9.779999732971191, 12.710000038146973, 13.630000114440918, 13.59999942779541, 15.199999809265137, 16.59000015258789, 17.40999984741211, 19.69999885559082, 20.28999900817871, 20.479999542236328, 20.219999313354492, 23.599998474121094, 25.439998626708984, 25.67999839782715, 25.8799991607666, 23.059999465942383, 27.01999855041504, 25.579999923706055, 29.049999237060547, 28.709999084472656, 30.369998931884766, 30.67999839782715, 30.989999771118164, 31.42999839782715, 31.729999542236328, 31.51999855041504, 33.0099983215332, 33.70000076293945, 33.689998626708984, 34.27000045776367, 35.09000015258789, 34.849998474121094, 35.369998931884766, 36.209999084472656, 35.61000061035156, 35.31999969482422, 36.62999725341797, 36.0, 37.93000030517578, 38.13999938964844, 38.23999786376953, 39.37999725341797, 40.5099983215332, 40.12999725341797, 39.43000030517578, 39.48999786376953, 41.38999938964844, 40.95000076293945, 41.66999816894531, 41.36000061035156, 42.099998474121094, 42.529998779296875, 42.2599983215332, 43.15999984741211, 42.97999954223633, 42.88999938964844, 43.59000015258789, 43.04999923706055, 43.30999755859375, 43.34000015258789, 43.369998931884766, 44.25, 43.709999084472656, 43.689998626708984, 43.84000015258789, 44.05999755859375, 44.27000045776367, 44.119998931884766, 43.96999740600586, 44.32999801635742, 44.459999084472656, 44.59000015258789, 44.07999801635742, 44.14999771118164, 44.48999786376953, 44.34000015258789, 44.37999725341797, 44.21999740600586, 44.439998626708984, 44.72999954223633, 44.5099983215332, 44.86000061035156, 44.53999710083008, 44.54999923706055, 44.57999801635742, 44.62999725341797, 44.709999084472656, 44.48999786376953, 44.52000045776367, 44.47999954223633, 44.529998779296875, 44.71999740600586], "wall_time": [4.222621917724609, 6.64279580116272, 8.784745931625366, 11.382299900054932, 13.691948890686035, 15.862018346786499, 18.272871494293213, 20.4911527633667, 23.03166913986206, 25.631898880004883, 28.05938458442688, 30.39168691635132, 32.78188943862915, 35.145883321762085, 37.688782691955566, 39.981932401657104, 42.4510452747345, 44.772743463516235, 47.26241946220398, 49.74787259101868, 52.21314454078674, 54.70159196853638, 57.028910636901855, 59.574262380599976, 61.89890432357788, 64.40581798553467, 66.97954225540161, 69.71917510032654, 72.28216457366943, 74.88285374641418, 77.41192317008972, 79.75670957565308, 82.06059908866882, 84.4750702381134, 86.83786058425903, 89.2525908946991, 91.57221388816833, 93.99512267112732, 96.14826846122742, 98.54842782020569, 100.93455600738525, 103.35834574699402, 105.88111329078674, 108.2465341091156, 110.67881417274475, 113.0257887840271, 115.26221179962158, 117.70931053161621, 119.97250199317932, 122.26133513450623, 124.79033637046814, 127.16512084007263, 129.6047670841217, 132.0946192741394, 134.6192033290863, 137.07582259178162, 139.4799473285675, 141.65122509002686, 144.15968894958496, 146.56735682487488, 149.0841236114502, 151.58710503578186, 153.9789879322052, 156.33311820030212, 158.8495111465454, 161.2746341228485, 163.56924605369568, 166.08757829666138, 168.55253314971924, 171.06382012367249, 173.58940052986145, 175.93220615386963, 178.4262819290161, 180.79825019836426, 183.12716102600098, 185.51051926612854, 187.96401047706604, 190.41301202774048, 192.60471749305725, 195.06521773338318, 197.44911313056946, 199.76130056381226, 202.31114029884338, 204.8266613483429, 207.3280885219574, 209.67240142822266, 212.02326798439026, 214.28705883026123, 216.5623118877411, 218.9387583732605, 221.425062417984, 224.04351782798767, 226.33680152893066, 228.63897371292114, 230.85801672935486, 233.2638566493988, 235.71359205245972, 238.1090817451477, 240.50658416748047, 242.9017424583435], "val_loss": [6.005880899810791, 4.129336266326904, 3.941815111541748, 3.881943226623535, 3.752268413925171, 3.7976801788330077, 3.7196233627319337, 3.6683794200897215, 4.034940268325806, 3.9133271560668947, 3.7464750240325926, 3.712949102020264, 3.648073412322998, 3.511924716567993, 3.5882041313171387, 3.3397917583465575, 3.261544183731079, 3.342888889312744, 3.4593326690673827, 3.2299713932037353, 3.107106418991089, 3.119097972488403, 3.1664879486083986, 3.3813174182891848, 3.103478515625, 3.215294948577881, 2.9383844764709472, 3.055572789001465, 2.9477359661102294, 2.9315772888183593, 3.0845631786346437, 2.9251925575256346, 2.9991516971588137, 3.0366886699676514, 3.0354621753692625, 2.8692853187561034, 2.9999520668029787, 2.941325117492676, 2.9546526832580566, 3.0674952198028564, 2.9913447525024415, 2.944450823974609, 2.9939584045410155, 3.103718176269531, 3.084324338531494, 3.131401763153076, 3.037738871002197, 3.037511784362793, 3.124181090927124, 3.1127304138183596, 3.0343640522003175, 2.9767027355194093, 2.9972511611938475, 2.99971755027771, 2.940158285522461, 2.9445325340270996, 2.9375171699523928, 2.9432251502990723, 2.9308446006774904, 2.9078222515106202, 2.895891731643677, 2.8823826110839845, 2.837955623626709, 2.8468857006072996, 2.814970665740967, 2.8219074794769288, 2.7628809230804445, 2.770308576965332, 2.784288716888428, 2.7571301849365235, 2.785883622741699, 2.7484956478118896, 2.7621074295043946, 2.743242709350586, 2.6990328861236574, 2.7190929809570314, 2.716695541381836, 2.697406822967529, 2.709067786407471, 2.6858657218933106, 2.690719549560547, 2.6921420288085938, 2.667985457611084, 2.6821828826904297, 2.6648046798706053, 2.6736640125274658, 2.668941428375244, 2.6648370056152344, 2.6667776458740233, 2.6626350616455077, 2.671521794509888, 2.6641612564086916, 2.653942643356323, 2.6599972354888917, 2.6544171772003176, 2.6559667991638185, 2.667797455596924, 2.662050760269165, 2.662146546936035, 2.6571452686309813],