{"loss": [], "acc": [], "test_loss": [25580108105.3184, 14990.559448528289, 8.942445405578614, 2033820989324.0972, 37273.41296007385, 4.651944299316407, 579415.651281797, 76531.36389717179, 6.364353403804677e+18, 2939968.244922987, 3599899.63046213, 586.1543880210877, 356859115265.6868, 6.382859933921163e+21, 5.34077926864624, 6049729587545165.0, 2137.3446125, 5.439939107513427, 4.703818257904053, 5369216989.285355, 5.019125857543945, 3859628551889.9087, 5.011695886230469, 59056.242916713716, 295143119576.8913, 306324315313.9611, 5.615395362091064, 10277.035546472169, 4.706614478302002, 5.791398418426514, 5.936093050384521, 101615.11329707947, 8.90030514602661, 440.68186796340945, 11438727105.456223, 44252.133363848116, 10.715627562713623, 3085450.2852355917, 1389244.3239628654, 42211.62086918869, 5.425410719299316, 4.658067919158936, 5.1660651687622074, 5.0977908195495605, 1261992119.6721349, 2558695.7850325545, 12731807.938324757, 178.9475395210266, 13921381.449276736, 445921933.03220403, 5.823759077453613, 1161.427728616333, 8.44624790649414, 9.753568405914306, 11.316314932250977, 1462.3626692779542, 7.426869091033936, 14.914355280303955, 17.587302796936036, 4.812499334716797, 7.450181496429443, 5.870458044433594, 5.573943838500977, 439318237.21826047, 18.365630945587156, 348270387.25867486, 623037.71128461, 101601592.81867738, 185662705.02665365, 98161154.22938573, 69348971.17899244, 160566172.15746164, 1776330.251895604, 61740936.12992654, 2315832949.734304, 925451377.0106933, 1354796904.830394, 547628473.6679463, 5032463.814331865, 1248803099.7149541, 2797891852.3388824, 2062916008.142623, 2994129961.736476, 7193139416.306273, 1093267166.583685, 5963251652.910822, 2726943013.5325785, 647048499.241887, 5495684754.95991, 52631729.20048207, 10371505199.51075, 7428237016.668196, 2864089275.684054, 9266820707.964874, 8096550238.072422, 7754778224.676153, 15709172.90811509, 1765678243.0348155, 10053647073.57005, 899956698.5133727], "test_acc": [1.0199999809265137, 0.9099999666213989, 0.9199999570846558, 1.0199999809265137, 1.1100000143051147, 1.149999976158142, 1.8700000047683716, 1.7400000095367432, 1.059999942779541, 2.369999885559082, 2.049999952316284, 2.049999952316284, 2.059999942779541, 3.109999895095825, 2.429999828338623, 1.0399999618530273, 1.1100000143051147, 1.0299999713897705, 0.9199999570846558, 0.9299999475479126, 1.0899999141693115, 1.209999918937683, 1.1899999380111694, 1.71999990940094, 1.3700000047683716, 1.4900000095367432, 1.7400000095367432, 1.9799998998641968, 1.909999966621399, 1.0499999523162842, 1.0699999332427979, 1.96999990940094, 1.5799999237060547, 2.4600000381469727, 1.3199999332427979, 1.9199999570846558, 2.059999942779541, 2.0299999713897705, 2.369999885559082, 2.3899998664855957, 3.5, 2.7300000190734863, 2.9600000381469727, 2.809999942779541, 1.2200000286102295, 1.209999918937683, 1.0799999237060547, 1.1299999952316284, 1.0499999523162842, 1.0899999141693115, 1.4499999284744263, 1.409999966621399, 1.5699999332427979, 1.1399999856948853, 2.129999876022339, 2.3299999237060547, 2.68999981880188, 2.2100000381469727, 2.9800000190734863, 3.509999990463257, 2.8399999141693115, 3.18999981880188, 2.9800000190734863, 3.369999885559082, 3.359999895095825, 3.7300000190734863, 3.7199997901916504, 3.669999837875366, 4.089999675750732, 3.9799997806549072, 4.130000114440918, 3.7899999618530273, 4.670000076293945, 4.110000133514404, 4.589999675750732, 4.179999828338623, 4.639999866485596, 4.569999694824219, 5.139999866485596, 5.059999942779541, 5.12999963760376, 4.710000038146973, 5.089999675750732, 5.119999885559082, 4.980000019073486, 5.089999675750732, 5.079999923706055, 5.139999866485596, 5.339999675750732, 4.960000038146973, 4.989999771118164, 4.920000076293945, 5.12999963760376, 5.069999694824219, 5.12999963760376, 5.009999752044678, 5.069999694824219, 5.099999904632568, 5.039999961853027, 5.0], "wall_time": [5.5666210651397705, 10.583253860473633, 15.402254343032837, 20.292086362838745, 25.5294349193573, 30.6001238822937, 35.73433756828308, 40.90468883514404, 46.11096405982971, 51.307151317596436, 56.5755250453949, 61.869298219680786, 67.17692852020264, 72.484699010849, 77.78434419631958, 82.95345091819763, 88.16628503799438, 93.41286182403564, 97.62008166313171, 101.76122331619263, 107.10694313049316, 112.41207671165466, 117.54874587059021, 122.74089431762695, 128.0569920539856, 133.3254153728485, 138.6410140991211, 143.96234226226807, 149.2841672897339, 154.5964708328247, 159.89422512054443, 165.13221311569214, 170.33270454406738, 175.23550009727478, 180.5303828716278, 185.80127501487732, 191.0503933429718, 196.33504271507263, 201.29670596122742, 206.59323239326477, 211.77696633338928, 216.84468007087708, 221.86321473121643, 226.9526662826538, 232.2839915752411, 237.64625692367554, 242.92194509506226, 248.28824758529663, 253.53797936439514, 258.87074279785156, 264.1427903175354, 269.41211199760437, 274.7668857574463, 280.1429772377014, 285.49759340286255, 290.5804886817932, 295.30502009391785, 300.325430393219, 305.0001838207245, 309.743611574173, 314.5565505027771, 319.9188663959503, 324.58368277549744, 329.0901973247528, 333.7492413520813, 339.0596969127655, 344.29625177383423, 349.3765881061554, 354.4684066772461, 359.6158640384674, 364.86078548431396, 370.08454298973083, 375.32913303375244, 380.56501054763794, 385.8237884044647, 391.18551206588745, 395.7988774776459, 400.3546426296234, 404.92336535453796, 409.3565993309021, 413.96345233917236, 418.5848948955536, 423.9184181690216, 429.11795449256897, 434.3254759311676, 439.66600942611694, 445.0176808834076, 450.24631810188293, 455.23774242401123, 460.3531894683838, 465.707505941391, 471.06484293937683, 476.31256771087646, 481.55113339424133, 486.66764855384827, 491.5238935947418, 496.78314995765686, 501.4710645675659, 506.82637786865234, 512.1901354789734], "val_loss": [25172020787.6096, 294900.4771899208, 8.99164235305786, 16773293836455.04, 3615726835589786.0, 1789.2585046661377, 448104.7522130081, 371766.3102790718, 7.164519489921945e+18, 5600514.1309029525, 3252580.487374578, 18531.80023350067, 7757927106387486.0, 9.933881819577333e+20, 1031.7240859230042, 6435834679004443.0, 2089.918208984375, 5.259776094055176, 5.065295416259765, 5.244953826904297, 6.989818337249756, 105.22493374938965, 16.310543467712403, 21.917090963745117, 5.841214250183105, 47.9745712928772, 6.284562828063965, 46.14424045562744, 4.813168911743164, 5.627611318206787, 5.546233417510987, 5.907121817779541, 6.10575061416626, 197.24259601516724, 73.75634160614014, 28.635449207305907, 17.630297341918947, 63226.82313243637, 28780.35031078949, 146.56878263549805, 8.352949214172364, 6.014731053161621, 6.82428683013916, 6.530672725677491, 52400830.57691835, 663320.8297957535, 571173.8467959617, 7.4963364524841305, 608710.451958596, 89057857.457875, 215.77456633605956, 8.408852630615234, 103050.82525656967, 13.366467475128173, 961562.0411491203, 4569079.78861208, 8.858666932678222, 2004.923939326477, 22.452407919311522, 5.984682205963135, 12.135968408966065, 1808593.8301547423, 1242476.7257787178, 1831688170.1506786, 610080.1404955796, 636.3554513420105, 8.609545416259765, 4381562.851249477, 5562959.612682262, 6621508.2869970575, 4837119.539977556, 19423709443.434486, 658813.471164608, 8374279.957975918, 740241.621344535, 16368.44471373291, 3797877.530175601, 15.6287142036438, 36.43428483581543, 7439.018570703125, 4249540.093104407, 14013709.977455616, 6382534.61940364, 175.8058115272522, 24.72453857345581, 939386.2021092316, 14.562816349029541, 18.542773113250732, 43280124615.18449, 764393.8218321815, 21915199764.966824, 20445861.16405664, 155507.92755385133, 95127906.15018348, 20.386450482177736, 31.157744984436036, 52.58992208404541, 62148.79929820786, 14.24785457687378, 13.745996949768067],