{"loss": [], "acc": [], "test_loss": [56.072371899414065, 4.514077012634277, 4.312476531982422, 4.358917775726319, 4.179478176116944, 4.146983288955688, 4.066662869262696, 4.03773579864502, 3.9753566932678224, 3.937805422592163, 3.9243963523864744, 3.902761784362793, 3.8586865299224855, 3.906143560409546, 3.823883909988403, 3.849246939086914, 3.7521897830963136, 3.7769304275512696, 3.6349923324584963, 3.613820329284668, 3.7831570709228517, 3.542132160949707, 3.6734561904907226, 3.4879207176208498, 3.4974405746459962, 3.483208611679077, 3.5203295932769776, 3.829798651123047, 3.5305200859069825, 3.417917205810547, 3.3766410415649415, 3.428457152938843, 3.3987786602020265, 3.486484217071533, 3.906651385116577, 3.3057453216552735, 3.5047231742858886, 3.330335594558716, 3.4047874298095704, 3.4262235355377197, 3.486003355407715, 3.4126512771606445, 3.5202366836547854, 3.427204524612427, 3.573776386642456, 3.397631818008423, 3.4311508071899413, 3.4965502880096437, 3.7183381130218507, 3.643489011001587, 3.6813461235046385, 3.6365617294311523, 3.807887393951416, 3.8043466968536377, 3.6698702629089355, 3.7146090072631837, 3.7108722751617433, 3.7584762825012206, 3.74102349319458, 3.740849031829834, 3.7663953468322755, 3.7477737697601317, 3.774437264251709, 3.799057484436035, 3.7929651779174804, 3.8186091564178466, 3.793345827484131, 3.822965721511841, 3.7181949645996095, 3.7635218212127683, 3.7285613773345947, 3.743131235122681, 3.730400802230835, 3.7027758514404296, 3.6797572860717773, 3.6823964324951173, 3.68173169670105, 3.680826566314697, 3.6666176132202146, 3.655388032913208, 3.664114736175537, 3.6280290241241455, 3.63724150390625, 3.634862055969238, 3.640495079803467, 3.63877014541626, 3.6457212116241453, 3.6314573806762693, 3.626708429336548, 3.647712190628052, 3.6300366413116456, 3.6279623390197755, 3.6266171768188475, 3.628964989089966, 3.627702269744873, 3.6304141387939453, 3.6205728233337404, 3.6271041595458984, 3.6207180725097654, 3.6206934478759765], "test_acc": [1.0699999332427979, 2.3499999046325684, 3.919999837875366, 3.5199999809265137, 4.929999828338623, 5.109999656677246, 5.730000019073486, 6.869999885559082, 7.109999656677246, 7.230000019073486, 8.829999923706055, 8.800000190734863, 9.219999313354492, 8.90999984741211, 11.00999927520752, 10.5, 11.920000076293945, 11.469999313354492, 14.0, 13.739999771118164, 11.1899995803833, 15.519999504089355, 15.420000076293945, 16.8799991607666, 18.279998779296875, 18.78999900817871, 16.649999618530273, 15.25, 19.510000228881836, 20.31999969482422, 21.329999923706055, 20.850000381469727, 23.260000228881836, 21.149999618530273, 16.53999900817871, 24.84000015258789, 23.06999969482422, 24.81999969482422, 24.03999900817871, 25.149999618530273, 24.53999900817871, 25.219999313354492, 25.170000076293945, 25.849998474121094, 26.729999542236328, 27.829999923706055, 28.60999870300293, 27.529998779296875, 26.920000076293945, 28.510000228881836, 27.69999885559082, 28.44999885559082, 28.3799991607666, 29.559999465942383, 29.8799991607666, 29.42999839782715, 30.34000015258789, 29.869998931884766, 30.599998474121094, 30.939998626708984, 30.399999618530273, 31.239999771118164, 31.56999969482422, 31.31999969482422, 31.329999923706055, 31.60999870300293, 32.21999740600586, 31.92999839782715, 32.98999786376953, 33.02000045776367, 32.5, 32.869998931884766, 32.80999755859375, 32.80999755859375, 33.099998474121094, 33.06999969482422, 33.619998931884766, 33.72999954223633, 33.63999938964844, 33.59000015258789, 33.45000076293945, 33.56999969482422, 33.64999771118164, 33.73999786376953, 33.56999969482422, 33.52000045776367, 33.70000076293945, 34.0, 33.68000030517578, 33.349998474121094, 33.79999923706055, 33.84000015258789, 33.80999755859375, 33.779998779296875, 33.82999801635742, 33.779998779296875, 33.779998779296875, 33.939998626708984, 33.96999740600586, 33.95000076293945], "wall_time": [5.08221960067749, 9.418368339538574, 13.483505249023438, 23.917414665222168, 28.441590070724487, 32.80673313140869, 37.125012159347534, 41.530861377716064, 45.91106343269348, 50.455928802490234, 54.74653506278992, 59.252604961395264, 62.59288501739502, 67.02761483192444, 78.79732155799866, 83.39577960968018, 87.6516056060791, 91.6982147693634, 96.65058064460754, 101.08737778663635, 105.31205558776855, 109.71119236946106, 114.24625396728516, 118.64431166648865, 122.95905876159668, 132.35018920898438, 136.76331758499146, 141.272611618042, 145.5753071308136, 150.20254492759705, 154.57457184791565, 159.00730657577515, 163.59058904647827, 167.8183250427246, 172.14192080497742, 176.6067600250244, 183.3594024181366, 187.67898440361023, 192.17918014526367, 196.40625762939453, 200.98801231384277, 205.3137435913086, 209.87468099594116, 213.50715589523315, 217.87672352790833, 222.16017055511475, 226.61796474456787, 233.9079282283783, 238.28711557388306, 244.33117723464966, 248.83506989479065, 253.15862488746643, 256.8652620315552, 259.8787715435028, 263.9017496109009, 268.39368081092834, 272.6891324520111, 277.11968064308167, 284.82394456863403, 289.1191689968109, 295.28255558013916, 299.9087495803833, 304.4726061820984, 308.9411270618439, 313.3284840583801, 317.6117250919342, 321.987340927124, 326.36045241355896, 336.00102519989014, 340.2858147621155, 346.0130672454834, 350.6136968135834, 355.1007525920868, 359.2277522087097, 363.8015422821045, 368.3081965446472, 372.5009377002716, 377.0377423763275, 381.42670345306396, 392.1449739933014, 396.9447076320648, 401.15608644485474, 405.6085481643677, 409.76768255233765, 414.37563276290894, 418.789710521698, 423.15549635887146, 427.2518484592438, 431.4791371822357, 435.820748090744, 448.44753217697144, 453.5793662071228, 457.9953336715698, 462.4457154273987, 465.63603711128235, 468.66409397125244, 473.0419647693634, 477.46008038520813, 481.99523091316223, 486.38390159606934], "val_loss": [56.54935717163086, 4.512812113952637, 4.317599407196045, 4.351396969604492, 4.17487610092163, 4.154080807495117, 4.059670065307617, 4.029380908203125, 3.9641484199523926, 3.938591576385498, 3.9195929962158202, 3.9002986473083494, 3.8617977195739748, 3.896308662033081, 3.827410969543457, 3.845557006072998, 3.7476264122009275, 3.759315250778198, 3.606663020324707, 3.5901674087524413, 3.754248998260498, 3.5185402725219728, 3.6414447849273683, 3.4928563751220705, 3.501252263641357, 3.472717887878418, 3.505188815689087, 3.79882735748291, 3.5475953834533693, 3.406973851776123, 3.3727644287109375, 3.4005195945739746, 3.4024474941253664, 3.471899981689453, 3.8976714122772216, 3.2952225383758544, 3.534978311920166, 3.308725435638428, 3.3987438987731933, 3.418151800918579, 3.5047084999084475, 3.399425085067749, 3.5106444374084473, 3.3951786739349363, 3.55804425201416, 3.383155612564087, 3.4320009040832518, 3.4848535869598387, 3.671073262023926, 3.605937171936035, 3.6491612461090086, 3.600854905700684, 3.787429892730713, 3.7589752838134767, 3.6340418312072753, 3.65912985534668, 3.66868239364624, 3.686721908569336, 3.6927203575134278, 3.6821249504089355, 3.7187602096557617, 3.6794087787628174, 3.694339968109131, 3.7488215213775633, 3.7496095012664794, 3.7535049102783202, 3.7239006423950194, 3.7361063667297363, 3.6548528308868407, 3.720601417922974, 3.6861412532806397, 3.7060384483337403, 3.6771238861083986, 3.6608880687713623, 3.631758930969238, 3.6311439544677735, 3.6331603973388673, 3.6474439281463624, 3.6268572830200196, 3.625201485824585, 3.6268183727264405, 3.5983206420898437, 3.607815099334717, 3.5980573417663573, 3.606022283554077, 3.601436834335327, 3.6110410064697267, 3.5903932868957518, 3.592675161743164, 3.610778810119629, 3.596903321838379, 3.5905507270812986, 3.59399372215271, 3.594823657989502, 3.5892920833587647, 3.595647715759277, 3.584378676605225, 3.5904435241699217, 3.5840296848297117, 3.584922989654541],