{"loss": [], "acc": [], "test_loss": [279749.0029, 5.195091107940674, 4.925045920562744, 4.7421783958435055, 16.88423445663452, 779.5617415809631, 4.565479193878174, 4.96032406539917, 7.2667584793090825, 1206529.8616293503, 16.97275785522461, 8435.794715667724, 4.370025611877441, 4.264615521240234, 867608.1970658974, 170402.13852188186, 4.486695064544678, 13.121821892547608, 4.145891510009766, 4.166509323883057, 221394.65848791198, 4.51725951385498, 4.390292403411865, 4.106860411071778, 177319717.53722367, 11965.113058502197, 2.516038679614868e+27, 2682593593629.0815, 108756992452.1984, 68914858523.63348, 2.1390750432527034e+22, 1.2523906171387517e+23, 1.5029672418614856e+25, NaN, 3.889954656687059e+26, 9.037569876725006e+30, 4.1794561001486615e+30, 2.924007672139772e+30, 3.606989965596513e+24, 9.071905660897605e+29, 4.644693225656321e+28, 3.188566121306099e+28, 1.0846090254250059e+29, 1.1542810052130767e+27, 7.284297272660151e+28, 1.1291508507921508e+24, 7.910881723609792e+26, 1.2236761551665134e+28, 2.896045221370969e+27, 1.5241663014966189e+28, 5.430872776013402e+27, 3.72502382124211e+26, 1.325094547735157e+28, 4.405437464430488e+27, 5.268140016161231e+27, 5.813850683348538e+27, 5.314359564998543e+25, 2.4203082140995362e+27, 2.451139749929197e+24, 5.3421919367285306e+26, 1.1036575846112057e+27, 2.045034165328732e+26, 4.0371325590966376e+26, 1.4898487354423892e+23, 2.160291421842392e+26, 3.9946001522655335e+25, 1.8874934806070844e+26, 2.6513944543683e+25, 3.89892821331318e+25, 2.647074381416305e+25, 6.703119825341635e+25, 1.4850662102343482e+26, 2.6771623645446675e+25, 3.779575226546392e+25, 1.1623086964774308e+25, 2.0614184288259548e+24, 1.2391552822306808e+25, 3.979845914660964e+25, 3.397437922934398e+25, 6.4535554469550595e+25, 5.253532938775743e+25, 2.4205576747880985e+25, 5.941988403239742e+25, 5.679096118616151e+24, 4.066569924738733e+29, 5.718995586073367e+24, 6.829347463696734e+28, 6.620633076065196e+25, 1.2976677864154078e+29, 5.709776910166964e+25, 4.3155675886512383e+27, 2.746993057547625e+27, 7.6027441921381e+24, 3.7512800992074324e+28, 5.077292069630826e+27, 1.615731097465929e+25, 4.307291071795321e+26, 1.2987463025404627e+28, 1.456238529144206e+29, 1.3551820865684214e+28], "test_acc": [1.059999942779541, 0.8700000047683716, 1.059999942779541, 1.3199999332427979, 1.209999918937683, 2.049999952316284, 2.0799999237060547, 2.129999876022339, 2.549999952316284, 2.4600000381469727, 2.4600000381469727, 3.5, 3.629999876022339, 4.029999732971191, 4.139999866485596, 3.6999998092651367, 3.8399999141693115, 5.12999963760376, 5.359999656677246, 4.519999980926514, 2.5, 4.549999713897705, 6.179999828338623, 5.589999675750732, 6.309999942779541, 1.3799999952316284, 1.0099999904632568, 1.0399999618530273, 1.0099999904632568, 1.25, 0.7599999904632568, 1.1200000047683716, 1.1699999570846558, 1.1299999952316284, 1.059999942779541, 1.2699999809265137, 1.350000023841858, 1.1999999284744263, 1.209999918937683, 1.2899999618530273, 1.0899999141693115, 1.3199999332427979, 1.1100000143051147, 1.3799999952316284, 1.2999999523162842, 1.25, 1.2300000190734863, 1.2400000095367432, 1.1299999952316284, 1.3199999332427979, 1.1799999475479126, 1.2400000095367432, 1.1100000143051147, 1.399999976158142, 1.1200000047683716, 1.2799999713897705, 1.4199999570846558, 1.409999966621399, 1.4800000190734863, 1.5199999809265137, 1.3899999856948853, 1.350000023841858, 1.350000023841858, 1.2400000095367432, 1.309999942779541, 1.399999976158142, 1.309999942779541, 1.5099999904632568, 1.2400000095367432, 1.2999999523162842, 1.3299999237060547, 1.3199999332427979, 1.309999942779541, 1.4199999570846558, 1.3799999952316284, 1.5199999809265137, 1.559999942779541, 1.6299999952316284, 1.6399999856948853, 1.6200000047683716, 1.5499999523162842, 1.5699999332427979, 1.659999966621399, 1.5199999809265137, 1.4199999570846558, 1.4399999380111694, 1.6100000143051147, 1.5499999523162842, 1.5099999904632568, 1.5399999618530273, 1.5499999523162842, 1.6799999475479126, 1.71999990940094, 1.6899999380111694, 1.6200000047683716, 1.6100000143051147, 1.6799999475479126, 1.75, 1.5899999141693115, 1.6699999570846558], "wall_time": [6.006646633148193, 11.275632619857788, 16.365734577178955, 21.62831974029541, 26.85019016265869, 31.94290781021118, 37.04459047317505, 42.12263321876526, 47.36498498916626, 52.56096625328064, 57.748703718185425, 62.994747161865234, 67.2710280418396, 71.61637616157532, 75.96738314628601, 80.31325697898865, 84.65805649757385, 89.32252383232117, 93.98799657821655, 98.68283271789551, 103.95570707321167, 109.10527777671814, 114.360759973526, 118.74678874015808, 123.86939144134521, 129.21833634376526, 133.87246894836426, 139.08438158035278, 144.1226568222046, 149.4092617034912, 154.42592477798462, 158.7826886177063, 163.7530484199524, 168.87098813056946, 174.04110264778137, 179.2431674003601, 184.52017641067505, 189.6645770072937, 194.5142993927002, 199.70990991592407, 204.4266641139984, 209.09435081481934, 213.81232285499573, 218.50605392456055, 223.6334090232849, 228.85978293418884, 233.9570610523224, 239.01489543914795, 244.11865520477295, 249.43292045593262, 254.08234214782715, 259.0613782405853, 263.117555141449, 267.4970841407776, 272.64175271987915, 277.70829677581787, 282.84474658966064, 287.9205572605133, 293.0318024158478, 298.1033103466034, 303.30580258369446, 308.39361238479614, 313.47995471954346, 318.64803194999695, 323.6975350379944, 328.5553948879242, 333.5501036643982, 338.34607434272766, 343.3403675556183, 348.2618033885956, 353.354168176651, 358.58403396606445, 363.5325789451599, 368.21437549591064, 373.247567653656, 378.5653655529022, 383.7104444503784, 388.96631836891174, 394.21170258522034, 399.4715750217438, 404.36207461357117, 409.60879921913147, 414.8536367416382, 419.9603340625763, 425.09275817871094, 430.2696850299835, 435.46077036857605, 440.74420070648193, 445.8003137111664, 451.00522565841675, 456.09836626052856, 461.31626057624817, 466.29883074760437, 471.0894100666046, 476.33594727516174, 481.65376448631287, 486.8301908969879, 491.19446325302124, 496.1380612850189, 501.2579517364502],