{"loss": [], "acc": [], "test_loss": [48.8070256439209, 4.674709674072266, 4.514454586029053, 4.420458409118653, 4.3834112403869625, 6.0240973960876465, 4.379889072799682, 4.258668930435181, 4.200801545715332, 4.164118748092651, 4.143874890518188, 4.088166939544678, 4.075912388992309, 4.06248864326477, 4.014629500198364, 3.935707368850708, 3.9093573638916017, 3.901844790649414, 3.9424676261901856, 3.8968750663757326, 3.825941159057617, 3.8748300537109377, 3.794401132965088, 3.672064265060425, 3.7044192672729492, 3.6921253131866454, 3.6651791175842283, 3.594768093490601, 3.539274871444702, 3.6095706916809083, 3.5965168674468995, 45.0463015625, 4909.1840796875, 8.478126260375976, 4.751381107330323, 4.773459070587158, 4.406753150939942, 4.673028665924072, 4.232154151153565, 4.160131577682495, 4.086025705718994, 4.048371791076661, 3.9745935863494872, 3.9167588218688967, 3.9050606170654296, 3.8839330604553224, 3.8718351127624513, 3.844089505767822, 3.8006981899261474, 3.8680492851257324, 3.6958616859436035, 3.673021979522705, 3.7368683677673338, 3.6349991493225096, 3.7504176010131838, 3.680261262893677, 3.6295928611755373, 3.551899594116211, 3.5895292568206787, 3.5858462593078615, 3.5924879428863528, 3.568911943054199, 3.510994748687744, 3.599563093948364, 3.538751876831055, 3.5092580001831055, 3.671971156692505, 3.4523231369018554, 3.5062372032165525, 3.5227062435150147, 3.524669334411621, 3.577455280303955, 3.4875874649047853, 3.4962878562927244, 3.434005241394043, 3.4929413833618166, 3.4360546840667725, 3.449277625274658, 3.482969227981567, 3.527959330749512, 3.505373787689209, 3.592147895050049, 3.5498293930053713, 3.480356424331665, 3.523378424835205, 3.4714989768981934, 3.542214158630371, 3.4784862110137937, 3.495072651672363, 3.4666455535888674, 3.5101972373962402, 3.4978146354675292, 3.4798496047973635, 3.4951268890380858, 3.4666943725585937, 3.4794207443237304, 3.4814470638275146, 3.617026951599121, 3.5267388408660887, 3.526761191177368], "test_acc": [1.1999999284744263, 1.7699999809265137, 2.5199999809265137, 2.5999999046325684, 3.1999998092651367, 1.9799998998641968, 2.8299999237060547, 3.319999933242798, 3.5199999809265137, 4.480000019073486, 4.559999942779541, 4.980000019073486, 5.529999732971191, 5.420000076293945, 6.739999771118164, 7.919999599456787, 8.329999923706055, 8.029999732971191, 8.329999923706055, 8.84999942779541, 9.039999961853027, 9.859999656677246, 10.609999656677246, 12.309999465942383, 12.420000076293945, 11.710000038146973, 11.899999618530273, 12.889999389648438, 14.960000038146973, 13.449999809265137, 15.109999656677246, 1.209999918937683, 1.159999966621399, 2.619999885559082, 4.110000133514404, 3.799999952316284, 5.159999847412109, 6.449999809265137, 5.440000057220459, 7.46999979019165, 7.289999961853027, 7.539999961853027, 8.619999885559082, 9.369999885559082, 9.229999542236328, 10.65999984741211, 10.769999504089355, 10.789999961853027, 11.40999984741211, 12.719999313354492, 13.279999732971191, 12.889999389648438, 13.469999313354492, 14.359999656677246, 13.719999313354492, 13.609999656677246, 14.6899995803833, 15.549999237060547, 15.049999237060547, 16.350000381469727, 15.65999984741211, 15.769999504089355, 16.520000457763672, 17.3799991607666, 17.44999885559082, 18.09000015258789, 17.149999618530273, 19.35999870300293, 18.85999870300293, 18.529998779296875, 18.10999870300293, 19.049999237060547, 19.619998931884766, 19.68000030517578, 20.529998779296875, 19.959999084472656, 20.079999923706055, 20.68000030517578, 20.899999618530273, 20.299999237060547, 20.94999885559082, 21.189998626708984, 21.029998779296875, 21.049999237060547, 21.149999618530273, 21.84000015258789, 21.43000030517578, 21.68000030517578, 21.76999855041504, 21.829999923706055, 21.829999923706055, 22.10999870300293, 21.84000015258789, 22.149999618530273, 22.03999900817871, 22.229999542236328, 22.219999313354492, 21.94999885559082, 21.78999900817871, 21.889999389648438], "wall_time": [4.734171628952026, 9.456941604614258, 13.565831184387207, 17.990352630615234, 22.368979692459106, 26.7417311668396, 31.2764835357666, 35.979026794433594, 40.44093656539917, 45.15593385696411, 49.60819983482361, 54.15125560760498, 58.748422145843506, 63.415836811065674, 67.94694447517395, 72.48673725128174, 76.8765013217926, 81.31485509872437, 85.83972764015198, 90.27220034599304, 94.97416734695435, 99.47293066978455, 104.09354257583618, 108.35905027389526, 111.4769594669342, 115.92624258995056, 120.10642671585083, 124.78850078582764, 129.08815550804138, 133.6249542236328, 138.29359412193298, 141.74054622650146, 145.45037746429443, 149.2684609889984, 153.7651093006134, 158.15685606002808, 162.7615077495575, 166.9490487575531, 171.20557141304016, 175.77581071853638, 180.34397339820862, 184.12363934516907, 188.6277413368225, 193.3749816417694, 197.48209524154663, 202.16055631637573, 206.49759197235107, 210.9099419116974, 215.2053713798523, 219.46839928627014, 223.9256076812744, 228.61146521568298, 233.31276035308838, 237.95069074630737, 242.55623316764832, 247.08817076683044, 251.73245644569397, 256.18821573257446, 260.6838161945343, 265.14338421821594, 269.310893535614, 273.9142348766327, 278.7383053302765, 283.50857377052307, 288.05431485176086, 292.7110195159912, 297.34778785705566, 301.03118443489075, 304.6774914264679, 309.2755126953125, 313.8027093410492, 318.4293565750122, 322.9924809932709, 327.6258957386017, 332.321608543396, 336.64288854599, 340.38890171051025, 343.5019941329956, 347.6910939216614, 352.09405159950256, 356.7265274524689, 361.3856077194214, 365.9699914455414, 369.77046847343445, 374.33779764175415, 378.99479603767395, 383.5011100769043, 388.30540657043457, 393.0330171585083, 397.70745968818665, 402.2868185043335, 407.06842589378357, 411.28497076034546, 415.6907892227173, 419.4122893810272, 423.83797550201416, 428.213978767395, 432.86838269233704, 437.49242782592773, 442.09684228897095], "val_loss": [51.1368432220459, 4.6855484489440915, 4.512479512023925, 4.415931632232666, 4.393752570343017, 5.966131482696533, 4.3791504470825195, 4.2547150848388675, 4.198995763397217, 4.165672855377197, 4.136363424682617, 4.084361223602295, 4.068109123229981, 4.060542678070068, 4.0181206031799315, 3.9387729888916017, 3.907887844848633, 3.9011740257263186, 3.9426210395812986, 3.882534938430786, 3.8264501499176027, 3.8669408420562745, 3.793142001724243, 3.681456401062012, 3.699743067932129, 3.697857569503784, 3.681068701171875, 3.59812721862793, 3.5564929901123046, 3.6071441471099854, 3.599652823638916, 44.314951953125, 4688.22882578125, 7.525508033752441, 4.738428220367432, 4.781205591583252, 4.419202462005615, 4.617896318817139, 4.241016366577148, 4.1444042221069335, 4.0978954246520995, 4.054332408905029, 3.973757009887695, 3.9031903114318847, 3.9090993598937986, 3.898904936981201, 3.8886499816894533, 3.8552067699432375, 3.814275626754761, 3.8340757347106935, 3.7038389461517336, 3.671630238342285, 3.755164126968384, 3.6450090171813967, 3.6910352710723875, 3.658935776901245, 3.60007064743042, 3.530598265838623, 3.5522151161193847, 3.5602999977111818, 3.586726728057861, 3.5336489517211915, 3.48453962059021, 3.5354444149017334, 3.5043267807006835, 3.4898188907623293, 3.630429455947876, 3.444992148590088, 3.4746927070617675, 3.50285888671875, 3.4869468616485597, 3.5304989665985107, 3.4555333324432373, 3.4493091236114504, 3.394978791809082, 3.4479276042938234, 3.397282229614258, 3.408471395111084, 3.439674426651001, 3.4644821586608887, 3.4442966201782226, 3.4988811302185057, 3.4772871212005616, 3.4119244121551513, 3.4487867042541502, 3.404411068344116, 3.4578063705444335, 3.3905008655548095, 3.4040834106445312, 3.3882654907226564, 3.4164234855651854, 3.4023151664733886, 3.395880972290039, 3.4041976341247557, 3.390277703857422, 3.394507068634033, 3.3988349239349365, 3.501439859008789, 3.4264624668121337, 3.42898969039917],