{"loss": [], "acc": [], "test_loss": [783.635905859375, 4.537294969940185, 4.419486346435547, 4.330628792572021, 4.313626376342773, 4.286628853225708, 4.250097902679443, 4.2241627265930175, 4.182926296234131, 4.209069284820557, 4.111609312820435, 4.066461667633057, 4.0753896614074705, 4.049262873077392, 4.007533973693848, 4.027171549224853, 4.013020579528809, 3.970689196777344, 3.9124591030120848, 3.9131389415740965, 3.9371801620483398, 3.8596601722717283, 3.8282222400665282, 3.8010849506378173, 3.7811001934051514, 3.7900055576324463, 3.7783515655517577, 3.679308439254761, 3.682646821594238, 3.6167894355773926, 3.7304727031707765, 3.7456497970581055, 3.698900241470337, 3.5503404178619387, 3.595768280792236, 3.6342815559387205, 3.5240635372161866, 3.55807080078125, 3.656019755935669, 3.5749660217285157, 3.682459703063965, 3.4581788875579833, 3.5739595405578615, 3.5208412307739256, 3.5353214111328124, 3.6090160217285154, 3.720477424621582, 3.5748770107269285, 3.5318421112060547, 3.4559424201965334, 3.5005487449645996, 3.521820594787598, 3.535392088317871, 3.4761398971557615, 3.5235660984039305, 3.389114987564087, 3.4980018852233887, 3.464869366836548, 3.482057718658447, 3.4217498359680176, 3.476726159667969, 3.5330844581604004, 3.454876322937012, 3.545434698867798, 3.481633866882324, 3.483208531951904, 3.5161053035736085, 3.5162639167785645, 3.507783572769165, 3.560982611846924, 3.6196904525756834, 3.524025492477417, 3.578261078643799, 3.567004756164551, 3.6536049770355223, 3.584156928253174, 3.596016770553589, 3.6475312503814696, 3.591932836151123, 3.6654031410217285, 3.6797382488250734, 3.6865949298858642, 3.6655627250671388, 3.6782840328216553, 3.7034210647583006, 3.703749686050415, 3.7085016933441164, 3.72363570022583, 3.7307527881622313, 3.7292552795410154, 3.727127508544922, 3.734754387283325, 3.736970253753662, 3.7571616771697998, 3.7463366554260253, 3.732743966293335, 3.751477112579346, 3.739341907119751, 3.741775238418579, 3.7471983798980713], "test_acc": [0.8999999761581421, 2.0399999618530273, 3.059999942779541, 2.9700000286102295, 3.169999837875366, 4.029999732971191, 3.929999828338623, 3.919999837875366, 4.519999980926514, 3.8299999237060547, 5.389999866485596, 5.079999923706055, 4.989999771118164, 5.989999771118164, 6.449999809265137, 6.239999771118164, 6.940000057220459, 7.739999771118164, 7.71999979019165, 8.279999732971191, 8.550000190734863, 9.219999313354492, 9.969999313354492, 10.569999694824219, 10.269999504089355, 10.819999694824219, 11.25, 12.679999351501465, 12.50999927520752, 13.279999732971191, 12.649999618530273, 13.75, 14.239999771118164, 15.710000038146973, 15.65999984741211, 15.369999885559082, 17.439998626708984, 17.010000228881836, 15.869999885559082, 17.709999084472656, 16.600000381469727, 18.10999870300293, 18.649999618530273, 18.60999870300293, 18.920000076293945, 18.119998931884766, 18.469999313354492, 19.15999984741211, 19.43000030517578, 20.26999855041504, 21.18000030517578, 20.56999969482422, 20.56999969482422, 21.65999984741211, 21.389999389648438, 22.68000030517578, 22.639999389648438, 22.779998779296875, 23.459999084472656, 23.849998474121094, 22.829999923706055, 23.43000030517578, 24.18000030517578, 23.0, 23.90999984741211, 24.3799991607666, 24.69999885559082, 24.619998931884766, 23.869998931884766, 25.219999313354492, 24.939998626708984, 25.170000076293945, 25.3799991607666, 26.029998779296875, 25.760000228881836, 26.1299991607666, 26.119998931884766, 25.889999389648438, 26.639999389648438, 26.529998779296875, 26.42999839782715, 26.56999969482422, 26.56999969482422, 26.53999900817871, 26.649999618530273, 26.709999084472656, 26.75, 26.94999885559082, 27.149999618530273, 27.059999465942383, 27.0, 26.90999984741211, 27.06999969482422, 27.01999855041504, 26.939998626708984, 27.010000228881836, 27.06999969482422, 27.1299991607666, 27.079999923706055, 26.94999885559082], "wall_time": [5.397015571594238, 16.751640558242798, 21.40077805519104, 26.3781259059906, 31.417930126190186, 36.52539420127869, 41.70962619781494, 46.69077110290527, 51.304912090301514, 56.16081953048706, 61.49357223510742, 66.20469784736633, 71.02000164985657, 75.76192808151245, 80.55715870857239, 85.40352129936218, 90.4555926322937, 95.42536616325378, 100.4840202331543, 105.38288474082947, 118.72938108444214, 123.66263270378113, 128.29402208328247, 133.0107626914978, 137.9971854686737, 142.4614963531494, 147.850191116333, 152.9116826057434, 157.90970993041992, 162.06896495819092, 171.92165398597717, 177.00460290908813, 181.73751401901245, 186.86952257156372, 191.4947919845581, 195.9051582813263, 201.11773991584778, 206.11815571784973, 210.90531396865845, 216.67098021507263, 221.57496571540833, 226.3081669807434, 231.00225925445557, 235.88565874099731, 240.67546367645264, 246.2096710205078, 250.66254019737244, 254.71326732635498, 258.6551399230957, 263.3943405151367, 267.69641613960266, 271.98585176467896, 276.79328775405884, 281.855993270874, 285.29165601730347, 291.91713547706604, 295.9003736972809, 300.9158639907837, 305.80091190338135, 310.532799243927, 315.3347957134247, 319.5339753627777, 324.07628321647644, 329.1108887195587, 334.6507885456085, 339.56688022613525, 344.55102372169495, 349.5664885044098, 353.8147597312927, 366.7971634864807, 371.0970768928528, 375.39844608306885, 379.7848918437958, 384.271888256073, 389.6820456981659, 393.1723096370697, 396.64904522895813, 401.1125328540802, 406.1484639644623, 416.6591365337372, 421.78030943870544, 426.5380005836487, 431.1681475639343, 436.2316792011261, 440.23298239707947, 444.3868112564087, 448.99278378486633, 453.01722836494446, 456.4592170715332, 466.1456677913666, 471.1144959926605, 476.1934599876404, 480.1612768173218, 485.28154134750366, 490.1279363632202, 495.04369282722473, 499.84367871284485, 504.88052201271057, 509.0911691188812, 521.7634303569794], "val_loss": [808.099463671875, 4.552973866271973, 4.420635041046142, 4.329391091156006, 4.311117137145996, 4.2823746879577635, 4.243650487518311, 4.2200594207763675, 4.177069311523438, 4.212094435882569, 4.112686499023438, 4.0645154769897465, 4.069492630004882, 4.036418893432617, 4.0055516220092775, 4.02662862701416, 3.99966254196167, 3.959498545074463, 3.9126866027832032, 3.9105621269226076, 3.9357185859680177, 3.8582970066070557, 3.82178408203125, 3.8069570514678954, 3.7980348178863523, 3.785051346588135, 3.7790039112091063, 3.6832762504577636, 3.6891170867919922, 3.621890700149536, 3.7225576179504394, 3.730763435745239, 3.700247080230713, 3.5663451869964597, 3.5930760730743407, 3.6372519332885744, 3.529990828704834, 3.5522490867614747, 3.6659326766967775, 3.558576803970337, 3.696546431350708, 3.465453833770752, 3.5678134757995608, 3.518310078048706, 3.507861813735962, 3.5689733512878417, 3.6999432899475098, 3.5570993740081787, 3.5001828342437746, 3.458921248626709, 3.4732106636047364, 3.511733893966675, 3.517053451538086, 3.4575129192352296, 3.498657995605469, 3.38902953414917, 3.495751614379883, 3.4397044662475587, 3.4595313480377197, 3.4166977436065675, 3.4503172508239746, 3.5070809947967527, 3.4370446296691894, 3.523686095428467, 3.46667539100647, 3.4781286418914794, 3.4741788425445557, 3.5111147712707518, 3.4915306468963623, 3.544386833572388, 3.613474287414551, 3.5213195083618163, 3.5731159744262695, 3.56508395690918, 3.6393058906555176, 3.566916263961792, 3.575178534698486, 3.6372690002441406, 3.5929151428222657, 3.651192071533203, 3.6621432662963866, 3.6735351104736327, 3.64792078666687, 3.667696267700195, 3.674792042160034, 3.678308270263672, 3.6906439220428466, 3.7061152870178224, 3.69844806060791, 3.7050175910949705, 3.7013752532958986, 3.709200533294678, 3.7213077911376953, 3.730721768951416, 3.718312914276123, 3.710381607055664, 3.7314505722045896, 3.7169869369506836, 3.72198812789917, 3.725430711746216],