{"loss": [], "acc": [], "test_loss": [27.214368070983888, 4.625257546234131, 4.584604096221923, 4.589023289489746, 4.784069448852539, 4.586153387451172, 4.573899920654297, 4.566763712310791, 4.542743070220947, 4.509071424102784, 4.453641735076904, 4.408590833282471, 4.362864044189453, 4.221146289443969, 4.145791688919068, 4.1614272388458255, 4.045506963348389, 4.020541334915161, 4.17968953781128, 3.9766324073791504, 3.9470518394470213, 4.00796180229187, 3.927934357833862, 3.839579601287842, 3.8722804443359373, 3.7795571323394777, 3.790115855407715, 3.760695709991455, 3.7259675472259524, 3.7184596904754637, 3.7793731273651123, 3.7475170040130616, 3.707583292388916, 3.6962829051971435, 3.76104567527771, 3.57075898475647, 3.608904042816162, 3.612341622543335, 3.5955510231018066, 3.575744404602051, 3.6316454517364503, 3.6493039527893067, 3.5994224254608156, 3.5888768001556395, 3.5962760528564455, 3.6143848503112794, 3.6357125106811523, 3.6360521659851073, 3.6659500434875487, 3.7321470664978027, 3.644360544204712, 3.653083274078369, 3.5860725158691404, 3.7228032154083253, 3.7067123497009278, 3.8067850219726562, 3.9143299068450927, 3.7089009731292726, 3.963745478057861, 3.7232102546691896, 3.7447449760437013, 3.9339611671447754, 3.7879407867431643, 3.8617624309539793, 3.9334267848968505, 3.936644213485718, 4.005655155944824, 4.052685952758789, 4.0058637004852296, 4.031330027008057, 4.128005591964722, 4.117820426177978, 4.128338596343994, 4.141204426574707, 4.179550239181519, 4.190023399353027, 4.20571176071167, 4.213682539367675, 4.2413195011138916, 4.219989555740357, 4.218743964767456, 4.266329736328125, 4.278629933929444, 4.247461543273926, 4.269874765014649, 4.256265453338623, 4.283175359344482, 4.284378030395508, 4.289489127349854, 4.278132109832764, 4.294551130676269, 4.291341779708862, 4.297509605407715, 4.2900338504791256, 4.284434153747559, 4.283906549072266, 4.295033911132813, 4.2935804138183595, 4.300042038345337, 4.289062364959717], "test_acc": [0.8899999856948853, 1.2799999713897705, 1.4800000190734863, 1.2799999713897705, 1.5499999523162842, 1.5, 1.6799999475479126, 1.5799999237060547, 2.2799999713897705, 2.2200000286102295, 2.379999876022339, 3.049999952316284, 3.8299999237060547, 4.289999961853027, 5.059999942779541, 5.150000095367432, 6.71999979019165, 6.21999979019165, 6.71999979019165, 6.679999828338623, 7.779999732971191, 8.050000190734863, 7.579999923706055, 10.130000114440918, 9.84999942779541, 10.899999618530273, 10.679999351501465, 11.6899995803833, 11.729999542236328, 12.84999942779541, 12.389999389648438, 13.34999942779541, 14.089999198913574, 14.229999542236328, 13.539999961853027, 15.979999542236328, 15.539999961853027, 16.209999084472656, 16.689998626708984, 17.65999984741211, 16.3799991607666, 17.69999885559082, 17.94999885559082, 19.600000381469727, 18.829999923706055, 19.299999237060547, 19.739999771118164, 19.420000076293945, 20.489999771118164, 20.69999885559082, 21.90999984741211, 21.170000076293945, 22.760000228881836, 21.939998626708984, 21.979999542236328, 22.0, 21.479999542236328, 22.76999855041504, 22.010000228881836, 23.779998779296875, 24.43000030517578, 23.31999969482422, 24.619998931884766, 24.099998474121094, 23.59000015258789, 24.03999900817871, 24.559999465942383, 24.599998474121094, 25.099998474121094, 25.229999542236328, 25.44999885559082, 24.599998474121094, 25.079999923706055, 25.18000030517578, 25.619998931884766, 25.75, 25.469999313354492, 25.920000076293945, 26.189998626708984, 26.34000015258789, 26.25, 26.149999618530273, 26.34000015258789, 26.459999084472656, 26.469999313354492, 26.529998779296875, 26.549999237060547, 26.489999771118164, 26.31999969482422, 26.709999084472656, 26.529998779296875, 26.439998626708984, 26.309999465942383, 26.44999885559082, 26.709999084472656, 26.619998931884766, 26.479999542236328, 26.619998931884766, 26.59000015258789, 26.489999771118164], "wall_time": [5.894920587539673, 11.090357542037964, 15.886819839477539, 20.661431074142456, 25.68578290939331, 30.722915172576904, 35.739256143569946, 41.033676624298096, 46.32629084587097, 51.04945659637451, 56.225966930389404, 61.35633420944214, 66.63388919830322, 71.51182532310486, 76.5530219078064, 81.50746846199036, 86.63492345809937, 91.67496585845947, 96.78737092018127, 102.00454521179199, 107.27636075019836, 112.44762778282166, 117.58886861801147, 122.65282464027405, 127.72049617767334, 132.75352716445923, 138.04756379127502, 142.54086923599243, 147.6377182006836, 152.90228652954102, 157.32576513290405, 161.4252471923828, 166.3035707473755, 170.91927409172058, 176.10910367965698, 181.32699728012085, 186.46314096450806, 191.48854851722717, 196.5277078151703, 201.62116885185242, 206.93902277946472, 212.04209423065186, 217.09846329689026, 222.28856468200684, 227.46748065948486, 232.45629692077637, 237.17056155204773, 241.9297957420349, 246.77317357063293, 251.78458499908447, 256.87425899505615, 261.91509079933167, 267.1064591407776, 272.3147141933441, 277.2471206188202, 282.5684127807617, 287.6047294139862, 292.7829008102417, 297.82476568222046, 302.77587509155273, 308.0175838470459, 313.0223262310028, 318.30389308929443, 323.6116576194763, 328.7236399650574, 333.83634781837463, 338.54319858551025, 343.3052477836609, 348.5534188747406, 352.7869019508362, 358.04430866241455, 363.1230628490448, 368.04521560668945, 371.898334980011, 377.04352474212646, 382.2655282020569, 387.34426760673523, 391.9408550262451, 395.4890127182007, 400.72710847854614, 405.9107220172882, 410.84945917129517, 415.9704818725586, 420.75103759765625, 425.9558424949646, 429.43551659584045, 434.69381403923035, 439.48602747917175, 444.64646792411804, 449.6893916130066, 454.86074662208557, 459.6264753341675, 464.7581057548523, 469.8679165840149, 475.1089332103729, 480.3899018764496, 485.4455211162567, 490.66549825668335, 495.95196509361267, 501.0283257961273], "val_loss": [26.238519137573242, 4.620266174316407, 4.584322104644776, 4.58935625, 4.761710719299316, 4.583877104949951, 4.570182063293457, 4.560718450927735, 4.543358552551269, 4.516425273132324, 4.454992883300782, 4.4041715980529785, 4.358437454986572, 4.218752811431885, 4.1383868576049805, 4.154634525299072, 4.044737394714356, 4.015083992004395, 4.160898566436767, 3.9633857666015624, 3.945667463684082, 4.004711283874512, 3.9068700889587404, 3.827726439285278, 3.863269876861572, 3.772290323638916, 3.7837985412597654, 3.7488606510162352, 3.7153016628265383, 3.7205205993652344, 3.76329500541687, 3.72346089553833, 3.7288085556030275, 3.677803070831299, 3.7624326751708983, 3.5494274696350097, 3.593145575332642, 3.6048741218566893, 3.5908039562225342, 3.5499914978027345, 3.621171528625488, 3.6597603298187256, 3.567067883300781, 3.5972209701538085, 3.6069130870819093, 3.5912717224121096, 3.6431596488952636, 3.6149407863616942, 3.663037735748291, 3.711543523788452, 3.6633829627990724, 3.6289367897033693, 3.5440975311279295, 3.70963744468689, 3.681634772109985, 3.773678504180908, 3.92490901260376, 3.7203258239746093, 3.9277004364013672, 3.733380219268799, 3.771088612365723, 3.9411771995544433, 3.8111607543945314, 3.886262377166748, 3.944481072998047, 3.9676473243713377, 4.021209312438965, 4.050862022399903, 4.061856842803955, 4.060951139068604, 4.161629881286621, 4.12322215423584, 4.1620423721313475, 4.1775618019104, 4.208617692565918, 4.222046124267578, 4.204149620819091, 4.215206911468506, 4.251937726593018, 4.23101031036377, 4.264861162567139, 4.295752493286133, 4.302901333618164, 4.285587680053711, 4.310908181762695, 4.300190397644043, 4.327032821655274, 4.321717923736572, 4.318780429077148, 4.317688856506348, 4.32620877532959, 4.322282981109619, 4.3320603225708005, 4.330882656097412, 4.321444274902344, 4.321481721496582, 4.335038703155518, 4.330807072448731, 4.333960285949707, 4.322038788604736],