{"loss": [], "acc": [], "test_loss": [48.7615259765625, 4.542185173797607, 4.65524234161377, 4.425386939239502, 4.322058953857422, 4.281504516601562, 4.209274994277954, 4.17850721282959, 4.112842835235596, 4.143651097488403, 4.0828568000793455, 4.190965842819214, 4.039211162185669, 4.047144635009766, 3.972589053726196, 3.9856935161590576, 3.9372441398620603, 9.254534043121337, 3.9023170211791993, 3.8235608879089353, 3.8713141563415525, 3.7976199810028075, 3.79233649597168, 3.816986309814453, 3.728160543060303, 3.67105214805603, 3.682895040130615, 3.6374349880218504, 3.607674769973755, 3.573904541015625, 3.595973849105835, 3.523608585357666, 3.457877412414551, 3.4889708404541016, 3.416542528152466, 3.4186681407928465, 3.418525497055054, 3.4038870052337646, 3.4009349426269533, 3.428920669555664, 3.354547957992554, 3.455147968673706, 3.467341916656494, 3.3486604030609133, 3.38149195022583, 3.3228255870819092, 3.2828910026550293, 3.3160851600646972, 3.3591705219268797, 3.336023011779785, 3.277226309967041, 3.3439568008422853, 3.4659541229248045, 3.3272099327087403, 3.3906603675842284, 3.3714702018737794, 3.459308381271362, 3.3249087154388426, 3.4105310892105103, 3.4428497146606447, 3.493892266845703, 3.5857096466064453, 3.488600114059448, 3.555409981536865, 3.5610127777099607, 3.5171338512420656, 3.5378683902740478, 3.623887152481079, 3.6292819725036622, 3.646154023742676, 3.6383767040252684, 3.6437198036193847, 3.6996165908813476, 3.715760983657837, 3.6792028835296633, 3.6880003295898436, 3.7015897079467774, 3.759691114807129, 3.7702145896911623, 3.765624491882324, 3.7462876300811767, 3.758661797142029, 3.744105179977417, 3.774883004951477, 3.7634688819885254, 3.7655032974243166, 3.7548654273986815, 3.777462309265137, 3.7861334865570067, 3.7725381832122804, 3.7806114860534668, 3.7895853973388673, 3.793440131378174, 3.798930785369873, 3.789681851196289, 3.7801083541870115, 3.797340509796143, 3.797079912185669, 3.784659176635742, 3.800677205657959], "test_acc": [1.0099999904632568, 1.959999918937683, 3.119999885559082, 2.819999933242798, 3.669999837875366, 4.940000057220459, 4.849999904632568, 5.5, 6.0, 5.739999771118164, 6.559999942779541, 5.980000019073486, 6.619999885559082, 6.839999675750732, 8.079999923706055, 8.34000015258789, 8.220000267028809, 8.869999885559082, 9.550000190734863, 10.039999961853027, 9.519999504089355, 11.449999809265137, 11.569999694824219, 11.960000038146973, 12.949999809265137, 13.489999771118164, 13.639999389648438, 14.079999923706055, 14.899999618530273, 15.769999504089355, 16.6299991607666, 16.69999885559082, 17.770000457763672, 17.579999923706055, 19.459999084472656, 18.770000457763672, 18.559999465942383, 19.479999542236328, 20.369998931884766, 21.44999885559082, 21.34000015258789, 20.639999389648438, 21.619998931884766, 22.869998931884766, 22.689998626708984, 23.809999465942383, 23.94999885559082, 23.90999984741211, 24.3799991607666, 25.079999923706055, 25.26999855041504, 24.799999237060547, 24.44999885559082, 25.3799991607666, 25.84000015258789, 26.25, 25.639999389648438, 27.56999969482422, 26.829999923706055, 26.84000015258789, 27.09000015258789, 26.34000015258789, 27.779998779296875, 27.76999855041504, 27.84000015258789, 28.479999542236328, 28.3799991607666, 28.209999084472656, 27.920000076293945, 27.969999313354492, 28.469999313354492, 28.739999771118164, 28.85999870300293, 29.35999870300293, 29.25, 29.459999084472656, 29.94999885559082, 29.619998931884766, 29.42999839782715, 29.60999870300293, 29.92999839782715, 30.139999389648438, 30.01999855041504, 30.099998474121094, 29.709999084472656, 30.25, 30.639999389648438, 30.649999618530273, 30.099998474121094, 30.189998626708984, 30.149999618530273, 30.029998779296875, 30.10999870300293, 30.369998931884766, 30.349998474121094, 30.40999984741211, 30.229999542236328, 30.189998626708984, 30.349998474121094, 30.329999923706055], "wall_time": [5.521294832229614, 9.673603296279907, 13.881670951843262, 18.10736918449402, 22.401352643966675, 27.345360040664673, 32.08737397193909, 36.84926080703735, 41.50357270240784, 46.635284662246704, 51.440696716308594, 55.98704481124878, 60.83161950111389, 65.82822227478027, 70.77192974090576, 74.99043560028076, 78.4039089679718, 81.84511947631836, 85.49966621398926, 88.94918274879456, 93.01928091049194, 98.20095467567444, 103.27013945579529, 108.35336017608643, 113.29690456390381, 118.26777863502502, 123.35280418395996, 128.3501479625702, 132.92035555839539, 137.95922565460205, 142.91129088401794, 147.7842447757721, 152.69014883041382, 157.79536199569702, 162.3728380203247, 167.45818972587585, 172.4581959247589, 177.4152796268463, 182.35883259773254, 187.36103010177612, 192.48535060882568, 197.49052000045776, 202.25945401191711, 207.14355182647705, 212.18178844451904, 216.86386466026306, 221.66051197052002, 226.73794388771057, 231.70149660110474, 236.69809341430664, 241.5701425075531, 246.41328120231628, 251.46118187904358, 256.52325224876404, 261.27278566360474, 264.7166917324066, 269.76581382751465, 274.75277853012085, 278.81842851638794, 282.87407422065735, 287.4701862335205, 292.2899270057678, 297.3936343193054, 302.420485496521, 307.5531940460205, 312.55594277381897, 317.3216004371643, 322.0401453971863, 327.03982615470886, 332.1166355609894, 337.19482135772705, 342.2472896575928, 347.31738924980164, 352.3189272880554, 357.35108757019043, 362.49045515060425, 366.3244879245758, 371.2266917228699, 375.9821445941925, 380.82153487205505, 385.0731225013733, 389.6793124675751, 394.4885106086731, 399.31940054893494, 404.3317151069641, 409.36151146888733, 414.45077776908875, 419.408225774765, 424.17011761665344, 429.1590316295624, 434.2530300617218, 439.23446774482727, 444.0945997238159, 448.95221638679504, 453.53807187080383, 458.5997750759125, 463.6450459957123, 468.3928451538086, 472.52186465263367, 476.56104826927185], "val_loss": [47.94693143310547, 4.530418295288086, 4.523441635131836, 4.415992853546142, 4.317826657104492, 4.2689151885986325, 4.200111520385742, 4.172529270172119, 4.109866534423828, 4.137120907592774, 4.074006356811523, 4.182933009338379, 4.032817855072022, 4.041218201446533, 3.965026667404175, 3.988428551483154, 3.925507151031494, 7.889867547607422, 3.905462462615967, 3.8289352256774905, 3.8540199394226073, 3.7946246173858644, 3.8005121486663818, 3.8226702335357667, 3.7441733070373537, 3.6780406398773193, 3.6733592433929445, 3.632788140487671, 3.5965013610839844, 3.5760434509277346, 3.5865671592712403, 3.5206186088562013, 3.449258798599243, 3.4911347888946533, 3.4027300048828124, 3.387911560821533, 3.408421200942993, 3.381044342422485, 3.369703701019287, 3.4053832233428953, 3.3468377677917482, 3.440165713119507, 3.4410418071746824, 3.331238208770752, 3.3345109855651853, 3.3161917098999023, 3.257126365661621, 3.3061176136016845, 3.344526724243164, 3.294100735092163, 3.2496846549987795, 3.319383313369751, 3.4207089294433595, 3.279573663711548, 3.3568411300659178, 3.3201730350494385, 3.37841851234436, 3.287326792907715, 3.380288705444336, 3.40337684135437, 3.4542050895690917, 3.5440540718078615, 3.438761082458496, 3.4968382080078126, 3.5106048252105713, 3.485913010406494, 3.491638191986084, 3.5559615699768066, 3.5588881019592287, 3.59798648147583, 3.583801835632324, 3.589404106903076, 3.63599733581543, 3.663463618469238, 3.6381492599487304, 3.6438943702697753, 3.653327598953247, 3.7012987285614014, 3.714222053909302, 3.7215411911010743, 3.686449146270752, 3.713477972412109, 3.7043716911315916, 3.727085941314697, 3.7084898468017577, 3.7154429077148436, 3.7097607849121093, 3.7224630634307863, 3.73640966758728, 3.7231681243896486, 3.7301972316741945, 3.7395992309570314, 3.742591572189331, 3.7524749305725096, 3.7419060340881347, 3.7331219261169433, 3.7468809196472166, 3.747062471008301, 3.7374337356567384, 3.7515823593139648],