{"loss": [], "acc": [], "test_loss": [234.17040625, 4.672911938476562, 4.553066600799561, 4.550693371582032, 4.412397007751465, 4.320292068862915, 4.2375623241424565, 4.145897988128662, 4.132454830932617, 4.154531461334228, 4.08915732421875, 4.073077711868286, 4.033193093490601, 4.026075718688965, 3.9930575920104983, 4.003096419906616, 3.9174041801452635, 3.9315609771728517, 3.9193854244232176, 3.9284265312194826, 3.8344038047790527, 3.7768881427764893, 3.7594157314300536, 3.851650328826904, 3.66498017578125, 3.7111098350524903, 3.6399479454040526, 3.633038935852051, 3.597681145477295, 3.5826568656921385, 3.5415597663879392, 3.568393737411499, 3.487471263504028, 3.5653960021972657, 3.4001624195098876, 3.4416996528625488, 3.3647359382629394, 3.386920947265625, 3.4408105098724366, 3.340157511138916, 3.356831103515625, 3.3124584999084474, 3.353219311141968, 3.263731198120117, 3.320948461151123, 3.2182374168395995, 3.3878778381347656, 3.3532139087677, 3.1956299493789673, 3.209084111785889, 3.290393868637085, 3.1816830039978026, 3.168528670501709, 3.1679025131225584, 3.219774585723877, 3.1302338565826417, 3.3086980907440187, 3.23945135345459, 3.2000480617523195, 3.1501679042816164, 3.184529349517822, 3.1895955863952636, 3.1865872230529786, 3.2224103843688963, 3.1685827716827393, 3.2518508407592774, 3.2502311862945557, 3.213801732254028, 3.251399341583252, 3.2841530406951907, 3.258313053894043, 3.2711662673950195, 3.2836109161376954, 3.2452268253326415, 3.271807968902588, 3.2534714458465577, 3.2791183856964112, 3.268269816207886, 3.28982353477478, 3.268766763305664, 3.329936388015747, 3.322797777175903, 3.3097099308013918, 3.3532607402801515, 3.332297406005859, 3.319698818588257, 3.3492027496337893, 3.346086879348755, 3.353782303237915, 3.3539093509674074, 3.3652555725097657, 3.3587684200286865, 3.3502044876098633, 3.360501545715332, 3.3628196762084963, 3.3542447036743166, 3.3623521770477294, 3.3624140769958495, 3.36552373046875, 3.357532136917114], "test_acc": [1.0899999141693115, 1.6699999570846558, 2.490000009536743, 2.8899998664855957, 3.18999981880188, 3.619999885559082, 3.759999990463257, 4.460000038146973, 5.12999963760376, 4.75, 6.179999828338623, 5.489999771118164, 6.149999618530273, 5.989999771118164, 7.109999656677246, 7.419999599456787, 8.179999351501465, 8.479999542236328, 8.539999961853027, 9.219999313354492, 10.519999504089355, 10.899999618530273, 11.59999942779541, 10.579999923706055, 12.880000114440918, 12.059999465942383, 13.889999389648438, 14.399999618530273, 13.829999923706055, 14.799999237060547, 15.710000038146973, 16.219999313354492, 17.28999900817871, 15.969999313354492, 18.31999969482422, 18.03999900817871, 19.479999542236328, 18.85999870300293, 18.729999542236328, 20.219999313354492, 20.639999389648438, 22.170000076293945, 22.239999771118164, 22.559999465942383, 21.75, 23.69999885559082, 22.899999618530273, 22.78999900817871, 24.35999870300293, 25.529998779296875, 24.479999542236328, 26.56999969482422, 26.31999969482422, 27.059999465942383, 27.049999237060547, 28.149999618530273, 26.619998931884766, 28.10999870300293, 27.84000015258789, 28.84000015258789, 28.829999923706055, 29.119998931884766, 28.84000015258789, 29.219999313354492, 30.219999313354492, 29.53999900817871, 30.639999389648438, 30.06999969482422, 30.509998321533203, 30.26999855041504, 31.3799991607666, 31.51999855041504, 31.799999237060547, 31.439998626708984, 32.23999786376953, 32.130001068115234, 32.130001068115234, 32.779998779296875, 32.34000015258789, 32.16999816894531, 32.5, 32.369998931884766, 32.689998626708984, 33.0099983215332, 33.02000045776367, 32.869998931884766, 32.36000061035156, 33.07999801635742, 32.71999740600586, 32.71999740600586, 32.90999984741211, 32.93000030517578, 33.06999969482422, 32.90999984741211, 33.099998474121094, 33.05999755859375, 32.7599983215332, 32.959999084472656, 32.82999801635742, 32.880001068115234], "wall_time": [4.909892559051514, 9.322729110717773, 13.89946436882019, 18.397355318069458, 22.983732223510742, 27.468734979629517, 32.10988926887512, 36.656702756881714, 41.102516651153564, 45.628865242004395, 49.93812656402588, 54.464964628219604, 58.61367344856262, 63.16868185997009, 67.70198154449463, 71.79052996635437, 75.8418984413147, 80.33851599693298, 84.8965106010437, 89.53044772148132, 93.72034740447998, 97.75086402893066, 102.16530060768127, 106.39602303504944, 110.7922875881195, 115.11071681976318, 119.5871422290802, 124.09862208366394, 128.6163821220398, 133.00199699401855, 137.6099488735199, 142.06781673431396, 146.48283290863037, 150.93239092826843, 155.07814049720764, 159.52169275283813, 163.96716690063477, 168.4004783630371, 172.78720021247864, 177.27823424339294, 181.84886646270752, 186.30976104736328, 190.814293384552, 195.27823758125305, 199.84372520446777, 204.15592789649963, 208.6160593032837, 213.15750122070312, 217.45389032363892, 221.94573307037354, 226.43997311592102, 230.83188366889954, 235.3539798259735, 239.90198373794556, 244.35461616516113, 248.86642956733704, 253.29716515541077, 257.6722128391266, 261.8845376968384, 266.4050576686859, 270.8943524360657, 275.3964307308197, 279.9332811832428, 284.4305181503296, 287.953412771225, 291.4446222782135, 295.7605471611023, 300.2957446575165, 304.49610114097595, 308.8674039840698, 313.3185272216797, 317.81678652763367, 322.20263504981995, 326.41604137420654, 330.6501770019531, 335.1478416919708, 339.64512968063354, 344.0574278831482, 348.60636925697327, 352.9875190258026, 356.534955739975, 360.1165347099304, 364.6557331085205, 369.16412329673767, 373.7602069377899, 378.2376003265381, 382.4293942451477, 386.88672637939453, 390.9194769859314, 395.2985346317291, 399.79625844955444, 404.42188835144043, 408.3724558353424, 412.695969581604, 417.26289558410645, 421.5136034488678, 425.72101068496704, 429.9983334541321, 434.232439994812, 438.10880994796753], "val_loss": [237.39435380859376, 4.666592591094971, 4.5419961380004885, 4.52382530670166, 4.392550694274902, 4.302233107757568, 4.226628536224365, 4.125843764495849, 4.112965075683594, 4.14163516998291, 4.0760027763366695, 4.046910032653809, 4.019852782440186, 4.015807107162476, 3.9749485832214355, 3.9917710067749024, 3.9187587745666503, 3.9226911506652833, 3.908098648452759, 3.9215070865631105, 3.8260491024017336, 3.7515047286987304, 3.74879931640625, 3.851238743209839, 3.655573070526123, 3.702729259109497, 3.6591851341247557, 3.646768077850342, 3.5999961112976075, 3.6113890083312987, 3.519300942230225, 3.5571451423645017, 3.5098648597717284, 3.584201950454712, 3.4166446437835694, 3.4397342658996584, 3.3778142951965333, 3.4043702697753906, 3.4383159568786623, 3.359957098007202, 3.374751975631714, 3.335057270050049, 3.365907978439331, 3.255108453369141, 3.3380200763702392, 3.223596509170532, 3.390521008682251, 3.368647590637207, 3.2328257385253907, 3.2063157779693605, 3.2738096000671386, 3.187801528930664, 3.170813697052002, 3.1497945304870605, 3.2168230876922608, 3.13122893447876, 3.2871004543304445, 3.239693756866455, 3.181245359039307, 3.1391924194335936, 3.18735782623291, 3.172781289291382, 3.1657263000488283, 3.201244696807861, 3.1496678718566895, 3.2483909118652345, 3.2320705936431886, 3.2164654766082763, 3.2257929138183594, 3.2639151504516604, 3.2498055694580077, 3.282200140762329, 3.276240464782715, 3.25806125831604, 3.265279748535156, 3.24462123336792, 3.266757173538208, 3.255672888183594, 3.284895671081543, 3.2647477752685545, 3.3029049953460694, 3.3025323192596434, 3.2866915336608886, 3.3263411598205566, 3.32039331741333, 3.300214593887329, 3.3270909843444825, 3.31909380607605, 3.3208303916931152, 3.3236128250122072, 3.336698126220703, 3.331308374404907, 3.3248773025512697, 3.335543558883667, 3.3410093696594236, 3.329943176269531, 3.336627925872803, 3.3377037841796877, 3.3417404972076414, 3.3317957065582275],