{"loss": [], "acc": [], "test_loss": [14.977453788757325, 4.586759188842773, 4.370236653137207, 4.327261751556397, 4.241832180023193, 4.135164188385009, 4.083891198348999, 4.038228832244873, 4.007233633422851, 3.964756785583496, 3.8911827438354494, 3.9206055320739748, 3.8885606506347656, 3.7609255294799806, 3.8569848667144777, 3.719819899749756, 3.6944877456665037, 3.856262140274048, 3.71527813873291, 3.6773661491394045, 3.5542926708221434, 3.661577643966675, 3.57355044631958, 3.613191114425659, 3.4700897453308106, 3.3876693603515626, 3.503657185745239, 3.345842657470703, 3.383119223022461, 3.3425565818786622, 3.447595127105713, 3.295052027130127, 3.4387632507324217, 3.3351912658691405, 3.3664300773620606, 3.340550594329834, 3.5264352142333983, 3.3325579624176025, 3.3088663932800295, 3.306820296096802, 3.333663098144531, 3.400745267486572, 3.233603490447998, 3.2319798194885254, 3.2460988327026365, 3.2974732833862306, 3.4096806518554685, 3.3525169330596922, 3.4547542377471925, 3.3735740756988526, 3.3228940784454344, 3.434871323394775, 3.413193631744385, 3.455806028366089, 3.486065909957886, 3.463452362060547, 3.556156453704834, 3.508030711555481, 3.562269101715088, 3.6077621978759766, 3.5380824436187743, 3.565959101867676, 3.6758492729187013, 3.7052441665649414, 3.592021520614624, 3.7217500442504883, 3.736415972518921, 3.6675801780700685, 3.656381274795532, 3.672451100540161, 3.7178655242919922, 3.682461526107788, 3.6958475355148317, 3.696997547149658, 3.754307398223877, 3.685515972137451, 3.729234683418274, 3.7338203371047975, 3.719089661026001, 3.7327100090026857, 3.7294287784576414, 3.7166783763885496, 3.724205672454834, 3.7223758028030396, 3.6934040365219114, 3.7282330739974974, 3.719889797401428, 3.7345014026641845, 3.7161813526153566, 3.7237326751708983, 3.7105369567871094, 3.7225654655456544, 3.7096945499420166, 3.716809456253052, 3.7127677675247193, 3.7178740056991577, 3.7093237056732176, 3.7204131019592284, 3.7190781229019163, 3.7118972202301026], "test_acc": [1.3600000143051147, 2.809999942779541, 3.8399999141693115, 4.139999866485596, 3.93999981880188, 5.670000076293945, 5.960000038146973, 6.419999599456787, 5.710000038146973, 6.919999599456787, 8.550000190734863, 8.65999984741211, 8.229999542236328, 11.199999809265137, 10.729999542236328, 11.50999927520752, 11.90999984741211, 10.649999618530273, 12.380000114440918, 13.219999313354492, 14.059999465942383, 13.6899995803833, 15.539999961853027, 14.649999618530273, 17.439998626708984, 18.81999969482422, 18.3799991607666, 19.19999885559082, 19.510000228881836, 20.899999618530273, 20.18000030517578, 22.549999237060547, 21.219999313354492, 22.799999237060547, 22.35999870300293, 22.779998779296875, 21.600000381469727, 24.260000228881836, 23.489999771118164, 24.3799991607666, 26.149999618530273, 25.079999923706055, 26.729999542236328, 28.06999969482422, 27.739999771118164, 27.3799991607666, 27.40999984741211, 28.90999984741211, 27.279998779296875, 28.759998321533203, 28.510000228881836, 29.119998931884766, 29.279998779296875, 29.8799991607666, 29.42999839782715, 30.5, 30.149999618530273, 30.959999084472656, 30.31999969482422, 31.28999900817871, 31.329999923706055, 31.599998474121094, 30.709999084472656, 30.989999771118164, 31.90999984741211, 32.14999771118164, 31.709999084472656, 32.290000915527344, 32.86000061035156, 33.040000915527344, 32.71999740600586, 32.95000076293945, 33.31999969482422, 32.72999954223633, 32.790000915527344, 33.290000915527344, 33.06999969482422, 33.27000045776367, 33.34000015258789, 33.16999816894531, 33.65999984741211, 33.75, 33.349998474121094, 33.55999755859375, 34.05999755859375, 33.80999755859375, 33.959999084472656, 33.869998931884766, 33.89999771118164, 33.79999923706055, 34.189998626708984, 33.849998474121094, 34.0099983215332, 33.84000015258789, 34.02000045776367, 33.939998626708984, 34.0, 33.97999954223633, 33.91999816894531, 34.279998779296875], "wall_time": [4.894150733947754, 8.921479225158691, 13.026078224182129, 17.131650924682617, 21.235472202301025, 24.406686067581177, 28.592151165008545, 32.71981859207153, 36.747374534606934, 40.955345153808594, 45.158278942108154, 49.36420702934265, 53.464239835739136, 57.47529172897339, 61.801727533340454, 66.07113814353943, 70.07011771202087, 74.38518190383911, 78.20458436012268, 82.14575433731079, 86.2916407585144, 90.17606234550476, 93.53672289848328, 96.74976873397827, 101.09059119224548, 104.9676206111908, 108.9399061203003, 112.65582275390625, 116.99721956253052, 121.31440687179565, 125.6160671710968, 129.55242347717285, 133.85781598091125, 137.7610080242157, 141.57561659812927, 145.30174040794373, 149.1172616481781, 153.44385051727295, 157.4912350177765, 161.56425142288208, 165.4945526123047, 169.7273063659668, 174.04354691505432, 178.03995180130005, 182.0597562789917, 185.4523582458496, 188.64523601531982, 191.79936933517456, 194.91829800605774, 198.1075222492218, 201.55457162857056, 204.99876260757446, 209.28773975372314, 213.6220965385437, 217.8593771457672, 222.18344807624817, 226.45657920837402, 230.76237034797668, 235.07294392585754, 239.32049465179443, 243.66927576065063, 247.77595925331116, 252.0878882408142, 256.4129102230072, 260.6525237560272, 264.8318021297455, 269.0990138053894, 273.35020780563354, 277.2835605144501, 280.3617615699768, 284.6959562301636, 288.99312353134155, 293.2140600681305, 297.530641078949, 301.80170249938965, 306.10512113571167, 310.44632363319397, 314.78344345092773, 318.95244812965393, 323.2077775001526, 327.5231568813324, 331.7743775844574, 335.7761220932007, 340.07645082473755, 343.8037486076355, 348.16740703582764, 352.50844407081604, 356.861741065979, 361.1864285469055, 365.0009801387787, 368.6892263889313, 372.38292121887207, 376.70172214508057, 380.9976763725281, 385.25103735923767, 389.52045702934265, 393.80476117134094, 398.09907746315, 402.402437210083, 406.6988980770111], "val_loss": [14.72655870513916, 4.582620918273926, 4.366798864746094, 4.315061182403564, 4.227485470581055, 4.130912227630615, 4.076875188446045, 4.031401564025879, 4.003696820831299, 3.954167264556885, 3.8870408264160154, 3.8986236022949217, 3.8727469177246094, 3.76119234085083, 3.852796462249756, 3.723699541091919, 3.693449725341797, 3.8636764446258547, 3.7425589195251465, 3.6986125652313233, 3.5794446186065674, 3.652578998565674, 3.5782233699798582, 3.6141821617126464, 3.478241868209839, 3.395480306625366, 3.5055722869873045, 3.3332266273498536, 3.3735870738983156, 3.343140227890015, 3.4474850704193116, 3.2918641895294187, 3.4196967971801757, 3.324015700912476, 3.3498712997436524, 3.3213087131500245, 3.5072220531463625, 3.31628161315918, 3.295632307434082, 3.2901066486358643, 3.3354292404174806, 3.3682390365600585, 3.2194900577545167, 3.199066361618042, 3.1833054695129395, 3.221977474975586, 3.381844969177246, 3.314951186752319, 3.4135526485443117, 3.338585158538818, 3.30207128944397, 3.399879873275757, 3.3689304256439208, 3.420736410140991, 3.4471050395965577, 3.424858024597168, 3.5316721576690675, 3.4790107803344728, 3.501793215942383, 3.58207407913208, 3.488955451583862, 3.517454782104492, 3.5885741130828857, 3.631241626739502, 3.5492284427642824, 3.6572795909881592, 3.6747344047546386, 3.591196249771118, 3.608961710357666, 3.6233006572723387, 3.6572774993896484, 3.611288706970215, 3.648748449707031, 3.6325812198638916, 3.6922930335998534, 3.6250366535186767, 3.6563753078460692, 3.6758996143341065, 3.6490486099243165, 3.6684160861968995, 3.6614258384704588, 3.644100322723389, 3.6506952018737793, 3.6555936466217043, 3.6153946838378905, 3.644896484375, 3.643633310317993, 3.6567099143981934, 3.6388072467803956, 3.642067191696167, 3.631660983657837, 3.6412389350891115, 3.6335640357971193, 3.638032006072998, 3.6364984676361085, 3.638712615585327, 3.6367055500030516, 3.64304677734375, 3.6432680065155028, 3.6374576686859132],