{"loss": [], "acc": [], "test_loss": [768.055483203125, 17.653984997558595, 4.522037968444824, 6.7598759536743165, 101.87693488235473, 4.398494686126709, 95.52388461837768, 2060.696864945221, 326.5173388809204, 433.8172200645447, 173.1871104549408, 514.2281300041199, 7.253047113800049, 106.32944294586181, 57.2401347782135, 289.97437335891726, 3336.8923064273836, 4.073379682922363, 4.001654537200928, 4.015737030792236, 3.945299853515625, NaN, NaN, NaN, NaN, NaN, NaN, NaN, NaN, NaN, NaN, NaN, NaN, NaN, NaN, NaN, NaN, NaN, NaN, NaN, NaN, NaN, NaN, NaN, NaN, NaN, NaN, NaN, NaN, NaN, NaN, NaN, NaN, NaN, NaN, NaN, NaN, NaN, NaN, NaN, NaN, NaN, NaN, NaN, NaN, NaN, NaN, NaN, NaN, NaN, NaN, NaN, NaN, NaN, NaN, NaN, NaN, NaN, NaN, NaN, NaN, NaN, NaN, NaN, NaN, NaN, NaN, NaN, NaN, NaN, NaN, NaN, NaN, NaN, NaN, NaN, NaN, NaN, NaN, NaN], "test_acc": [1.0499999523162842, 1.6899999380111694, 1.9499999284744263, 1.7899999618530273, 2.509999990463257, 2.359999895095825, 2.3499999046325684, 2.609999895095825, 2.809999942779541, 3.5, 3.5399999618530273, 3.990000009536743, 4.5, 4.940000057220459, 4.980000019073486, 4.71999979019165, 5.37999963760376, 5.199999809265137, 6.619999885559082, 5.960000038146973, 6.989999771118164, 0.35999998450279236, 0.9299999475479126, 0.8499999642372131, 1.0199999809265137, 0.8299999833106995, 0.8799999952316284, 0.8299999833106995, 1.0699999332427979, 1.2300000190734863, 0.9699999690055847, 1.0899999141693115, 0.9099999666213989, 1.1699999570846558, 0.8100000023841858, 1.4499999284744263, 1.0899999141693115, 1.0099999904632568, 1.5099999904632568, 1.4499999284744263, 1.7299998998641968, 1.4299999475479126, 1.25, 1.7999999523162842, 1.559999942779541, 1.7400000095367432, 1.399999976158142, 1.8599998950958252, 2.1599998474121094, 1.0899999141693115, 1.7699999809265137, 1.7899999618530273, 1.5699999332427979, 1.6200000047683716, 2.2899999618530273, 1.149999976158142, 1.0799999237060547, 0.9199999570846558, 1.2999999523162842, 1.1200000047683716, 1.100000023841858, 1.0699999332427979, 1.1100000143051147, 1.0699999332427979, 1.0299999713897705, 1.0799999237060547, 0.9099999666213989, 0.8799999952316284, 0.9799999594688416, 1.0699999332427979, 1.1100000143051147, 1.0699999332427979, 1.2400000095367432, 0.9399999976158142, 1.159999966621399, 0.9599999785423279, 1.0699999332427979, 0.9899999499320984, 0.9599999785423279, 1.159999966621399, 1.1399999856948853, 1.0299999713897705, 1.0499999523162842, 1.0399999618530273, 1.059999942779541, 1.0699999332427979, 1.0899999141693115, 0.9899999499320984, 1.0399999618530273, 1.0099999904632568, 1.0499999523162842, 1.0299999713897705, 1.0, 1.0199999809265137, 0.9799999594688416, 1.0, 0.9799999594688416, 0.9899999499320984, 1.0299999713897705, 0.9799999594688416], "wall_time": [5.351270437240601, 9.662520408630371, 14.211271286010742, 18.862595081329346, 23.720988750457764, 28.43231201171875, 38.806126832962036, 43.48145937919617, 48.328635931015015, 53.09527039527893, 57.66000151634216, 62.585970878601074, 67.31979751586914, 72.12394857406616, 77.85596704483032, 81.08861112594604, 84.45342898368835, 89.14381265640259, 93.78427696228027, 98.57676696777344, 103.32260417938232, 107.74630808830261, 111.92313599586487, 115.7299325466156, 122.18000674247742, 126.9978141784668, 131.95113611221313, 136.1675000190735, 141.04079914093018, 145.9145393371582, 150.7770071029663, 155.55176067352295, 160.43215370178223, 166.60685777664185, 170.38296365737915, 174.3260600566864, 181.91499257087708, 186.210040807724, 190.7154562473297, 195.05964851379395, 199.81346082687378, 203.20137882232666, 207.31413865089417, 210.78158521652222, 214.8734633922577, 219.64226174354553, 224.32136178016663, 233.61856031417847, 237.95939993858337, 242.85990691184998, 247.63026094436646, 252.38231825828552, 255.75180196762085, 259.46936798095703, 263.4995205402374, 268.37240958213806, 272.57676815986633, 284.8150405883789, 288.0920395851135, 291.33483815193176, 294.9198389053345, 298.80699467658997, 302.9011776447296, 307.5774941444397, 312.2787218093872, 315.6459262371063, 319.9528670310974, 324.91251611709595, 335.1152651309967, 339.52153849601746, 344.1820476055145, 348.8204755783081, 353.34826588630676, 358.0647814273834, 363.514285326004, 368.3558864593506, 373.17924642562866, 377.97883105278015, 385.45684123039246, 390.21991539001465, 394.70741748809814, 399.58873081207275, 404.4563293457031, 409.287633895874, 413.85762000083923, 418.8437612056732, 423.7607972621918, 428.5343089103699, 431.93792247772217, 436.91591930389404, 441.73175716400146, 446.6376712322235, 451.46153020858765, 458.0080199241638, 462.5761046409607, 466.56092715263367, 471.0212676525116, 477.53305673599243, 482.4401149749756, 487.1860375404358], "val_loss": [705.7787924804687, 5.312462441253662, 4.517150114440918, 4.517471251678467, 4.437493855285645, 4.402137586975098, 4.393320695495605, 4.840153365325928, 4.342851175689697, 4.2863508911132815, 4.267527598571777, 4.217620254516602, 4.200653149414062, 4.10944203414917, 4.0775164894104, 4.107170681762695, 3399.223796485138, 4.078704666900634, 4.001098132324219, 4.014619053268433, 3.9432570556640627, NaN, NaN, NaN, NaN, NaN, NaN, NaN, NaN, NaN, NaN, NaN, NaN, NaN, NaN, NaN, NaN, NaN, NaN, NaN, NaN, NaN, NaN, NaN, NaN, NaN, NaN, NaN, NaN, NaN, NaN, NaN, NaN, NaN, NaN, NaN, NaN, NaN, NaN, NaN, NaN, NaN, NaN, NaN, NaN, NaN, NaN, NaN, NaN, NaN, NaN, NaN, NaN, NaN, NaN, NaN, NaN, NaN, NaN, NaN, NaN, NaN, NaN, NaN, NaN, NaN, NaN, NaN, NaN, NaN, NaN, NaN, NaN, NaN, NaN, NaN, NaN, NaN, NaN, NaN], "val_acc": [1.0, 1.559999942779541, 1.959999918937683, 1.8799999952316284, 2.3899998664855957, 2.3999998569488525, 2.5199999809265137, 2.4800000190734863, 3.129999876022339, 3.7899999618530273, 3.8499999046325684, 3.7699999809265137, 4.659999847412109, 4.980000019073486, 4.589999675750732, 5.109999656677246, 5.789999961853027, 5.210000038146973, 6.509999752044678, 6.210000038146973, 7.230000019073486, 0.07999999821186066, 0.9599999785423279, 1.0, 1.0, 1.0, 0.9899999499320984, 1.0, 0.9599999785423279, 1.0699999332427979, 1.0499999523162842, 1.1299999952316284, 0.9699999690055847, 1.0099999904632568, 0.9099999666213989, 1.3700000047683716, 1.059999942779541, 1.1899999380111694, 1.5899999141693115, 1.5099999904632568, 1.71999990940094, 1.399999976158142, 1.2799999713897705, 1.8899999856948853, 1.6899999380111694, 1.8499999046325684, 1.3899999856948853, 1.649999976158142, 1.9299999475479126, 1.3899999856948853, 1.5999999046325684, 1.6999999284744263, 1.6100000143051147, 1.6299999952316284, 2.419999837875366, 1.0299999713897705, 1.0499999523162842, 1.0, 1.1399999856948853, 1.0, 0.9799999594688416, 1.0299999713897705, 1.0, 1.0299999713897705, 1.0499999523162842, 1.0299999713897705, 1.0199999809265137, 0.9899999499320984, 0.9899999499320984, 1.0899999141693115, 1.059999942779541, 1.0399999618530273, 1.0199999809265137, 0.9599999785423279, 1.0, 1.059999942779541, 1.059999942779541, 1.0199999809265137, 1.0099999904632568, 1.2300000190734863, 1.0, 1.25, 1.0399999618530273, 1.0699999332427979, 1.0799999237060547, 1.059999942779541, 1.1999999284744263, 1.0699999332427979, 1.0899999141693115, 1.0799999237060547, 1.1699999570846558, 1.0799999237060547, 1.059999942779541, 1.0699999332427979, 1.059999942779541, 1.059999942779541, 1.0499999523162842, 1.0499999523162842, 1.0799999237060547, 1.0799999237060547]}