{"loss": [], "acc": [], "test_loss": [4.669756499481201, 4.529083975219726, 4.630215567016601, 4.228303149414063, 4.32148348236084, 4.107755149841308, 4.012897492218017, 3.979322568511963, 3.9148497352600096, 3.9464888175964354, 3.8591792922973633, 3.8562479927062987, 3.8336653999328614, 3.8104904792785645, 3.726072416305542, 3.8092578842163087, 3.695022163772583, 3.6867579265594483, 3.7523878116607667, 3.5924676948547365, 3.615707098388672, 3.5160699634552004, 3.736564623260498, 3.644796509552002, 3.5172158626556396, 3.577435859680176, 3.4870983726501463, 3.567538480758667, 3.557694031524658, 3.589794692993164, 3.6658745391845704, 3.5293513496398927, 3.537596529388428, 4.083207483673096, 3.6753980041503906, 3.615874380493164, 3.6326637168884277, 3.6606251476287843, 3.7451926654815675, 3.676695402145386, 3.7491771671295164, 3.8576342102050782, 3.705758567047119, 3.691546601867676, 3.777409259033203, 3.776110452270508, 3.9596636222839354, 3.822290439605713, 3.9362541679382326, 3.968846952819824, 4.21251088256836, 4.026895388793945, 4.1470247024536135, 4.062932258605957, 4.254616421508789, 4.329782595062256, 4.137318041992187, 4.161907503509521, 4.19253568649292, 4.1399870262146, 4.266872570037842, 4.214640493774414, 4.15498046875, 4.105742867279052, 4.2205431640625, 4.208087435150146, 4.127311628723144, 4.141138028717041, 4.215880299377441, 4.237312882995606, 4.143933451080322, 4.184329258728027, 4.199347174072265, 4.141926651763916, 4.149906510162354, 4.132328841400146, 4.112247657012939, 4.145453635406494, 4.1203902740478515, 4.119310884094238, 4.139250066375732, 4.1382415725708, 4.133717949676513, 4.1257777000427245, 4.148431454467773, 4.1118533935546875, 4.126780293273926, 4.12188377456665, 4.115059156036377, 4.097188320922852, 4.126595843505859, 4.117503426361084, 4.128080660247803, 4.1181737983703615, 4.1149169486999515, 4.122232177734375, 4.130429748535156, 4.1251810546875, 4.1179072998046875, 4.114441942596436], "test_acc": [1.8399999141693115, 2.240000009536743, 2.369999885559082, 4.21999979019165, 4.909999847412109, 6.449999809265137, 7.339999675750732, 7.71999979019165, 9.389999389648438, 9.050000190734863, 10.059999465942383, 9.649999618530273, 10.219999313354492, 11.34000015258789, 13.239999771118164, 12.299999237060547, 13.279999732971191, 14.25999927520752, 13.529999732971191, 14.869999885559082, 15.569999694824219, 17.469999313354492, 15.379999160766602, 16.260000228881836, 18.779998779296875, 18.139999389648438, 18.85999870300293, 19.020000457763672, 18.969999313354492, 19.139999389648438, 18.389999389648438, 20.709999084472656, 21.149999618530273, 15.9399995803833, 20.81999969482422, 22.719999313354492, 22.93000030517578, 21.760000228881836, 20.709999084472656, 23.239999771118164, 23.19999885559082, 22.889999389648438, 23.529998779296875, 23.85999870300293, 23.510000228881836, 25.529998779296875, 23.219999313354492, 25.90999984741211, 24.079999923706055, 24.889999389648438, 24.68000030517578, 25.619998931884766, 25.399999618530273, 26.40999984741211, 26.209999084472656, 25.56999969482422, 26.76999855041504, 26.85999870300293, 26.8799991607666, 27.239999771118164, 26.989999771118164, 28.51999855041504, 28.549999237060547, 29.19999885559082, 29.19999885559082, 29.03999900817871, 29.139999389648438, 29.59000015258789, 29.349998474121094, 28.939998626708984, 29.479999542236328, 29.739999771118164, 29.529998779296875, 29.729999542236328, 29.829999923706055, 30.119998931884766, 30.099998474121094, 30.219999313354492, 30.189998626708984, 30.229999542236328, 30.309999465942383, 29.969999313354492, 30.26999855041504, 30.3799991607666, 30.229999542236328, 30.34000015258789, 30.389999389648438, 30.489999771118164, 30.60999870300293, 30.689998626708984, 30.5, 30.469999313354492, 30.509998321533203, 30.469999313354492, 30.329999923706055, 30.549999237060547, 30.599998474121094, 30.56999969482422, 30.579999923706055, 30.60999870300293], "wall_time": [4.626132488250732, 9.043958902359009, 12.21355128288269, 16.334728002548218, 20.365790605545044, 23.912749528884888, 28.046029329299927, 32.2729926109314, 36.42873692512512, 40.33811354637146, 43.92822527885437, 48.101563692092896, 52.09563732147217, 56.129611015319824, 60.19330024719238, 63.96343541145325, 68.25749492645264, 72.44650220870972, 75.59294581413269, 79.82784819602966, 83.2459888458252, 87.36022567749023, 91.62201881408691, 95.75947880744934, 99.19321393966675, 103.30056524276733, 107.28703594207764, 111.37874674797058, 115.52907872200012, 119.65068221092224, 123.45963025093079, 127.41261029243469, 131.59473776817322, 135.856591463089, 140.0567445755005, 143.34232687950134, 147.52403736114502, 151.71249675750732, 155.7640256881714, 159.86716651916504, 164.1474211215973, 168.3016436100006, 172.4745090007782, 176.63648986816406, 180.7300009727478, 183.7717306613922, 187.65140771865845, 191.52189540863037, 195.739666223526, 200.20687294006348, 204.2476887702942, 208.04448652267456, 212.37698817253113, 215.91309452056885, 220.06100034713745, 223.86755895614624, 228.01469826698303, 232.25548458099365, 236.32213473320007, 240.4977788925171, 244.15288615226746, 248.27007484436035, 251.96436595916748, 256.03140354156494, 259.0157935619354, 262.6574785709381, 266.92371439933777, 271.14793372154236, 274.11851692199707, 278.0059506893158, 281.4895417690277, 285.54121589660645, 289.59348726272583, 293.6331250667572, 297.74873447418213, 301.65417742729187, 305.6439127922058, 310.00355768203735, 314.0478546619415, 317.12168526649475, 321.34926104545593, 325.39063334465027, 329.4191200733185, 333.2849643230438, 337.33662486076355, 340.7709410190582, 344.84052753448486, 348.9143657684326, 353.16001200675964, 357.2703766822815, 361.11132049560547, 365.0967583656311, 369.0254716873169, 373.1155376434326, 377.3370156288147, 381.33791279792786, 384.8536193370819, 388.93579959869385, 392.9988842010498, 396.9300117492676], "val_loss": [4.678998178863526, 4.524377491760254, 4.646228981781006, 4.240828860092163, 4.304092733001709, 4.115765724945068, 4.010271087646484, 3.9729962703704835, 3.9133567905426023, 3.93840541267395, 3.872683464050293, 3.852204817581177, 3.8438766479492186, 3.811230651473999, 3.7319604335784913, 3.7728798065185547, 3.68243196144104, 3.669594911956787, 3.7222915298461916, 3.6025092693328857, 3.6096589710235594, 3.5213394485473635, 3.74348091506958, 3.640587571334839, 3.5123499324798586, 3.5872695350646975, 3.484877143859863, 3.5833340187072755, 3.570540651702881, 3.6019286865234377, 3.693446611404419, 3.5603732917785647, 3.5610098098754883, 4.102763576507568, 3.6932845539093018, 3.6261637817382812, 3.6313399154663086, 3.692157025527954, 3.7686055728912353, 3.696276077270508, 3.792097541809082, 3.832280110549927, 3.704284457397461, 3.722930537033081, 3.831068842315674, 3.7845999843597413, 3.9651884132385256, 3.821606369018555, 3.981423094558716, 4.003759970855713, 4.24315399017334, 4.009405141448974, 4.2051119682312015, 4.077787796020508, 4.282854576110839, 4.373452671051026, 4.16497073097229, 4.197366774749756, 4.216138268280029, 4.171187404632568, 4.302274557495117, 4.240002722167969, 4.19326812210083, 4.096483668899536, 4.244710505676269, 4.246518465805054, 4.162704119491577, 4.172090084838867, 4.236443138504028, 4.279900347137451, 4.170968061828614, 4.213988292694092, 4.244840896606445, 4.143583822631836, 4.156619403076172, 4.147551573181152, 4.118745310974121, 4.1698760982513425, 4.134011646270752, 4.117298809814453, 4.136804026031494, 4.140110977935791, 4.141385056304932, 4.132314709472657, 4.1580826171875, 4.121177108764648, 4.134431282043457, 4.1292698867797855, 4.120641361999512, 4.10219063796997, 4.1325601409912105, 4.118509735107422, 4.132135474777222, 4.1254539283752445, 4.123033099365235, 4.130292197418213, 4.133917541503906, 4.135133841705322, 4.127116572570801, 4.1223770606994625],