{"loss": [], "acc": [], "test_loss": [4.532921794891357, 4.531088259124756, 4.340614698028564, 4.214212109375, 4.227079821777344, 4.1189176536560055, 4.047757360839844, 3.9820394920349123, 3.9954976516723635, 3.9012027252197266, 3.9084899391174317, 3.8154956901550294, 3.8000642932891844, 3.7460634231567385, 3.821392003631592, 3.6919749340057373, 3.7405235671997072, 3.598313360214233, 3.672133483505249, 3.574348095703125, 3.6883772453308104, 3.667068368148804, 3.5801757289886473, 3.816574976348877, 3.5362915145874023, 3.511020531463623, 3.5781224040985107, 3.474653316116333, 3.617714792251587, 3.5233411270141604, 3.5880897010803223, 3.480892932891846, 3.4204510021209718, 3.342467953491211, 3.5225975357055663, 3.4605011917114257, 3.54442451210022, 3.5544482593536375, 3.6255836196899414, 3.962577555847168, 3.6243006992340088, 3.777435722351074, 3.534781050109863, 3.664406868362427, 3.5743874954223633, 3.777859043121338, 3.8057113571166994, 3.9061176666259767, 3.930675860595703, 3.9387498920440676, 4.231772950363159, 3.859563070678711, 3.842576560974121, 3.822454594421387, 3.9235239456176756, 4.134319296264648, 3.8023190925598143, 4.010586958694458, 4.060077402877807, 3.9766579055786133, 4.0482468368530276, 3.9336630355834963, 4.008214934539795, 3.987817098236084, 4.103284664154053, 4.066618143463135, 4.1088961883544926, 4.174419390106201, 4.180222645568848, 4.1153007522583005, 4.18975545501709, 4.113927160644531, 4.197100534439087, 4.237158003234863, 4.178294041061402, 4.209476765441894, 4.210398700714111, 4.188826672363281, 4.208989346694946, 4.210475436019897, 4.196582095336914, 4.177739294433594, 4.200043076324463, 4.194196960449219, 4.1963711303710935, 4.194773194885254, 4.205207360458374, 4.210013103485108, 4.213666766738892, 4.19562073173523, 4.208798154067993, 4.207476732635498, 4.21085007019043, 4.211596618270874, 4.210991369247436, 4.21386533203125, 4.2182121726989745, 4.20365539932251, 4.203894884109497, 4.218285478210449], "test_acc": [1.6399999856948853, 2.359999895095825, 3.0999999046325684, 4.309999942779541, 4.389999866485596, 5.489999771118164, 6.170000076293945, 7.489999771118164, 6.690000057220459, 7.899999618530273, 9.6899995803833, 10.210000038146973, 11.079999923706055, 11.84999942779541, 10.90999984741211, 12.729999542236328, 12.559999465942383, 14.239999771118164, 14.549999237060547, 14.819999694824219, 14.75999927520752, 15.960000038146973, 16.760000228881836, 14.299999237060547, 17.079999923706055, 18.989999771118164, 19.149999618530273, 20.03999900817871, 17.170000076293945, 20.649999618530273, 19.3799991607666, 21.010000228881836, 20.799999237060547, 24.049999237060547, 21.56999969482422, 22.719999313354492, 22.239999771118164, 21.779998779296875, 21.979999542236328, 19.28999900817871, 22.19999885559082, 23.1299991607666, 24.329999923706055, 25.31999969482422, 25.299999237060547, 23.84000015258789, 22.549999237060547, 23.5, 22.229999542236328, 23.93000030517578, 23.489999771118164, 26.219999313354492, 25.299999237060547, 26.85999870300293, 25.719999313354492, 25.739999771118164, 27.549999237060547, 26.229999542236328, 26.81999969482422, 28.10999870300293, 27.799999237060547, 28.739999771118164, 28.049999237060547, 28.17999839782715, 28.3799991607666, 28.889999389648438, 29.189998626708984, 28.51999855041504, 28.920000076293945, 30.099998474121094, 30.0, 29.579999923706055, 29.549999237060547, 29.26999855041504, 30.369998931884766, 29.94999885559082, 30.10999870300293, 30.149999618530273, 30.349998474121094, 30.119998931884766, 30.389999389648438, 30.459999084472656, 30.229999542236328, 30.479999542236328, 30.479999542236328, 30.509998321533203, 30.60999870300293, 30.69999885559082, 30.529998779296875, 30.549999237060547, 30.420000076293945, 30.5, 30.59000015258789, 30.729999542236328, 30.56999969482422, 30.40999984741211, 30.5, 30.619998931884766, 30.51999855041504, 30.579999923706055], "wall_time": [4.953378677368164, 9.099985837936401, 12.977166891098022, 16.786486864089966, 20.255027770996094, 24.11453366279602, 27.72492814064026, 31.962581872940063, 35.832074880599976, 39.94918131828308, 44.13372802734375, 48.27381777763367, 52.09996509552002, 56.293981313705444, 60.73102617263794, 64.34124517440796, 68.4117534160614, 72.03070783615112, 76.56286525726318, 80.59608554840088, 85.15255808830261, 89.66349792480469, 93.93021941184998, 98.01305055618286, 102.19799542427063, 106.2559175491333, 110.63846802711487, 115.34264755249023, 119.07792949676514, 123.5847864151001, 127.81925249099731, 131.8791880607605, 136.11806559562683, 139.4801640510559, 143.3758988380432, 147.31978368759155, 151.37551593780518, 155.8807876110077, 160.17839932441711, 164.5333616733551, 168.0579104423523, 172.12246894836426, 176.36324048042297, 180.31476163864136, 183.51555109024048, 187.83748269081116, 191.72493720054626, 195.95799732208252, 199.67653107643127, 203.65150451660156, 207.95371174812317, 212.147686958313, 216.62722301483154, 220.43959665298462, 224.7896761894226, 228.5068211555481, 232.60727763175964, 236.50007271766663, 240.65464067459106, 244.8004515171051, 249.05648922920227, 252.4225058555603, 256.7779452800751, 260.87541794776917, 265.23473358154297, 269.47608280181885, 273.91074991226196, 278.0881803035736, 282.20833921432495, 285.9965100288391, 289.90440917015076, 293.6565668582916, 298.03312039375305, 301.61868023872375, 305.77679657936096, 309.8686592578888, 313.37802720069885, 317.40851616859436, 321.60153245925903, 326.1396110057831, 330.2489695549011, 334.36481976509094, 338.30821895599365, 341.9772424697876, 346.45668506622314, 350.78663635253906, 355.05902218818665, 358.86820673942566, 363.0892663002014, 366.8773536682129, 370.86197543144226, 375.0153293609619, 379.11330938339233, 382.91001558303833, 387.20514249801636, 391.49626064300537, 395.59991693496704, 399.96007561683655, 404.2336781024933, 408.78314089775085], "val_loss": [4.538592823791504, 4.541329219818115, 4.34063507232666, 4.215841772460937, 4.2303492538452145, 4.126917223739624, 4.050684967803955, 3.9638223194122313, 3.9816911769866943, 3.8816923572540283, 3.9031772987365723, 3.826752194213867, 3.8103782207489014, 3.7397885639190673, 3.802403442764282, 3.686394191741943, 3.7652999710083006, 3.6025477756500246, 3.661085564804077, 3.5621675090789795, 3.67585133934021, 3.6738750244140626, 3.581336235809326, 3.802547576522827, 3.5450973709106446, 3.507466423797607, 3.570443416595459, 3.4507908821105957, 3.6196654510498045, 3.499358115386963, 3.6003012283325195, 3.5025902114868166, 3.4222711685180665, 3.3261104440689087, 3.5323539012908935, 3.4465315658569335, 3.51515922164917, 3.5525139389038087, 3.6328167530059816, 3.9668261711120607, 3.6572258056640625, 3.8066512893676756, 3.4969331394195557, 3.6304304775238037, 3.5881023368835447, 3.7688916625976563, 3.810776880264282, 3.929816455078125, 3.9335825454711912, 3.932505307388306, 4.2234327003479, 3.87131160736084, 3.8515381168365477, 3.796490464401245, 3.9161321727752685, 4.08568505859375, 3.791478091430664, 4.002615501022339, 4.060828835296631, 3.980596020889282, 4.038955124282837, 3.932440738296509, 4.041664003753662, 4.000496295166015, 4.091568592071533, 4.069509979248047, 4.122639696502685, 4.194898667144775, 4.171949047851562, 4.123618186187744, 4.223829524612427, 4.13856501121521, 4.231371831130981, 4.2551723419189456, 4.193619679260254, 4.205105174255371, 4.231614345550537, 4.200670259857178, 4.229891068267822, 4.225897159576416, 4.206307192993164, 4.1969618927001955, 4.223039435958862, 4.208110942077637, 4.20895185546875, 4.207187696838379, 4.211191317749023, 4.225047047042847, 4.233046194458008, 4.205510454940796, 4.217999337005615, 4.221649429321289, 4.222854794692993, 4.225392639923096, 4.222243965530396, 4.226339967346191, 4.233406762695313, 4.219471111297607, 4.215516426849366, 4.233493427276612],