{"loss": [], "acc": [], "test_loss": [4.676666422271729, 4.175434184265137, 4.047687538909912, 4.07245567779541, 3.920837629699707, 3.8581634910583498, 4.001086727905274, 3.6896114334106445, 3.682274610900879, 3.7076818748474123, 3.785295357513428, 3.4788549514770506, 3.524298630905151, 3.604629198074341, 3.3839133819580076, 3.487247250366211, 4.30925114364624, 3.532915350341797, 4.635991049957275, 5.887478556060791, 3.6529435382843016, 5.562684215545654, 3.465841009521484, 4.603411268997192, 5.778791436004639, 4.541494055175781, 3.5379646575927732, 10.158475984191895, 3.7276549041748046, 3.6151232582092283, 4.455529869842529, 3.7890668754577637, 4.971341818618774, 4.065652185821533, 3.952206217956543, 4.338175845718384, 3.969313594055176, 3.779522602844238, 4.3023801597595215, 4.255978424835205, 4.531643710327148, 4.0550114479064945, 6.482938790893555, 4.155084286499023, 4.08663074798584, 4.26419097442627, 4.645863568115234, 4.119588888549805, 4.663031932067871, 4.846967577362061, 4.136501444244384, 4.026585763549805, 4.112784466552735, 4.163689866638183, 4.0942722457885745, 4.0340729988098145, 4.106134608459473, 4.015313375854492, 4.167712810516357, 3.979775003814697, 3.9498562782287596, 3.949745004272461, 3.949121717071533, 3.935816133880615, 3.935156123352051, 4.0430555953979495, 3.8994445404052733, 3.9017627655029297, 3.879068338394165, 3.8668349670410156, 3.9043811363220216, 3.875377178955078, 3.8728020057678223, 3.8452380378723143, 3.8431303787231443, 3.832278482055664, 3.8456903533935547, 3.837110533905029, 3.8378842750549316, 3.8222844833374023, 3.8550168952941894, 3.8080089698791504, 3.819797398376465, 3.8337026161193846, 3.7983150398254395, 3.798948452758789, 3.804511043548584, 3.801605591583252, 3.811627880859375, 3.797049227142334, 3.794327301025391, 3.8035071044921875, 3.788881343841553, 3.802005372619629, 3.797553574371338, 3.7957572517395017, 3.7921031768798827, 3.797025605773926, 3.7961750968933106, 3.7936068855285643], "test_acc": [1.6399999856948853, 5.049999713897705, 6.460000038146973, 8.729999542236328, 9.029999732971191, 10.449999809265137, 9.300000190734863, 13.4399995803833, 14.449999809265137, 14.309999465942383, 13.819999694824219, 17.729999542236328, 17.899999618530273, 17.19999885559082, 20.100000381469727, 20.670000076293945, 12.639999389648438, 20.239999771118164, 13.089999198913574, 9.229999542236328, 20.399999618530273, 8.420000076293945, 22.579999923706055, 15.50999927520752, 17.520000457763672, 17.09000015258789, 25.420000076293945, 3.7899999618530273, 23.68000030517578, 25.729999542236328, 19.299999237060547, 24.670000076293945, 17.579999923706055, 23.65999984741211, 24.01999855041504, 21.85999870300293, 25.739999771118164, 27.709999084472656, 25.44999885559082, 25.26999855041504, 23.779998779296875, 28.139999389648438, 15.00999927520752, 28.34000015258789, 28.939998626708984, 27.709999084472656, 24.479999542236328, 29.28999900817871, 25.719999313354492, 23.689998626708984, 29.729999542236328, 30.09000015258789, 29.92999839782715, 29.979999542236328, 30.299999237060547, 31.049999237060547, 30.989999771118164, 31.849998474121094, 30.079999923706055, 31.759998321533203, 31.92999839782715, 31.69999885559082, 31.920000076293945, 32.380001068115234, 32.05999755859375, 30.889999389648438, 32.619998931884766, 32.369998931884766, 32.43000030517578, 32.47999954223633, 31.92999839782715, 32.130001068115234, 32.369998931884766, 32.529998779296875, 32.5099983215332, 32.64999771118164, 32.48999786376953, 32.439998626708984, 32.30999755859375, 32.68000030517578, 32.439998626708984, 32.81999969482422, 32.63999938964844, 32.61000061035156, 32.790000915527344, 32.779998779296875, 32.79999923706055, 32.790000915527344, 32.7599983215332, 32.91999816894531, 32.80999755859375, 32.81999969482422, 32.86000061035156, 32.880001068115234, 32.75, 33.029998779296875, 32.93000030517578, 32.90999984741211, 32.80999755859375, 33.02000045776367], "wall_time": [4.178975820541382, 6.540454149246216, 8.82587742805481, 11.13039779663086, 13.45517897605896, 15.606627941131592, 17.96130895614624, 20.333343267440796, 22.836273670196533, 25.326154232025146, 27.89438223838806, 30.293010473251343, 32.494147062301636, 34.83764052391052, 37.24594736099243, 39.55769896507263, 42.02194905281067, 44.44306445121765, 46.815725326538086, 49.195473432540894, 51.54835796356201, 53.82080578804016, 56.03271412849426, 58.19745683670044, 60.30139493942261, 62.64158797264099, 65.01493859291077, 67.41774249076843, 69.64476132392883, 71.92250084877014, 74.30212378501892, 76.73573303222656, 79.0674934387207, 81.33753728866577, 83.48938226699829, 85.74022197723389, 87.93737578392029, 90.25959300994873, 92.54731178283691, 94.91522121429443, 97.24346137046814, 99.44692277908325, 101.6567542552948, 103.95639491081238, 106.19239211082458, 108.37722778320312, 110.73102259635925, 113.2250165939331, 115.59845852851868, 117.88066911697388, 120.24426221847534, 122.61194801330566, 124.8013072013855, 127.10395359992981, 129.4093062877655, 131.79810452461243, 134.1976625919342, 136.55089497566223, 139.0438892841339, 141.35845637321472, 143.7081286907196, 145.83579230308533, 148.3002462387085, 150.4990165233612, 152.92613244056702, 155.22933554649353, 157.43063306808472, 159.64726734161377, 162.00883889198303, 164.3207151889801, 166.50281977653503, 169.06079173088074, 171.3066074848175, 173.3955271244049, 175.62607049942017, 177.97843718528748, 180.19004893302917, 182.38946318626404, 184.5678653717041, 186.77218437194824, 189.11209893226624, 191.25897097587585, 193.66626715660095, 195.94977855682373, 198.3193075656891, 200.62326860427856, 202.80279064178467, 205.15888285636902, 207.42200875282288, 209.8584475517273, 212.20172142982483, 214.5891819000244, 216.93117022514343, 219.00900745391846, 221.63399529457092, 223.72033834457397, 225.80464792251587, 228.08607387542725, 230.2614393234253, 232.50979471206665], "val_loss": [4.688694657135009, 4.190360968017578, 4.0392390022277835, 4.07104801826477, 3.92311183013916, 3.8527247230529786, 3.988413971328735, 3.6935356674194337, 3.685353893661499, 3.7195652435302735, 3.789527116775513, 3.490935545349121, 3.5069628253936767, 3.607197871017456, 3.3802071659088133, 3.4756781730651856, 4.321912328338623, 3.5594600341796876, 4.651012387084961, 5.930495645904541, 3.6476928840637206, 5.5723411628723145, 3.472280880355835, 4.642852122879028, 5.850166078186035, 4.559970684051514, 3.5626859146118166, 10.174315812683105, 3.767766957473755, 3.6476186424255372, 4.495126826477051, 3.8441474700927736, 4.977828795623779, 4.031349262619019, 3.973782214355469, 4.37486911277771, 4.031561426544189, 3.7961631889343264, 4.318348249053955, 4.295460011672974, 4.552885009002686, 4.084759964370727, 6.538303327178955, 4.163499396896363, 4.1468105907440185, 4.31533614730835, 4.6894163879394535, 4.168558586883545, 4.73961074295044, 4.895190291595459, 4.1736758644104, 4.061866450881958, 4.158589860534668, 4.217277258300781, 4.1261977813720705, 4.052001922416687, 4.135928703689575, 4.042442874908447, 4.200743775177002, 4.0113292137146, 3.9859972179412844, 3.977788687133789, 3.9725583972930907, 3.943832717895508, 3.9512084300994874, 4.053722073364257, 3.909054959106445, 3.9174353340148924, 3.8913967903137205, 3.890345316314697, 3.9333735080718992, 3.893676753234863, 3.8961786094665527, 3.863229400634766, 3.864419577407837, 3.847364464569092, 3.8675137783050535, 3.861037749862671, 3.8604482139587404, 3.841133157348633, 3.87781651763916, 3.8286452766418457, 3.8427068370819093, 3.8619625843048095, 3.8202498077392577, 3.823171933746338, 3.8297857398986817, 3.8238117126464846, 3.8349919067382814, 3.8164366638183593, 3.8174180191040037, 3.825234083557129, 3.8095937507629394, 3.823135669708252, 3.8217283226013183, 3.8190646713256835, 3.818444306564331, 3.820884930419922, 3.8172679252624513, 3.815304359436035],