{"loss": [], "acc": [], "test_loss": [4.581792617797851, 4.504370240020752, 4.370643558502198, 4.305280246734619, 4.1884027893066405, 4.194558110809326, 4.135654508972168, 4.062325546264648, 4.041990064239502, 4.009556539916992, 4.023507935333252, 4.022367390441895, 3.9204585624694825, 3.9104843353271486, 4.0017089233398435, 3.954310200500488, 3.8490657333374023, 3.851203263092041, 3.8450500411987303, 3.844452821731567, 3.7331845222473143, 3.763155725860596, 3.833512268066406, 3.8460348983764647, 3.6196330909729, 3.7037395553588865, 3.7496217636108398, 3.69809952583313, 3.6250431663513183, 3.906497039413452, 3.6003204109191893, 3.5425372020721437, 3.628110221862793, 3.640503623199463, 3.5833480396270754, 3.5164087955474854, 3.5484891956329347, 3.742555559539795, 3.5328116733551025, 3.517345738220215, 3.5576030033111574, 3.501160168838501, 3.528196501159668, 3.7113937103271484, 3.7870667175292967, 3.5303132926940917, 3.70178324508667, 3.689533960723877, 3.5040443355560305, 3.651784130859375, 3.6768097839355467, 3.6943603302001953, 3.7560907875061034, 3.878436511230469, 3.722771173095703, 3.79335189743042, 3.880994487762451, 3.8706423904418945, 3.84384348449707, 3.887839309310913, 3.933025637054443, 3.903657977294922, 3.91109743270874, 4.1996294830322265, 3.9900025810241697, 3.988661289215088, 4.066917102050781, 4.109921530532837, 4.185190669250488, 4.177012282562256, 4.218989141845703, 4.152366115570068, 4.153075303649902, 4.194945575714112, 4.337480333709717, 4.3120745773315425, 4.315683935546875, 4.321495683288574, 4.3215458213806155, 4.416970740509033, 4.414727528381348, 4.405730558013916, 4.465379126739502, 4.441474561309814, 4.471026637268066, 4.490389875030518, 4.482872747039795, 4.500441680145264, 4.511480423736573, 4.499965861511231, 4.506469459533691, 4.5132380859375, 4.502797579193115, 4.51671058959961, 4.518298169708252, 4.509847544097901, 4.5301281997680665, 4.520274732971191, 4.511669761657715, 4.513445268249511], "test_acc": [1.350000023841858, 2.049999952316284, 3.0299999713897705, 3.6999998092651367, 3.569999933242798, 3.8299999237060547, 5.0, 6.349999904632568, 6.419999599456787, 6.679999828338623, 6.759999752044678, 7.929999828338623, 8.729999542236328, 8.84999942779541, 9.109999656677246, 8.649999618530273, 10.15999984741211, 10.069999694824219, 10.139999389648438, 10.039999961853027, 12.34000015258789, 12.639999389648438, 11.859999656677246, 12.25999927520752, 15.219999313354492, 14.199999809265137, 14.679999351501465, 13.789999961853027, 15.549999237060547, 13.069999694824219, 15.819999694824219, 17.029998779296875, 16.09000015258789, 16.15999984741211, 17.270000457763672, 18.399999618530273, 18.389999389648438, 17.350000381469727, 20.0, 19.959999084472656, 19.229999542236328, 20.959999084472656, 19.639999389648438, 19.189998626708984, 17.75, 21.0, 19.5, 19.649999618530273, 22.03999900817871, 20.25, 21.65999984741211, 20.799999237060547, 21.309999465942383, 20.059999465942383, 21.6299991607666, 21.729999542236328, 21.209999084472656, 21.44999885559082, 21.209999084472656, 21.559999465942383, 21.44999885559082, 22.899999618530273, 21.760000228881836, 20.479999542236328, 22.459999084472656, 22.309999465942383, 22.60999870300293, 22.369998931884766, 22.5, 22.689998626708984, 22.84000015258789, 24.01999855041504, 23.139999389648438, 24.43000030517578, 23.869998931884766, 23.65999984741211, 24.010000228881836, 23.959999084472656, 24.09000015258789, 24.0, 24.15999984741211, 24.51999855041504, 24.34000015258789, 24.369998931884766, 24.299999237060547, 24.3799991607666, 24.35999870300293, 24.59000015258789, 24.34000015258789, 24.94999885559082, 24.829999923706055, 24.939998626708984, 24.78999900817871, 24.849998474121094, 24.719999313354492, 24.639999389648438, 24.709999084472656, 24.90999984741211, 24.94999885559082, 24.84000015258789], "wall_time": [4.797228097915649, 8.87745475769043, 13.471452474594116, 17.393937349319458, 21.264450311660767, 25.51392889022827, 29.540776014328003, 33.6839075088501, 38.055887937545776, 42.191580295562744, 45.83788871765137, 50.17558574676514, 54.22152876853943, 58.75025510787964, 63.14825129508972, 66.882071018219, 71.6050796508789, 75.78223323822021, 79.91185283660889, 84.22310256958008, 88.61954879760742, 93.11811971664429, 97.08444404602051, 101.40513634681702, 105.1233880519867, 108.8348650932312, 112.47647380828857, 116.79877948760986, 120.60173058509827, 125.3292932510376, 129.06806993484497, 133.3799090385437, 137.8596317768097, 142.23607349395752, 145.9566662311554, 150.28387689590454, 154.5014967918396, 158.71400451660156, 163.07712054252625, 166.89016842842102, 171.34878611564636, 175.5393214225769, 179.21594834327698, 183.81955456733704, 188.46499466896057, 193.1354558467865, 196.92104363441467, 200.8455228805542, 205.2303023338318, 209.81832075119019, 214.63426065444946, 219.38737607002258, 224.0093023777008, 228.55521845817566, 232.60976791381836, 236.83701276779175, 241.25679326057434, 246.29072523117065, 250.61935329437256, 255.45539903640747, 259.7641224861145, 264.01394176483154, 268.17387795448303, 271.8811950683594, 276.50422859191895, 281.0101590156555, 285.12521481513977, 289.0955421924591, 293.4398102760315, 297.7988030910492, 302.3577811717987, 306.7938072681427, 310.7891294956207, 315.46965861320496, 319.84219670295715, 323.319504737854, 327.39986205101013, 331.26174306869507, 335.9210455417633, 340.3620812892914, 344.77935004234314, 349.3759412765503, 353.5784606933594, 357.54003071784973, 361.37120032310486, 366.1320757865906, 370.4409337043762, 375.09500670433044, 379.2702476978302, 383.94954228401184, 388.4539053440094, 392.6350131034851, 397.0373077392578, 401.15566325187683, 405.6175343990326, 410.0094187259674, 414.5965139865875, 419.1713750362396, 424.0083475112915, 428.81637501716614], "val_loss": [4.5809333015441895, 4.507000032043457, 4.385815980529785, 4.324201155853271, 4.201852209472656, 4.206033310699463, 4.144308372116089, 4.076555393981933, 4.039019130706787, 4.023759205245971, 4.032501793670654, 4.038704756546021, 3.9206577213287352, 3.9097066184997558, 4.022143757247925, 3.9512032135009765, 3.8289470893859865, 3.8342233913421633, 3.8318210418701173, 3.850360273361206, 3.720317017745972, 3.7505495983123778, 3.8110186336517335, 3.8411372550964353, 3.6047788845062256, 3.6875391845703125, 3.7420004135131837, 3.6923234817504884, 3.6220777782440186, 3.8895754508972167, 3.5973781196594237, 3.546890504837036, 3.6388178390502928, 3.6688682277679443, 3.5702971866607665, 3.5261455726623536, 3.5582674812316895, 3.77114302444458, 3.55555726852417, 3.538714506149292, 3.556107150268555, 3.499884830856323, 3.5192417263031004, 3.7221733882904053, 3.812965283203125, 3.5559049648284913, 3.69066233253479, 3.6963116760253905, 3.5121262771606445, 3.651819942855835, 3.663277698135376, 3.665001189804077, 3.8077729446411133, 3.882814848327637, 3.7466866996765136, 3.76364778175354, 3.9152291706085207, 3.8809288974761964, 3.8257663494110106, 3.878387768173218, 3.9681801822662353, 3.912509185028076, 3.918042587661743, 4.186066230773926, 3.990129899597168, 4.004953874206543, 4.079783909225464, 4.122157346725464, 4.203469574356079, 4.188723793029785, 4.251102074050904, 4.170636053848266, 4.1854131938934325, 4.221380556488037, 4.327756331634522, 4.342914134597779, 4.308354358673096, 4.328450189208985, 4.344910975646973, 4.401945994186401, 4.429572969055176, 4.428147225952149, 4.464986517715454, 4.451955892944336, 4.467368089294434, 4.488817071533203, 4.486851081466675, 4.5059364192962645, 4.519483431243897, 4.499869960784912, 4.510830142211914, 4.520925366592407, 4.505839003372192, 4.521679381561279, 4.523123949813843, 4.517666295623779, 4.538561141967773, 4.534615808868408, 4.526125909042358, 4.522742805480957],