{"loss": [], "acc": [], "test_loss": [4.790259422302246, 4.615048764801025, 4.552675629425049, 4.428748974609375, 4.4938807151794435, 4.245845570373535, 4.184346448516846, 4.1185342308044435, 4.089800445556641, 4.044867824554443, 3.986208851623535, 3.9555038192749024, 3.9604265907287597, 3.8840911727905274, 3.8316399856567385, 3.8342811492919924, 3.8471511741638182, 3.8850805587768553, 3.706023310852051, 3.740809644699097, 3.725932736968994, 3.6171341567993163, 3.598533815765381, 3.640234419250488, 3.6742253009796144, 3.6269952671051024, 3.687510124206543, 3.546822578430176, 3.5196273765563966, 3.417534046173096, 3.401915385055542, 3.5638016551971434, 3.6651088275909425, 3.5581476249694823, 3.3730672889709474, 3.463372836303711, 3.362848434829712, 3.391710316848755, 3.315504037094116, 3.4989516563415526, 3.4837748893737794, 3.5025735473632813, 3.5105557956695557, 3.4676023902893065, 3.59800676651001, 3.522012788772583, 3.550270796203613, 3.6289409587860106, 3.5253760471343996, 3.594444870376587, 3.6205581005096437, 3.698019424057007, 3.672813076019287, 3.788814661026001, 3.7566393424987794, 3.9151065284729003, 3.794090712738037, 3.8288638313293455, 3.8407735412597654, 3.9538521995544436, 3.961779571533203, 4.030430666351318, 3.9647723945617677, 4.117332163238525, 4.085446485900879, 4.133129362487793, 4.2068950553894044, 4.118066763305664, 4.1710995559692385, 4.12277220916748, 4.176287106323242, 4.13029010925293, 4.1701786384582515, 4.17307096862793, 4.169703142547608, 4.173512230682373, 4.190430261993408, 4.170863794708252, 4.16626012878418, 4.191342297363281, 4.197883251190185, 4.184364870452881, 4.194270960235595, 4.170279041290283, 4.180038138580322, 4.178048515319825, 4.197470651245117, 4.17450213470459, 4.1884017730712895, 4.185537414550781, 4.170690326690674, 4.181040850830078, 4.191925807189941, 4.189235735321045, 4.1742810646057125, 4.179762631988526, 4.17227565612793, 4.186097272491455, 4.18732144241333, 4.18928938293457], "test_acc": [1.0699999332427979, 1.0299999713897705, 2.0399999618530273, 3.119999885559082, 2.9600000381469727, 4.21999979019165, 4.21999979019165, 4.409999847412109, 5.329999923706055, 6.389999866485596, 6.859999656677246, 7.809999942779541, 7.5, 9.229999542236328, 9.949999809265137, 10.460000038146973, 10.420000076293945, 9.969999313354492, 12.65999984741211, 11.84000015258789, 12.399999618530273, 13.880000114440918, 14.809999465942383, 15.179999351501465, 14.6899995803833, 16.149999618530273, 15.059999465942383, 16.979999542236328, 17.69999885559082, 19.56999969482422, 19.850000381469727, 18.920000076293945, 17.510000228881836, 19.59000015258789, 21.399999618530273, 20.529998779296875, 22.10999870300293, 22.010000228881836, 23.5, 21.69999885559082, 22.26999855041504, 22.93000030517578, 23.799999237060547, 23.65999984741211, 23.239999771118164, 24.25, 24.369998931884766, 24.459999084472656, 25.479999542236328, 24.969999313354492, 25.60999870300293, 25.84000015258789, 25.939998626708984, 24.93000030517578, 26.719999313354492, 25.44999885559082, 26.67999839782715, 27.03999900817871, 27.0, 26.829999923706055, 27.69999885559082, 26.939998626708984, 27.469999313354492, 27.149999618530273, 26.599998474121094, 28.279998779296875, 27.34000015258789, 27.779998779296875, 28.549999237060547, 28.34000015258789, 28.489999771118164, 28.869998931884766, 28.849998474121094, 29.19999885559082, 29.299999237060547, 28.739999771118164, 29.009998321533203, 29.44999885559082, 29.489999771118164, 29.459999084472656, 29.35999870300293, 29.689998626708984, 29.69999885559082, 29.689998626708984, 29.709999084472656, 29.76999855041504, 29.649999618530273, 29.649999618530273, 29.6299991607666, 29.60999870300293, 29.979999542236328, 29.85999870300293, 29.889999389648438, 29.65999984741211, 29.76999855041504, 30.0, 30.029998779296875, 29.829999923706055, 29.799999237060547, 29.829999923706055], "wall_time": [5.5325775146484375, 10.659974575042725, 15.110979557037354, 19.497027158737183, 24.240183115005493, 28.529290914535522, 33.26891779899597, 37.87683916091919, 42.477643966674805, 47.22327923774719, 51.91675162315369, 56.29710054397583, 60.31084942817688, 65.03879761695862, 69.49548316001892, 74.16699457168579, 78.31141209602356, 82.9928412437439, 87.6149570941925, 91.78650379180908, 96.25829982757568, 100.89541363716125, 105.96536755561829, 110.65448665618896, 115.24893045425415, 119.51234698295593, 124.46926474571228, 129.01790952682495, 133.82987546920776, 138.3289430141449, 142.91686248779297, 147.5878026485443, 152.0333240032196, 156.7757477760315, 161.3582558631897, 166.30098176002502, 170.84663653373718, 175.24553298950195, 179.81078267097473, 184.47114443778992, 189.02428603172302, 194.02956891059875, 198.6366732120514, 203.40628623962402, 207.97929906845093, 212.5681939125061, 217.3674111366272, 222.10039448738098, 226.8235845565796, 231.3946053981781, 235.8461365699768, 240.69173765182495, 244.90466332435608, 249.49273657798767, 254.101380109787, 258.3687696456909, 262.961106300354, 267.5560739040375, 272.279661655426, 277.0541989803314, 281.9280803203583, 286.5230903625488, 291.4340636730194, 295.8264935016632, 300.1559672355652, 304.85966420173645, 309.513973236084, 314.10923433303833, 318.6787543296814, 323.4107551574707, 328.11914134025574, 332.95592856407166, 337.54431891441345, 342.20068550109863, 346.57264852523804, 351.3299970626831, 355.89705538749695, 360.5219020843506, 364.7272114753723, 369.3892226219177, 374.3162651062012, 378.8302023410797, 383.5582027435303, 388.0779194831848, 392.5203297138214, 396.77500462532043, 401.460652589798, 406.14643239974976, 410.7026126384735, 415.12253642082214, 419.6378228664398, 424.00303769111633, 428.646208524704, 433.72411584854126, 438.5345561504364, 443.13322138786316, 447.49732518196106, 452.1343307495117, 456.6501088142395, 461.0781714916229], "val_loss": [4.809961798858643, 4.615512920379639, 4.551435373687744, 4.4259229820251464, 4.51022322845459, 4.257115607833862, 4.193512377166748, 4.126982101821899, 4.098173239898681, 4.062270562744141, 3.9968063789367676, 3.9655942813873293, 3.9693342281341555, 3.8934158172607423, 3.8363425476074218, 3.839566848754883, 3.8596054168701173, 3.8911492809295654, 3.7108404052734376, 3.7227073585510255, 3.754931410598755, 3.6244076126098634, 3.6079429092407227, 3.641287791442871, 3.6672990447998046, 3.624293929672241, 3.702543021392822, 3.5457157958984373, 3.5127971302032472, 3.4260095149993894, 3.385637551116943, 3.605612849807739, 3.6805987815856933, 3.5789141693115236, 3.3587325950622557, 3.456963855743408, 3.374389779663086, 3.3799363094329835, 3.3407649623870848, 3.517183588409424, 3.4533836860656737, 3.5442264072418213, 3.5190183212280273, 3.452301333618164, 3.5811084453582764, 3.5128275177001953, 3.570165669250488, 3.617147487640381, 3.541270453643799, 3.587103769683838, 3.6142605339050293, 3.71511742477417, 3.6876990325927737, 3.808647967529297, 3.7785850196838378, 3.9056946830749513, 3.7959285499572752, 3.817441236114502, 3.834453607559204, 3.9050499923706057, 3.947070149612427, 4.056557190322876, 3.93501206741333, 4.092111418533325, 4.1095345653533935, 4.1147933746337895, 4.199521429443359, 4.121285151672363, 4.181076344299316, 4.111199061203003, 4.147992766571045, 4.116591413879394, 4.157479784393311, 4.159684554290772, 4.1580956615448, 4.1608033401489255, 4.181680847167969, 4.186308828353882, 4.149685867309571, 4.1658181385040285, 4.1815120899200435, 4.175848165893555, 4.182225005340576, 4.157719594192505, 4.161725091552734, 4.164373040008545, 4.189462296295166, 4.162329555892945, 4.174565648651123, 4.170963446044922, 4.151005682373047, 4.164224453735351, 4.18085263671875, 4.17440269317627, 4.155707510375977, 4.169082123565674, 4.159280561828614, 4.17678770904541, 4.172989073181152, 4.1771223274230955],