{"loss": [], "acc": [], "test_loss": [4.578181097412109, 4.421254724121094, 4.321673623657227, 4.239561717224121, 4.20010464630127, 4.132907704925537, 4.065961151885986, 4.1046978446960445, 4.0580080768585205, 4.078067626190186, 3.9812131958007813, 3.8430090908050536, 3.8375749301910402, 3.733451057815552, 3.8290451438903808, 3.788651993179321, 3.7169501693725584, 3.7662832622528075, 3.7182542655944824, 3.6397092819213865, 3.735732342529297, 3.752494665527344, 3.6353085056304932, 3.5192585887908936, 3.5225031131744386, 3.544199327850342, 3.727246097946167, 3.5935243061065676, 3.551905520248413, 3.579798252105713, 3.7013246280670167, 3.632671110534668, 3.6056971576690673, 3.5209942867279054, 3.435358750152588, 3.557546949005127, 3.52146100692749, 3.5687291149139404, 3.6130201232910157, 3.627411883544922, 3.535244398880005, 3.614412112426758, 3.5952888675689696, 3.6610261909484865, 3.6492998218536377, 3.6051369174957277, 3.6215858917236328, 3.7509696788787843, 3.715355785369873, 3.9277436225891114, 3.646505838012695, 3.9424141765594483, 3.9359941436767576, 3.7983297050476073, 3.8362302848815917, 3.818939320373535, 3.9651403800964355, 3.9880304069519044, 3.914761371231079, 4.10415163269043, 4.15830682144165, 4.0509062797546385, 4.0785963996887205, 4.11759760055542, 4.007945453643798, 4.0036504913330075, 4.217840892028809, 4.153212531280517, 4.207423238372803, 4.10247214050293, 4.289435179901123, 4.309717139434815, 4.218967393493652, 4.274900679016113, 4.318455920410156, 4.280469377136231, 4.313733773803711, 4.323282255554199, 4.311607596588135, 4.339359260559082, 4.347921743774414, 4.372118937683106, 4.388920146942139, 4.361903702545166, 4.392820501708984, 4.388006957244873, 4.391342710876465, 4.409067136383056, 4.418322891235351, 4.4059075935363765, 4.410735661315918, 4.413048918151856, 4.4311279083251955, 4.422420873260498, 4.4115549713134765, 4.411919596862793, 4.420255070495606, 4.419738360595703, 4.423020307922363, 4.415633638763428], "test_acc": [1.6100000143051147, 3.240000009536743, 3.2200000286102295, 4.329999923706055, 4.609999656677246, 4.819999694824219, 6.210000038146973, 5.960000038146973, 5.949999809265137, 6.539999961853027, 8.170000076293945, 9.319999694824219, 9.719999313354492, 11.00999927520752, 10.369999885559082, 10.670000076293945, 12.619999885559082, 12.739999771118164, 13.25, 13.699999809265137, 13.09999942779541, 13.579999923706055, 14.719999313354492, 16.779998779296875, 17.0, 16.029998779296875, 15.579999923706055, 16.760000228881836, 18.100000381469727, 17.81999969482422, 17.459999084472656, 18.84000015258789, 19.049999237060547, 19.489999771118164, 20.619998931884766, 20.1299991607666, 20.649999618530273, 19.75, 19.889999389648438, 19.270000457763672, 21.459999084472656, 20.549999237060547, 21.51999855041504, 21.5, 21.170000076293945, 21.850000381469727, 21.760000228881836, 21.739999771118164, 21.979999542236328, 22.100000381469727, 23.34000015258789, 21.299999237060547, 22.510000228881836, 22.510000228881836, 22.5, 23.399999618530273, 22.829999923706055, 22.829999923706055, 23.849998474121094, 22.51999855041504, 23.170000076293945, 23.34000015258789, 24.139999389648438, 24.189998626708984, 24.420000076293945, 24.599998474121094, 23.369998931884766, 24.689998626708984, 24.85999870300293, 25.599998474121094, 25.049999237060547, 25.709999084472656, 25.670000076293945, 25.56999969482422, 26.09000015258789, 26.099998474121094, 26.5, 26.35999870300293, 26.67999839782715, 25.899999618530273, 26.639999389648438, 26.639999389648438, 26.239999771118164, 26.69999885559082, 26.92999839782715, 26.8799991607666, 26.599998474121094, 26.60999870300293, 26.639999389648438, 26.829999923706055, 26.920000076293945, 26.979999542236328, 27.010000228881836, 26.81999969482422, 26.869998931884766, 26.969999313354492, 26.81999969482422, 27.059999465942383, 27.049999237060547, 26.85999870300293], "wall_time": [4.112509250640869, 7.629708290100098, 11.097233057022095, 14.767562866210938, 18.269108295440674, 21.701953887939453, 25.197935581207275, 28.882389307022095, 32.31253361701965, 35.80514740943909, 39.384711503982544, 42.84489846229553, 46.18737316131592, 49.60511779785156, 53.32627463340759, 56.892691135406494, 60.47869110107422, 63.80439043045044, 67.38157725334167, 70.95471715927124, 74.73091578483582, 78.11961936950684, 81.4484121799469, 85.23414015769958, 89.16209268569946, 92.67808365821838, 96.48957347869873, 100.19590401649475, 103.80689668655396, 107.28359341621399, 110.73535871505737, 114.33253645896912, 118.15892314910889, 121.75531220436096, 125.42226719856262, 128.78485703468323, 132.29849791526794, 136.06792449951172, 139.90554690361023, 143.28763699531555, 146.78497576713562, 150.4740219116211, 153.90167689323425, 157.80471539497375, 161.43887615203857, 164.63172316551208, 168.1285424232483, 171.46855878829956, 175.370050907135, 179.35069298744202, 183.13966059684753, 186.4471881389618, 189.94254398345947, 193.4036521911621, 197.05737948417664, 200.50692677497864, 204.29343032836914, 207.59574556350708, 210.76861572265625, 214.0972876548767, 217.60969281196594, 220.91607856750488, 224.3571572303772, 227.91768670082092, 231.18765997886658, 234.87323570251465, 238.24110984802246, 242.09876585006714, 245.98926281929016, 249.56472086906433, 252.97065329551697, 256.40071153640747, 260.0105366706848, 263.9681556224823, 267.62768626213074, 271.30889415740967, 274.6851680278778, 278.4143579006195, 281.6974151134491, 285.0745053291321, 288.2837162017822, 291.70973896980286, 295.0595054626465, 298.2638509273529, 301.9549832344055, 305.0374937057495, 308.58846378326416, 311.96670866012573, 315.4598445892334, 319.1996262073517, 322.9027888774872, 326.22232484817505, 329.87166810035706, 333.390371799469, 336.96863770484924, 340.58131408691406, 344.09117126464844, 347.75467705726624, 351.2035608291626, 354.8069975376129], "val_loss": [4.578697512054443, 4.427647690582275, 4.329229298400879, 4.242661611175537, 4.211160900115967, 4.1373561634063725, 4.078133800125122, 4.114961745452881, 4.070517604064942, 4.070323459625244, 3.97107841796875, 3.8377468494415283, 3.8329849575042725, 3.7313934841156007, 3.830983903503418, 3.792810160827637, 3.711249216079712, 3.7621954524993897, 3.702582322311401, 3.6424283309936523, 3.708709101867676, 3.7455339046478273, 3.6328457061767576, 3.509318115615845, 3.526268611907959, 3.5201031383514403, 3.706535231399536, 3.5687273891448976, 3.52679010925293, 3.5715001724243165, 3.710560639190674, 3.6335020118713377, 3.605229674530029, 3.5187226169586183, 3.4342451667785645, 3.525790744781494, 3.504644022369385, 3.5511929889678955, 3.5950933059692383, 3.629258194351196, 3.517476445007324, 3.6026824497222902, 3.564049068069458, 3.6769685787200928, 3.649454353713989, 3.5908302181243896, 3.587943170928955, 3.763092177581787, 3.679794881439209, 3.9121551071166993, 3.6375479469299314, 3.9790948463439944, 3.9002822677612303, 3.797209637069702, 3.811108699798584, 3.7932076404571533, 3.9141976779937746, 3.965269467163086, 3.9037171298980713, 4.053211572265625, 4.1402162719726565, 4.020497050094605, 4.053626903915405, 4.090528978729248, 3.9833317344665526, 3.947237607574463, 4.200503397369385, 4.1129436058044435, 4.168470867919922, 4.070083064651489, 4.266619318389893, 4.315268105316162, 4.181305410003662, 4.230979343414306, 4.280157600402832, 4.248210490036011, 4.290214115905762, 4.30086838760376, 4.275967842102051, 4.325420402145386, 4.3324779018402095, 4.350557908630371, 4.377581189727783, 4.372169285202026, 4.381255110549927, 4.377120833587647, 4.381879909133911, 4.399644872665405, 4.417070809173584, 4.403138721847534, 4.408620128631592, 4.409506135940552, 4.423324137115478, 4.416846010971069, 4.408426324844361, 4.410104235458374, 4.414523987579345, 4.412560890579224, 4.415051110076904, 4.404978171539307],