{"loss": [], "acc": [], "test_loss": [4.882589254760743, 4.178085155487061, 4.043148936080932, 3.9342736438751222, 4.004560604858399, 3.7657622291564943, 3.8694947265625, 3.687432512664795, 3.6802148948669435, 3.65120658531189, 3.589262146759033, 3.552474040222168, 3.552292572402954, 3.5453095893859863, 3.5297056716918944, 3.6707956100463868, 3.5655196617126466, 3.5558967514038087, 3.424644417953491, 3.4884508842468263, 3.4981283966064454, 3.6215227783203123, 3.5500505981445314, 3.532236100769043, 3.6572648750305174, 3.485648065185547, 3.675956399536133, 3.479881456756592, 3.6620369483947752, 3.7274896781921387, 3.8047421897888185, 3.687796303939819, 3.8793986499786377, 3.868011227416992, 3.765578073501587, 3.9919747879028322, 4.085491953659058, 4.027246265411377, 4.084198524856568, 4.228802703857422, 4.255695913696289, 4.12973985748291, 4.327762033081055, 4.205372677230835, 4.243370066070557, 4.350905809783936, 4.233782110595703, 4.454214492797852, 4.260249112701416, 4.299890636444092, 4.3358431228637695, 4.2426824981689455, 4.2840699844360355, 4.257604183959961, 4.205171158599853, 4.2093520294189455, 4.280514967346192, 4.256552467346191, 4.269834968566895, 4.2312000930786136, 4.217976385498047, 4.169591780090332, 4.186392087554932, 4.12435390701294, 4.156346900939941, 4.138590508270264, 4.140650424194336, 4.118217095184326, 4.107485994720459, 4.110890937042236, 4.091521686553955, 4.0895533317565915, 4.063327384185791, 4.058737902069092, 4.037253883361816, 4.042968090057373, 4.050526158905029, 4.048149626922608, 4.029332531738281, 4.033626838684082, 4.045244774627686, 4.0239849899291995, 4.028105381774902, 4.016762107849121, 4.013743540954589, 4.021500299835205, 4.021073553466797, 4.011354463195801, 4.0059532470703125, 4.007400115966797, 4.003348068237305, 4.019781090545655, 4.005128099822998, 4.012297406005859, 4.001046171569824, 4.008317051696777, 4.000539685821534, 4.005428379058838, 4.014035981750489, 3.9999546203613283], "test_acc": [1.409999966621399, 5.710000038146973, 7.009999752044678, 8.4399995803833, 8.979999542236328, 11.359999656677246, 11.34000015258789, 12.59999942779541, 13.219999313354492, 15.069999694824219, 15.75999927520752, 17.489999771118164, 17.619998931884766, 18.260000228881836, 19.049999237060547, 18.829999923706055, 19.68000030517578, 20.44999885559082, 21.65999984741211, 21.31999969482422, 22.549999237060547, 21.149999618530273, 22.0, 22.799999237060547, 21.19999885559082, 23.869998931884766, 23.34000015258789, 24.619998931884766, 23.939998626708984, 23.35999870300293, 23.709999084472656, 24.529998779296875, 24.59000015258789, 25.10999870300293, 26.729999542236328, 24.799999237060547, 24.0, 26.19999885559082, 27.139999389648438, 24.899999618530273, 26.099998474121094, 26.969999313354492, 26.40999984741211, 26.459999084472656, 27.479999542236328, 27.59000015258789, 27.8799991607666, 27.0, 28.3799991607666, 28.31999969482422, 28.76999855041504, 29.779998779296875, 29.229999542236328, 29.959999084472656, 30.579999923706055, 30.44999885559082, 30.06999969482422, 30.459999084472656, 30.51999855041504, 30.65999984741211, 30.599998474121094, 30.729999542236328, 30.90999984741211, 31.19999885559082, 31.26999855041504, 31.059999465942383, 31.19999885559082, 31.40999984741211, 31.59000015258789, 31.34000015258789, 31.6299991607666, 31.170000076293945, 31.60999870300293, 31.399999618530273, 31.529998779296875, 31.549999237060547, 31.44999885559082, 31.649999618530273, 31.799999237060547, 31.75, 31.689998626708984, 31.85999870300293, 31.839998245239258, 31.559999465942383, 31.869998931884766, 31.78999900817871, 31.869998931884766, 32.04999923706055, 31.719999313354492, 32.06999969482422, 31.899999618530273, 31.989999771118164, 32.029998779296875, 31.959999084472656, 32.09000015258789, 31.92999839782715, 32.0, 31.78999900817871, 32.06999969482422, 32.029998779296875], "wall_time": [4.259048700332642, 6.597567081451416, 9.025930404663086, 11.351232767105103, 13.73355746269226, 15.957385063171387, 18.314827919006348, 20.553749799728394, 22.67439079284668, 24.843658685684204, 27.15616226196289, 29.33969497680664, 31.63166046142578, 33.780213832855225, 36.00741124153137, 38.18309450149536, 40.517868757247925, 42.91959834098816, 45.188050985336304, 47.422579526901245, 49.66665983200073, 51.99119329452515, 54.32919955253601, 56.61449837684631, 58.769267082214355, 61.042675733566284, 63.335535526275635, 65.63710284233093, 68.05154657363892, 70.34189987182617, 72.56904244422913, 74.89817571640015, 77.0944607257843, 79.41915225982666, 81.60359287261963, 83.93058586120605, 86.34189867973328, 88.60955762863159, 91.05133557319641, 93.32170486450195, 95.68687582015991, 98.13278436660767, 100.4521062374115, 102.92781782150269, 105.14274311065674, 107.4505181312561, 109.66103482246399, 111.93367743492126, 114.278644323349, 116.52477383613586, 118.81173038482666, 121.01180005073547, 123.22132134437561, 125.48782896995544, 127.83345103263855, 130.2178988456726, 132.4167025089264, 134.71351718902588, 137.04358792304993, 139.25698924064636, 141.57854008674622, 143.8525106906891, 146.2152602672577, 148.37859439849854, 150.6703748703003, 153.0232515335083, 155.34017896652222, 157.644957780838, 160.2284700870514, 162.5760042667389, 165.02844166755676, 167.31526374816895, 169.58503079414368, 171.9111921787262, 174.08196663856506, 176.43620586395264, 178.6735725402832, 180.81662034988403, 183.14020204544067, 185.57373118400574, 187.90096282958984, 190.30407071113586, 192.42028665542603, 194.77183055877686, 197.14339685440063, 199.4808750152588, 201.8923373222351, 204.21561074256897, 206.69159531593323, 208.9587516784668, 211.20420384407043, 213.497740983963, 215.68984937667847, 218.06866002082825, 220.3837857246399, 222.7058482170105, 224.9854485988617, 227.20613145828247, 229.51996779441833, 231.73408460617065], "val_loss": [4.888178678894043, 4.186221739196777, 4.039543310546875, 3.9374398738861083, 3.9993026851654054, 3.773222599029541, 3.8559018226623536, 3.6803741611480714, 3.672496744155884, 3.661298816680908, 3.5874416465759276, 3.5499809005737304, 3.5548008090972902, 3.551301988983154, 3.511693229675293, 3.675866478729248, 3.556299905014038, 3.5833548778533935, 3.427410570526123, 3.5123893852233885, 3.5181419166564942, 3.624306199645996, 3.581067367553711, 3.5667776496887207, 3.691312538909912, 3.4810009185791015, 3.6498645248413086, 3.5133334270477294, 3.659861363983154, 3.7771123271942137, 3.8179230827331545, 3.7280030754089357, 3.930434329223633, 3.929430697631836, 3.818328332519531, 4.020259698486328, 4.12925813293457, 4.067266883468628, 4.120329933547974, 4.277499881744385, 4.235133840942383, 4.165675524520874, 4.380623338317871, 4.215387114334106, 4.2126966529846195, 4.367927111053467, 4.252148469543457, 4.500580084991455, 4.271190515899658, 4.321992330932617, 4.386252744674683, 4.309998542022705, 4.318505968856812, 4.352237565612793, 4.270700993347168, 4.2508137371063235, 4.333924728393555, 4.278841137313843, 4.31726579208374, 4.286029431152344, 4.25630128326416, 4.233527440643311, 4.226155974960327, 4.167226422119141, 4.187669395065307, 4.174828819656372, 4.175152667999267, 4.160090730285645, 4.142276229095459, 4.144656761932373, 4.123855222702026, 4.129662486648559, 4.0975348739624025, 4.090760802078247, 4.06585619430542, 4.070636557769776, 4.081456650924682, 4.077426961517334, 4.06409003868103, 4.07238352394104, 4.077456484603882, 4.061438408279419, 4.0727692947387695, 4.055571859359741, 4.051755172729492, 4.060073070526123, 4.060522139358521, 4.048891461181641, 4.044268714141846, 4.040954889297486, 4.0409758785247805, 4.0559733184814455, 4.040632234191895, 4.049182963562012, 4.035932607650757, 4.0465366065979005, 4.039056746292114, 4.04161549873352, 4.048218980789184, 4.0371248889923095],