{"loss": [], "acc": [], "test_loss": [5.03506003112793, 4.2289524757385255, 4.06005357208252, 4.030159566116333, 3.906913519668579, 3.7407086334228516, 3.7750479667663575, 3.7719272537231445, 3.6948390769958497, 3.6464468524932863, 3.9190955322265624, 3.767477931213379, 3.621896957397461, 3.783312844848633, 3.4394436290740966, 3.2999843551635744, 3.431146839141846, 3.4652902866363524, 3.3423702659606933, 3.254993539428711, 3.3877686782836913, 3.5747623836517333, 3.4543748500823974, 3.4323898452758788, 3.934143711471558, 3.948643268585205, 3.41754861907959, 3.6777188163757324, 3.5660435039520264, 3.636562836074829, 3.6098093227386476, 3.6983051364898683, 3.68517248878479, 3.7579327846527097, 3.7658239479064943, 3.8812700702667238, 4.0627713317871095, 3.7855799560546877, 3.927193202972412, 3.896096797943115, 4.01911022567749, 4.081814515686035, 4.137857618713379, 4.018575183868408, 4.083533239746094, 4.203981993865967, 4.125391844177246, 4.03225428314209, 4.095815952301026, 4.1542106605529785, 4.205618874359131, 4.06645131072998, 4.0316961769104, 4.080859764099121, 4.0967203117370605, 4.081525560760498, 4.040063481140137, 4.0735568328857426, 4.0231705673217775, 4.017624230194092, 4.0205462959289555, 4.001394612884521, 4.005479187774658, 3.9683870582580565, 3.9697511611938476, 3.950557086181641, 3.94216902923584, 3.923934413909912, 3.919441800689697, 3.9144271705627443, 3.905170026397705, 3.9057157981872557, 3.874617431640625, 3.877867734527588, 3.866536372375488, 3.8668170364379884, 3.8727784240722656, 3.8669500106811525, 3.837744320678711, 3.838005558013916, 3.8442062561035155, 3.833313222503662, 3.83757333984375, 3.8295251693725585, 3.8342534477233885, 3.83434979095459, 3.8280198974609374, 3.8260629104614257, 3.8322033126831054, 3.818783472442627, 3.82394920501709, 3.832610090637207, 3.8259460441589357, 3.828993313598633, 3.8201862098693846, 3.827385807800293, 3.8222961349487306, 3.8212593727111814, 3.8337892486572267, 3.826013423156738], "test_acc": [1.0, 5.739999771118164, 6.799999713897705, 7.37999963760376, 9.769999504089355, 11.960000038146973, 12.1899995803833, 12.859999656677246, 13.949999809265137, 14.869999885559082, 14.559999465942383, 14.289999961853027, 17.229999542236328, 15.65999984741211, 20.219999313354492, 22.849998474121094, 19.649999618530273, 20.760000228881836, 22.84000015258789, 23.25, 23.229999542236328, 21.59000015258789, 22.420000076293945, 24.309999465942383, 19.1299991607666, 20.15999984741211, 25.92999839782715, 22.719999313354492, 24.309999465942383, 24.479999542236328, 25.849998474121094, 24.59000015258789, 25.85999870300293, 25.709999084472656, 25.579999923706055, 25.299999237060547, 25.8799991607666, 27.829999923706055, 28.279998779296875, 27.459999084472656, 27.729999542236328, 27.19999885559082, 27.849998474121094, 27.42999839782715, 29.189998626708984, 28.51999855041504, 29.139999389648438, 29.829999923706055, 29.59000015258789, 29.599998474121094, 29.729999542236328, 30.26999855041504, 30.439998626708984, 30.719999313354492, 31.229999542236328, 30.809999465942383, 31.170000076293945, 31.469999313354492, 31.829999923706055, 31.979999542236328, 31.60999870300293, 31.75, 31.959999084472656, 32.46999740600586, 32.290000915527344, 32.23999786376953, 32.34000015258789, 32.0099983215332, 32.619998931884766, 32.369998931884766, 32.5099983215332, 32.68000030517578, 32.61000061035156, 32.599998474121094, 32.61000061035156, 32.619998931884766, 32.599998474121094, 32.54999923706055, 32.77000045776367, 32.70000076293945, 32.619998931884766, 32.57999801635742, 32.689998626708984, 32.71999740600586, 32.779998779296875, 32.88999938964844, 32.84000015258789, 32.82999801635742, 32.790000915527344, 32.66999816894531, 32.869998931884766, 32.7599983215332, 32.84000015258789, 32.689998626708984, 32.80999755859375, 32.82999801635742, 32.709999084472656, 32.79999923706055, 32.709999084472656, 32.95000076293945], "wall_time": [4.207664728164673, 6.507301568984985, 8.82755970954895, 11.134199857711792, 13.511763095855713, 15.93294644355774, 18.310989141464233, 20.47834277153015, 22.73017454147339, 25.07164239883423, 27.467403411865234, 29.808683156967163, 32.19080376625061, 34.31376028060913, 36.54783344268799, 39.030057430267334, 41.357983112335205, 43.60411477088928, 45.74387311935425, 47.92258930206299, 50.159361362457275, 52.60293006896973, 55.10062122344971, 57.50852084159851, 59.81851506233215, 62.08036160469055, 64.2088029384613, 66.57584261894226, 68.84115552902222, 71.20676279067993, 73.42114067077637, 75.66454839706421, 77.98306107521057, 80.1346344947815, 82.26482486724854, 84.72357153892517, 87.08271026611328, 89.46957278251648, 91.91895389556885, 94.15486335754395, 96.36252069473267, 98.46776604652405, 100.81218719482422, 103.14406418800354, 105.39135146141052, 107.57102704048157, 109.800626039505, 112.03811407089233, 114.50553584098816, 116.72106122970581, 119.06029176712036, 121.4318437576294, 123.85050988197327, 126.12350916862488, 128.32910561561584, 130.5966877937317, 133.10673260688782, 135.48138117790222, 137.7665331363678, 140.13120532035828, 142.39501786231995, 144.78375792503357, 147.13937616348267, 149.38931322097778, 151.66924285888672, 154.1193506717682, 156.31258034706116, 158.42581152915955, 160.75567746162415, 163.07999658584595, 165.57292246818542, 167.71664428710938, 170.22120475769043, 172.4758756160736, 174.784188747406, 177.12467455863953, 179.46522283554077, 181.71977972984314, 183.88724660873413, 186.30219292640686, 188.70082926750183, 191.10276007652283, 193.18168950080872, 195.49888515472412, 197.81354141235352, 200.19268321990967, 202.81692600250244, 205.15793919563293, 207.56742763519287, 209.80169892311096, 212.15538787841797, 214.63698863983154, 217.03371739387512, 219.24655103683472, 221.7234983444214, 224.1140193939209, 226.29968643188477, 228.69391798973083, 231.00048828125, 233.4570882320404], "val_loss": [5.0326917953491215, 4.240620951080322, 4.066501456832886, 4.035331657028198, 3.9197113761901856, 3.74394600982666, 3.7743002452850343, 3.787801821136475, 3.6867698902130126, 3.6687816036224365, 3.908811731719971, 3.771477597808838, 3.6350709926605225, 3.7859116569519045, 3.4378325271606447, 3.2952926036834715, 3.4182018463134765, 3.481198058319092, 3.332974100112915, 3.2593048149108887, 3.386793645095825, 3.574767624282837, 3.4804100494384764, 3.435657506561279, 3.963334770202637, 3.897202400970459, 3.394599307632446, 3.7015171157836915, 3.523501755523682, 3.659385357666016, 3.657548933792114, 3.6974794593811033, 3.719276884841919, 3.7761447219848634, 3.8223549808502195, 3.91114981842041, 4.131367503356934, 3.8497043617248536, 3.973298872375488, 3.9232953647613527, 4.070134335327149, 4.1237186965942385, 4.169962651062011, 4.05501978263855, 4.104981083679199, 4.248279108047486, 4.163250010299683, 4.078818477630615, 4.164051475143433, 4.2037758529663085, 4.268199806976319, 4.1205232643127445, 4.109290194702148, 4.119552554321289, 4.143468478012085, 4.1138815040588375, 4.079400951766968, 4.093869815444946, 4.061566019439697, 4.0657121990203855, 4.06261071434021, 4.0465779140472415, 4.055633157348633, 3.999393542480469, 3.9965064422607424, 3.9892864715576173, 3.9826650413513183, 3.9680692211151123, 3.959752517700195, 3.9424975624084473, 3.940803762817383, 3.9401934867858888, 3.912813549232483, 3.917522102737427, 3.9067304862976076, 3.9012377187728884, 3.907727565383911, 3.904066037750244, 3.876772844696045, 3.8831142395019533, 3.8841998275756837, 3.8764418914794923, 3.879964684677124, 3.873432161903381, 3.877030892944336, 3.8780025413513184, 3.8704508754730225, 3.8697508155822753, 3.8742013177871706, 3.858404089164734, 3.8655518672943114, 3.8716632759094236, 3.8651519035339357, 3.869569891357422, 3.858382991027832, 3.866997384643555, 3.864921010971069, 3.862858567047119, 3.872763762664795, 3.866342978477478],