{"loss": [], "acc": [], "test_loss": [4.716735584259033, 4.928657403564453, 4.722017869567871, 5.49074845199585, 4.645106995391846, 4.574602923583984, 4.467697006988526, 4.249321321105957, 4.317397763824463, 4.3855479682922365, 4.432934944915772, 4.313744705200195, 4.582289473724365, 4.506001821136475, 4.690349275207519, 4.679287033081055, 4.830968383789062, 4.607844514465332, 4.77929419631958, 6.871359204864502, 5.555076209259033, 5.009401316070557, 5.743818408203125, 5.4420540946960445, 5.672384455108642, 5.590640841674805, 5.479243188476563, 5.322714434051513, 5.1793856521606445, 5.102249353790283, 5.287861855316162, 5.146846517944336, 5.661835121917725, 5.4111252059936525, 5.164085657501221, 5.781098132324218, 5.315591438293457, 4.966894450378418, 5.147976193237304, 6.4256061180114745, 5.032130760192871, 5.098664083862305, 5.458260963439941, 5.23249931564331, 5.02367158126831, 4.930257710266114, 4.882259391784668, 4.988072470092773, 4.820924771118164, 5.043266911315918, 4.940294326019287, 4.863784367370606, 5.00709833984375, 4.7661953430175785, 5.024078834533691, 4.958017137145996, 4.813917700958252, 4.951719732666016, 4.819639626312256, 4.668183419799805, 4.7797559684753415, 4.72111407623291, 4.952280699157715, 4.656016319274903, 4.73917166519165, 4.650466885375977, 4.742087250518799, 4.628963617324829, 4.658699545288086, 4.657135778808594, 4.651267626190186, 4.618938510894775, 4.604687985992432, 4.586300080871582, 4.577182342529297, 4.600246984863281, 4.568967860412598, 4.598942309570313, 4.576583925628662, 4.592523175811768, 4.583702227020264, 4.578777185058594, 4.630176043701172, 4.577880425262451, 4.569638450622558, 4.5743091056823735, 4.573704307556152, 4.568470734405517, 4.557793591308593, 4.564238072967529, 4.562511681365967, 4.587676776885987, 4.579026596069336, 4.566844763946533, 4.567761032867431, 4.560692495727539, 4.557019195556641, 4.570585646057129, 4.570465671539306, 4.574740736389161], "test_acc": [1.0, 1.0, 2.609999895095825, 2.859999895095825, 4.609999656677246, 5.599999904632568, 6.009999752044678, 7.149999618530273, 7.319999694824219, 7.349999904632568, 8.15999984741211, 7.71999979019165, 8.279999732971191, 9.40999984741211, 8.15999984741211, 9.149999618530273, 8.149999618530273, 9.859999656677246, 11.239999771118164, 2.549999952316284, 8.639999389648438, 11.210000038146973, 9.09999942779541, 12.299999237060547, 12.139999389648438, 13.019999504089355, 11.739999771118164, 13.229999542236328, 13.819999694824219, 15.719999313354492, 15.309999465942383, 16.549999237060547, 13.65999984741211, 16.010000228881836, 15.869999885559082, 13.789999961853027, 16.65999984741211, 19.170000076293945, 15.15999984741211, 11.969999313354492, 17.729999542236328, 18.3799991607666, 16.69999885559082, 17.619998931884766, 19.84000015258789, 20.51999855041504, 20.5, 19.94999885559082, 21.479999542236328, 20.0, 20.059999465942383, 20.90999984741211, 20.229999542236328, 22.35999870300293, 19.799999237060547, 20.09000015258789, 21.309999465942383, 21.28999900817871, 21.729999542236328, 22.75, 22.219999313354492, 22.639999389648438, 21.19999885559082, 23.09000015258789, 21.959999084472656, 23.34000015258789, 22.479999542236328, 23.559999465942383, 23.209999084472656, 23.43000030517578, 23.51999855041504, 23.03999900817871, 23.81999969482422, 23.90999984741211, 24.149999618530273, 23.779998779296875, 23.94999885559082, 24.189998626708984, 24.0, 23.899999618530273, 24.239999771118164, 24.53999900817871, 24.06999969482422, 24.349998474121094, 24.44999885559082, 24.439998626708984, 24.3799991607666, 24.40999984741211, 24.479999542236328, 24.349998474121094, 24.279998779296875, 24.349998474121094, 24.53999900817871, 24.53999900817871, 24.53999900817871, 24.439998626708984, 24.40999984741211, 24.529998779296875, 24.510000228881836, 24.559999465942383], "wall_time": [3.0531277656555176, 4.365463733673096, 5.60036301612854, 6.885670900344849, 8.260567426681519, 9.715177297592163, 10.980344533920288, 12.320607662200928, 13.684570074081421, 14.940150499343872, 16.28516936302185, 17.612202167510986, 18.900020122528076, 20.209012985229492, 21.70835041999817, 23.007023096084595, 24.37261438369751, 25.609010219573975, 26.965481758117676, 28.33690643310547, 29.652186632156372, 30.936861515045166, 32.25529670715332, 33.45195746421814, 34.79971122741699, 36.07730984687805, 37.36679649353027, 38.607062578201294, 39.86223030090332, 41.092525482177734, 42.37909126281738, 43.623703479766846, 45.00709104537964, 46.24153971672058, 47.498749017715454, 48.81070327758789, 50.147634506225586, 51.48861217498779, 52.71909141540527, 54.05721473693848, 55.33505725860596, 56.66124486923218, 58.00441575050354, 59.238298654556274, 60.49284052848816, 61.795931816101074, 63.12090992927551, 64.43604588508606, 65.78026270866394, 67.04181385040283, 68.25978708267212, 69.6049633026123, 70.95593929290771, 72.21775341033936, 73.54984521865845, 74.86700749397278, 76.1479127407074, 77.32598948478699, 78.66581916809082, 79.91287040710449, 81.14484024047852, 82.47340059280396, 83.66168189048767, 84.96324372291565, 86.29565238952637, 87.55211520195007, 88.94032645225525, 90.22283673286438, 91.55325984954834, 92.7093415260315, 93.9879834651947, 95.32689690589905, 96.61229729652405, 97.92016363143921, 99.13082480430603, 100.40464234352112, 101.58528685569763, 102.94247555732727, 104.24653029441833, 105.48384404182434, 106.899733543396, 108.35547089576721, 109.58680510520935, 110.8402156829834, 112.079350233078, 113.47508096694946, 114.70366430282593, 116.04776096343994, 117.32938289642334, 118.66681504249573, 120.00812220573425, 121.24751663208008, 122.58438324928284, 123.88802075386047, 125.17026257514954, 126.47949743270874, 127.76238441467285, 129.08784341812134, 130.35780501365662, 131.683167219162], "val_loss": [4.723238301849365, 4.945640746307373, 4.736351327514648, 5.467243946075439, 4.650902422714234, 4.569986548233032, 4.476576654434204, 4.262259499359131, 4.345188989639282, 4.40791484375, 4.4454427963256835, 4.347064147567749, 4.594509769821167, 4.5358889892578125, 4.713107150268555, 4.721992825317383, 4.875670497894287, 4.610893906402588, 4.811603803253174, 6.921817509460449, 5.505367803955078, 5.0065126167297365, 5.758128636169434, 5.490176567840576, 5.63094895401001, 5.615419866943359, 5.518549993133545, 5.332210301589966, 5.293813144302368, 5.170243363189697, 5.33374052734375, 5.206681705474853, 5.646121913146973, 5.478587435913086, 5.2066113487243655, 5.822005639648437, 5.3528553527832035, 5.012004959869385, 5.153173837280273, 6.454629850769043, 5.060001239013672, 5.159643721008301, 5.485573293304443, 5.335003308105469, 5.093308358001709, 4.990407841491699, 4.945863901519775, 5.081833203887939, 4.925091401290894, 5.155706172180175, 5.035764382934571, 4.892015521240235, 5.0534858264923095, 4.8031344223022465, 5.05174086151123, 5.004309043884278, 4.840336557006836, 4.992074702453613, 4.861417144012451, 4.675475652313232, 4.823746269226074, 4.774249416351318, 4.960994539260864, 4.6755138381958, 4.7724190612792965, 4.684517956542969, 4.770714650726318, 4.6541434730529785, 4.663394766616821, 4.679064986801148, 4.660858387374878, 4.635669857406616, 4.614598516082764, 4.611390191650391, 4.599813912200927, 4.622805455780029, 4.585717877960205, 4.614653713989258, 4.581106419372559, 4.614279002380371, 4.593483194732666, 4.583085331726074, 4.654122723388672, 4.5974031433105464, 4.577502801895141, 4.590340293884277, 4.582500662231445, 4.583023345947265, 4.564368558502197, 4.56363452758789, 4.57143448638916, 4.597331374359131, 4.585585949707031, 4.57316477355957, 4.574707702636719, 4.567527271270752, 4.563060088348388, 4.578498350524902, 4.576810215759277, 4.580609454345703],