{"loss": [], "acc": [], "test_loss": [4.63728969039917, 4.370440097045899, 4.119960562133789, 4.4015129272460936, 4.039847205352784, 3.9289352012634278, 3.6864578742980956, 3.9245371017456057, 3.786633334350586, 3.2658693019866942, 3.1395698390960693, 4.523075222015381, 3.0828103843688965, 3.4144618896484373, 4.169054308319092, 3.2620429515838625, 2.793451611328125, 3.022689775466919, 2.848376047897339, 3.103385808944702, 3.121799585723877, 2.8633219902038576, 3.056179151916504, 3.1633924907684325, 4.18019426574707, 3.372642053985596, 3.157707286453247, 3.154240661239624, 15.662337036132813, 5.612463916778564, 4.916773336791993, 5.90078373336792, 5.147287099456787, 6.6468274047851565, 11.579290446472168, 5.389146830749512, 6.9126278526306155, 5.260162022399903, 6.4231617012023925, 6.773455443572998, 8.54459778137207, 6.189292830657959, 10.182679748535156, 8.37218901977539, 6.530721655273437, 10.038886306762695, 5.812873834991455, 9.342545027160645, 6.653848545074463, 5.558240548706054, 7.065448351287841, 5.559310348510742, 7.146328581237793, 7.80187813873291, 6.315636499023437, 12.268213473510743, 9.088596426391602, 6.610928768920899, 7.885227746582031, 8.726624351501465, 6.1635108596801755, 6.90291990814209, 6.504666510009765, 8.993347824096679, 7.512690432739258, 6.546258256530762, 6.56450016708374, 6.2067737403869625, 6.19108299407959, 6.688070623779297, 9.907731585693359, 6.218640216827392, 5.8690409729003905, 6.388188092041015, 7.735983912658692, 11.972701138305665, 7.06355630569458, 6.211230730438232, 8.40973170852661, 8.329242391967773, 7.802728266906739, 7.828044124603272, 7.370856548309326, 7.226375845336914, 5.720426988983155, 7.207747811889648, 7.837387382507324, 6.651456465148926, 6.687222547149658, 5.446848793792725, 6.683331900024414, 5.686250081634522, 6.550583732604981, 6.667624570465088, 6.385103942871094, 5.168199305725097, 5.055873342895508, 4.997157765197754, 4.9837472549438475, 5.001815840148926], "test_acc": [1.0, 4.239999771118164, 6.449999809265137, 4.170000076293945, 7.349999904632568, 9.170000076293945, 12.75, 9.969999313354492, 12.989999771118164, 18.56999969482422, 22.619998931884766, 11.880000114440918, 24.709999084472656, 20.40999984741211, 15.289999961853027, 23.399999618530273, 29.719999313354492, 26.85999870300293, 30.719999313354492, 26.81999969482422, 28.189998626708984, 32.2599983215332, 30.149999618530273, 28.349998474121094, 20.6299991607666, 24.69999885559082, 30.31999969482422, 29.42999839782715, 1.0, 1.0099999904632568, 1.3399999141693115, 1.0399999618530273, 2.0299999713897705, 1.5399999618530273, 1.159999966621399, 1.8299999237060547, 1.8899999856948853, 1.0799999237060547, 1.1200000047683716, 1.0199999809265137, 1.1399999856948853, 1.9199999570846558, 1.1699999570846558, 1.0299999713897705, 1.0399999618530273, 1.0, 2.2699999809265137, 1.100000023841858, 1.46999990940094, 1.909999966621399, 1.4499999284744263, 1.6200000047683716, 1.7899999618530273, 1.5799999237060547, 2.5999999046325684, 1.0, 1.0699999332427979, 1.159999966621399, 1.4199999570846558, 1.8299999237060547, 1.6200000047683716, 1.399999976158142, 1.899999976158142, 1.8599998950958252, 1.4399999380111694, 1.0299999713897705, 1.159999966621399, 1.5299999713897705, 2.1499998569488525, 1.96999990940094, 1.1899999380111694, 2.369999885559082, 1.75, 2.700000047683716, 1.4900000095367432, 1.25, 1.6100000143051147, 1.2300000190734863, 2.319999933242798, 1.149999976158142, 2.1399998664855957, 3.3499999046325684, 3.759999990463257, 2.3899998664855957, 2.5799999237060547, 5.0, 4.170000076293945, 5.529999732971191, 7.829999923706055, 13.869999885559082, 6.549999713897705, 10.199999809265137, 6.949999809265137, 8.399999618530273, 9.34999942779541, 16.25, 16.670000076293945, 17.899999618530273, 17.959999084472656, 17.889999389648438], "wall_time": [3.7729547023773193, 6.435823202133179, 9.042761087417603, 11.524750471115112, 13.97182011604309, 16.608112812042236, 19.15691614151001, 21.88056778907776, 24.392876863479614, 27.055203676223755, 29.972607851028442, 32.67071199417114, 35.25260806083679, 37.702621936798096, 40.21075916290283, 42.75424385070801, 45.1876380443573, 47.812036991119385, 50.36404871940613, 52.990962743759155, 55.71818399429321, 58.16851544380188, 60.72842049598694, 63.35808205604553, 65.90546464920044, 68.51957702636719, 71.07783198356628, 73.74168610572815, 76.09183096885681, 78.86346459388733, 81.65594506263733, 84.12997364997864, 86.92128276824951, 89.8147463798523, 92.5244255065918, 95.20565867424011, 97.79350328445435, 100.48988556861877, 103.00948119163513, 105.54721283912659, 108.02545523643494, 110.78017139434814, 113.35834312438965, 116.04391050338745, 118.39960503578186, 120.89556884765625, 123.42575311660767, 125.97361946105957, 128.69118642807007, 131.24526453018188, 133.9598789215088, 136.93437933921814, 139.49938201904297, 142.18663001060486, 144.80738401412964, 147.4168655872345, 150.03515124320984, 152.60734844207764, 155.1608374118805, 157.7360565662384, 160.36652159690857, 162.9478771686554, 165.6327829360962, 168.12157607078552, 170.62070298194885, 173.26282000541687, 175.86276650428772, 178.297203540802, 180.8534598350525, 183.29818749427795, 185.99555945396423, 188.71137952804565, 191.32807540893555, 193.98868918418884, 196.70368099212646, 199.22910380363464, 201.81639790534973, 204.2811677455902, 206.9294764995575, 209.50797700881958, 212.05340337753296, 214.72137212753296, 217.52439260482788, 220.13823461532593, 222.76517128944397, 225.3565092086792, 228.1063196659088, 230.70337510108948, 233.2694206237793, 235.64608430862427, 238.49674582481384, 241.12360978126526, 243.77147841453552, 246.60615301132202, 249.1949498653412, 251.83015966415405, 254.4388792514801, 256.96689772605896, 259.69244170188904, 262.4589078426361], "val_loss": [4.6418337051391605, 4.381357797241211, 4.131774150848389, 4.401412351226806, 4.036973638153076, 3.9411841724395753, 3.689615492248535, 3.936290782928467, 3.7765929504394533, 3.2820334560394286, 3.144098107147217, 4.576951642608643, 3.093812688827515, 3.4307106609344484, 4.121196886444092, 3.2483191268920897, 2.789030558013916, 3.0432049293518064, 2.8761657890319823, 3.1080296772003173, 3.1142996940612795, 2.874898155593872, 3.0495096183776855, 3.1454018131256105, 4.2489205200195315, 3.376425820159912, 3.146268695449829, 3.1420390491485595, 15.73857239074707, 5.6196866241455075, 4.915889154815674, 5.898664511108398, 5.155618784332275, 6.648851153564453, 11.600547315979004, 5.374691477966309, 6.925685935211182, 5.2503363571167, 6.422642597961426, 6.77211547241211, 8.535183694458008, 6.204983221435547, 10.187756912231446, 8.361967098999024, 6.513607653808593, 10.050971015930175, 5.803409176635742, 9.365462295532227, 6.668927268981934, 5.540081996917724, 7.084508675384521, 5.551807933044434, 7.12695124130249, 7.807413975524902, 6.315013182067871, 12.310140463256836, 9.106384426879883, 6.64389105834961, 7.910002743530273, 8.727481861877441, 6.151844019317627, 6.903730181121826, 6.487564028167725, 8.996515615844727, 7.53955891418457, 6.520274518585205, 6.586214546966553, 6.203135186004639, 6.195719871520996, 6.683546891784668, 9.918977537536621, 6.181391333007812, 5.904104562377929, 6.372319313049316, 7.761067323303223, 12.004920481872558, 7.107681303405761, 6.193296689605713, 8.453377127075195, 8.341573759460449, 7.7851169998168945, 7.8747002799987795, 7.394201290130615, 7.18495463180542, 5.713643157958985, 7.202521827697754, 7.818046760559082, 6.621827193450928, 6.650378436279297, 5.395258773040771, 6.623020336914062, 5.665560085296631, 6.5801531623840335, 6.599111889648437, 6.381444399261475, 5.108190421295166, 4.985281093978882, 4.928550681304932, 4.922548305511475, 4.937183656311035],