{"loss": [], "acc": [], "test_loss": [4.137921016693115, 4.112834992599487, 3.5319889755249023, 3.239879238510132, NaN, NaN, NaN, NaN, NaN, NaN, NaN, NaN, NaN, NaN, NaN, NaN, NaN, NaN, NaN, NaN, NaN, NaN, NaN, NaN, NaN, NaN, NaN, NaN, NaN, NaN, NaN, NaN, NaN, NaN, NaN, NaN, NaN, NaN, NaN, NaN, NaN, NaN, NaN, NaN, NaN, NaN, NaN, NaN, NaN, NaN, NaN, NaN, NaN, NaN, NaN, NaN, NaN, NaN, NaN, NaN, NaN, NaN, NaN, NaN, NaN, NaN, NaN, NaN, NaN, NaN, NaN, NaN, NaN, NaN, NaN, NaN, NaN, NaN, NaN, NaN, NaN, NaN, NaN, NaN, NaN, NaN, NaN, NaN, NaN, NaN, NaN, NaN, NaN, NaN, NaN, NaN, NaN, NaN, NaN, NaN], "test_acc": [6.170000076293945, 6.919999599456787, 14.089999198913574, 19.799999237060547, 0.09999999403953552, 0.47999998927116394, 0.0, 0.7999999523162842, 0.0, 0.0, 0.0, 0.0, 0.009999999776482582, 0.0, 0.0, 0.03999999910593033, 0.6899999976158142, 0.0, 0.029999999329447746, 0.47999998927116394, 0.4599999785423279, 0.5299999713897705, 0.0, 0.0, 0.07999999821186066, 0.26999998092651367, 0.9899999499320984, 0.0, 0.03999999910593033, 0.009999999776482582, 0.0, 0.0, 0.08999999612569809, 0.20999999344348907, 0.6200000047683716, 0.0, 0.009999999776482582, 0.09999999403953552, 0.26999998092651367, 0.7999999523162842, 0.6899999976158142, 0.0, 0.029999999329447746, 0.47999998927116394, 0.4599999785423279, 0.5299999713897705, 0.0, 0.0, 0.07999999821186066, 0.26999998092651367, 0.9899999499320984, 0.0, 0.03999999910593033, 0.009999999776482582, 0.0, 0.0, 0.08999999612569809, 0.20999999344348907, 0.6200000047683716, 0.0, 0.009999999776482582, 0.09999999403953552, 0.26999998092651367, 0.7999999523162842, 0.6899999976158142, 0.0, 0.029999999329447746, 0.47999998927116394, 0.4599999785423279, 0.5299999713897705, 0.0, 0.0, 0.07999999821186066, 0.26999998092651367, 0.9899999499320984, 0.0, 0.03999999910593033, 0.009999999776482582, 0.0, 0.0, 0.08999999612569809, 0.20999999344348907, 0.6200000047683716, 0.0, 0.009999999776482582, 0.09999999403953552, 0.26999998092651367, 0.7699999809265137, 0.6899999976158142, 0.0, 0.029999999329447746, 0.4399999976158142, 0.4599999785423279, 0.5299999713897705, 0.0, 0.0, 0.07999999821186066, 0.26999998092651367, 0.9899999499320984, 0.0], "wall_time": [11.224039554595947, 20.516722440719604, 29.926876306533813, 39.15428686141968, 48.264458656311035, 57.59555745124817, 66.99727272987366, 76.35230994224548, 85.60151672363281, 94.99741744995117, 104.3696403503418, 113.66054773330688, 122.94664454460144, 132.25991368293762, 141.6571843624115, 150.61652374267578, 159.89126110076904, 168.99828338623047, 178.2250497341156, 187.57350540161133, 196.88637709617615, 205.7384421825409, 214.97973322868347, 224.2038974761963, 233.47542262077332, 242.83998155593872, 252.14479184150696, 261.51214814186096, 270.8742468357086, 280.43956685066223, 289.9345054626465, 299.3907256126404, 308.74182200431824, 318.0411603450775, 327.44874906539917, 336.71602392196655, 345.80280327796936, 355.19204330444336, 364.54043650627136, 373.8988690376282, 383.23745560646057, 392.5355272293091, 401.8807816505432, 411.2805142402649, 420.8279333114624, 429.7685477733612, 439.19651055336, 448.5481708049774, 457.60837984085083, 466.76267981529236, 476.2445776462555, 485.1471960544586, 494.44200372695923, 503.51808047294617, 512.6336324214935, 521.8484055995941, 531.140154838562, 540.4585030078888, 549.7517454624176, 559.0210244655609, 568.4390392303467, 577.8388967514038, 587.0624339580536, 596.5530235767365, 605.6033759117126, 614.9996814727783, 624.2228183746338, 633.5245859622955, 642.7845101356506, 652.0513818264008, 661.3618085384369, 670.6913886070251, 679.9550008773804, 689.318425655365, 698.7247033119202, 708.1616427898407, 717.4987318515778, 726.806428194046, 736.12166929245, 745.3565819263458, 754.4711074829102, 763.9122734069824, 773.2472496032715, 782.7392506599426, 792.2203919887543, 801.6475255489349, 810.9512050151825, 820.3563735485077, 829.6898577213287, 839.0862884521484, 848.4051337242126, 857.7497210502625, 866.8359069824219, 876.1301672458649, 885.4376196861267, 894.5206172466278, 903.6956262588501, 913.0095353126526, 922.4441764354706, 931.587277173996], "val_loss": [4.155679846191406, 4.144780481338501, 3.544637847137451, 3.2558483894348145, NaN, NaN, NaN, NaN, NaN, NaN, NaN, NaN, NaN, NaN, NaN, NaN, NaN, NaN, NaN, NaN, NaN, NaN, NaN, NaN, NaN, NaN, NaN, NaN, NaN, NaN, NaN, NaN, NaN, NaN, NaN, NaN, NaN, NaN, NaN, NaN, NaN, NaN, NaN, NaN, NaN, NaN, NaN, NaN, NaN, NaN, NaN, NaN, NaN, NaN, NaN, NaN, NaN, NaN, NaN, NaN, NaN, NaN, NaN, NaN, NaN, NaN, NaN, NaN, NaN, NaN, NaN, NaN, NaN, NaN, NaN, NaN, NaN, NaN, NaN, NaN, NaN, NaN, NaN, NaN, NaN, NaN, NaN, NaN, NaN, NaN, NaN, NaN, NaN, NaN, NaN, NaN, NaN, NaN, NaN, NaN], "val_acc": [5.849999904632568, 6.769999980926514, 14.299999237060547, 19.149999618530273, 0.07999999821186066, 0.0, 0.0, 0.0, 0.0, 0.0, 0.0, 0.0, 0.009999999776482582, 0.009999999776482582, 0.07999999821186066, 0.3100000023841858, 0.0, 0.09999999403953552, 0.07999999821186066, 0.0, 0.0, 0.0, 0.0, 0.03999999910593033, 0.05999999865889549, 0.0, 0.0, 0.0, 0.3100000023841858, 0.0, 0.09999999403953552, 0.009999999776482582, 0.05999999865889549, 0.07999999821186066, 0.009999999776482582, 0.0, 0.009999999776482582, 0.05999999865889549, 0.0, 0.0, 0.0, 0.09999999403953552, 0.07999999821186066, 0.0, 0.0, 0.0, 0.0, 0.03999999910593033, 0.05999999865889549, 0.0, 0.0, 0.0, 0.3100000023841858, 0.0, 0.09999999403953552, 0.009999999776482582, 0.05999999865889549, 0.07999999821186066, 0.009999999776482582, 0.0, 0.009999999776482582, 0.05999999865889549, 0.0, 0.0, 0.0, 0.09999999403953552, 0.07999999821186066, 0.0, 0.0, 0.0, 0.0, 0.03999999910593033, 0.05999999865889549, 0.0, 0.0, 0.0, 0.3100000023841858, 0.0, 0.09999999403953552, 0.009999999776482582, 0.05999999865889549, 0.07999999821186066, 0.009999999776482582, 0.0, 0.009999999776482582, 0.05999999865889549, 0.0, 0.0, 0.0, 0.09999999403953552, 0.07999999821186066, 0.0, 0.0, 0.0, 0.0, 0.03999999910593033, 0.05999999865889549, 0.0, 0.0, 0.0]}