{"loss": [], "acc": [], "test_loss": [4.335927830505371, 3.922075018692017, 4.676225627136231, 4.770175720214843, 4.785237796783448, 4.7547556480407716, 6.951829295349121, 7.399368237304688, 7.452556579589844, 7.3992704788208, 8.001036878967286, 5.910551750946045, 9.323378190612793, 11.713988464355468, 5.603044290161133, 6.657506014251709, 8.680730209350585, 9.411406037902832, 6.484710919189453, 7.173469185638428, 7.69895764541626, 6.439617011260986, 5.610360753631592, 7.039864093780517, 9.012501606750488, 6.928428668212891, 9.99322113494873, 6.299377660369873, 7.444141796875, 6.047036546325684, 7.974691180419922, 7.044355239868164, 7.183269483184814, 6.722953125762939, 5.606391259002685, 6.764569303894043, 7.254460164642334, 7.488362358093262, 6.179991045379639, 9.145014929199219, 9.192499536132813, 7.642651535797119, 6.032224537658691, 5.8633169738769535, 9.65446332092285, 7.067935071563721, 8.504866355895997, 7.0409767562866215, 6.398473611450195, 5.558135877227783, 8.231061853027343, 6.632758522033692, 8.428159841918946, 9.088267002868653, 8.657427955627442, 6.465853927612304, 7.490331665039062, 8.624304209899902, 9.148890390014648, 7.582168698883057, 10.114614559936523, 8.522837062072753, 7.953125398254395, 7.915163542175293, 7.865986464691162, 11.057094944763184, 7.129677146148682, 10.992543031311035, 5.909232077789307, 10.622713539123534, 8.01269216003418, 11.958184243774413, 7.282606943511963, 8.440444134521485, 10.554221687316895, 9.33827846069336, 6.717693746185303, 13.234189025878907, 7.093992878723144, 9.260227879333495, 8.741969293212891, 8.456668092346192, 7.882461656188965, 7.784117630004883, 12.930634664916992, 9.601471768188476, 8.73012645263672, 8.78727013092041, 7.992069479370117, 8.362410733032226, 8.24693397064209, 8.794439907836914, 7.271707907867432, 12.373703068542481, 8.568794276428223, 6.935326350402832, 5.656752070617676, 4.2652937698364255, 3.4419095916748046, 3.421095092010498], "test_acc": [5.639999866485596, 9.65999984741211, 7.539999961853027, 1.0699999332427979, 1.2799999713897705, 1.2799999713897705, 1.3600000143051147, 1.0, 1.0, 1.0, 0.9799999594688416, 1.0, 1.0, 1.0, 1.0, 1.2300000190734863, 1.0, 1.0, 0.9899999499320984, 1.3600000143051147, 1.5199999809265137, 1.0, 1.0, 0.9199999570846558, 1.0, 1.0, 1.1399999856948853, 1.059999942779541, 1.1399999856948853, 1.0, 1.0199999809265137, 1.0499999523162842, 1.0, 1.0, 1.0799999237060547, 0.6800000071525574, 1.0, 1.3799999952316284, 0.9899999499320984, 1.0, 1.0, 1.0, 0.9899999499320984, 1.0099999904632568, 1.0, 1.0, 0.9899999499320984, 1.0, 1.0, 1.2799999713897705, 1.0, 1.0299999713897705, 1.0, 1.0, 1.0, 1.0, 1.2599999904632568, 1.0, 1.0199999809265137, 1.3199999332427979, 1.0, 0.9899999499320984, 1.0, 1.0099999904632568, 1.0399999618530273, 1.0, 1.0, 1.0, 0.9799999594688416, 1.0, 1.0, 1.4299999475479126, 1.1200000047683716, 1.0, 1.0, 1.0, 1.1100000143051147, 1.0, 1.0799999237060547, 1.0099999904632568, 1.100000023841858, 1.0, 1.159999966621399, 1.0299999713897705, 1.0, 1.0899999141693115, 1.0399999618530273, 1.4199999570846558, 1.1999999284744263, 1.7599999904632568, 1.0299999713897705, 1.7400000095367432, 2.8899998664855957, 1.149999976158142, 1.3399999141693115, 4.619999885559082, 9.729999542236328, 18.8799991607666, 26.229999542236328, 26.709999084472656], "wall_time": [7.871168851852417, 14.20562219619751, 20.556191444396973, 27.330893993377686, 33.862964391708374, 40.73037004470825, 47.57932376861572, 54.13513374328613, 60.56924223899841, 67.08002376556396, 73.74262881278992, 80.35720181465149, 86.60536241531372, 92.7622458934784, 98.68381953239441, 104.80995178222656, 110.93528628349304, 117.30404829978943, 123.55839252471924, 129.7027838230133, 135.3912923336029, 141.43594646453857, 146.89708256721497, 153.1007182598114, 159.23971962928772, 165.6256880760193, 171.58830904960632, 178.01356863975525, 184.53374814987183, 190.31164026260376, 195.47827696800232, 200.55898642539978, 205.72178292274475, 211.63972520828247, 217.50183272361755, 223.44965171813965, 229.18278694152832, 235.4685287475586, 241.620600938797, 247.7165184020996, 253.01755928993225, 259.0887053012848, 264.9589743614197, 270.78400564193726, 276.72498631477356, 283.0695924758911, 289.5521469116211, 296.11787462234497, 302.6126985549927, 309.15239334106445, 315.67258858680725, 322.51177072525024, 329.07865619659424, 335.8715589046478, 342.54653453826904, 348.9408211708069, 355.851847410202, 362.6065332889557, 369.20886516571045, 376.00558257102966, 382.84840273857117, 389.57191228866577, 396.3041124343872, 402.6509962081909, 409.4263184070587, 415.93537282943726, 422.6871769428253, 429.29852628707886, 435.96791887283325, 442.8282799720764, 449.4815514087677, 455.50330901145935, 461.5113549232483, 467.56544399261475, 473.1318621635437, 479.2988386154175, 485.56469678878784, 491.8573045730591, 498.22734904289246, 503.8693974018097, 509.876672744751, 516.1195497512817, 522.2417733669281, 528.6446626186371, 534.9142923355103, 540.9356274604797, 547.1539514064789, 553.1080904006958, 559.1137554645538, 565.3110933303833, 571.2576694488525, 577.4920747280121, 583.6089241504669, 589.8571202754974, 596.2301723957062, 602.6335828304291, 608.5861256122589, 614.7064135074615, 620.4896495342255, 627.1414279937744], "val_loss": [4.338185638427734, 3.934632541656494, 4.6946786003112795, 4.773716835021973, 4.793889506530761, 4.757028330993652, 6.958744645690918, 7.401829172515869, 7.416961213684082, 7.369140235137939, 7.996775663757324, 5.898860569000244, 9.311057696533203, 11.705474575805663, 5.607722324371338, 6.667160260772705, 8.666828695678712, 9.384838351440429, 6.4770443092346195, 7.165040701293945, 7.679941609191895, 6.437215330505371, 5.616717729187012, 7.028905834197998, 8.99529520111084, 6.9331875465393065, 9.992357836914062, 6.276790019989014, 7.456123712158203, 6.0500348304748535, 7.977301164245605, 7.043641284942627, 7.186480437469482, 6.714580379486084, 5.606273120880127, 6.754694504547119, 7.241655065917969, 7.493647735595703, 6.186841674804688, 9.137077188110352, 9.17096385345459, 7.643656114196777, 6.025013444519043, 5.8574294746398925, 9.62268226928711, 7.059379496765136, 8.510642112731933, 7.027950482177735, 6.393461856842041, 5.574703123474121, 8.22923067626953, 6.616352795410156, 8.414926486206054, 9.089666877746582, 8.641630073547363, 6.466188939666748, 7.486801826477051, 8.60881421661377, 9.130742433166503, 7.564930079650879, 10.104646340942383, 8.516086773681641, 7.96593099975586, 7.896331932067871, 7.854117192840576, 11.008043499755859, 7.107171605682373, 10.955356875610352, 5.89640993270874, 10.62162427368164, 8.008807325744629, 11.911003164672852, 7.269933246612549, 8.41809155883789, 10.49870623626709, 9.26889245147705, 6.701583303833008, 13.218385746765136, 7.098222917938233, 9.21021634979248, 8.716761349487305, 8.449097808837891, 7.879363204193115, 7.758888229370117, 12.878293688964844, 9.584122554016114, 8.741582960510254, 8.802841899108886, 7.9668629920959475, 8.365347332763672, 8.227290859985352, 8.813758445739746, 7.3096793884277345, 12.433675633239746, 8.581809828186035, 6.930649732208252, 5.66776676864624, 4.307183572387696, 3.453881079864502, 3.4257944831848146],