{"loss": [], "acc": [], "test_loss": [4.112040151214599, 4.137568117523194, 3.5409033729553223, 4.154589373779297, 3.2717213859558107, 2.8365145278930664, NaN, NaN, NaN, NaN, NaN, NaN, NaN, NaN, NaN, NaN, NaN, NaN, NaN, NaN, NaN, NaN, NaN, NaN, NaN, NaN, NaN, NaN, NaN, NaN, NaN, NaN, NaN, NaN, NaN, NaN, NaN, NaN, NaN, NaN, NaN, NaN, NaN, NaN, NaN, NaN, NaN, NaN, NaN, NaN, NaN, NaN, NaN, NaN, NaN, NaN, NaN, NaN, NaN, NaN, NaN, NaN, NaN, NaN, NaN, NaN, NaN, NaN, NaN, NaN, NaN, NaN, NaN, NaN, NaN, NaN, NaN, NaN, NaN, NaN, NaN, NaN, NaN, NaN, NaN, NaN, NaN, NaN, NaN, NaN, NaN, NaN, NaN, NaN, NaN, NaN, NaN, NaN, NaN, NaN], "test_acc": [6.419999599456787, 6.649999618530273, 14.069999694824219, 10.4399995803833, 20.959999084472656, 26.92999839782715, 0.0, 0.20999999344348907, 0.0, 0.11999999731779099, 0.0, 0.11999999731779099, 0.009999999776482582, 0.0, 0.10999999940395355, 0.11999999731779099, 0.0, 0.0, 0.0, 0.10999999940395355, 0.1599999964237213, 0.0, 0.09999999403953552, 0.19999998807907104, 0.009999999776482582, 0.009999999776482582, 0.0, 0.019999999552965164, 0.14000000059604645, 0.0, 0.0, 0.0, 0.10999999940395355, 0.0, 0.009999999776482582, 0.0, 0.10999999940395355, 0.20999999344348907, 0.0, 0.1599999964237213, 0.0, 0.11999999731779099, 0.0, 0.019999999552965164, 0.0, 0.20999999344348907, 0.09999999403953552, 0.0, 0.11999999731779099, 0.0, 0.009999999776482582, 0.0, 0.10999999940395355, 0.20999999344348907, 0.0, 0.1599999964237213, 0.0, 0.11999999731779099, 0.0, 0.019999999552965164, 0.0, 0.20999999344348907, 0.09999999403953552, 0.0, 0.11999999731779099, 0.0, 0.009999999776482582, 0.0, 0.10999999940395355, 0.20999999344348907, 0.0, 0.1599999964237213, 0.0, 0.11999999731779099, 0.0, 0.019999999552965164, 0.0, 0.20999999344348907, 0.09999999403953552, 0.0, 0.11999999731779099, 0.0, 0.009999999776482582, 0.0, 0.10999999940395355, 0.20999999344348907, 0.0, 0.1599999964237213, 0.0, 0.11999999731779099, 0.0, 0.019999999552965164, 0.0, 0.20999999344348907, 0.09999999403953552, 0.0, 0.11999999731779099, 0.0, 0.009999999776482582, 0.0], "wall_time": [12.4426429271698, 23.17850089073181, 33.90356469154358, 44.60823631286621, 55.32178544998169, 66.0223605632782, 76.53127145767212, 87.10430216789246, 97.72174668312073, 108.34798288345337, 118.89314031600952, 129.46603631973267, 140.00267028808594, 150.55656671524048, 160.94886875152588, 171.5717911720276, 182.19093942642212, 192.67133855819702, 203.27256512641907, 213.75961923599243, 224.3981101512909, 234.94133496284485, 245.54323291778564, 256.17383885383606, 266.82428312301636, 277.40661787986755, 288.0419523715973, 298.65591979026794, 309.1814925670624, 319.5172049999237, 329.8376376628876, 340.4585268497467, 351.1427140235901, 361.7492904663086, 372.29369020462036, 382.7636208534241, 393.45674085617065, 404.1001148223877, 414.70246505737305, 425.2561902999878, 435.9370574951172, 446.5241394042969, 456.98966336250305, 467.5907838344574, 478.20554852485657, 488.754727602005, 499.2787711620331, 509.7946882247925, 520.4264776706696, 531.0476624965668, 541.4707686901093, 551.9505734443665, 562.585122346878, 573.0669093132019, 583.5994458198547, 594.2566497325897, 604.8765873908997, 615.490968465805, 625.8827493190765, 636.4657430648804, 647.1015839576721, 657.7403645515442, 668.2975144386292, 678.8946144580841, 689.5005111694336, 700.0911252498627, 710.7874512672424, 721.3836884498596, 731.886638879776, 742.4796314239502, 753.0687019824982, 763.5012516975403, 774.0781862735748, 784.7068557739258, 795.3318803310394, 805.9299039840698, 816.5396780967712, 826.8920383453369, 837.6508409976959, 848.2028539180756, 858.6052052974701, 869.3195161819458, 879.6543076038361, 890.2243945598602, 900.8808784484863, 911.4426820278168, 922.0081086158752, 932.6331312656403, 943.1935837268829, 953.8255250453949, 964.4820275306702, 975.0327153205872, 985.6835644245148, 996.0777769088745, 1006.7536907196045, 1017.371443271637, 1027.9132492542267, 1038.4198224544525, 1048.981544494629, 1059.5089225769043], "val_loss": [4.132192189788818, 4.153977641296387, 3.5739924003601073, 4.1662342178344725, 3.309895330429077, 2.854334046936035, NaN, NaN, NaN, NaN, NaN, NaN, NaN, NaN, NaN, NaN, NaN, NaN, NaN, NaN, NaN, NaN, NaN, NaN, NaN, NaN, NaN, NaN, NaN, NaN, NaN, NaN, NaN, NaN, NaN, NaN, NaN, NaN, NaN, NaN, NaN, NaN, NaN, NaN, NaN, NaN, NaN, NaN, NaN, NaN, NaN, NaN, NaN, NaN, NaN, NaN, NaN, NaN, NaN, NaN, NaN, NaN, NaN, NaN, NaN, NaN, NaN, NaN, NaN, NaN, NaN, NaN, NaN, NaN, NaN, NaN, NaN, NaN, NaN, NaN, NaN, NaN, NaN, NaN, NaN, NaN, NaN, NaN, NaN, NaN, NaN, NaN, NaN, NaN, NaN, NaN, NaN, NaN, NaN, NaN], "val_acc": [6.319999694824219, 5.980000019073486, 13.719999313354492, 9.989999771118164, 20.399999618530273, 26.229999542236328, 0.0, 0.3100000023841858, 0.3100000023841858, 0.3100000023841858, 0.3100000023841858, 0.3100000023841858, 0.14000000059604645, 0.3100000023841858, 0.0, 0.3100000023841858, 0.0, 0.3100000023841858, 0.0, 0.0, 0.3100000023841858, 0.0, 0.20999999344348907, 0.3100000023841858, 0.3100000023841858, 0.3100000023841858, 0.3100000023841858, 0.0, 0.3100000023841858, 0.3100000023841858, 0.0, 0.3100000023841858, 0.0, 0.3100000023841858, 0.14999999105930328, 0.3100000023841858, 0.0, 0.3100000023841858, 0.3100000023841858, 0.3100000023841858, 0.0, 0.3100000023841858, 0.3100000023841858, 0.0, 0.3100000023841858, 0.3100000023841858, 0.3100000023841858, 0.3100000023841858, 0.3100000023841858, 0.3100000023841858, 0.14999999105930328, 0.3100000023841858, 0.0, 0.3100000023841858, 0.3100000023841858, 0.3100000023841858, 0.0, 0.3100000023841858, 0.3100000023841858, 0.0, 0.3100000023841858, 0.3100000023841858, 0.3100000023841858, 0.3100000023841858, 0.3100000023841858, 0.3100000023841858, 0.14999999105930328, 0.3100000023841858, 0.0, 0.3100000023841858, 0.3100000023841858, 0.3100000023841858, 0.0, 0.3100000023841858, 0.3100000023841858, 0.0, 0.3100000023841858, 0.3100000023841858, 0.3100000023841858, 0.3100000023841858, 0.3100000023841858, 0.3100000023841858, 0.14999999105930328, 0.3100000023841858, 0.0, 0.3100000023841858, 0.3100000023841858, 0.3100000023841858, 0.0, 0.3100000023841858, 0.3100000023841858, 0.0, 0.3100000023841858, 0.3100000023841858, 0.3100000023841858, 0.3100000023841858, 0.3100000023841858, 0.3100000023841858, 0.14999999105930328, 0.3100000023841858]}