{"loss": [], "acc": [], "test_loss": [4.646625814056397, 4.428902082824707, 4.110189794921875, 4.064632704925537, 4.409202657318115, 3.89207282371521, 3.666164453125, 4.26788229675293, 3.6702465183258055, 3.8562568115234375, 3.391562901687622, 3.3878120613098144, 3.2962288970947267, 4.357020193481445, 3.2388152088165283, 3.02695680770874, 3.3556280433654786, 3.6470821357727052, 3.264646174621582, 3.4044504039764405, 3.9953469528198244, 3.688686494445801, 3.19377274017334, 3.443083386993408, 6.003454038238526, 8.473349682617188, 5.4828624900817875, 7.861998891448975, 6.04709214630127, 6.282394300079345, 9.766819885253906, 8.594047593688964, 7.818759991455078, 5.817829193878174, 5.649443021392822, 6.466267744445801, 7.894976708984375, 8.788002392578125, 5.926920949554443, 7.726422299194336, 6.349435271453857, 7.960267417907715, 6.743111961364746, 7.043876602935791, 8.314508654785156, 15.588624746704102, 8.644176075744628, 11.261704960632324, 8.478382870483399, 6.806146852111817, 8.479991285705566, 7.7263650146484375, 5.8537286827087405, 6.735096574401855, 7.521993383026123, 18.54640598144531, 7.433707133483887, 6.29149302444458, 8.752620274353028, 13.012963328552246, 8.625664247894287, 8.067974336242676, 6.31263537979126, 8.508990255737304, 7.859151574707031, 7.037178313446045, 6.9451249382019045, 6.755953839111328, 7.286896383666992, 10.854543052673339, 4.8246719291687015, 7.103437887573242, 4.626328343200684, 6.553663977813721, 7.832452607727051, 6.612508208465576, 4.744173882293701, 4.5689967987060545, 5.788691313934327, 4.419214357757569, 4.477368487548828, 5.037159899902344, 4.355725787353515, 5.404004791259766, 6.241848915863037, 4.771404669952393, 4.6314510719299316, 3.37444296913147, 3.1404761009216307, 3.1266949497222902, 3.733506127166748, 3.5873446437835694, 3.3114707260131837, 2.9277031463623047, 2.9262753162384034, 2.915224777984619, 2.9008394260406494, 2.8561860916137696, 2.8586007621765135, 2.8642142791748046], "test_acc": [1.0, 4.039999961853027, 7.049999713897705, 6.919999599456787, 7.059999942779541, 9.84999942779541, 13.229999542236328, 9.269999504089355, 16.28999900817871, 14.00999927520752, 19.299999237060547, 20.369998931884766, 21.709999084472656, 12.579999923706055, 23.189998626708984, 27.209999084472656, 22.76999855041504, 21.489999771118164, 24.53999900817871, 23.170000076293945, 17.869998931884766, 21.26999855041504, 26.09000015258789, 25.049999237060547, 1.0, 1.0, 2.200000047683716, 1.5399999618530273, 1.5999999046325684, 2.1399998664855957, 1.0, 0.9599999785423279, 1.0, 1.2200000286102295, 1.6699999570846558, 1.899999976158142, 1.899999976158142, 1.5299999713897705, 3.5199999809265137, 1.0799999237060547, 1.1399999856948853, 1.709999918937683, 1.8399999141693115, 1.6699999570846558, 1.5699999332427979, 1.0, 1.5299999713897705, 1.0, 1.8700000047683716, 2.2799999713897705, 1.059999942779541, 1.659999966621399, 1.059999942779541, 1.1399999856948853, 1.2300000190734863, 1.059999942779541, 1.6399999856948853, 2.490000009536743, 1.7699999809265137, 1.2599999904632568, 4.619999885559082, 3.3399999141693115, 5.0, 3.629999876022339, 1.3899999856948853, 10.15999984741211, 10.119999885559082, 9.710000038146973, 8.289999961853027, 1.8399999141693115, 22.100000381469727, 11.25, 22.920000076293945, 10.880000114440918, 7.409999847412109, 14.219999313354492, 20.369998931884766, 23.389999389648438, 15.519999504089355, 25.719999313354492, 22.209999084472656, 19.959999084472656, 26.229999542236328, 17.90999984741211, 12.529999732971191, 22.989999771118164, 26.309999465942383, 36.31999969482422, 39.75, 38.98999786376953, 31.439998626708984, 33.599998474121094, 37.72999954223633, 42.55999755859375, 42.88999938964844, 42.7599983215332, 43.38999938964844, 43.87999725341797, 43.70000076293945, 43.689998626708984], "wall_time": [5.80626654624939, 9.422026634216309, 13.048807621002197, 16.67928433418274, 20.249425172805786, 23.99633550643921, 27.621391773223877, 31.147661924362183, 34.743008613586426, 38.39193534851074, 42.07537245750427, 45.63134956359863, 49.2488956451416, 52.857178926467896, 56.537874698638916, 60.070754289627075, 63.64804291725159, 67.24291634559631, 70.70718622207642, 74.343665599823, 77.95015406608582, 81.55327081680298, 85.20755767822266, 88.75450587272644, 92.3986086845398, 96.01267313957214, 99.65634489059448, 103.27353310585022, 106.86666488647461, 110.55464720726013, 114.19803190231323, 117.75651526451111, 121.33399176597595, 124.9272735118866, 128.68288922309875, 132.3173110485077, 135.94082283973694, 139.5270140171051, 143.15460681915283, 146.7073860168457, 150.3579707145691, 153.95958137512207, 157.5097198486328, 161.21995091438293, 164.8218412399292, 168.3743658065796, 171.997403383255, 175.59630179405212, 179.1871600151062, 182.7640302181244, 186.3508379459381, 189.96182942390442, 193.57446813583374, 197.19176745414734, 200.79641914367676, 204.4109001159668, 207.99030232429504, 211.60929083824158, 215.24368572235107, 218.8434133529663, 222.42900013923645, 226.1087691783905, 229.7343077659607, 233.34682440757751, 236.97302174568176, 240.69921350479126, 244.36575484275818, 247.99326086044312, 251.5268042087555, 255.04298996925354, 258.6357398033142, 262.2707154750824, 265.85107135772705, 269.419198513031, 273.0170781612396, 276.62932562828064, 280.2287976741791, 283.8093111515045, 287.3759741783142, 290.96823811531067, 294.5386657714844, 298.1492831707001, 301.7691435813904, 305.3584370613098, 308.92227697372437, 312.5472490787506, 316.2028889656067, 319.79305243492126, 323.4310576915741, 327.01623797416687, 330.6642427444458, 334.26528668403625, 337.80853962898254, 341.4026508331299, 344.94624972343445, 348.5699362754822, 352.2274236679077, 355.79221773147583, 359.3838429450989, 362.969122171402], "val_loss": [4.648419993591308, 4.425953735351563, 4.120160134887695, 4.076252269744873, 4.41168330078125, 3.9153103286743165, 3.692563076019287, 4.262735034942627, 3.681043088531494, 3.8903186195373536, 3.409630553817749, 3.4021371105194094, 3.3010484828948976, 4.3874513572692875, 3.2309731559753416, 3.0359072322845457, 3.364434786987305, 3.728265786743164, 3.2971862113952635, 3.4010529426574707, 4.0517409160614015, 3.7149899566650393, 3.171946887207031, 3.47087850151062, 6.007473699951172, 8.480231925964356, 5.4824388946533205, 7.861593257904053, 6.053505515289307, 6.285688882446289, 9.79326943511963, 8.638865379333495, 7.834231031036377, 5.833658908081055, 5.659480113983154, 6.449521321105957, 7.906163888549805, 8.776225241088866, 5.940991256713867, 7.7182072868347165, 6.3630381851196285, 7.955462126922607, 6.762842227935791, 7.04457088470459, 8.312701000213623, 15.612500158691406, 8.627328735351563, 11.26441174468994, 8.469080950927735, 6.814809344482422, 8.46859836883545, 7.674390027618408, 5.85789367980957, 6.7233795616149905, 7.5360052810668945, 18.535307080078127, 7.394612351989746, 6.28611270904541, 8.785630825805663, 13.014125820922851, 8.643356652832031, 8.024711444854736, 6.278366491699218, 8.53604640197754, 7.833661500549316, 7.02091128540039, 6.92708028640747, 6.7757263885498045, 7.294523425292969, 10.837032228088379, 4.842009767913819, 7.14300703201294, 4.6163530471801755, 6.548207335662842, 7.858125706481934, 6.618786682128906, 4.805303893280029, 4.596982440948486, 5.837879537200927, 4.458492022705078, 4.490337306976318, 5.057817945098877, 4.405067398071289, 5.44106607208252, 6.2874272903442385, 4.777515104675293, 4.71502585067749, 3.403464697647095, 3.180877082061768, 3.1500547409057615, 3.77685553855896, 3.646700528717041, 3.300807925033569, 2.950633085632324, 2.954356181716919, 2.9569571689605714, 2.9318872093200685, 2.89297826499939, 2.8865606056213378, 2.897976192474365],