{"loss": [], "acc": [], "test_loss": [4.762515962219238, 4.326262779998779, 4.1008369205474855, 4.309549347686768, 4.23111788482666, 3.8459017738342287, 3.672005224609375, 3.779785385894775, 3.6084724449157717, 3.654250551605225, 4.3116352806091305, 3.873535031890869, 4.533861961364746, 3.812790986633301, 3.360463201904297, 3.7877230159759523, 4.7906994659423825, 3.506659543609619, 3.4309013206481933, 3.7150818912506103, 2.9788543563842773, 3.163019192504883, 6.005672450256347, 3.5969353076934816, 3.411091223526001, 3.6784852516174316, 4.538793992614746, 3.454816454696655, 3.7150111785888673, 2.912673522949219, 3.7218869892120363, 3.390306090927124, 4.104667350769043, 3.210334111022949, 3.028454686355591, 3.703239482879639, 3.409360451507568, 3.211682563018799, 3.2949500801086424, 3.416606116104126, 3.811639779281616, 3.5034352310180665, 3.1813434188842775, 3.04194091796875, 3.3866417446136476, 3.190073374557495, 3.3107218490600587, 3.596005330276489, 3.377117269897461, 3.5571235633850096, 3.1808152046203615, 3.3910758472442626, 3.2041143409729003, 3.148761998748779, 3.1792576583862306, 3.2573678031921385, 3.15789313621521, 3.1025385723114014, 3.2353132194519043, 3.110652843475342, 3.1083925285339356, 3.284325007247925, 3.182859049606323, 3.1315214069366455, 3.0632357902526857, 3.0184980434417725, 2.945923684692383, 2.9503078704833983, 3.0206880607604982, 2.976578360748291, 2.9653964828491213, 3.0297983337402346, 2.9364290897369383, 2.896345086669922, 2.9247043113708497, 2.8833209663391113, 2.8825816802978514, 2.9235432777404786, 2.8903881256103516, 2.827609091949463, 2.869355633163452, 2.8602442920684816, 2.965272448730469, 2.855860844421387, 2.82818313293457, 2.8380569759368894, 2.8441343460083006, 2.842185701751709, 2.8299052520751955, 2.829137522125244, 2.821417670059204, 2.8140022438049317, 2.821000703048706, 2.81968952255249, 2.8228291885375976, 2.819493717956543, 2.818427444076538, 2.8148187061309815, 2.821233804321289, 2.813919776916504], "test_acc": [1.6100000143051147, 5.159999847412109, 6.789999961853027, 5.089999675750732, 6.279999732971191, 10.619999885559082, 12.529999732971191, 11.75999927520752, 14.25999927520752, 13.25, 11.9399995803833, 13.84999942779541, 10.949999809265137, 14.889999389648438, 20.229999542236328, 15.379999160766602, 12.019999504089355, 21.469999313354492, 22.239999771118164, 18.31999969482422, 28.899999618530273, 25.510000228881836, 8.960000038146973, 20.889999389648438, 23.65999984741211, 23.76999855041504, 17.90999984741211, 25.599998474121094, 23.09000015258789, 33.46999740600586, 25.44999885559082, 26.349998474121094, 22.81999969482422, 31.17999839782715, 33.86000061035156, 25.67999839782715, 29.729999542236328, 32.79999923706055, 31.889999389648438, 30.079999923706055, 28.01999855041504, 32.0, 35.68000030517578, 36.540000915527344, 33.07999801635742, 35.77000045776367, 34.540000915527344, 33.2599983215332, 35.459999084472656, 32.81999969482422, 36.689998626708984, 35.93000030517578, 38.529998779296875, 38.98999786376953, 38.5, 38.290000915527344, 38.97999954223633, 40.09000015258789, 39.80999755859375, 40.599998474121094, 41.099998474121094, 38.52000045776367, 39.80999755859375, 40.70000076293945, 41.86000061035156, 42.189998626708984, 43.2599983215332, 43.38999938964844, 42.779998779296875, 43.029998779296875, 43.48999786376953, 42.2599983215332, 43.54999923706055, 44.36000061035156, 43.79999923706055, 44.46999740600586, 44.5099983215332, 43.849998474121094, 44.189998626708984, 44.95000076293945, 44.459999084472656, 44.64999771118164, 43.23999786376953, 44.939998626708984, 45.11000061035156, 45.09000015258789, 44.59000015258789, 44.75, 45.12999725341797, 45.05999755859375, 45.32999801635742, 45.23999786376953, 45.37999725341797, 45.28999710083008, 45.05999755859375, 45.14999771118164, 45.27000045776367, 45.349998474121094, 45.28999710083008, 45.16999816894531], "wall_time": [4.922292232513428, 8.062562942504883, 11.3795325756073, 14.724629640579224, 17.71533441543579, 20.95545268058777, 24.1365807056427, 27.391860485076904, 30.693511962890625, 33.91102075576782, 37.052648305892944, 40.34996247291565, 43.38935947418213, 46.49578881263733, 49.83588099479675, 52.99376440048218, 56.20171499252319, 59.40550756454468, 62.69614028930664, 65.67105841636658, 68.69911479949951, 71.92841815948486, 75.03295946121216, 78.14629173278809, 81.18839430809021, 84.3346438407898, 87.63395524024963, 90.84786868095398, 94.04306221008301, 97.31246972084045, 100.5667736530304, 103.53098607063293, 106.77064275741577, 110.12853527069092, 113.38796019554138, 116.62386131286621, 119.62409734725952, 122.86870765686035, 126.21406650543213, 129.50090050697327, 132.61718916893005, 136.06676483154297, 139.2428207397461, 142.403422832489, 145.5330286026001, 148.61676120758057, 151.80586671829224, 155.06410026550293, 158.1442415714264, 161.11355209350586, 164.38814043998718, 167.6440396308899, 170.88778710365295, 174.08587837219238, 177.2327971458435, 180.40150451660156, 183.54725432395935, 186.5897982120514, 189.88818049430847, 192.94074630737305, 196.22817134857178, 199.25339818000793, 202.3979787826538, 205.35848665237427, 208.65670204162598, 211.79827308654785, 215.24012804031372, 218.48158478736877, 221.7570035457611, 224.9059543609619, 228.04290056228638, 231.2983419895172, 234.46729278564453, 237.68241834640503, 240.8891086578369, 243.8684115409851, 246.98209047317505, 250.42533802986145, 253.64223432540894, 256.77503991127014, 260.19500970840454, 263.47373938560486, 266.6877701282501, 269.77257442474365, 273.0151333808899, 276.21693873405457, 279.5144090652466, 282.74814558029175, 285.9718658924103, 288.99386715888977, 292.2498953342438, 295.44242310523987, 298.62030577659607, 301.8137812614441, 305.1661241054535, 308.3322470188141, 311.63861203193665, 314.8783531188965, 317.9711003303528, 321.09879183769226], "val_loss": [4.762405952453613, 4.331912281036377, 4.108576731491089, 4.326633646392822, 4.234250399017334, 3.8673721324920654, 3.6795399894714356, 3.7983292095184327, 3.6270222305297852, 3.6731105766296386, 4.317163258361816, 3.9030973903656005, 4.550044010162353, 3.822684634017944, 3.382418069076538, 3.8357984817504884, 4.820388905334473, 3.5485197696685793, 3.464692295074463, 3.7196172508239744, 3.032877400970459, 3.2026659515380858, 6.045951691436768, 3.6334075496673583, 3.4559149284362793, 3.6977012451171873, 4.6004474807739255, 3.449658156585693, 3.7011700981140137, 2.9479874591827393, 3.6838532218933104, 3.4609751510620117, 4.115356310272217, 3.23911357421875, 3.0823109451293944, 3.726713852310181, 3.4291257141113283, 3.2318344242095947, 3.328638191986084, 3.3856369026184083, 3.890907835006714, 3.551970804595947, 3.166019205093384, 3.0639638679504393, 3.414836653137207, 3.157376888656616, 3.3191212104797363, 3.62905498046875, 3.432391897583008, 3.5785770259857177, 3.2158790996551514, 3.3730284410476683, 3.1912288051605224, 3.151074380493164, 3.2034910427093504, 3.27180510559082, 3.2025158805847167, 3.1286219360351564, 3.2579116283416747, 3.084703485107422, 3.1401672626495363, 3.3312138008117675, 3.152111569595337, 3.1332986785888672, 3.062962530899048, 3.03160470123291, 2.968456754684448, 2.965750053405762, 3.0637868785858156, 2.9958908794403074, 2.994940916442871, 3.0539746421813967, 2.958348065948486, 2.909608016204834, 2.9428354831695556, 2.8868474258422854, 2.8945313411712648, 2.9259399566650393, 2.9077458087921144, 2.854293639755249, 2.8782986698150634, 2.869177763748169, 2.9946136825561522, 2.861468801498413, 2.848203185272217, 2.853168684387207, 2.8586433082580567, 2.8457896446228026, 2.8426240962982177, 2.8406974784851076, 2.830507646560669, 2.829068713378906, 2.8336653930664064, 2.835051152038574, 2.8348559036254883, 2.8303545501708984, 2.8287340595245363, 2.8273816928863527, 2.837381864929199, 2.8204850395202636],