{"loss": [], "acc": [], "test_loss": [4.635625422668457, 4.6568433372497555, 4.700574910736084, 4.628702407073974, 4.462090756988525, 4.570705040740966, 4.512048570251465, 4.431847318267822, 4.4951220184326175, 4.346627170562744, 4.612958338928222, 4.392169569396972, 4.358816314697266, 4.34416471786499, 4.354134780883789, 4.495627628326416, 4.92540152053833, 4.356343133544922, 4.361533071136475, 4.4360857040405275, 4.565707701873779, 4.953472701263427, 4.622894755554199, 4.4829648536682125, 6.8348649269104005, 4.843272406005859, 4.847441353607178, 4.442898478317261, 4.771971475219726, 4.802279848480224, 4.4929098159790035, 4.4428234420776365, 4.938041555786133, 4.76043370437622, 4.596439414215088, 4.684001131439209, 4.900697338104248, 4.735244918823242, 4.770966263961792, 4.774350519561768, 5.011363383483887, 4.712212854766846, 5.087889723968506, 4.951827317810059, 5.250289809417724, 4.986824236297608, 4.872467906951904, 5.064477899169922, 4.978157583618164, 4.977657733917236, 5.049189466094971, 5.027985108184814, 5.085165753936767, 4.988743057250977, 5.300044185638428, 4.991937066650391, 5.136277140045166, 5.218475009155274, 5.031319297790527, 5.013710043334961, 5.0899587211608885, 5.0089944595336915, 5.052154502868652, 4.966707683563232, 5.005431091308593, 5.002419808197022, 5.017738162994385, 5.074260414123535, 4.941588892364502, 4.913409056091308, 4.942052981567382, 4.911935257720947, 4.956808869171143, 4.950802745819092, 4.950764588165283, 4.940386727905273, 4.9421927375793455, 4.9277920829772945, 4.903968054199218, 4.915265963745117, 4.917496224975586, 4.9583921607971195, 4.888924224090577, 5.02804956741333, 4.910625642395019, 4.897291146087646, 4.906907426452637, 4.916714072418213, 4.915075533294678, 4.915736596679688, 4.928422998809815, 4.9286541023254395, 4.909085765075684, 4.899619274902344, 4.915847486877442, 4.9094604377746585, 4.906127087402344, 4.918408156585693, 4.908493884277344, 4.917834394073487], "test_acc": [1.0, 1.0, 1.0, 2.2300000190734863, 3.569999933242798, 3.8299999237060547, 5.46999979019165, 5.809999942779541, 6.669999599456787, 7.25, 6.539999961853027, 6.669999599456787, 7.159999847412109, 7.319999694824219, 7.009999752044678, 7.62999963760376, 6.119999885559082, 8.880000114440918, 8.829999923706055, 9.539999961853027, 9.369999885559082, 6.519999980926514, 9.729999542236328, 10.059999465942383, 4.170000076293945, 8.920000076293945, 9.019999504089355, 11.899999618530273, 11.449999809265137, 11.649999618530273, 11.929999351501465, 13.829999923706055, 12.65999984741211, 12.479999542236328, 14.279999732971191, 12.4399995803833, 13.789999961853027, 13.920000076293945, 15.389999389648438, 15.75, 14.149999618530273, 16.889999389648438, 13.6899995803833, 16.489999771118164, 14.469999313354492, 17.19999885559082, 17.31999969482422, 15.710000038146973, 16.989999771118164, 17.6299991607666, 16.010000228881836, 18.079999923706055, 17.439998626708984, 18.68000030517578, 16.579999923706055, 18.239999771118164, 17.600000381469727, 17.739999771118164, 19.049999237060547, 19.15999984741211, 18.69999885559082, 19.799999237060547, 19.119998931884766, 19.75, 19.8799991607666, 19.549999237060547, 19.969999313354492, 19.520000457763672, 20.65999984741211, 21.18000030517578, 21.100000381469727, 21.209999084472656, 20.84000015258789, 21.510000228881836, 21.299999237060547, 21.739999771118164, 21.399999618530273, 21.549999237060547, 21.829999923706055, 21.600000381469727, 21.53999900817871, 21.28999900817871, 21.809999465942383, 21.010000228881836, 21.829999923706055, 21.90999984741211, 22.06999969482422, 21.779998779296875, 22.010000228881836, 21.75, 21.920000076293945, 21.799999237060547, 22.010000228881836, 22.15999984741211, 22.09000015258789, 22.010000228881836, 22.01999855041504, 22.049999237060547, 21.94999885559082, 21.979999542236328], "wall_time": [2.4448626041412354, 3.943272590637207, 5.372574806213379, 6.689334154129028, 8.074550151824951, 9.486032247543335, 10.967122077941895, 12.434420108795166, 13.913949251174927, 15.371971845626831, 16.8460431098938, 18.31644606590271, 19.706721305847168, 21.134560346603394, 22.55402636528015, 23.984832048416138, 25.457371473312378, 26.835413455963135, 28.30699324607849, 29.63352394104004, 30.91008186340332, 32.27388000488281, 33.68719291687012, 34.973477363586426, 36.38173961639404, 37.76932978630066, 39.15139102935791, 40.492841720581055, 41.89277219772339, 43.24180269241333, 44.736233949661255, 46.31739950180054, 47.83007884025574, 49.19057869911194, 50.43784952163696, 51.939916133880615, 53.3070387840271, 54.86001658439636, 56.35277009010315, 57.733155727386475, 59.00826859474182, 60.42163419723511, 61.726980447769165, 63.202589988708496, 64.51089549064636, 65.95221734046936, 67.36695957183838, 68.83279204368591, 70.29519629478455, 71.76959371566772, 73.26930809020996, 74.80606198310852, 76.09989738464355, 77.5576343536377, 79.06231188774109, 80.55397152900696, 81.96486139297485, 83.37720227241516, 84.84212732315063, 86.14175581932068, 87.59018921852112, 88.97517514228821, 90.34084725379944, 91.83381080627441, 93.13594436645508, 94.47613739967346, 95.8399932384491, 97.21709251403809, 98.67431163787842, 100.01945972442627, 101.34992480278015, 102.76661324501038, 104.20260047912598, 105.66093182563782, 107.03956007957458, 108.47993755340576, 109.9321939945221, 111.43149375915527, 112.86422991752625, 114.19043374061584, 115.55853414535522, 117.09583330154419, 118.51904630661011, 119.86656332015991, 121.26304507255554, 122.62367010116577, 124.06234693527222, 125.45819783210754, 126.6955828666687, 128.07860612869263, 129.5170111656189, 130.9110300540924, 132.36687755584717, 133.76444673538208, 135.10855627059937, 136.53146886825562, 137.97311878204346, 139.23985505104065, 140.61054491996765, 142.0280647277832], "val_loss": [4.637842992401123, 4.656909404754638, 4.698806326293945, 4.624836735534668, 4.466365608215332, 4.585836940765381, 4.5291383316040035, 4.438539975738525, 4.528584178924561, 4.403587310791016, 4.630638069915771, 4.42037272567749, 4.37908021774292, 4.343654668426514, 4.404311239624024, 4.502120937347412, 4.9272775497436525, 4.396329878997803, 4.365439361572266, 4.451034317779541, 4.6024685535430905, 4.9794608505249025, 4.668605146789551, 4.49973136138916, 6.799134429931641, 4.857881993103027, 4.861144660949707, 4.4462753131866455, 4.7538995315551755, 4.843898315429687, 4.547375975418091, 4.462933519744873, 4.938826820373535, 4.73212534866333, 4.584414162063599, 4.722746962738037, 4.898041696166993, 4.711292078399659, 4.7603457725524905, 4.722577154159546, 5.006847340393066, 4.735334704208374, 5.058341262435913, 4.960306901168823, 5.219455170822144, 4.998536716079712, 4.857775912475586, 5.069073757934571, 4.970367604064942, 4.9703092300415035, 5.042504263687134, 4.998766761779785, 5.068273435974121, 5.036981178283692, 5.283378450012207, 4.961202405548096, 5.10362149810791, 5.236534165954589, 5.061532978820801, 4.981754989624023, 5.059376833343506, 4.988836221313477, 5.046020720672607, 4.966505088806152, 4.98468045578003, 4.99193037109375, 5.007991035461425, 5.062408825683594, 4.912438830566407, 4.894265019226074, 4.909574024200439, 4.91572724609375, 4.968725312805176, 4.933884460449219, 4.936186533355713, 4.932737130737305, 4.912380561447144, 4.917377735900879, 4.887532319641113, 4.906161070251465, 4.908681310272216, 4.955126514434815, 4.864160649871827, 5.032600710296631, 4.8995053024291995, 4.888961257934571, 4.885291735839844, 4.9106774978637695, 4.911573195648193, 4.910563558197022, 4.914856666564941, 4.919100805664063, 4.90035442199707, 4.888609915161132, 4.903119221496582, 4.896738640594482, 4.893423213195801, 4.90718303604126, 4.897307257843018, 4.906106818389892],