{"loss": [], "acc": [], "test_loss": [4.672807651519776, 4.907426268768311, 4.853664800262451, 4.504621920013427, 4.283438500976563, 4.559487793731689, 4.378907614135742, 4.390856632995606, 4.399867961883545, 4.554746701049805, 4.388028983306885, 5.2781183006286625, 4.597116439819336, 4.651451667022705, 4.961003447723389, 4.67150763092041, 4.849612141418457, 4.527775540161133, 4.615185527801514, 4.7910295104980465, 5.049819868469238, 4.793861009979248, 4.47890894241333, 5.0791401870727535, 5.125239240264893, 4.475087321090698, 4.632510200500488, 4.7193331726074215, 5.023738446044922, 4.936725456237793, 5.140113123703003, 4.965428316497802, 4.8963373794555665, 4.841811154556274, 5.00244829711914, 5.060640262603759, 5.016806925964356, 4.738161170959473, 4.903566284179687, 4.701667805480957, 5.037739099884033, 5.081624147033692, 4.8527800018310545, 4.78554909362793, 4.704836292266846, 5.230897340393066, 4.703284204101562, 4.7806355674743655, 4.846350979614257, 4.976720121002197, 4.98391990890503, 4.897541034698486, 4.7136635604858395, 4.541807225036621, 4.748003525543213, 4.481505730438233, 4.836342387390137, 4.537696163177491, 4.52320735244751, 4.550192529678345, 4.508975902557373, 4.456362111663818, 4.5001122077941895, 4.47382612991333, 4.386031859588623, 4.434800405883789, 4.407252313995361, 4.469581646728516, 4.408365347290039, 4.397234783935547, 4.43573302230835, 4.433068043518066, 4.35473524017334, 4.310048720550537, 4.315125238418579, 4.383119474029541, 4.327402383041382, 4.283551921463013, 4.292037819290161, 4.2928647071838375, 4.307469384002686, 4.256456530761719, 4.303139142608643, 4.252550379943847, 4.305469487380981, 4.28014508895874, 4.232544543838501, 4.24812540435791, 4.23779333114624, 4.242450566482544, 4.259039236831665, 4.24799769821167, 4.231292443084717, 4.230139381408692, 4.23965153503418, 4.231867528915405, 4.23300623626709, 4.233300924682617, 4.241048584365845, 4.240614978790283], "test_acc": [1.0, 1.0, 1.0, 2.859999895095825, 5.899999618530273, 6.71999979019165, 7.579999923706055, 7.12999963760376, 8.229999542236328, 7.609999656677246, 8.760000228881836, 6.389999866485596, 7.539999961853027, 9.9399995803833, 8.630000114440918, 11.719999313354492, 10.4399995803833, 12.399999618530273, 12.699999809265137, 11.789999961853027, 9.40999984741211, 13.630000114440918, 16.399999618530273, 11.75, 12.5, 17.239999771118164, 16.989999771118164, 15.399999618530273, 14.819999694824219, 16.78999900817871, 16.119998931884766, 16.850000381469727, 17.35999870300293, 16.979999542236328, 16.229999542236328, 15.469999313354492, 17.520000457763672, 18.81999969482422, 18.299999237060547, 21.059999465942383, 18.739999771118164, 18.18000030517578, 19.59000015258789, 20.760000228881836, 20.670000076293945, 18.219999313354492, 21.969999313354492, 21.68000030517578, 20.439998626708984, 19.899999618530273, 19.76999855041504, 21.079999923706055, 21.81999969482422, 23.529998779296875, 21.489999771118164, 23.65999984741211, 21.40999984741211, 22.69999885559082, 23.599998474121094, 23.329999923706055, 24.10999870300293, 24.849998474121094, 23.510000228881836, 23.979999542236328, 25.1299991607666, 24.43000030517578, 24.829999923706055, 24.599998474121094, 24.389999389648438, 24.920000076293945, 25.189998626708984, 24.559999465942383, 25.639999389648438, 25.85999870300293, 25.420000076293945, 25.529998779296875, 25.299999237060547, 25.959999084472656, 26.209999084472656, 25.799999237060547, 25.84000015258789, 26.239999771118164, 26.389999389648438, 26.26999855041504, 25.889999389648438, 26.510000228881836, 26.689998626708984, 26.78999900817871, 26.670000076293945, 26.670000076293945, 26.369998931884766, 26.670000076293945, 26.689998626708984, 26.739999771118164, 26.76999855041504, 26.709999084472656, 26.78999900817871, 26.739999771118164, 26.760000228881836, 26.729999542236328], "wall_time": [3.088182210922241, 4.287909030914307, 5.498327255249023, 6.659517526626587, 7.9490227699279785, 9.19606876373291, 10.362408876419067, 11.660855770111084, 12.941525220870972, 14.234168291091919, 15.421385526657104, 16.661795139312744, 17.888072967529297, 19.18324875831604, 20.378388166427612, 21.655784606933594, 22.847986936569214, 24.1176016330719, 25.31647753715515, 26.470953702926636, 27.630581617355347, 28.87466335296631, 30.05447220802307, 31.354457139968872, 32.59218502044678, 33.85480213165283, 35.099785804748535, 36.32181358337402, 37.47838616371155, 38.645262479782104, 39.85332131385803, 41.08830904960632, 42.26363182067871, 43.494396924972534, 44.77871632575989, 45.95975589752197, 47.13737654685974, 48.387840032577515, 49.56430149078369, 50.79810404777527, 52.071877002716064, 53.2992901802063, 54.506741523742676, 55.73704195022583, 56.989219427108765, 58.18956518173218, 59.42358922958374, 60.65087604522705, 61.89725303649902, 63.223063468933105, 64.39168000221252, 65.61730933189392, 66.82369351387024, 68.06509852409363, 69.3224527835846, 70.58234596252441, 71.83214473724365, 73.09158039093018, 74.32498264312744, 75.56416893005371, 76.89678525924683, 78.15424132347107, 79.36596941947937, 80.64225482940674, 81.80611419677734, 82.92020654678345, 84.12450051307678, 85.40923810005188, 86.60796284675598, 87.82443022727966, 89.03127479553223, 90.2207658290863, 91.40101194381714, 92.6073100566864, 93.80125045776367, 95.04458570480347, 96.23341226577759, 97.41831541061401, 98.57524490356445, 99.91491103172302, 101.17043423652649, 102.36110091209412, 103.58632373809814, 104.8809564113617, 106.21067500114441, 107.44175577163696, 108.67621874809265, 109.89294290542603, 111.18120169639587, 112.3327112197876, 113.64847040176392, 114.84519648551941, 116.13971853256226, 117.29954218864441, 118.51439023017883, 119.7018690109253, 120.8432457447052, 122.06229209899902, 123.23701548576355, 124.4476215839386], "val_loss": [4.675633783721924, 4.914561700439453, 4.859790104675293, 4.507788636779785, 4.295435935974121, 4.554887380981445, 4.393474420928955, 4.405614421081543, 4.379970808792114, 4.5605854995727535, 4.380545753479004, 5.253871633148194, 4.607930558013916, 4.655627187728882, 4.967748358154297, 4.65296895904541, 4.879427937316895, 4.531611983489991, 4.635217666625977, 4.78386513748169, 5.08330553741455, 4.747339530563354, 4.458359876251221, 5.096830892944336, 5.138720710754394, 4.494605648040771, 4.65139509010315, 4.764079811477661, 5.054465976715088, 4.951869648361206, 5.16171484375, 4.987454817199707, 4.906128938293457, 4.834572730636597, 4.998823580169677, 5.097789171600342, 5.007449912261963, 4.779345494842529, 4.9448414783477785, 4.744823829650879, 5.094611734771728, 5.086350819778442, 4.879033693695068, 4.809068859863281, 4.650894708251953, 5.185407799148559, 4.7049155448913575, 4.753436898803711, 4.838215184783936, 5.005896091842652, 4.9524625888824465, 4.880696201705932, 4.732204193878174, 4.5433002429962155, 4.776218476867676, 4.484771134948731, 4.865079126739502, 4.556961748504639, 4.534530931472778, 4.5492982688903805, 4.5036647987365725, 4.450229605865479, 4.503608936691284, 4.477229207229614, 4.37737052154541, 4.418055249023437, 4.400359996795654, 4.452569285583496, 4.3769973960876465, 4.35941731262207, 4.383767127609253, 4.4074436367034915, 4.325581240844727, 4.274028266143799, 4.292350269317627, 4.340433598709106, 4.288563690567017, 4.239441739273071, 4.265424256134033, 4.249462649917603, 4.278148475646972, 4.225506535339355, 4.2647781009674075, 4.223799492263794, 4.260303977584839, 4.2337354393005375, 4.193116289520264, 4.2059682167053225, 4.19954225730896, 4.205919504547119, 4.223139417648316, 4.2120518917083745, 4.196984656524658, 4.196437590026855, 4.20270001449585, 4.196015616607666, 4.197503465652466, 4.196067578125, 4.203484941101074, 4.2047571891784665],