{"loss": [], "acc": [], "test_loss": [4.621932383728027, 4.644145407867431, 4.6511821334838865, 4.416840963745117, 4.357762872314453, 4.504407698822021, 4.457073286437988, 4.364056599426269, 4.277957149505616, 4.311864353942871, 4.428317687225341, 4.2685950691223145, 4.135856900787354, 4.618888248443604, 4.330797476959228, 4.277579084777832, 4.334739780426025, 4.642781544494629, 4.879978399658203, 4.648926885986328, 4.219281437683105, 4.205020048522949, 4.559642611694336, 4.91953515625, 4.470584287261963, 4.98088244934082, 4.4284079605102535, 5.215992029571534, 4.746229040527344, 4.68915458984375, 4.460599047851563, 5.120446089172363, 4.640251345825195, 4.34529253540039, 4.522278423309326, 5.036408815002441, 4.464197142028809, 4.651161657714844, 4.421976326370239, 5.180372216796875, 4.6859040985107425, 4.952422114562988, 4.826398211669922, 5.092649610900879, 4.757926315307617, 4.6201784103393555, 5.040418292236328, 4.720745853424072, 4.82401328048706, 4.917961472320557, 4.802151069641114, 4.8892218811035155, 4.889607340240478, 4.754983558654785, 4.559215463256836, 4.820274420166015, 4.711583518981934, 4.534015750885009, 4.547131484222412, 4.608361055755616, 4.671325535583496, 4.93511720123291, 4.600662417984009, 4.652703418731689, 4.621106642913818, 4.6380491607666015, 4.594401399230957, 4.764140013122558, 4.5588704727172855, 4.72832220993042, 4.581256246185303, 4.570383071136475, 4.6451816101074215, 4.5676327880859375, 4.537292502593994, 4.544047948455811, 4.53701653175354, 4.550997994995117, 4.576658087158203, 4.578880754089355, 4.547127535247803, 4.523207708740235, 4.5415758071899415, 4.5269993286132815, 4.521063297653198, 4.509476426696778, 4.538661127471924, 4.51493494758606, 4.523169820785522, 4.499376386642456, 4.524414003753662, 4.516575455474854, 4.494447428894043, 4.496867610549927, 4.520683792877198, 4.503900622558594, 4.499155270004272, 4.495434381866455, 4.5134726211547855, 4.497756870269775], "test_acc": [1.0, 1.0, 1.0099999904632568, 3.5999999046325684, 4.099999904632568, 4.739999771118164, 5.329999923706055, 5.769999980926514, 6.569999694824219, 6.980000019073486, 6.710000038146973, 7.619999885559082, 8.479999542236328, 6.489999771118164, 8.289999961853027, 9.09000015258789, 9.309999465942383, 8.670000076293945, 6.239999771118164, 9.59000015258789, 11.34999942779541, 11.989999771118164, 10.550000190734863, 8.989999771118164, 12.029999732971191, 10.75, 14.779999732971191, 10.309999465942383, 11.769999504089355, 14.25, 15.589999198913574, 11.279999732971191, 14.809999465942383, 17.10999870300293, 15.839999198913574, 13.889999389648438, 17.1299991607666, 17.439998626708984, 18.35999870300293, 15.949999809265137, 16.85999870300293, 16.100000381469727, 17.020000457763672, 15.479999542236328, 18.689998626708984, 20.0, 17.389999389648438, 19.93000030517578, 18.939998626708984, 19.229999542236328, 18.84000015258789, 18.809999465942383, 19.170000076293945, 20.69999885559082, 21.579999923706055, 20.26999855041504, 19.869998931884766, 23.06999969482422, 22.959999084472656, 22.369998931884766, 22.189998626708984, 20.06999969482422, 23.059999465942383, 21.65999984741211, 23.26999855041504, 22.56999969482422, 23.849998474121094, 22.53999900817871, 23.6299991607666, 22.479999542236328, 24.1299991607666, 23.809999465942383, 23.329999923706055, 23.959999084472656, 24.439998626708984, 24.26999855041504, 24.229999542236328, 24.34000015258789, 23.76999855041504, 24.149999618530273, 24.059999465942383, 24.729999542236328, 24.40999984741211, 24.56999969482422, 24.729999542236328, 24.719999313354492, 24.28999900817871, 24.59000015258789, 24.75, 24.84000015258789, 24.599998474121094, 24.510000228881836, 24.78999900817871, 25.0, 24.760000228881836, 24.809999465942383, 24.809999465942383, 24.920000076293945, 24.869998931884766, 24.829999923706055], "wall_time": [2.3841989040374756, 3.7217533588409424, 5.071228504180908, 6.257827043533325, 7.561000823974609, 8.89298677444458, 10.181480884552002, 11.445979833602905, 12.722705125808716, 13.913969993591309, 15.184209823608398, 16.61302375793457, 17.897099256515503, 19.106876850128174, 20.413355112075806, 21.593015670776367, 22.850927114486694, 24.045490503311157, 25.32008147239685, 26.479867696762085, 27.768577814102173, 29.095786333084106, 30.403056859970093, 31.66347360610962, 32.94422364234924, 34.31609892845154, 35.75188159942627, 37.11756634712219, 38.395519733428955, 39.81991529464722, 41.21289682388306, 42.50393319129944, 43.79942464828491, 45.039530515670776, 46.380688428878784, 47.7478289604187, 49.02572441101074, 50.32259154319763, 51.643296241760254, 52.96914601325989, 54.2352340221405, 55.416834592819214, 56.779741048812866, 58.125293016433716, 59.435463190078735, 60.873191595077515, 62.19964385032654, 63.42268967628479, 64.86474347114563, 66.19912147521973, 67.51203513145447, 68.81506896018982, 70.04360008239746, 71.27122116088867, 72.58454084396362, 73.78826832771301, 75.03924870491028, 76.36340188980103, 77.66329073905945, 78.93741512298584, 80.16743326187134, 81.42689847946167, 82.82758665084839, 84.18069171905518, 85.41643357276917, 86.72059345245361, 88.12127256393433, 89.4927613735199, 90.88061714172363, 92.25100874900818, 93.45723152160645, 94.69649410247803, 96.01670694351196, 97.32153177261353, 98.53024888038635, 99.9048523902893, 101.10283994674683, 102.3338212966919, 103.5972592830658, 104.91943335533142, 106.15841889381409, 107.39458394050598, 108.62409949302673, 109.91042971611023, 111.12066125869751, 112.34982872009277, 113.68683695793152, 115.04332756996155, 116.24997234344482, 117.54768109321594, 118.76923966407776, 120.0790913105011, 121.46362900733948, 122.76076602935791, 124.07227373123169, 125.35934710502625, 126.65316414833069, 127.99304032325745, 129.21110939979553, 130.6093065738678], "val_loss": [4.623307202148437, 4.647659840393066, 4.658157555389404, 4.42956658782959, 4.37175594329834, 4.513340402221679, 4.461363768386841, 4.374006505584717, 4.27518201675415, 4.310616023635864, 4.430058759689331, 4.271904416656494, 4.1292624797821045, 4.624583442687988, 4.332024896240235, 4.293091822433472, 4.350917331695556, 4.658639813232422, 4.900366051483155, 4.627501545715332, 4.2395526260375975, 4.211260586547851, 4.560991230773926, 4.944739539337158, 4.49784213180542, 4.977355573272705, 4.4021645950317385, 5.231820674133301, 4.786512731552124, 4.7072998195648195, 4.420031423950196, 5.136987703704834, 4.601134627151489, 4.335634468841553, 4.535979570007324, 5.0656187644958495, 4.414381009674072, 4.620870195770264, 4.395982270050049, 5.234056838226318, 4.679850205993652, 5.001751142120361, 4.856949433898926, 5.142915502548218, 4.711030077362061, 4.607010632705689, 5.041321961593628, 4.7696764854431155, 4.808585330963135, 4.940596290588379, 4.83978434677124, 4.870526002502442, 4.9044403602600095, 4.700611416625977, 4.538988286590576, 4.786622457122803, 4.708845709228515, 4.516045292663574, 4.543142210388184, 4.575492170715332, 4.6284161472320555, 4.9314343452453615, 4.571401675415039, 4.627440849685669, 4.574758391189575, 4.600591325759888, 4.555322103881836, 4.725829537200927, 4.538228271865845, 4.678675880432129, 4.552767765045166, 4.530052409744263, 4.612234156799317, 4.529269204711914, 4.490528976821899, 4.5214005859375, 4.511694513320923, 4.516042958831787, 4.527973155212402, 4.537414004135131, 4.510236418533325, 4.490905298995972, 4.506082931137085, 4.480767875671387, 4.498427304840088, 4.469842526626587, 4.501628252410889, 4.476812441635132, 4.491971815872192, 4.463068299102783, 4.484804498291016, 4.482917037582397, 4.46206806678772, 4.461141588592529, 4.48804988822937, 4.472917433166504, 4.4667940467834475, 4.465218467330932, 4.483251288986206, 4.467720183563232],