{"loss": [], "acc": [], "test_loss": [4.139760679626465, 3.9880938385009768, 3.5455222732543947, 3.326286465072632, NaN, NaN, NaN, NaN, NaN, NaN, NaN, NaN, NaN, NaN, NaN, NaN, NaN, NaN, NaN, NaN, NaN, NaN, NaN, NaN, NaN, NaN, NaN, NaN, NaN, NaN, NaN, NaN, NaN, NaN, NaN, NaN, NaN, NaN, NaN, NaN, NaN, NaN, NaN, NaN, NaN, NaN, NaN, NaN, NaN, NaN, NaN, NaN, NaN, NaN, NaN, NaN, NaN, NaN, NaN, NaN, NaN, NaN, NaN, NaN, NaN, NaN, NaN, NaN, NaN, NaN, NaN, NaN, NaN, NaN, NaN, NaN, NaN, NaN, NaN, NaN, NaN, NaN, NaN, NaN, NaN, NaN, NaN, NaN, NaN, NaN, NaN, NaN, NaN, NaN, NaN, NaN, NaN, NaN, NaN, NaN], "test_acc": [5.909999847412109, 9.059999465942383, 15.089999198913574, 19.479999542236328, 0.0, 0.4899999797344208, 0.5699999928474426, 0.0, 0.0, 0.11999999731779099, 0.0, 0.009999999776482582, 0.429999977350235, 0.0, 0.25, 0.23999999463558197, 0.0, 0.0, 0.14999999105930328, 0.0, 0.47999998927116394, 0.07999999821186066, 0.07000000029802322, 0.0, 0.0, 0.0, 0.0, 0.04999999701976776, 0.1599999964237213, 0.0, 0.47999998927116394, 0.07999999821186066, 0.07000000029802322, 0.0, 0.0, 0.0, 0.0, 0.04999999701976776, 0.1599999964237213, 0.0, 0.47999998927116394, 0.07999999821186066, 0.07000000029802322, 0.0, 0.0, 0.0, 0.0, 0.04999999701976776, 0.1599999964237213, 0.0, 0.47999998927116394, 0.07999999821186066, 0.07000000029802322, 0.0, 0.0, 0.0, 0.0, 0.04999999701976776, 0.1599999964237213, 0.0, 0.47999998927116394, 0.07999999821186066, 0.07000000029802322, 0.0, 0.0, 0.0, 0.0, 0.04999999701976776, 0.1599999964237213, 0.0, 0.47999998927116394, 0.07999999821186066, 0.07000000029802322, 0.0, 0.0, 0.0, 0.0, 0.04999999701976776, 0.1599999964237213, 0.0, 0.47999998927116394, 0.07999999821186066, 0.07000000029802322, 0.0, 0.0, 0.0, 0.0, 0.04999999701976776, 0.1599999964237213, 0.0, 0.47999998927116394, 0.07999999821186066, 0.07000000029802322, 0.0, 0.0, 0.0, 0.0, 0.04999999701976776, 0.1599999964237213, 0.0], "wall_time": [8.635349988937378, 15.383173942565918, 22.307695627212524, 29.29402494430542, 36.33521223068237, 42.45247983932495, 49.53544878959656, 56.680436849594116, 63.76101207733154, 70.5163242816925, 77.0691454410553, 83.5862443447113, 90.82707738876343, 97.36171984672546, 104.09478735923767, 110.55114388465881, 117.44772291183472, 123.91509127616882, 130.62934041023254, 137.06959176063538, 143.940194606781, 150.1122646331787, 156.27500557899475, 162.89947271347046, 169.71154141426086, 176.16422581672668, 183.22296285629272, 190.20034384727478, 196.7639832496643, 203.19947385787964, 209.79547595977783, 216.71984696388245, 223.56823301315308, 230.72137331962585, 237.84700417518616, 244.89222955703735, 251.90949821472168, 259.0804269313812, 266.04275727272034, 273.23395013809204, 280.1789300441742, 287.09582924842834, 293.48817324638367, 299.72868251800537, 306.696475982666, 313.4957914352417, 320.2742540836334, 326.5215666294098, 333.3356761932373, 340.49685621261597, 347.3690490722656, 354.195148229599, 360.90585947036743, 367.56630849838257, 374.0675494670868, 380.6839392185211, 387.71286845207214, 394.6638243198395, 401.1402757167816, 407.33868050575256, 414.0808057785034, 420.9447033405304, 427.93848943710327, 434.4452497959137, 441.34592747688293, 448.5199873447418, 454.97191858291626, 461.4928848743439, 468.3004903793335, 475.42202830314636, 482.40435814857483, 489.14541149139404, 495.99792981147766, 503.03812551498413, 509.5277810096741, 515.9392673969269, 522.831826210022, 529.8193514347076, 536.712899684906, 543.5716066360474, 550.6775805950165, 557.7229566574097, 563.8618223667145, 570.4377083778381, 577.5861368179321, 584.1329352855682, 591.0243227481842, 597.722448348999, 604.6539652347565, 611.1530649662018, 618.0397851467133, 624.8949248790741, 631.4952688217163, 638.4535036087036, 645.3134562969208, 652.2278506755829, 658.8415086269379, 665.4888563156128, 672.4196588993073, 679.4288668632507], "val_loss": [4.144689188766479, 4.013683197402954, 3.573667628860474, 3.3326699310302734, NaN, NaN, NaN, NaN, NaN, NaN, NaN, NaN, NaN, NaN, NaN, NaN, NaN, NaN, NaN, NaN, NaN, NaN, NaN, NaN, NaN, NaN, NaN, NaN, NaN, NaN, NaN, NaN, NaN, NaN, NaN, NaN, NaN, NaN, NaN, NaN, NaN, NaN, NaN, NaN, NaN, NaN, NaN, NaN, NaN, NaN, NaN, NaN, NaN, NaN, NaN, NaN, NaN, NaN, NaN, NaN, NaN, NaN, NaN, NaN, NaN, NaN, NaN, NaN, NaN, NaN, NaN, NaN, NaN, NaN, NaN, NaN, NaN, NaN, NaN, NaN, NaN, NaN, NaN, NaN, NaN, NaN, NaN, NaN, NaN, NaN, NaN, NaN, NaN, NaN, NaN, NaN, NaN, NaN, NaN, NaN], "val_acc": [6.210000038146973, 9.420000076293945, 15.109999656677246, 19.600000381469727, 0.0, 0.0, 0.0, 0.0, 0.3100000023841858, 0.0, 0.09999999403953552, 0.3100000023841858, 0.0, 0.3100000023841858, 0.0, 0.3100000023841858, 0.3100000023841858, 0.3100000023841858, 0.3100000023841858, 0.0, 0.0, 0.0, 0.3100000023841858, 0.3100000023841858, 0.0, 0.0, 0.3100000023841858, 0.0, 0.3100000023841858, 0.0, 0.0, 0.0, 0.3100000023841858, 0.3100000023841858, 0.0, 0.0, 0.3100000023841858, 0.0, 0.3100000023841858, 0.0, 0.0, 0.0, 0.3100000023841858, 0.3100000023841858, 0.0, 0.0, 0.3100000023841858, 0.0, 0.3100000023841858, 0.0, 0.0, 0.0, 0.3100000023841858, 0.3100000023841858, 0.0, 0.0, 0.3100000023841858, 0.0, 0.3100000023841858, 0.0, 0.0, 0.0, 0.3100000023841858, 0.3100000023841858, 0.0, 0.0, 0.3100000023841858, 0.0, 0.3100000023841858, 0.0, 0.0, 0.0, 0.3100000023841858, 0.3100000023841858, 0.0, 0.0, 0.3100000023841858, 0.0, 0.3100000023841858, 0.0, 0.0, 0.0, 0.3100000023841858, 0.3100000023841858, 0.0, 0.0, 0.3100000023841858, 0.0, 0.3100000023841858, 0.0, 0.0, 0.0, 0.3100000023841858, 0.3100000023841858, 0.0, 0.0, 0.3100000023841858, 0.0, 0.3100000023841858, 0.0]}