{"loss": [], "acc": [], "test_loss": [4.81256169128418, 4.535512718200684, 4.204594194793701, 4.062630717849731, 3.985964274597168, 3.9849502704620363, 3.8890664459228517, 3.8017149406433104, 3.7623963260650637, 3.855006386566162, 3.7687935188293458, 3.6499286418914796, 3.4807143169403076, 3.626983842086792, 3.529058848190308, 3.4216439834594725, 3.4755160911560057, 3.409665807723999, 3.337116900253296, 3.387298326873779, 3.336418486404419, 3.333721203613281, 3.299328251647949, 3.3435859397888184, 3.483784903717041, 3.2180825435638427, 3.2281609619140625, 3.2144513847351073, 3.292913440704346, 3.333789695739746, 3.6279508304595947, 3.431935048675537, 3.314038475036621, 3.446509597015381, 3.3852280601501463, 3.551204244232178, 3.4801403297424316, 3.460703929138184, 3.727205302810669, 3.6063992050170897, 3.570942798614502, 3.665308782196045, 3.6025292797088624, 3.695837273788452, 3.823389331817627, 3.8145452419281005, 3.786473542022705, 3.8553390727996826, 3.7233197509765623, 3.7375394428253172, 3.864944731140137, 3.9202173278808594, 3.882109978866577, 3.9123955207824705, 3.9363929809570313, 3.917385530090332, 3.864265174865723, 3.8913634716033934, 3.8516567756652833, 3.8649000274658203, 3.856725138092041, 3.825700308227539, 3.817401710128784, 3.787761045074463, 3.780001801300049, 3.7894479919433595, 3.763933148956299, 3.7690745346069336, 3.738158182525635, 3.755791795349121, 3.726839555358887, 3.7139351989746094, 3.7335766952514646, 3.7288989379882813, 3.7205931869506834, 3.705399634552002, 3.716712166595459, 3.7012080322265626, 3.699865675354004, 3.690397661590576, 3.685629867553711, 3.698826043701172, 3.6825621696472166, 3.671029649734497, 3.679454957962036, 3.6914733428955078, 3.6751556526184084, 3.6683148666381835, 3.6674339027404783, 3.6560412773132325, 3.6623611450195312, 3.659544123840332, 3.6667546951293946, 3.665530104827881, 3.6741602325439455, 3.671808624267578, 3.6692690788269045, 3.665173745727539, 3.6578222442626953, 3.660813832092285], "test_acc": [2.4800000190734863, 3.069999933242798, 4.569999694824219, 5.889999866485596, 7.819999694824219, 7.139999866485596, 8.789999961853027, 11.429999351501465, 12.0, 11.59000015258789, 12.429999351501465, 13.630000114440918, 17.029998779296875, 15.879999160766602, 17.53999900817871, 18.299999237060547, 18.75, 19.90999984741211, 21.209999084472656, 21.510000228881836, 22.56999969482422, 22.559999465942383, 23.420000076293945, 23.43000030517578, 22.689998626708984, 25.35999870300293, 26.06999969482422, 26.869998931884766, 24.65999984741211, 26.90999984741211, 24.099998474121094, 26.0, 27.799999237060547, 28.079999923706055, 28.0, 28.0, 28.709999084472656, 28.40999984741211, 27.510000228881836, 29.06999969482422, 29.920000076293945, 29.1299991607666, 29.579999923706055, 29.989999771118164, 29.35999870300293, 29.559999465942383, 30.34000015258789, 30.849998474121094, 31.01999855041504, 31.849998474121094, 31.78999900817871, 31.479999542236328, 31.3799991607666, 32.13999938964844, 31.920000076293945, 32.119998931884766, 32.34000015258789, 32.130001068115234, 32.599998474121094, 33.13999938964844, 33.849998474121094, 33.459999084472656, 33.38999938964844, 33.96999740600586, 33.82999801635742, 34.209999084472656, 34.21999740600586, 34.040000915527344, 34.349998474121094, 33.95000076293945, 34.32999801635742, 34.32999801635742, 34.40999984741211, 34.439998626708984, 34.48999786376953, 34.39999771118164, 34.48999786376953, 34.48999786376953, 34.38999938964844, 34.18000030517578, 34.36000061035156, 34.22999954223633, 34.439998626708984, 34.540000915527344, 34.61000061035156, 34.37999725341797, 34.599998474121094, 34.2599983215332, 34.349998474121094, 34.54999923706055, 34.64999771118164, 34.77000045776367, 34.47999954223633, 34.66999816894531, 34.46999740600586, 34.599998474121094, 34.7599983215332, 34.61000061035156, 34.68000030517578, 34.47999954223633], "wall_time": [7.612977743148804, 14.67761516571045, 21.65744662284851, 28.919352769851685, 36.01012706756592, 43.39464712142944, 50.43868637084961, 57.73483848571777, 64.77186226844788, 71.87601065635681, 78.9601559638977, 86.22566294670105, 93.48247957229614, 100.63940453529358, 107.92835235595703, 115.18713355064392, 122.30315160751343, 129.51508474349976, 136.48751664161682, 143.825581073761, 151.10802364349365, 158.13618516921997, 165.27328610420227, 172.34979939460754, 179.71372985839844, 186.98834586143494, 194.19301342964172, 201.15835762023926, 208.09680223464966, 215.24807000160217, 222.22061419487, 229.56914734840393, 236.80942916870117, 243.97996711730957, 251.1592206954956, 258.2504334449768, 265.3172037601471, 272.39357018470764, 279.41547775268555, 286.46668338775635, 293.5472671985626, 300.60882806777954, 307.7543148994446, 314.74873661994934, 321.82650113105774, 328.89180731773376, 336.0807626247406, 343.2633521556854, 350.4977753162384, 357.50458574295044, 364.75453639030457, 371.6637477874756, 378.7867748737335, 385.9068560600281, 393.0874388217926, 400.29513597488403, 407.4617578983307, 414.751610994339, 422.0188624858856, 429.30971670150757, 436.54224276542664, 443.6882357597351, 450.69833064079285, 457.6746814250946, 464.69991636276245, 471.9780559539795, 479.1859576702118, 486.2897217273712, 493.6558027267456, 500.74702501296997, 507.9456732273102, 515.1211786270142, 522.281091928482, 529.2889840602875, 536.2524027824402, 543.3010740280151, 550.2841300964355, 557.3097674846649, 564.4898407459259, 571.6316637992859, 578.7573533058167, 586.050984621048, 593.1288006305695, 600.142397403717, 607.2059092521667, 614.1614525318146, 621.4269206523895, 628.4841158390045, 635.6807990074158, 642.669061422348, 649.9123795032501, 656.9256572723389, 664.0016133785248, 670.9565529823303, 678.0150995254517, 685.1618931293488, 692.2495465278625, 699.4024498462677, 706.4235465526581, 713.358996629715], "val_loss": [4.831095241546631, 4.572086450958252, 4.22292719039917, 4.066417027282715, 4.003175816726684, 3.999305614852905, 3.8971460639953612, 3.8057183311462404, 3.7798750022888186, 3.8599769538879394, 3.765837995147705, 3.645075414276123, 3.462406611251831, 3.6283298347473143, 3.528050571060181, 3.4321541110992433, 3.449808052444458, 3.403795182800293, 3.3279345027923584, 3.376489799499512, 3.327469272232056, 3.3377746181488037, 3.3143231101989747, 3.3466737556457518, 3.509383553695679, 3.241171824645996, 3.2650652614593505, 3.2131672832489016, 3.3296003295898435, 3.3270946086883546, 3.6280058601379395, 3.4312758728027344, 3.343311186981201, 3.484100863647461, 3.436576174545288, 3.5718890632629394, 3.5008735984802244, 3.489066918182373, 3.738719833755493, 3.61589520072937, 3.6336929485321043, 3.688092501449585, 3.677910324859619, 3.759343215370178, 3.8053933773040773, 3.855974603652954, 3.831428727340698, 3.906357124710083, 3.7927230628967283, 3.8252999267578125, 3.9303783233642577, 3.997182587814331, 3.926362203979492, 3.950860849380493, 3.9608243827819822, 3.968137616729736, 3.912252442932129, 3.922906043243408, 3.9214067138671873, 3.9025569786071777, 3.923711465072632, 3.878338680648804, 3.884122789764404, 3.854491687011719, 3.84268949508667, 3.8362662788391115, 3.8238915409088134, 3.822455411529541, 3.7931975219726564, 3.8186086143493654, 3.7863703994750977, 3.7772110710144045, 3.7918812156677246, 3.7929707981109617, 3.7778511573791502, 3.7658141719818117, 3.7781068508148192, 3.7632072135925294, 3.765449684906006, 3.7539042419433595, 3.7460536094665526, 3.7575997051239014, 3.7404983528137206, 3.7283265785217283, 3.740708588027954, 3.7543909233093262, 3.7351822525024416, 3.724190462875366, 3.727375240325928, 3.710838196182251, 3.7216100067138673, 3.7183214530944824, 3.7249987186431883, 3.723460556793213, 3.7371730545043946, 3.7311828830718996, 3.7252792976379396, 3.7237037902832033, 3.718905749511719, 3.71904524269104],