{"loss": [], "acc": [], "test_loss": [299.9775084960938, 4.547461359405518, 4.418496711730957, 4.321913842773437, 4.265266606903076, 4.159608319854736, 4.445884914398193, 4.135482824707031, 4.0339862335205074, 4.023010256958008, 3.975857257080078, 3.959262055206299, 3.927402410888672, 3.8303566947937013, 3.8839972244262695, 3.8392796447753907, 3.806413850402832, 3.7338468849182127, 3.7270153900146483, 3.712236275482178, 3.764822452926636, 3.7670741287231446, 3.8787964607238767, 3.6388152606964113, 3.6276912147521974, 3.551152177810669, 3.6017512851715088, 3.5927512416839598, 3.4701662605285644, 3.434511363220215, 3.548085105895996, 3.505799397277832, 3.542684248352051, 3.5828477321624757, 3.4035393566131593, 3.5089278564453124, 3.3895353775024413, 3.414478109741211, 3.40207787399292, 3.461880972671509, 3.5056518646240233, 3.3839446575164795, 3.511410908126831, 3.443417778778076, 3.398243567276001, 3.59316234664917, 3.4331434146881104, 3.455212712097168, 3.4449955924987794, 3.56311485748291, 3.4799212982177736, 3.4415919284820555, 3.5786499114990233, 3.6587479766845705, 3.715169713973999, 3.5844961135864257, 3.558448472595215, 3.6443136440277097, 3.6082186752319334, 3.881454040527344, 3.643082932281494, 3.672189261627197, 3.7316200386047362, 3.7199127601623534, 3.6953256492614748, 3.7808172554016113, 3.722873785400391, 3.7803017528533935, 3.835764872741699, 3.810871324157715, 3.90282003326416, 3.807793836593628, 3.9408005737304688, 3.9156575622558596, 3.884263456726074, 3.8964516067504884, 3.9420603775024414, 3.9572454803466797, 3.969665394592285, 3.9743652793884277, 3.999370753479004, 4.021666186523437, 3.9917382720947265, 4.050464317321778, 4.061911664581299, 4.045211525726319, 4.062576554107666, 4.05522340927124, 4.055391662597656, 4.096746112060547, 4.0897883056640625, 4.0852778594970705, 4.091146768188477, 4.102040777587891, 4.098007315063477, 4.111651258850098, 4.1110194961547855, 4.093320986175537, 4.107420446014404, 4.105850168609619], "test_acc": [1.0, 2.7300000190734863, 3.069999933242798, 3.490000009536743, 4.089999675750732, 4.599999904632568, 4.199999809265137, 5.230000019073486, 5.889999866485596, 6.359999656677246, 7.37999963760376, 7.689999580383301, 8.329999923706055, 9.760000228881836, 9.1899995803833, 10.059999465942383, 11.1899995803833, 11.929999351501465, 12.420000076293945, 12.809999465942383, 13.569999694824219, 13.119999885559082, 13.469999313354492, 15.75, 14.879999160766602, 16.40999984741211, 16.399999618530273, 16.40999984741211, 18.049999237060547, 19.239999771118164, 18.579999923706055, 19.239999771118164, 19.279998779296875, 18.989999771118164, 21.309999465942383, 20.889999389648438, 21.719999313354492, 21.35999870300293, 21.719999313354492, 21.299999237060547, 21.739999771118164, 22.689998626708984, 21.279998779296875, 22.799999237060547, 23.60999870300293, 23.53999900817871, 23.639999389648438, 23.85999870300293, 24.059999465942383, 23.170000076293945, 24.099998474121094, 24.760000228881836, 24.670000076293945, 23.53999900817871, 23.19999885559082, 24.579999923706055, 25.219999313354492, 24.28999900817871, 26.099998474121094, 24.44999885559082, 25.399999618530273, 25.739999771118164, 26.10999870300293, 26.049999237060547, 26.439998626708984, 26.03999900817871, 26.549999237060547, 26.51999855041504, 26.34000015258789, 27.010000228881836, 26.889999389648438, 27.31999969482422, 26.689998626708984, 27.40999984741211, 27.059999465942383, 27.40999984741211, 27.989999771118164, 27.19999885559082, 27.670000076293945, 27.719999313354492, 27.549999237060547, 27.67999839782715, 28.06999969482422, 27.809999465942383, 27.760000228881836, 28.149999618530273, 28.479999542236328, 27.899999618530273, 28.260000228881836, 28.329999923706055, 28.0, 27.94999885559082, 27.78999900817871, 28.10999870300293, 27.829999923706055, 27.920000076293945, 27.809999465942383, 27.760000228881836, 28.01999855041504, 27.920000076293945], "wall_time": [6.055176258087158, 12.140837907791138, 17.614545106887817, 23.276740789413452, 28.656437397003174, 34.225398778915405, 39.554893493652344, 45.0975182056427, 50.93038272857666, 56.741185426712036, 62.548887729644775, 67.82403922080994, 73.32917809486389, 78.77788424491882, 84.48143863677979, 90.03234457969666, 95.83362007141113, 101.21176314353943, 106.45556879043579, 112.14515805244446, 117.4729208946228, 122.67722702026367, 127.91272187232971, 133.7486801147461, 139.25305223464966, 144.2814610004425, 149.98797464370728, 155.1707832813263, 160.5389711856842, 165.91139698028564, 171.31872940063477, 176.58456945419312, 182.0074257850647, 187.4062213897705, 193.03107500076294, 198.81274032592773, 204.59517192840576, 210.0181803703308, 215.7213191986084, 221.54738783836365, 226.8418745994568, 232.21285462379456, 238.08528399467468, 243.24259543418884, 248.53252744674683, 253.87719750404358, 259.2262969017029, 264.9612684249878, 270.2095935344696, 275.5740735530853, 281.0106587409973, 286.4969964027405, 291.99696159362793, 297.281489610672, 302.9534821510315, 308.4458830356598, 314.3363652229309, 319.78862047195435, 325.11560130119324, 330.61796712875366, 336.0315365791321, 341.41417026519775, 346.7697949409485, 352.4420642852783, 357.7154715061188, 363.24438548088074, 368.5837302207947, 374.00925970077515, 379.67746567726135, 384.99842500686646, 390.4010555744171, 395.6649992465973, 400.3031961917877, 405.53690361976624, 411.02773332595825, 416.25002789497375, 421.55938363075256, 426.99839544296265, 432.35138487815857, 438.0280406475067, 443.243150472641, 449.1868727207184, 454.6238257884979, 459.9418478012085, 465.3564863204956, 471.16642808914185, 476.86532855033875, 482.39666199684143, 487.9606292247772, 493.7067050933838, 499.08905816078186, 504.469514131546, 509.7796995639801, 515.6311717033386, 521.6859648227692, 527.3612675666809, 532.9122982025146, 538.5106291770935, 543.8346786499023, 549.6495077610016], "val_loss": [304.89684204101565, 4.542632850646973, 4.42961851196289, 4.3246887561798095, 4.267243690490723, 4.168347427749634, 4.444458683013916, 4.1469117980957035, 4.044215946960449, 4.03635393371582, 3.9815340965270996, 3.9608654510498047, 3.9379747505187987, 3.84432354927063, 3.9066022319793703, 3.820611510467529, 3.804136067199707, 3.7394432765960692, 3.7175133743286133, 3.7122605072021484, 3.7799708950042725, 3.760227809906006, 3.8820991313934328, 3.6443687229156496, 3.620626692581177, 3.5479729816436767, 3.606826511001587, 3.602100728607178, 3.483512005996704, 3.4417257583618164, 3.569886433792114, 3.515156169128418, 3.5479784629821776, 3.5962053165435792, 3.39574940032959, 3.532721381378174, 3.4037992668151857, 3.43491710395813, 3.424490012359619, 3.4822771911621095, 3.5159439208984375, 3.3954853427886964, 3.5306722747802732, 3.4351509914398193, 3.4005566940307617, 3.587562183380127, 3.4355547119140626, 3.454712122344971, 3.449206792449951, 3.561882447433472, 3.502142660522461, 3.4266302406311033, 3.5797221157073973, 3.663877423095703, 3.7263289936065673, 3.5871752479553223, 3.545779010772705, 3.673561944961548, 3.61832576751709, 3.890261840057373, 3.674690990829468, 3.690643155670166, 3.763419253540039, 3.694995578765869, 3.6731989631652833, 3.784948275756836, 3.7168273635864257, 3.7719527534484865, 3.8465362884521483, 3.7800724037170412, 3.884560527420044, 3.784090077972412, 3.9139119117736816, 3.908748397064209, 3.854004264831543, 3.8759486366271974, 3.930969466781616, 3.952728652572632, 3.935372805786133, 3.935101240539551, 3.9606512298583985, 4.008236367034912, 4.005986566925049, 4.039174235153198, 4.042262070083618, 4.039716930770874, 4.055702153015137, 4.053016910934448, 4.042927970504761, 4.088143143463134, 4.0756379524230955, 4.07384807472229, 4.084294288635254, 4.087407870101929, 4.083593811035156, 4.094965578460694, 4.091997360229493, 4.080638119888306, 4.091220645141601, 4.087293413162231],