{"loss": [], "acc": [], "test_loss": [69.79083208007812, 4.5330336227417, 4.647741501617432, 4.328903841400146, 4.266502244567871, 4.214417848205566, 4.14837108001709, 4.045802651977539, 4.120204486846924, 4.008035076904297, 3.9245984687805175, 3.9844546295166015, 3.847535631942749, 3.8014310287475586, 3.850854801940918, 3.7424436347961425, 3.5925945930480956, 3.6401578468322753, 3.696327541732788, 3.4843166931152343, 3.5910343711853026, 3.42135421333313, 3.337388164520264, 3.3206576026916506, 3.5061066654205324, 3.371729853439331, 3.387029524230957, 3.3105468112945555, 3.1603936683654785, 3.286513486480713, 3.2705824100494385, 3.2646557361602784, 3.2007153579711916, 3.3413397583007813, 3.254907406616211, 3.2397279346466066, 3.2728724727630616, 3.395950945663452, 3.4416491729736327, 3.4470503299713133, 3.3481190826416016, 3.468566158294678, 3.4367223678588865, 3.388666925048828, 3.6871702209472654, 3.514211937713623, 3.6542167011260984, 3.596883406829834, 3.609809691619873, 3.6682649505615235, 3.6850813159942626, 3.7347581550598146, 3.734431140899658, 3.7242555503845214, 3.7784473136901857, 3.843791749191284, 3.807851511764526, 3.9003889602661133, 3.8837654296875, 3.8686277221679686, 3.9112126247406005, 3.858753011703491, 3.846216693115234, 3.853357271575928, 3.8512314239501952, 3.8675275390625, 3.8590000137329104, 3.8551767543792725, 3.8699264335632324, 3.841185791397095, 3.8493424579620363, 3.810955460357666, 3.837475453948975, 3.832207444381714, 3.855612939453125, 3.8085086082458495, 3.8248806022644044, 3.8129544525146484, 3.7997396224975586, 3.8068921089172365, 3.7923936195373535, 3.8092576683044435, 3.7902971424102785, 3.798221807861328, 3.8009251609802246, 3.803150484085083, 3.787137371826172, 3.7947486682891847, 3.791513827896118, 3.7831711853027343, 3.7858233070373535, 3.78854369430542, 3.785743103790283, 3.7856824172973633, 3.776457307434082, 3.7914619468688966, 3.7836516094207764, 3.788850280380249, 3.7902430114746095, 3.7825919860839843], "test_acc": [1.0399999618530273, 2.0399999618530273, 2.549999952316284, 2.9499998092651367, 3.2099997997283936, 4.279999732971191, 5.190000057220459, 5.989999771118164, 6.71999979019165, 7.039999961853027, 9.779999732971191, 8.779999732971191, 9.84000015258789, 10.710000038146973, 12.559999465942383, 12.369999885559082, 14.079999923706055, 14.319999694824219, 14.979999542236328, 17.28999900817871, 16.93000030517578, 19.469999313354492, 19.56999969482422, 21.40999984741211, 19.3799991607666, 21.850000381469727, 21.649999618530273, 23.139999389648438, 24.689998626708984, 23.389999389648438, 24.760000228881836, 26.25, 26.439998626708984, 25.729999542236328, 27.170000076293945, 26.889999389648438, 27.60999870300293, 25.459999084472656, 26.81999969482422, 27.01999855041504, 27.28999900817871, 28.06999969482422, 29.009998321533203, 28.619998931884766, 28.65999984741211, 28.969999313354492, 28.09000015258789, 30.189998626708984, 29.349998474121094, 29.259998321533203, 29.259998321533203, 30.459999084472656, 30.51999855041504, 30.670000076293945, 30.81999969482422, 30.899999618530273, 30.479999542236328, 30.920000076293945, 30.849998474121094, 31.34000015258789, 31.670000076293945, 32.27000045776367, 32.70000076293945, 33.06999969482422, 32.57999801635742, 33.39999771118164, 33.43000030517578, 33.099998474121094, 33.290000915527344, 33.55999755859375, 33.790000915527344, 33.65999984741211, 33.65999984741211, 33.59000015258789, 33.790000915527344, 33.959999084472656, 33.849998474121094, 33.65999984741211, 33.52000045776367, 33.75, 33.73999786376953, 33.89999771118164, 33.959999084472656, 33.91999816894531, 34.04999923706055, 34.040000915527344, 33.97999954223633, 33.95000076293945, 34.06999969482422, 34.12999725341797, 34.11000061035156, 34.06999969482422, 34.040000915527344, 34.22999954223633, 34.29999923706055, 33.98999786376953, 34.22999954223633, 34.04999923706055, 34.06999969482422, 34.099998474121094], "wall_time": [6.978591442108154, 13.547537803649902, 20.0137038230896, 26.33711862564087, 32.79272699356079, 39.39419078826904, 45.91369915008545, 52.29396104812622, 58.96335244178772, 65.40239691734314, 71.9171371459961, 78.49456453323364, 84.73027396202087, 91.09770488739014, 97.5044846534729, 104.03166675567627, 110.57351326942444, 117.2425754070282, 123.65318655967712, 130.23372077941895, 136.8495020866394, 143.41135239601135, 150.07291722297668, 156.42455220222473, 163.05999517440796, 169.47363305091858, 176.01356649398804, 182.39628076553345, 188.92443799972534, 195.39131331443787, 201.983891248703, 208.4979431629181, 214.89034795761108, 221.44142985343933, 227.80627632141113, 234.09032368659973, 240.49594950675964, 246.7872452735901, 253.23604202270508, 259.7182562351227, 266.2488605976105, 272.9116916656494, 279.5223813056946, 286.1931562423706, 292.71452021598816, 299.6468188762665, 306.26194190979004, 313.0138819217682, 319.49244689941406, 326.0974087715149, 332.6056241989136, 339.263391494751, 346.011771440506, 352.8480143547058, 359.5575087070465, 366.29400730133057, 373.0615153312683, 379.6346743106842, 386.11973094940186, 392.7377483844757, 399.3416328430176, 405.8770561218262, 412.56886982917786, 419.3157465457916, 425.8599534034729, 432.4712815284729, 439.20379066467285, 445.9905295372009, 452.6760718822479, 459.2990734577179, 466.15848875045776, 472.75381731987, 479.3167402744293, 485.88158893585205, 492.3530502319336, 498.85987544059753, 505.57161951065063, 512.3240697383881, 518.9617223739624, 525.5811495780945, 532.316207408905, 538.9883131980896, 545.6988673210144, 552.1612823009491, 558.6481130123138, 565.2131733894348, 571.8501310348511, 578.2918882369995, 584.9026389122009, 591.3660616874695, 598.0583662986755, 604.5340359210968, 611.1218912601471, 617.5790667533875, 624.3938095569611, 630.9479842185974, 637.5845656394958, 644.2052381038666, 650.6868240833282, 657.3688580989838], "val_loss": [70.89855628662109, 4.5401320640563965, 4.663005865478516, 4.3477742324829105, 4.2758401702880855, 4.227146600723267, 4.166971541976928, 4.072595293045044, 4.1437108436584476, 4.023354344177246, 3.9488134296417234, 3.979850662231445, 3.857326947784424, 3.8066900054931643, 3.8610326457977293, 3.7397476791381834, 3.6078618515014647, 3.6506147705078127, 3.702843074798584, 3.4824933464050294, 3.6087200393676757, 3.416525873184204, 3.350253401184082, 3.360002370071411, 3.505940145492554, 3.3568954467773438, 3.416660308074951, 3.3277147220611574, 3.1664625831604005, 3.306777035903931, 3.269671413421631, 3.268790047836304, 3.1792958168029783, 3.3397738037109375, 3.260936241912842, 3.242702383804321, 3.259469316864014, 3.3826859504699707, 3.46453976020813, 3.4363587474823, 3.363759105682373, 3.4555199081420898, 3.4600552909851072, 3.4030952713012694, 3.6717543426513672, 3.5634511547088623, 3.716075243759155, 3.6257124904632567, 3.6278364707946777, 3.72511342048645, 3.688823365020752, 3.7585364532470704, 3.7367490631103517, 3.7533028778076174, 3.7751756507873537, 3.837117846298218, 3.8329078510284424, 3.943350389099121, 3.8994717597961426, 3.902437474441528, 3.934384185028076, 3.903805665969849, 3.8809102687835693, 3.8994362686157227, 3.870225116729736, 3.8782665786743165, 3.8903410081863403, 3.8806704971313475, 3.877463963699341, 3.8639241161346436, 3.8630370777130127, 3.831030326461792, 3.8436005962371826, 3.8287374893188475, 3.869585924911499, 3.8247720550537108, 3.848395281982422, 3.827979056549072, 3.819580291748047, 3.825554630279541, 3.8109561489105226, 3.829377830505371, 3.8131072017669676, 3.8242517810821535, 3.818949987411499, 3.820075408935547, 3.806324282836914, 3.809325086212158, 3.8122424568176267, 3.8030165966033938, 3.8060007583618165, 3.806427503967285, 3.8033458435058596, 3.807126525115967, 3.7980826202392577, 3.8111657119750975, 3.8040645690917967, 3.8090040508270264, 3.8111856410980223, 3.8034922008514402],