{"loss": [], "acc": [], "test_loss": [6.95011449508667, 4.527723201751709, 4.394512005615234, 4.511116438293457, 4.24984291381836, 4.16726284942627, 4.1206198379516605, 4.036284352111816, 3.893221578216553, 3.8328685073852538, 3.6374419170379637, 3.8698628273010254, 3.715733882522583, 3.573927816390991, 3.5987297538757326, 3.604007381439209, 3.18813390045166, 3.3420596366882322, 3.42508828125, 3.1220600944519044, 3.1829334480285643, 3.294600188446045, 3.2988616554260255, 3.0774193599700927, 3.187296216583252, 3.4323722999572754, 3.3489537822723388, 3.093418946456909, 3.013041044998169, 3.2166442626953127, 3.0541021537780764, 2.9385099586486816, 3.1554919105529784, 3.160242780685425, 3.28430602645874, 3.060076337814331, 3.4482410282135008, 3.3477392841339113, 3.068069956970215, 3.182305772781372, 3.261814065551758, 3.398010356903076, 3.6206564868927003, 3.1784474529266356, 3.434914288711548, 3.262047591781616, 3.486655290222168, 3.3270507675170897, 3.3310579402923586, 3.587035930633545, 3.355691477203369, 3.440774750137329, 3.3820363319396973, 3.4279452735900877, 3.4834269668579103, 3.3679558319091796, 3.441620933532715, 3.389899437713623, 3.271194499206543, 3.400093304824829, 3.303922807312012, 3.3147277366638184, 3.275239465332031, 3.278370108795166, 3.263848484802246, 3.2756764888763428, 3.2946900367736816, 3.285775771331787, 3.2009003395080566, 3.1922447845458986, 3.1907570346832275, 3.1678255489349367, 3.192093645477295, 3.1796630851745604, 3.182804528427124, 3.1604684883117677, 3.1612169746398924, 3.1578242767333986, 3.123046298599243, 3.132930344390869, 3.1131893558502197, 3.1061368743896485, 3.1385885749816893, 3.127442421722412, 3.1250149406433105, 3.134251745605469, 3.108888227081299, 3.1211701026916505, 3.114499613189697, 3.114587889099121, 3.1178403450012206, 3.1041095947265624, 3.09734090423584, 3.116045461273193, 3.113611251831055, 3.1160656440734864, 3.112283603668213, 3.1087865634918215, 3.103780474090576, 3.1061034008026125], "test_acc": [1.0199999809265137, 2.559999942779541, 2.929999828338623, 2.879999876022339, 3.7099997997283936, 5.799999713897705, 6.349999904632568, 8.279999732971191, 9.59000015258789, 9.920000076293945, 13.329999923706055, 11.889999389648438, 13.389999389648438, 15.969999313354492, 16.969999313354492, 17.649999618530273, 22.420000076293945, 20.76999855041504, 21.350000381469727, 23.729999542236328, 23.849998474121094, 25.029998779296875, 24.0, 27.399999618530273, 25.94999885559082, 25.479999542236328, 25.479999542236328, 29.149999618530273, 28.939998626708984, 28.510000228881836, 31.439998626708984, 31.889999389648438, 29.959999084472656, 29.469999313354492, 30.439998626708984, 32.599998474121094, 30.31999969482422, 31.489999771118164, 34.59000015258789, 33.40999984741211, 33.71999740600586, 31.65999984741211, 30.35999870300293, 35.16999816894531, 31.759998321533203, 34.75, 34.59000015258789, 35.349998474121094, 35.77000045776367, 33.56999969482422, 35.959999084472656, 36.20000076293945, 36.040000915527344, 36.89999771118164, 35.86000061035156, 37.97999954223633, 37.63999938964844, 37.88999938964844, 39.90999984741211, 38.77000045776367, 39.90999984741211, 39.959999084472656, 40.689998626708984, 40.29999923706055, 40.5, 40.439998626708984, 40.59000015258789, 40.87999725341797, 41.46999740600586, 41.66999816894531, 41.65999984741211, 41.709999084472656, 41.779998779296875, 41.66999816894531, 42.029998779296875, 42.13999938964844, 42.29999923706055, 42.16999816894531, 42.68000030517578, 42.37999725341797, 42.459999084472656, 42.55999755859375, 42.34000015258789, 42.599998474121094, 42.5099983215332, 42.25, 42.48999786376953, 42.459999084472656, 42.52000045776367, 42.53999710083008, 42.53999710083008, 42.70000076293945, 42.75, 42.72999954223633, 42.55999755859375, 42.82999801635742, 42.64999771118164, 42.529998779296875, 42.75, 42.72999954223633], "wall_time": [9.359207153320312, 17.898030757904053, 26.395883560180664, 34.96825933456421, 43.62293362617493, 52.261866092681885, 61.202070236206055, 70.09971642494202, 78.79153633117676, 87.65903115272522, 96.32171058654785, 105.34159183502197, 118.2987277507782, 127.46914672851562, 136.65129470825195, 145.77093291282654, 154.9481976032257, 163.96614909172058, 173.12577295303345, 182.05248761177063, 190.9333620071411, 199.83679699897766, 208.903062582016, 217.97148442268372, 227.11797976493835, 235.9651517868042, 244.95734071731567, 253.7881898880005, 262.80925726890564, 271.9446041584015, 280.7932252883911, 289.973162651062, 298.8794448375702, 307.83530616760254, 316.98496079444885, 325.9370391368866, 334.95618295669556, 343.9268820285797, 352.7955436706543, 361.94671416282654, 370.8548803329468, 379.93302035331726, 388.97745156288147, 397.88163471221924, 406.997985124588, 415.9462454319, 424.8434851169586, 433.75958490371704, 442.794766664505, 451.81270694732666, 460.91981959342957, 469.78328037261963, 478.9770290851593, 487.9193959236145, 496.80495405197144, 505.70009422302246, 514.6868717670441, 523.5891556739807, 532.5165183544159, 541.4073605537415, 550.5893666744232, 559.4008123874664, 568.3996341228485, 577.330634355545, 586.2104001045227, 595.1589667797089, 604.0987980365753, 613.1241452693939, 621.9660909175873, 630.9178125858307, 639.960978269577, 649.0388276576996, 657.9897763729095, 667.1256518363953, 676.1099605560303, 685.1896660327911, 694.0661368370056, 702.8667278289795, 711.8587124347687, 720.7305669784546, 729.5329298973083, 738.4712145328522, 747.4383411407471, 756.4352822303772, 765.362033367157, 774.2620596885681, 783.2441833019257, 792.0830504894257, 801.0193479061127, 809.9945638179779, 818.897937297821, 827.7263038158417, 836.6163687705994, 845.4664225578308, 854.3370616436005, 863.1889967918396, 871.9544277191162, 880.8940567970276, 889.695540189743, 898.6770839691162], "val_loss": [6.883050941467285, 4.546659350585937, 4.407595538330078, 4.525981469726562, 4.27280419921875, 4.18595765953064, 4.139705709075928, 4.058784749603271, 3.91886040725708, 3.8497151916503904, 3.6450796615600587, 3.8756313247680665, 3.7339632274627688, 3.590515999984741, 3.586291979980469, 3.619886845397949, 3.2271023597717283, 3.3405049087524414, 3.453034953689575, 3.133666953659058, 3.1841929538726808, 3.320103803253174, 3.3306930320739747, 3.1305186241149903, 3.2130667152404784, 3.4461054580688475, 3.4023987854003908, 3.133787157821655, 3.060142907333374, 3.24583684387207, 3.1042053707122803, 3.0008744396209717, 3.225774173736572, 3.2386083709716798, 3.314250822067261, 3.127111754989624, 3.52854656829834, 3.4278773193359373, 3.122758459854126, 3.2494936721801757, 3.365362578201294, 3.4518206146240233, 3.6762425430297854, 3.2711543449401854, 3.4872046646118164, 3.377605330657959, 3.55492561416626, 3.386623424911499, 3.392583425140381, 3.6069025077819825, 3.460101412200928, 3.486760021209717, 3.4312058177947997, 3.4882126304626464, 3.5427227043151857, 3.4784373153686525, 3.4973709205627443, 3.4556007831573488, 3.3211292266845702, 3.4653801261901855, 3.348069345664978, 3.382013721084595, 3.348178466796875, 3.360461639404297, 3.324979933166504, 3.3140590167999266, 3.358583302307129, 3.3437822944641113, 3.259401470184326, 3.253548201751709, 3.2510225116729736, 3.226888900756836, 3.2501784996032717, 3.240817147064209, 3.238007898712158, 3.2207530601501464, 3.220872671508789, 3.212864810180664, 3.1821576683044435, 3.1898438117980956, 3.174373274230957, 3.1744183364868164, 3.201879465484619, 3.197068835449219, 3.1852970653533936, 3.1918956192016603, 3.167834815597534, 3.1851617904663088, 3.1789654758453367, 3.176899681854248, 3.180548526763916, 3.166753240585327, 3.1572327281951904, 3.1751264888763426, 3.176242099761963, 3.1766312896728515, 3.171547158432007, 3.1681133171081544, 3.165669337844849, 3.16930523147583],