{"loss": [], "acc": [], "test_loss": [19.772077734375, 4.797727603149414, 4.44610712966919, 4.401406307220459, 4.331530338287354, 4.153488885498047, 4.227436605834961, 3.9679396255493162, 4.106681545257568, 3.8257016036987306, 3.6904387004852297, 3.7820726219177248, 3.6382203742980956, 3.687656537628174, 3.7006538162231446, 3.411961354446411, 3.4035881629943847, 3.390111519241333, 3.2807120162963868, 3.315980596160889, 3.4794125888824463, 3.3373209743499754, 3.1545868869781493, 3.1492166522979734, 3.2271384101867677, 3.1441873519897463, 3.3690123016357423, 3.3118504779815674, 3.1870554859161375, 3.449908930206299, 3.1199225982666015, 3.097153665161133, 3.133334701919556, 3.0436473266601562, 3.2448510246276854, 3.149831398010254, 3.207503695678711, 3.236687699508667, 3.211558953475952, 3.46367324256897, 3.2965202407836913, 3.114564178466797, 3.1564072967529295, 3.2648530124664306, 3.1797931259155274, 3.5764746395111082, 3.436258583831787, 3.65404421081543, 3.340644424057007, 3.4483216957092284, 3.4340152767181396, 3.426465375518799, 3.507377827453613, 3.63799575843811, 3.550432497406006, 3.458345692062378, 3.5249080307006837, 3.70416323928833, 3.60267029876709, 3.666252870178223, 3.5596106590270997, 3.5427769802093505, 3.6714168991088867, 3.5477036079406736, 3.5652369674682616, 3.6534475666046142, 3.587309965133667, 3.5192203422546386, 3.5558058097839353, 3.5964777725219728, 3.576811457824707, 3.5910847282409666, 3.5480868480682375, 3.5199147171020506, 3.495151072692871, 3.52046529006958, 3.5493526672363283, 3.5242027156829834, 3.507965929412842, 3.533015742111206, 3.519320154953003, 3.5207911476135254, 3.513222261428833, 3.5087661724090577, 3.499721326446533, 3.516351413726807, 3.50658434753418, 3.510818997192383, 3.4988101554870608, 3.4995161968231203, 3.495342530441284, 3.51577244682312, 3.4994647773742678, 3.5181223861694337, 3.5095696075439453, 3.5132422302246096, 3.50241968460083, 3.509778855514526, 3.4987827674865724, 3.508272927093506], "test_acc": [1.0699999332427979, 2.259999990463257, 2.4600000381469727, 3.1499998569488525, 4.259999752044678, 5.079999923706055, 6.199999809265137, 8.5, 8.550000190734863, 10.960000038146973, 12.869999885559082, 12.75, 14.170000076293945, 14.329999923706055, 15.90999984741211, 18.0, 18.78999900817871, 20.149999618530273, 21.69999885559082, 20.799999237060547, 20.229999542236328, 21.75, 25.03999900817871, 25.469999313354492, 24.76999855041504, 26.549999237060547, 23.439998626708984, 24.939998626708984, 26.719999313354492, 25.459999084472656, 28.779998779296875, 28.619998931884766, 29.889999389648438, 30.989999771118164, 29.19999885559082, 30.670000076293945, 29.420000076293945, 30.06999969482422, 30.34000015258789, 29.509998321533203, 30.889999389648438, 33.62999725341797, 32.77000045776367, 31.959999084472656, 32.73999786376953, 30.01999855041504, 31.719999313354492, 31.299999237060547, 33.43000030517578, 31.92999839782715, 33.529998779296875, 33.2599983215332, 32.14999771118164, 31.989999771118164, 33.27000045776367, 34.55999755859375, 35.02000045776367, 32.47999954223633, 33.27000045776367, 33.7599983215332, 35.459999084472656, 35.84000015258789, 35.41999816894531, 36.52000045776367, 36.90999984741211, 36.13999938964844, 36.27000045776367, 37.71999740600586, 36.89999771118164, 37.40999984741211, 37.27000045776367, 37.2599983215332, 37.38999938964844, 37.75, 38.040000915527344, 37.77000045776367, 37.71999740600586, 38.029998779296875, 37.88999938964844, 37.70000076293945, 38.11000061035156, 37.939998626708984, 38.12999725341797, 38.209999084472656, 38.27000045776367, 37.95000076293945, 38.12999725341797, 38.12999725341797, 38.34000015258789, 38.46999740600586, 38.30999755859375, 38.31999969482422, 38.209999084472656, 38.18000030517578, 38.41999816894531, 38.16999816894531, 38.18000030517578, 38.36000061035156, 38.55999755859375, 38.11000061035156], "wall_time": [6.201317071914673, 12.159138202667236, 18.115411281585693, 23.819090843200684, 29.870335340499878, 35.91552209854126, 41.93961691856384, 47.67454195022583, 53.74216818809509, 59.52062964439392, 65.41136407852173, 71.27759504318237, 77.2618019580841, 83.30135297775269, 89.14432287216187, 94.99656939506531, 100.96474385261536, 106.75878715515137, 112.78946256637573, 118.82391619682312, 124.86721134185791, 130.71031165122986, 136.74557161331177, 142.66491794586182, 148.82605361938477, 154.97727227210999, 160.99585008621216, 166.88326215744019, 172.74947142601013, 178.4681441783905, 184.4277787208557, 190.52442693710327, 196.1900565624237, 202.00934219360352, 208.15325903892517, 214.04818964004517, 219.97967171669006, 225.72789692878723, 231.78343987464905, 237.52410078048706, 243.6291148662567, 249.2775857448578, 255.3156213760376, 261.13518238067627, 267.0942687988281, 273.46502566337585, 279.2121777534485, 285.43004059791565, 291.0416507720947, 296.71302127838135, 302.82150626182556, 308.8274013996124, 314.64497804641724, 320.54779744148254, 326.5297567844391, 332.57929730415344, 338.5258457660675, 344.41318249702454, 350.2798240184784, 356.02595257759094, 361.94755387306213, 367.9828824996948, 373.8750054836273, 379.88165616989136, 385.75103878974915, 392.02082777023315, 397.85589241981506, 403.949503660202, 409.77742886543274, 415.8497018814087, 422.0271670818329, 427.8093090057373, 433.954306602478, 439.738890171051, 445.7620975971222, 451.8118498325348, 457.65077352523804, 463.7077901363373, 469.7348575592041, 475.7112271785736, 481.7882397174835, 487.9190127849579, 493.76634669303894, 499.69495725631714, 505.40040469169617, 511.2035915851593, 517.1304724216461, 522.8325116634369, 528.5737957954407, 534.3591709136963, 540.3568661212921, 546.3360707759857, 552.2570154666901, 558.099568605423, 564.270849943161, 570.2691361904144, 576.3096113204956, 582.3480603694916, 588.6533563137054, 594.881233215332], "val_loss": [19.329287002563476, 4.8256682083129885, 4.445608629608154, 4.410919720458985, 4.330549485778809, 4.165682251739502, 4.242513874053955, 3.9826201351165773, 4.107448419189453, 3.844973444366455, 3.6810243968963623, 3.7819966423034668, 3.6618913623809815, 3.706712009048462, 3.714233943939209, 3.4420163806915283, 3.404863543701172, 3.4078941688537596, 3.3018269943237306, 3.35395871925354, 3.5231243160247803, 3.3830778305053713, 3.1823799201965333, 3.20725478477478, 3.2381897979736327, 3.167464036178589, 3.3971985660552977, 3.3415791469573977, 3.209048927307129, 3.4758390075683594, 3.1255633651733397, 3.1333420749664307, 3.1449300422668456, 3.076004837799072, 3.2939610107421875, 3.158897501373291, 3.2602751205444336, 3.2809627349853514, 3.247501474761963, 3.4814305057525634, 3.3220391273498535, 3.1755179222106933, 3.1978892978668214, 3.3027763523101807, 3.2208460731506348, 3.5938437759399413, 3.478068787765503, 3.7093690078735353, 3.3642679504394533, 3.5021606468200686, 3.4471557289123536, 3.4011937919616697, 3.555817261505127, 3.679408408355713, 3.556729641342163, 3.4813046977996827, 3.56039068069458, 3.7194630500793457, 3.68037339553833, 3.676011249542236, 3.6067940448760987, 3.56527388381958, 3.678220704650879, 3.589864678192139, 3.581187016296387, 3.651802072906494, 3.591270361328125, 3.54041907043457, 3.5853275360107424, 3.633209810256958, 3.6044542072296144, 3.5860451293945315, 3.5675274307250975, 3.5506442619323733, 3.52553180809021, 3.5414766082763673, 3.5724599197387694, 3.5386542137145995, 3.5452106323242187, 3.5628520538330077, 3.550615574645996, 3.5532498138427733, 3.5334570960998537, 3.5302846885681154, 3.52644610748291, 3.5308942375183103, 3.525967094421387, 3.5259870819091796, 3.522275952911377, 3.5227082958221434, 3.520738131713867, 3.5388211235046385, 3.5259727481842043, 3.538623843383789, 3.536627853775024, 3.537179524230957, 3.52625934677124, 3.5346378284454345, 3.517144178771973, 3.534503399658203],