{"loss": [], "acc": [], "test_loss": [4.4859382415771485, 4.366616998291016, 4.185265958404541, 3.9220155807495116, 3.824528451538086, 3.772569156265259, 3.6011493782043456, 3.4234625713348388, 3.3924059383392335, 3.1956264068603515, 3.246605848312378, 3.142596640396118, 3.0515076484680175, 2.9875091758728027, 3.0840135307312013, 2.888830893325806, 2.9469574031829833, 2.834912158203125, 3.1182852577209474, 3.023541681289673, 2.919420245742798, 2.9843938247680666, 2.9078840019226075, 3.270428607177734, 2.8457293575286866, 2.960558331298828, 3.1128068153381347, 3.1925332382202147, 2.9652430587768555, 3.0285118370056154, 2.9745391036987305, 3.026315189361572, 3.1624540115356443, 3.0303338150024413, 3.164556960296631, 3.1159309257507326, 3.140310884094238, 3.134127978897095, 3.288099208068848, 3.1827249866485596, 3.182100724029541, 3.245561622619629, 3.1908000076293948, 3.277203168106079, 3.217854510498047, 3.2631213317871093, 3.224893138885498, 3.2243551193237305, 3.2334473751068114, 3.113241402435303, 3.0870613990783693, 3.067279538345337, 3.089291216278076, 3.1022229339599607, 3.0487255668640136, 3.004177434539795, 3.0243251762390138, 2.9738637187957764, 2.9805517143249514, 3.01764125289917, 2.9686135528564455, 2.9703470458984373, 2.936212881088257, 2.9205250133514404, 2.9286643726348878, 2.9390682479858397, 2.898787565612793, 2.917503423309326, 2.8948239013671877, 2.8871241142272948, 2.8975402572631834, 2.8870761398315428, 2.87389259223938, 2.867605268096924, 2.8774036109924315, 2.846616827392578, 2.855274354171753, 2.841607341003418, 2.8544972434997558, 2.8402571754455566, 2.8358413635253905, 2.8398159423828124, 2.833832649230957, 2.82710185585022, 2.8400002601623533, 2.8375748069763183, 2.8230890632629393, 2.8243872688293457, 2.8344048889160156, 2.826794867706299, 2.819951797866821, 2.8264433837890626, 2.829903134918213, 2.8306519515991213, 2.828635692977905, 2.828577238845825, 2.8217876747131347, 2.8227894424438476, 2.825632095336914, 2.8211945945739747], "test_acc": [2.7200000286102295, 3.4800000190734863, 5.389999866485596, 8.220000267028809, 10.109999656677246, 11.90999984741211, 14.5, 17.06999969482422, 19.56999969482422, 21.93000030517578, 21.94999885559082, 24.299999237060547, 26.279998779296875, 27.44999885559082, 26.029998779296875, 28.90999984741211, 28.869998931884766, 30.899999618530273, 30.099998474121094, 30.989999771118164, 32.59000015258789, 32.52000045776367, 33.189998626708984, 29.939998626708984, 34.98999786376953, 33.46999740600586, 32.96999740600586, 33.32999801635742, 35.71999740600586, 35.80999755859375, 36.619998931884766, 36.65999984741211, 35.279998779296875, 37.31999969482422, 36.189998626708984, 36.66999816894531, 38.029998779296875, 37.45000076293945, 37.349998474121094, 38.96999740600586, 38.98999786376953, 39.27000045776367, 40.02000045776367, 38.54999923706055, 39.64999771118164, 39.25, 40.32999801635742, 40.14999771118164, 40.11000061035156, 42.13999938964844, 42.689998626708984, 42.81999969482422, 42.86000061035156, 42.709999084472656, 43.279998779296875, 43.37999725341797, 43.18000030517578, 43.849998474121094, 43.59000015258789, 43.709999084472656, 44.05999755859375, 43.96999740600586, 43.82999801635742, 44.45000076293945, 44.22999954223633, 43.70000076293945, 44.529998779296875, 44.38999938964844, 44.28999710083008, 44.54999923706055, 44.689998626708984, 44.34000015258789, 44.68000030517578, 44.98999786376953, 44.599998474121094, 44.91999816894531, 44.849998474121094, 44.779998779296875, 44.97999954223633, 44.77000045776367, 44.78999710083008, 44.78999710083008, 44.93000030517578, 44.93000030517578, 45.0099983215332, 45.0099983215332, 44.88999938964844, 44.86000061035156, 44.939998626708984, 45.0, 45.029998779296875, 45.14999771118164, 45.099998474121094, 45.0099983215332, 45.029998779296875, 45.16999816894531, 45.12999725341797, 45.05999755859375, 45.11000061035156, 45.21999740600586], "wall_time": [7.820253610610962, 15.1853768825531, 22.64470386505127, 30.051986932754517, 37.250499963760376, 44.742043018341064, 52.11365365982056, 59.81669807434082, 67.09763598442078, 74.72523975372314, 82.252925157547, 89.80681848526001, 97.3134663105011, 104.60628986358643, 111.9987804889679, 119.40944528579712, 126.63025236129761, 134.0821180343628, 141.3987500667572, 149.01808214187622, 156.28806948661804, 163.71579432487488, 171.02786946296692, 178.3227505683899, 186.08758425712585, 193.41771841049194, 201.0703730583191, 208.48518347740173, 215.9059238433838, 223.121488571167, 230.3918068408966, 237.80235314369202, 245.21401834487915, 252.9761643409729, 260.43824434280396, 268.0521869659424, 275.38450837135315, 282.8870949745178, 290.1828806400299, 297.5974133014679, 305.06954312324524, 312.48046684265137, 319.66723132133484, 327.2464199066162, 334.4694254398346, 341.70538234710693, 349.00540590286255, 356.1804747581482, 363.4233064651489, 370.553813457489, 377.9798152446747, 385.2194125652313, 392.58463740348816, 400.020236492157, 407.42560839653015, 414.8411011695862, 422.3272566795349, 429.6819038391113, 437.1578619480133, 444.3541841506958, 451.9065749645233, 459.1603591442108, 466.58486008644104, 473.926301240921, 481.48238015174866, 488.84720635414124, 496.1930260658264, 503.54964113235474, 510.8690297603607, 518.3269398212433, 525.7794630527496, 533.1896586418152, 542.7157521247864, 550.2340672016144, 557.7430558204651, 565.0469655990601, 572.346492767334, 579.57102227211, 587.2506675720215, 594.3792912960052, 601.724198102951, 609.0493450164795, 616.4907102584839, 623.957626581192, 631.2480766773224, 638.7182178497314, 646.0289206504822, 653.5262608528137, 660.9811928272247, 668.4959950447083, 676.0419721603394, 683.3872666358948, 690.9153664112091, 698.2202532291412, 705.5500328540802, 712.972011089325, 720.3287863731384, 727.66477394104, 735.0051023960114, 742.4311263561249], "val_loss": [4.500446230316162, 4.3772765785217285, 4.218317473220825, 3.944087086868286, 3.848032313156128, 3.7990573654174806, 3.605944453048706, 3.4688963577270506, 3.4445094329833985, 3.2035273235321045, 3.260541653442383, 3.1563604141235353, 3.075721837615967, 3.0051774192810057, 3.0929367237091063, 2.9395001110076904, 2.9809193161010743, 2.8658596576690676, 3.1366345146179198, 3.0616069450378416, 2.9721827335357665, 3.0413526718139647, 2.9585396312713623, 3.2775228984832765, 2.913902484130859, 2.979331992340088, 3.1664257049560547, 3.237026816558838, 3.015233367919922, 3.0673570526123046, 3.033453260421753, 3.0911837474822996, 3.2045319801330567, 3.0558715023040772, 3.2286824699401855, 3.1904291244506835, 3.198746932220459, 3.1776813163757325, 3.3337443840026855, 3.2434039577484133, 3.267770736694336, 3.292220937347412, 3.2342533668518065, 3.301594697570801, 3.262337064361572, 3.330477630233765, 3.2744097942352295, 3.2844182914733886, 3.237735880279541, 3.142292706298828, 3.127358600616455, 3.1102193519592287, 3.1319631248474122, 3.1316405666351317, 3.0833679389953614, 3.050032089996338, 3.0794195499420165, 3.0192959846496583, 3.0313859830856322, 3.0555123989105226, 3.00857511844635, 3.022596503829956, 2.9762157854080202, 2.9869903074264528, 2.9802436975479125, 2.9908562129974365, 2.9453897846221926, 2.9531423828125, 2.9443088792800904, 2.9365193279266357, 2.9598513971328737, 2.94678002910614, 2.9367334661483766, 2.9161404741287233, 2.9295462203979494, 2.900704083633423, 2.9179900983810425, 2.899559952926636, 2.9100222148895263, 2.8916076848983763, 2.8921964883804323, 2.8917577894210815, 2.8859226978302, 2.8799822132110595, 2.8895986080169678, 2.8856006935119627, 2.8705033124923705, 2.871700214576721, 2.880782250404358, 2.8767714614868165, 2.8691083824157713, 2.8727165533065797, 2.8749207223892213, 2.8785210594177246, 2.874567707824707, 2.87099043636322, 2.866971715927124, 2.868521932029724, 2.873608083534241, 2.866886382102966],