{"loss": [], "acc": [], "test_loss": [69.30886533203125, 4.523031761932373, 4.387484078979492, 4.358909310150146, 4.276241871643067, 4.180636953735352, 4.1047164237976075, 4.0467955688476565, 4.06778409690857, 4.049878666687012, 3.8229041919708253, 3.817965132141113, 3.8466298446655274, 3.8148739555358886, 3.613144152832031, 3.5469496829986573, 3.50501224937439, 3.581308893585205, 3.574266865158081, 3.4117081386566164, 3.516102986907959, 3.410687976837158, 3.535235122680664, 3.3700896423339843, 3.3357838008880614, 3.5033800109863282, 3.2292789093017578, 3.4040898414611815, 3.2196698387145997, 3.3864166900634767, 3.2762065967559812, 3.234474161529541, 3.1922525733947755, 3.3066225929260256, 3.298840821838379, 3.219725405883789, 3.406209601974487, 3.240736671447754, 3.245572829437256, 3.2785260047912597, 3.377831173706055, 3.4387329097747803, 3.330025737762451, 3.6207290855407717, 3.5549038887023925, 3.570185720062256, 3.634234394454956, 3.4901793334960938, 3.3916471206665038, 3.627471300506592, 3.5499979309082033, 3.714072319793701, 3.6759131286621094, 3.740569570159912, 3.696197799682617, 3.7095779930114747, 3.716047755432129, 3.658035214614868, 3.671822132873535, 3.7841223205566408, 3.7271957893371583, 3.7265504516601564, 3.7264092533111572, 3.6732584976196287, 3.72219196472168, 3.683039157104492, 3.7059744232177736, 3.6771842315673826, 3.6469367080688477, 3.646735461425781, 3.661217221069336, 3.6485069244384767, 3.61448120803833, 3.642928536987305, 3.6389496627807616, 3.615847763824463, 3.6137138580322268, 3.623635517883301, 3.5995715019226076, 3.606479862213135, 3.5953788261413573, 3.585476025390625, 3.5911705039978026, 3.5816157440185545, 3.5777024528503416, 3.580671848297119, 3.575458654785156, 3.5800923263549804, 3.578340005493164, 3.5807090957641603, 3.5701893646240235, 3.562428302001953, 3.5627334045410155, 3.5697805854797364, 3.5696226272583007, 3.5654116134643554, 3.5681212120056154, 3.5669137031555174, 3.5639039108276367, 3.56721806640625], "test_acc": [1.0299999713897705, 1.75, 2.869999885559082, 3.629999876022339, 4.460000038146973, 5.089999675750732, 6.179999828338623, 6.929999828338623, 7.359999656677246, 7.029999732971191, 9.889999389648438, 10.40999984741211, 10.479999542236328, 11.429999351501465, 13.929999351501465, 15.989999771118164, 16.059999465942383, 16.049999237060547, 16.479999542236328, 18.149999618530273, 17.69999885559082, 19.689998626708984, 19.219999313354492, 22.399999618530273, 22.03999900817871, 21.969999313354492, 23.869998931884766, 22.209999084472656, 24.760000228881836, 24.989999771118164, 25.0, 26.099998474121094, 26.959999084472656, 26.170000076293945, 27.85999870300293, 28.17999839782715, 27.649999618530273, 29.09000015258789, 29.65999984741211, 29.42999839782715, 28.81999969482422, 29.549999237060547, 29.170000076293945, 28.959999084472656, 30.239999771118164, 28.869998931884766, 29.6299991607666, 31.279998779296875, 31.529998779296875, 30.76999855041504, 31.829999923706055, 31.10999870300293, 30.579999923706055, 31.42999839782715, 32.34000015258789, 32.63999938964844, 33.290000915527344, 33.68000030517578, 33.91999816894531, 33.87999725341797, 34.0099983215332, 34.779998779296875, 34.779998779296875, 34.98999786376953, 35.13999938964844, 35.46999740600586, 35.75, 35.88999938964844, 35.959999084472656, 36.13999938964844, 36.09000015258789, 35.77000045776367, 36.14999771118164, 35.98999786376953, 36.369998931884766, 36.07999801635742, 36.040000915527344, 36.32999801635742, 36.59000015258789, 36.2599983215332, 36.63999938964844, 36.82999801635742, 36.5099983215332, 36.59000015258789, 36.849998474121094, 36.72999954223633, 36.79999923706055, 36.88999938964844, 36.779998779296875, 36.87999725341797, 36.79999923706055, 36.87999725341797, 36.689998626708984, 36.86000061035156, 36.77000045776367, 36.79999923706055, 36.72999954223633, 36.88999938964844, 36.87999725341797, 36.939998626708984], "wall_time": [9.362958669662476, 18.44476580619812, 27.171533346176147, 35.91015815734863, 44.682101249694824, 53.30536699295044, 61.9746994972229, 70.71360278129578, 79.41676044464111, 88.15577149391174, 96.85747408866882, 105.54275631904602, 114.38697719573975, 122.99438095092773, 132.10308289527893, 140.6701319217682, 149.46856045722961, 158.23031091690063, 167.02043223381042, 175.93371605873108, 184.71231412887573, 193.39660453796387, 202.23974609375, 210.86173701286316, 219.6930193901062, 228.38344883918762, 237.01456141471863, 245.81056928634644, 254.41915106773376, 263.0617485046387, 271.6216654777527, 280.3419723510742, 289.0965664386749, 297.8994598388672, 306.6672887802124, 315.4054012298584, 323.9726662635803, 332.950656414032, 341.6407730579376, 350.4224679470062, 359.0773582458496, 367.8218536376953, 376.7677502632141, 385.51452469825745, 394.4168510437012, 403.271283864975, 411.9189076423645, 420.81379675865173, 429.4436843395233, 438.21817564964294, 446.8736548423767, 455.57797360420227, 464.2864692211151, 473.1151294708252, 481.7484896183014, 490.57350516319275, 499.12270975112915, 508.0033223628998, 516.6520555019379, 525.3904993534088, 534.0457167625427, 542.6689369678497, 551.3609390258789, 559.9532370567322, 568.7321112155914, 577.32799077034, 585.9664771556854, 594.6744425296783, 603.4844727516174, 612.1578938961029, 621.0459425449371, 629.704742193222, 638.4833600521088, 647.1533672809601, 656.1381568908691, 664.8123097419739, 673.4570062160492, 682.170984506607, 690.8857815265656, 699.5873379707336, 708.3515532016754, 717.0028593540192, 725.7752242088318, 734.3965337276459, 743.279491186142, 751.940455198288, 760.5851228237152, 769.2860152721405, 777.8456380367279, 786.6327910423279, 795.284131526947, 803.8936378955841, 812.525726556778, 821.3659863471985, 829.9393155574799, 838.7926406860352, 847.3591213226318, 856.291451215744, 864.9699466228485, 873.7401731014252], "val_loss": [68.05830757446289, 4.533033586883545, 4.393734517669678, 4.363661988449096, 4.283031847000122, 4.2003318946838375, 4.118100275039673, 4.069708777618408, 4.078671392059326, 4.0575210590362545, 3.8274294353485105, 3.815329012298584, 3.844075950241089, 3.8181756748199462, 3.6157913494110105, 3.543297666168213, 3.5136066898345946, 3.548145927429199, 3.5616529705047606, 3.4010297187805176, 3.4910687084198, 3.40852632522583, 3.526805569458008, 3.354953347015381, 3.3301411239624024, 3.475225140762329, 3.2658928718566895, 3.39871688041687, 3.234333507156372, 3.4062561626434325, 3.2883785385131836, 3.2508160278320313, 3.2278703857421873, 3.32127385597229, 3.291935647201538, 3.226830228424072, 3.4134411758422853, 3.263664003753662, 3.2186107089996336, 3.2738863079071043, 3.3961813346862795, 3.45329760055542, 3.311764336013794, 3.641890495300293, 3.561365802001953, 3.6223699378967287, 3.64951962928772, 3.484574095916748, 3.4590586875915528, 3.651099457550049, 3.5791298278808594, 3.7196637271881103, 3.6995524002075197, 3.7618779888153075, 3.707565483856201, 3.7390554901123045, 3.717072721862793, 3.680167007446289, 3.693537068939209, 3.79710530090332, 3.721608334350586, 3.7492069576263427, 3.7612420860290525, 3.711949584197998, 3.7570508892059324, 3.721571501159668, 3.7393060001373293, 3.718338124847412, 3.6820760559082033, 3.660253789520264, 3.690502264404297, 3.6862640251159666, 3.645158654785156, 3.675643402099609, 3.6654181266784667, 3.6476366554260253, 3.651838081741333, 3.654313205718994, 3.630534715270996, 3.637113607788086, 3.6236280838012696, 3.6139465435028075, 3.6232444473266603, 3.6205052375793456, 3.6011170112609863, 3.6041222915649413, 3.597953173828125, 3.6052929176330566, 3.603780223083496, 3.604231155014038, 3.5943924575805664, 3.5899443351745606, 3.5915796043395996, 3.5973075263977052, 3.5952381496429444, 3.5894119228363035, 3.594990535736084, 3.592699577331543, 3.592886605834961, 3.5913150146484374],