{"loss": [], "acc": [], "test_loss": [158.4161546875, 4.601081481170654, 4.577544717407227, 4.492527964019775, 4.492360285949707, 4.450595597839356, 4.461522785186768, 4.459328734588623, 4.243837629699707, 4.211719153594971, 4.052617778778076, 4.0733446098327635, 4.065796856689453, 4.047671056747436, 4.018314693832397, 3.9015572357177732, 3.9262810962677004, 3.8715231395721434, 3.883876139831543, 3.9142919651031494, 3.8815603855133056, 3.8963239280700686, 3.825305757522583, 3.747569411468506, 3.8415884475708006, 3.6030187866210936, 3.76405783996582, 3.5752494190216066, 3.6014820297241212, 3.731139073944092, 3.545051075363159, 3.5549032371520997, 3.744180534362793, 3.439530669784546, 3.4868222690582273, 3.5008185409545898, 3.473334945678711, 3.5012621715545653, 3.5203690490722654, 3.502551461791992, 3.5326991790771483, 3.4237230476379397, 3.5690747547149657, 3.5032238933563233, 3.414532455444336, 3.571102615737915, 3.4968479766845704, 3.636417284011841, 3.606665628814697, 3.566975499725342, 3.5260247035980226, 3.5120507160186767, 3.7180002044677734, 3.7983538772583008, 3.5884477001190187, 3.773300274658203, 3.713059586715698, 3.8040841178894045, 3.883557479095459, 3.8114396198272704, 3.972745703125, 3.841646041870117, 3.939642204284668, 3.8695981773376467, 3.888314968109131, 4.054079752349853, 4.034759893798828, 4.132603874206543, 4.016695732879639, 4.111112200927734, 4.135208293914795, 4.104371086120605, 4.212027519989014, 4.230644436645508, 4.193560368347168, 4.257183187103272, 4.229296237182617, 4.286838207244873, 4.256997039794922, 4.268057734680176, 4.2723120262146, 4.289498878479004, 4.308989051055908, 4.2926628799438475, 4.299931008911133, 4.301569602966309, 4.329431327056885, 4.314207069396972, 4.30008999710083, 4.311919396972656, 4.334064659118653, 4.321735350036621, 4.331050876617431, 4.324603583526612, 4.337511071777344, 4.322344583129883, 4.335286114501953, 4.332135292053223, 4.316081534576416, 4.3269101371765135], "test_acc": [1.0, 1.3399999141693115, 1.6299999952316284, 1.9499999284744263, 2.0299999713897705, 2.759999990463257, 2.93999981880188, 2.9800000190734863, 4.569999694824219, 4.699999809265137, 6.519999980926514, 6.440000057220459, 5.869999885559082, 6.619999885559082, 7.099999904632568, 8.800000190734863, 8.079999923706055, 9.729999542236328, 9.279999732971191, 9.679999351501465, 10.389999389648438, 10.069999694824219, 11.519999504089355, 12.40999984741211, 11.639999389648438, 14.529999732971191, 13.309999465942383, 15.889999389648438, 15.889999389648438, 14.579999923706055, 16.350000381469727, 17.28999900817871, 15.239999771118164, 19.0, 19.139999389648438, 18.68000030517578, 18.729999542236328, 19.619998931884766, 19.139999389648438, 20.01999855041504, 20.01999855041504, 20.899999618530273, 20.920000076293945, 19.989999771118164, 22.6299991607666, 22.479999542236328, 21.809999465942383, 21.549999237060547, 22.029998779296875, 22.799999237060547, 22.989999771118164, 23.03999900817871, 23.549999237060547, 21.920000076293945, 23.93000030517578, 22.779998779296875, 23.309999465942383, 23.329999923706055, 23.59000015258789, 24.479999542236328, 22.59000015258789, 24.18000030517578, 24.010000228881836, 25.299999237060547, 25.229999542236328, 24.6299991607666, 24.75, 24.84000015258789, 25.69999885559082, 25.510000228881836, 25.729999542236328, 25.53999900817871, 25.849998474121094, 26.349998474121094, 26.139999389648438, 26.5, 26.689998626708984, 26.139999389648438, 26.51999855041504, 26.549999237060547, 26.670000076293945, 26.529998779296875, 26.149999618530273, 26.399999618530273, 26.44999885559082, 26.510000228881836, 26.51999855041504, 26.729999542236328, 26.689998626708984, 26.60999870300293, 26.779998779296875, 26.829999923706055, 26.689998626708984, 26.92999839782715, 27.059999465942383, 26.76999855041504, 26.67999839782715, 26.60999870300293, 26.779998779296875, 26.8799991607666], "wall_time": [6.237634897232056, 12.360355377197266, 18.29224681854248, 24.239781856536865, 30.439393520355225, 36.554866552352905, 42.652854204177856, 48.76001286506653, 54.83471870422363, 60.97745752334595, 67.17496156692505, 73.828360080719, 80.00176119804382, 86.42264294624329, 92.54777550697327, 98.91693162918091, 105.35750651359558, 111.76344776153564, 118.07130861282349, 124.57821559906006, 131.13919401168823, 137.66368436813354, 143.85667252540588, 150.09434413909912, 156.40551137924194, 162.6803195476532, 169.0892493724823, 175.7399308681488, 181.97795510292053, 188.27898979187012, 194.46070766448975, 200.73898196220398, 207.00634050369263, 213.32835292816162, 219.5635325908661, 225.79532289505005, 232.45624804496765, 238.76725554466248, 245.11701726913452, 251.26676654815674, 257.6115171909332, 263.95851373672485, 270.3286135196686, 276.53380584716797, 282.8500382900238, 288.9848029613495, 295.3851158618927, 301.5881793498993, 308.0517113208771, 314.4202814102173, 320.77665185928345, 327.3381040096283, 333.7639558315277, 340.269837141037, 346.61418437957764, 352.96111941337585, 359.1951310634613, 365.3245816230774, 371.60562443733215, 377.8975250720978, 384.29337668418884, 390.4641315937042, 396.9391198158264, 403.30170917510986, 409.3674006462097, 415.5985441207886, 421.9084253311157, 428.16520643234253, 434.3994493484497, 440.54718828201294, 446.55009031295776, 452.5982086658478, 458.74075293540955, 464.82733130455017, 470.76403975486755, 476.8840980529785, 483.2012732028961, 489.4819576740265, 495.73580598831177, 501.93976736068726, 508.4763262271881, 514.924186706543, 521.1523761749268, 527.3822364807129, 533.762099981308, 539.7611875534058, 546.1003966331482, 552.6707947254181, 559.0866045951843, 565.1821005344391, 571.7715177536011, 578.1462512016296, 584.7220392227173, 591.1898281574249, 597.7572660446167, 604.0530760288239, 610.3072335720062, 616.7065625190735, 623.1862404346466, 629.2312972545624], "val_loss": [156.27835780029298, 4.6002520660400394, 4.576687663269043, 4.500582628631592, 4.503536722564697, 4.459024530029297, 4.468055110931396, 4.463307367706299, 4.250325740814209, 4.232467618560791, 4.063506676483154, 4.083537822341919, 4.082615522766114, 4.062139804840088, 4.027359397888183, 3.911345612335205, 3.933484965133667, 3.885463557434082, 3.884308177947998, 3.920325737762451, 3.886847622680664, 3.8984353118896484, 3.8508878421783446, 3.7632737968444823, 3.843811423110962, 3.613915133666992, 3.7801008518218993, 3.5861171604156494, 3.6337063423156737, 3.7424975025177, 3.5550984535217287, 3.5645794479370116, 3.749428950881958, 3.457861358261108, 3.4874169300079347, 3.5122444610595704, 3.4936761505126954, 3.4845529300689697, 3.5059143295288084, 3.492348583984375, 3.5418681419372557, 3.4306865894317626, 3.5620933818817138, 3.542740159988403, 3.428449228668213, 3.5773378246307375, 3.4986016250610352, 3.657286904525757, 3.638459142303467, 3.5994443424224856, 3.5720363468170166, 3.567685831451416, 3.748075654220581, 3.8079821979522706, 3.6230379539489745, 3.7801525188446043, 3.7167986045837402, 3.829510524368286, 3.9003410160064695, 3.807714556121826, 3.978289072418213, 3.8631859340667725, 3.952585469818115, 3.8835195316314697, 3.9001946838378907, 4.0621194011688235, 4.04956220779419, 4.149033892059326, 4.0252833122253415, 4.150503492736816, 4.183059842681884, 4.132504150390625, 4.226097180938721, 4.247485473632812, 4.226094989776612, 4.302914099121094, 4.240450999832153, 4.291466474151611, 4.274574810028076, 4.2822150741577145, 4.280148890686035, 4.290437200927735, 4.323007624053955, 4.309174966430664, 4.302928650665283, 4.310167844009399, 4.32930599861145, 4.321308011627197, 4.307563339614868, 4.320127206802368, 4.335503202056885, 4.326646942901611, 4.3338047290802, 4.326101727294922, 4.339320163345337, 4.328489840316773, 4.340845832061768, 4.34243349685669, 4.323271625900269, 4.333866925430298],