{"loss": [], "acc": [], "test_loss": [31.00607595825195, 4.5238365547180175, 4.452845425415039, 4.367925870513916, 4.267288973236084, 4.2906114250183105, 4.144717278289795, 4.060058840942383, 4.021014266204834, 4.028606369781494, 3.9457976707458498, 3.9563029945373533, 3.9192566902160646, 3.8628346954345703, 3.873038956451416, 3.7848513275146485, 3.794876586151123, 3.7735820877075197, 3.6666193626403807, 3.669818462371826, 3.7664303886413575, 3.6798707080841067, 3.633491571044922, 3.5945157325744628, 3.5816571125030516, 3.5912009941101073, 3.573015603637695, 3.570849720001221, 3.585722788619995, 3.623300689315796, 3.6481439548492434, 3.5206956699371337, 3.4980257232666014, 3.523588668060303, 3.5988252407073973, 3.7223326080322265, 3.6603248313903807, 3.520986879348755, 3.519460667037964, 3.656147933578491, 3.6186437496185304, 3.600385101318359, 3.6112413387298585, 3.567434377670288, 3.6955691982269285, 3.899218926239014, 3.6895805896759035, 3.7088341300964354, 3.8492094409942625, 3.699156200027466, 3.846303956604004, 3.9382792037963865, 3.8241043865203856, 3.8987154121398926, 3.9089450218200685, 4.147208877563477, 4.061852520751953, 4.07785075378418, 4.149048905181885, 4.148774021148681, 4.230416376495361, 4.200312363433838, 4.19987385673523, 4.283502658081055, 4.337285627746582, 4.344200811004638, 4.286468405914307, 4.311544998931884, 4.322208451080322, 4.389481336975098, 4.395045429992676, 4.369928145599365, 4.406346238708496, 4.423145473480225, 4.4030353057861324, 4.3853705108642576, 4.446438707733154, 4.417929035949707, 4.44678879776001, 4.4472236114501955, 4.42854578704834, 4.440853169250488, 4.4592991584777835, 4.439703839111328, 4.439111085510254, 4.454697245788574, 4.444173337554932, 4.449078285217285, 4.4609825164794925, 4.453329922485351, 4.450838681793213, 4.4649471755981445, 4.461877436828614, 4.4582797584533695, 4.456229853820801, 4.463382049560547, 4.460163756561279, 4.456846488952637, 4.463188787841797, 4.456927785491944], "test_acc": [1.0199999809265137, 1.9399999380111694, 2.1599998474121094, 3.0299999713897705, 4.579999923706055, 4.349999904632568, 4.980000019073486, 5.449999809265137, 7.0, 6.829999923706055, 7.62999963760376, 7.859999656677246, 9.210000038146973, 10.429999351501465, 9.529999732971191, 11.309999465942383, 11.899999618530273, 12.949999809265137, 13.239999771118164, 13.34999942779541, 13.229999542236328, 14.479999542236328, 15.059999465942383, 16.53999900817871, 16.170000076293945, 16.889999389648438, 17.28999900817871, 17.90999984741211, 17.579999923706055, 18.56999969482422, 18.059999465942383, 19.75, 20.31999969482422, 19.969999313354492, 20.01999855041504, 19.020000457763672, 20.350000381469727, 21.239999771118164, 22.06999969482422, 20.35999870300293, 21.170000076293945, 22.279998779296875, 21.85999870300293, 22.799999237060547, 22.25, 21.369998931884766, 23.299999237060547, 23.229999542236328, 22.56999969482422, 23.44999885559082, 22.959999084472656, 23.19999885559082, 23.559999465942383, 23.94999885559082, 24.469999313354492, 22.920000076293945, 24.619998931884766, 24.25, 24.279998779296875, 23.969999313354492, 24.119998931884766, 25.01999855041504, 25.779998779296875, 24.489999771118164, 24.68000030517578, 25.119998931884766, 25.399999618530273, 25.529998779296875, 26.0, 26.19999885559082, 25.709999084472656, 25.849998474121094, 26.079999923706055, 26.10999870300293, 26.19999885559082, 26.369998931884766, 26.649999618530273, 26.099998474121094, 26.439998626708984, 26.349998474121094, 26.420000076293945, 26.6299991607666, 26.349998474121094, 26.59000015258789, 26.899999618530273, 26.529998779296875, 26.75, 26.739999771118164, 26.599998474121094, 26.469999313354492, 26.549999237060547, 26.6299991607666, 26.65999984741211, 26.670000076293945, 26.75, 26.67999839782715, 26.739999771118164, 26.670000076293945, 26.65999984741211, 26.649999618530273], "wall_time": [4.620397090911865, 8.937254667282104, 13.326135635375977, 16.431421518325806, 20.620375156402588, 24.90514588356018, 29.213047981262207, 33.340736865997314, 37.66034269332886, 40.78627324104309, 45.00325584411621, 49.30360126495361, 53.60394263267517, 57.89875364303589, 62.16883683204651, 66.47575831413269, 70.78812313079834, 75.1466326713562, 79.45321416854858, 83.08079934120178, 87.19065976142883, 91.43508839607239, 95.72578382492065, 99.71136450767517, 103.80588412284851, 108.00424432754517, 112.1957745552063, 116.41793298721313, 120.49402284622192, 124.02798843383789, 126.77595925331116, 131.09072542190552, 135.15183782577515, 139.42824149131775, 143.53020811080933, 147.71767807006836, 151.7199559211731, 155.92315435409546, 160.07632899284363, 164.24028396606445, 168.63690400123596, 172.99132132530212, 176.60312032699585, 180.19401168823242, 184.38291096687317, 188.66981863975525, 193.00444507598877, 196.7551965713501, 200.1376883983612, 203.42871713638306, 206.85663533210754, 210.17543172836304, 213.3507583141327, 217.42363333702087, 221.6601002216339, 225.77289366722107, 230.14861679077148, 234.31805658340454, 238.62443661689758, 243.0081684589386, 247.30036759376526, 251.66967344284058, 256.013307094574, 260.31784772872925, 264.78112292289734, 269.21846199035645, 273.01467204093933, 277.4329855442047, 281.4718928337097, 285.79582810401917, 289.81145429611206, 293.841983795166, 298.19730591773987, 302.52262258529663, 306.84150099754333, 310.9656026363373, 315.2599718570709, 319.5883331298828, 323.32121086120605, 327.34089493751526, 331.6129994392395, 335.2193431854248, 339.3494758605957, 343.50084376335144, 347.7302756309509, 352.0163850784302, 356.0642795562744, 359.76014828681946, 363.551283121109, 367.9016697406769, 371.19491839408875, 374.97193241119385, 378.95689845085144, 383.1163914203644, 387.370281457901, 391.5204930305481, 395.6401376724243, 399.87179255485535, 403.8600926399231, 406.96017384529114], "val_loss": [31.39866164550781, 4.526602517700195, 4.458454907989502, 4.373806288146973, 4.269534606552124, 4.299723991775513, 4.165318034362793, 4.061745109939575, 4.0257877952575685, 4.025077697372437, 3.9532454360961915, 3.955548640060425, 3.921910548019409, 3.859230756378174, 3.872106079864502, 3.775880485534668, 3.8013263778686524, 3.7642831661224365, 3.671499256896973, 3.653999522781372, 3.76936805229187, 3.6819751167297365, 3.608129881286621, 3.5878431854248047, 3.5793169639587403, 3.5880316539764405, 3.5693765148162844, 3.571453913497925, 3.57724794883728, 3.6046294300079347, 3.6670491943359376, 3.5008715518951417, 3.51106522102356, 3.547501823425293, 3.5788493019104, 3.732191199874878, 3.667420083618164, 3.52587130279541, 3.5384380767822265, 3.6722296062469484, 3.631556365585327, 3.584377940368652, 3.5991650566101074, 3.558141089630127, 3.67785763092041, 3.898140211868286, 3.6932844036102295, 3.7219774196624758, 3.85364693107605, 3.688684435272217, 3.791373899078369, 3.9133937686920164, 3.8176846290588378, 3.8952609798431395, 3.901306297683716, 4.12369743270874, 4.074778033828736, 4.027490869140625, 4.1047240760803225, 4.1489576229095455, 4.235413258361817, 4.170877065277099, 4.193552872085571, 4.234783458709717, 4.3306643074035645, 4.324752059173584, 4.30074274559021, 4.308788536453247, 4.318785956954956, 4.391280447387695, 4.381287527465821, 4.363992560958862, 4.397222175216675, 4.430975910568237, 4.412903471755982, 4.39363734741211, 4.453506248474121, 4.429964516830444, 4.443844814682007, 4.445199098205566, 4.439173550415039, 4.446290648269653, 4.470235444641113, 4.448094515991211, 4.458675129699707, 4.460347153472901, 4.45844701423645, 4.4594136898040775, 4.4777445819854735, 4.464531631851196, 4.457851875305176, 4.476107835006714, 4.474084264373779, 4.47236127319336, 4.468871785736084, 4.478816037750244, 4.474878973007202, 4.466808193588257, 4.477392907714844, 4.473931296539306],