{"loss": [], "acc": [], "test_loss": [124.68350383300782, 4.699122140502929, 4.373688461303711, 4.215480507659912, 4.160986527252197, 4.074746142578125, 4.046873509979248, 4.079721826553345, 3.934855520248413, 3.9368902587890626, 3.884944538116455, 3.7667741306304934, 3.876650949859619, 3.815253775024414, 3.7701878047943116, 3.731740295791626, 3.7278367614746095, 3.7457910022735597, 3.6482751079559326, 3.617543246459961, 3.6774184719085694, 3.7297364097595214, 3.583478321456909, 3.566926452255249, 3.511371870422363, 3.6053582660675048, 3.548118238067627, 3.7155012634277345, 3.551356233215332, 3.434058937072754, 3.6140550937652587, 3.6431329040527345, 3.7156162258148195, 3.6018230518341063, 3.496715027999878, 3.6765472381591797, 3.5469629821777344, 3.54864157409668, 3.532719723510742, 3.5713355464935304, 3.643285563659668, 3.638490266418457, 3.86693586730957, 3.8050230979919433, 3.8177354400634766, 3.836705047607422, 3.9759091926574706, 3.9170180019378664, 3.9842906120300294, 3.8766664283752443, 4.076841282653809, 4.043829159545899, 4.1477698181152345, 4.069191610717773, 4.172990643310547, 4.198187016677856, 4.250299929809571, 4.3132770660400395, 4.319570231628418, 4.341148709106445, 4.3177386642456055, 4.363346363067627, 4.410374600982666, 4.47181781463623, 4.400883586883545, 4.469354042816162, 4.41773828125, 4.496559121704101, 4.451877014160156, 4.487146419525146, 4.456014328765869, 4.4703104804992675, 4.44600739364624, 4.464756009674073, 4.4541249946594235, 4.462126270294189, 4.451597356414795, 4.451580572509766, 4.4584156539916995, 4.468554359436035, 4.4515176712036135, 4.441078694915771, 4.435032264709473, 4.456831119537354, 4.438927589416504, 4.447220140075683, 4.433862033843994, 4.449853797912597, 4.44395415802002, 4.458387892150879, 4.4421898391723635, 4.451533187103271, 4.444572917175293, 4.447994696807862, 4.439936169433594, 4.446728687286377, 4.447237797546387, 4.434918579101563, 4.434206225585937, 4.445769219970703], "test_acc": [1.0, 2.169999837875366, 3.0, 3.9099998474121094, 4.940000057220459, 6.009999752044678, 5.559999942779541, 6.199999809265137, 8.1899995803833, 8.40999984741211, 9.319999694824219, 11.210000038146973, 10.219999313354492, 11.529999732971191, 11.75999927520752, 11.739999771118164, 12.369999885559082, 12.649999618530273, 14.969999313354492, 15.049999237060547, 14.719999313354492, 15.079999923706055, 17.03999900817871, 17.15999984741211, 18.229999542236328, 18.329999923706055, 18.299999237060547, 17.420000076293945, 19.670000076293945, 21.309999465942383, 19.739999771118164, 20.079999923706055, 19.170000076293945, 20.65999984741211, 22.0, 21.209999084472656, 22.809999465942383, 23.219999313354492, 23.68000030517578, 22.079999923706055, 23.010000228881836, 23.279998779296875, 22.889999389648438, 23.469999313354492, 23.03999900817871, 22.719999313354492, 22.59000015258789, 23.19999885559082, 23.529998779296875, 24.739999771118164, 23.529998779296875, 24.420000076293945, 24.18000030517578, 25.369998931884766, 24.649999618530273, 24.56999969482422, 25.09000015258789, 25.219999313354492, 25.209999084472656, 25.510000228881836, 25.719999313354492, 25.229999542236328, 26.099998474121094, 25.760000228881836, 26.189998626708984, 26.51999855041504, 26.25, 26.19999885559082, 26.559999465942383, 26.299999237060547, 26.709999084472656, 26.81999969482422, 26.6299991607666, 26.60999870300293, 26.94999885559082, 26.599998474121094, 27.260000228881836, 27.029998779296875, 27.229999542236328, 27.09000015258789, 26.92999839782715, 27.119998931884766, 27.209999084472656, 27.049999237060547, 27.06999969482422, 27.01999855041504, 27.0, 26.899999618530273, 27.139999389648438, 27.0, 27.119998931884766, 26.939998626708984, 27.170000076293945, 27.010000228881836, 26.94999885559082, 27.149999618530273, 27.15999984741211, 27.25, 27.219999313354492, 27.26999855041504], "wall_time": [3.5462682247161865, 6.861683130264282, 10.108280897140503, 13.294681787490845, 16.62220001220703, 20.43299174308777, 24.504744052886963, 28.35294485092163, 32.393574476242065, 36.12647819519043, 40.25961184501648, 44.199546813964844, 47.83873176574707, 51.88405919075012, 55.79213619232178, 59.85464787483215, 63.86407470703125, 67.91285276412964, 71.9717321395874, 76.10740685462952, 79.30643391609192, 82.79054594039917, 86.00658512115479, 89.26615738868713, 92.30566167831421, 95.24358654022217, 98.40132856369019, 102.32063484191895, 106.34088182449341, 109.8650209903717, 113.29582142829895, 116.89368915557861, 119.87015438079834, 123.79246187210083, 127.24450826644897, 130.93526649475098, 134.4197826385498, 138.41909432411194, 142.47236680984497, 146.43694853782654, 150.3952989578247, 154.30805850028992, 157.67654824256897, 161.36890959739685, 165.49923253059387, 169.47523522377014, 173.503657579422, 176.71653509140015, 180.72603273391724, 184.74107265472412, 188.44730949401855, 192.27010774612427, 196.31819462776184, 200.36932706832886, 204.46955466270447, 208.5523989200592, 211.4894871711731, 214.5259780883789, 218.35919976234436, 222.43788695335388, 226.38350367546082, 230.14108896255493, 232.84269547462463, 236.63673305511475, 240.21490216255188, 244.23594069480896, 248.1609058380127, 252.1405484676361, 255.58963918685913, 259.58327984809875, 263.65714025497437, 267.8304123878479, 271.5800142288208, 275.6483337879181, 279.71424436569214, 283.22103571891785, 286.71093463897705, 290.28969645500183, 294.0293776988983, 297.15156745910645, 300.26293444633484, 303.37334752082825, 306.54101943969727, 310.0830993652344, 313.41005086898804, 316.48953890800476, 319.5980055332184, 322.7214677333832, 325.8925607204437, 328.660014629364, 331.7434732913971, 335.8712754249573, 339.8228576183319, 343.721638917923, 347.5528266429901, 350.3949990272522, 354.2413957118988, 358.39043951034546, 362.50880312919617, 365.63152265548706], "val_loss": [124.983128515625, 4.703110029602051, 4.382461464691162, 4.216823014831543, 4.158957116699219, 4.079949515151977, 4.039178825378418, 4.083372048950196, 3.9313326461791993, 3.9235496150970457, 3.8832574474334716, 3.7609022796630858, 3.885849179840088, 3.8099204299926757, 3.7734339237213135, 3.740166033172607, 3.7198085121154785, 3.7587397632598876, 3.6291599082946777, 3.6386277751922607, 3.6678168235778807, 3.7286624053955078, 3.5882307441711427, 3.560972785949707, 3.497807779312134, 3.58341071434021, 3.537000004196167, 3.700320724487305, 3.5315552459716795, 3.429734993362427, 3.5939265453338622, 3.6352117855072024, 3.732800484085083, 3.604988461303711, 3.4953906093597413, 3.657138705444336, 3.525729335784912, 3.582798134613037, 3.5203943115234373, 3.5785715587615967, 3.63091134185791, 3.643806821060181, 3.8296465522766114, 3.79129630279541, 3.8164587059021, 3.833207447052002, 3.946048949432373, 3.9239257751464844, 4.006901600646973, 3.8782991081237794, 4.046058464813233, 4.029963349914551, 4.193030954742432, 4.086710873413086, 4.153890938568115, 4.155044107818603, 4.26368918838501, 4.272868045806884, 4.319780116271972, 4.366974142074585, 4.331469324493408, 4.344060189819336, 4.424045793914795, 4.457543370819092, 4.400950275802613, 4.4733088691711425, 4.4336971755981445, 4.489764717102051, 4.4725463035583495, 4.5010379215240475, 4.483659981155395, 4.474469825744629, 4.471643573379517, 4.492868074798584, 4.480479899597168, 4.480513307189941, 4.458289826583862, 4.466234600830078, 4.471255032348632, 4.478791230392456, 4.459849749374389, 4.4496636348724365, 4.452971788024902, 4.471803570175171, 4.447120776367187, 4.460386769866943, 4.441896782302856, 4.457379993438721, 4.453480819702149, 4.466267512512207, 4.44506967086792, 4.4598739803314205, 4.448341611099243, 4.45687833442688, 4.443667230987549, 4.4516103610992435, 4.4559142112731935, 4.4427459415435795, 4.440476505279541, 4.453985670852661],