{"loss": [], "acc": [], "test_loss": [308581170898.5344, 192534816.08142704, 235522533969534.1, 1.4735520276734643e+17, 2.2558934815679018e+20, 5.453273415021957e+20, 4.096444024100469e+20, 1.181848053995837e+18, 7.131482529773565e+17, 2.347014825775947e+17, 3.4608062594982764e+18, 3684266266356050.5, 2.9192206824617917e+18, 1.537712620032142e+18, 1.0279193690371871e+18, 161016259.9533252, 5.893295137026179e+17, 5.166822245961184e+16, 3.780823419547518e+19, 1.7314664106523796e+18, 1.5369241248995151e+18, 2.6120764260746764e+16, 2.161799038697996e+17, 1.0356839257714981e+18, 2.583081070151871e+16, 5175391189998884.0, 6.32166591617971e+17, 830850918353.2725, 6.809121810488531e+16, 4.139787166846029e+17, 1259902621344831.5, 10814131640689.42, 2582805039477271.0, 9.495039338802522e+16, 5348239776359330.0, 1.0274101110054176e+16, 5532968182847576.0, 1.7045023598091136e+17, 6360198120353079.0, 57224086917073.65, 103188934588710.62, 163714170255297.72, 94389035974266.66, 7851280122938181.0, 18030726568479.55, 26301854783174.28, 136892311779198.48, 133430095195161.14, 376122792602042.56, 5826986684282831.0, 353925066722020.75, 646355020027273.4, 2126171660495.8076, 115172427998891.5, 57293075.12122532, 12659106813.09561, 1945594435009683.8, 3.3173200619299226e+17, 216105188668985.2, 2818905708182708.0, 423441060861580.3, 8.212690348228164e+17, 133639647063183.52, 361938099664518.5, 249470792863.49054, 1353346466387.6477, 13639503278495.236, 9643032015764.697, 22703585628730.13, 60561988203942.77, 410576579445845.25, 478093482313906.2, 3818559707051637.0, 30052109751093.906, 299526606258453.06, 3.1754318968858772e+16, 41070818611909.26, 3909611696713391.5, 330336465405951.94, 37738200041233.15, 680591690825471.4, 38622368168506.58, 457630695608994.1, 355120672980330.1, 1047705749495093.5, 226122594047624.84, 8635668934.514664, 1719258942804.893, 32125644918951.22, 394342301610486.5, 174121864204608.28, 408217270482103.75, 5527533124118628.0, 77840068523.45757, 3163710015065.8335, 19537898825576.715, 65808509395842.7, 341151328224080.3, 1832406427440.2263, 179256463058139.84], "test_acc": [1.0, 1.1699999570846558, 1.0299999713897705, 1.0699999332427979, 1.0499999523162842, 1.0199999809265137, 1.0399999618530273, 1.0, 1.0399999618530273, 1.0299999713897705, 1.0199999809265137, 1.0, 1.0099999904632568, 1.0099999904632568, 1.0199999809265137, 1.0099999904632568, 1.0199999809265137, 1.0199999809265137, 1.0199999809265137, 1.0, 1.0099999904632568, 1.0099999904632568, 1.0099999904632568, 1.0, 1.0, 1.0099999904632568, 1.0199999809265137, 1.0299999713897705, 1.059999942779541, 1.059999942779541, 1.0, 1.0099999904632568, 1.0099999904632568, 1.0099999904632568, 1.0199999809265137, 1.0199999809265137, 1.0199999809265137, 1.0199999809265137, 1.0199999809265137, 1.0099999904632568, 1.0199999809265137, 1.0199999809265137, 1.0299999713897705, 1.0, 1.0199999809265137, 1.0099999904632568, 1.0199999809265137, 1.0199999809265137, 1.0099999904632568, 1.0299999713897705, 1.0199999809265137, 1.0099999904632568, 1.0099999904632568, 1.0099999904632568, 1.0199999809265137, 1.0099999904632568, 1.0199999809265137, 1.0399999618530273, 1.0499999523162842, 1.0099999904632568, 1.0099999904632568, 1.0299999713897705, 1.0399999618530273, 1.0399999618530273, 1.0399999618530273, 1.0299999713897705, 1.0299999713897705, 1.0199999809265137, 1.0399999618530273, 1.0199999809265137, 1.0199999809265137, 1.0399999618530273, 1.0899999141693115, 1.0499999523162842, 1.0299999713897705, 1.0099999904632568, 1.0499999523162842, 1.0099999904632568, 1.0, 1.0299999713897705, 1.0299999713897705, 1.059999942779541, 1.0399999618530273, 1.0499999523162842, 1.0299999713897705, 1.0399999618530273, 1.0, 1.0499999523162842, 1.0199999809265137, 1.0299999713897705, 1.0299999713897705, 1.0399999618530273, 1.0399999618530273, 1.0399999618530273, 1.0299999713897705, 1.0, 1.0299999713897705, 1.0199999809265137, 1.0299999713897705, 1.0299999713897705], "wall_time": [4.254026889801025, 7.568153619766235, 11.304067611694336, 14.750927448272705, 18.238110542297363, 22.091097116470337, 25.829392433166504, 29.30062770843506, 33.01307940483093, 36.64555239677429, 39.613213300704956, 43.03824424743652, 46.350250244140625, 50.00322651863098, 53.738104581832886, 56.723328590393066, 60.20653986930847, 63.114773750305176, 66.56588673591614, 70.22186398506165, 73.98791360855103, 77.84165835380554, 81.71508741378784, 84.67264723777771, 87.84533190727234, 91.72305750846863, 95.46770715713501, 99.24520325660706, 102.9113290309906, 106.73904800415039, 110.53611850738525, 114.40803718566895, 117.4083571434021, 120.86793828010559, 124.64956474304199, 128.53032183647156, 132.2415633201599, 135.8453507423401, 139.61782217025757, 143.45421361923218, 147.36709594726562, 150.9965856075287, 154.78320813179016, 158.60613083839417, 161.62960505485535, 164.5737783908844, 167.51685214042664, 170.44973802566528, 173.43431401252747, 176.3725025653839, 179.30535578727722, 182.62753248214722, 185.78971982002258, 189.617027759552, 193.26810884475708, 195.71362733840942, 198.05243563652039, 200.3898582458496, 203.17066740989685, 205.54701733589172, 207.9249622821808, 210.30925011634827, 212.6891860961914, 215.059002161026, 218.92949151992798, 221.89796781539917, 225.70780110359192, 229.54612112045288, 233.4165861606598, 237.31394124031067, 241.12515139579773, 244.50374913215637, 247.97213578224182, 251.6454393863678, 255.44702100753784, 259.2995808124542, 262.326060295105, 265.4744291305542, 268.399126291275, 271.4079518318176, 275.1040048599243, 278.9350371360779, 282.5054612159729, 286.124924659729, 289.76629853248596, 293.2266595363617, 296.75071001052856, 300.28287053108215, 304.1950249671936, 308.04560136795044, 311.8180491924286, 315.4037525653839, 319.31036043167114, 322.9369969367981, 326.8372714519501, 330.50500535964966, 334.3407266139984, 337.78974628448486, 341.46862387657166, 345.272985458374],