{"loss": [], "acc": [], "test_loss": [846.9005299804687, 4.610195985412598, 4.5900069458007815, 4.5117947914123535, 4.451211905670166, 4.354489583587647, 4.200157004547119, 4.137943869018555, 4.123160063171387, 4.062186384582519, 3.9847704124450685, 3.9499279663085938, 3.9230743381500246, 3.9739842712402345, 3.8913146949768067, 3.8819291488647463, 3.881996797943115, 3.832953928375244, 3.8157558193206786, 3.7395594722747805, 3.8686429817199706, 3.764569190979004, 3.7026951499938967, 3.6999629249572754, 3.688545012664795, 3.7429183158874513, 3.7606903533935547, 3.6788311679840087, 3.6100219123840334, 3.6407412620544433, 3.680986673736572, 3.6903798236846925, 3.676327452850342, 3.680529965209961, 3.744007367324829, 3.597827220916748, 3.641430895996094, 3.604946866607666, 3.575936781311035, 3.682527124404907, 3.604741152572632, 3.6911150508880617, 3.585327470779419, 3.58463730506897, 3.7203304191589357, 3.6303459930419923, 3.7236023151397704, 3.6468981472015383, 3.7087803462982176, 3.7198008655548094, 3.680818337249756, 3.8054146034240723, 3.809924589538574, 3.7895587104797364, 3.8752171607971193, 3.7721267753601073, 3.8186492637634277, 3.785959049987793, 3.93528422164917, 4.033623229217529, 3.9541982093811034, 3.972596661376953, 3.932615200042725, 4.001689192199707, 4.077893924713135, 4.0535402099609374, 4.1162425231933595, 4.124742419433594, 4.120641923522949, 4.142560815429688, 4.230197630310059, 4.185478182983398, 4.281275765228272, 4.288969451904297, 4.252317841339111, 4.271709295654297, 4.362747434997559, 4.334042775726318, 4.339718021392822, 4.391889040374756, 4.405826927185059, 4.418962231445312, 4.42548193283081, 4.447563819885254, 4.462258669281006, 4.464512299346924, 4.497942782592774, 4.488918998718262, 4.493425332641602, 4.507977517700195, 4.509396227264404, 4.515244647216797, 4.52331388015747, 4.5202833984375, 4.5217526901245115, 4.5159636451721195, 4.517048294830322, 4.5253196067810055, 4.5221755355834965, 4.5258027366638185], "test_acc": [0.9899999499320984, 1.0, 1.3399999141693115, 2.319999933242798, 2.679999828338623, 3.6999998092651367, 4.509999752044678, 5.739999771118164, 5.529999732971191, 6.25, 7.389999866485596, 8.4399995803833, 8.119999885559082, 8.34999942779541, 9.219999313354492, 9.969999313354492, 9.269999504089355, 10.899999618530273, 10.559999465942383, 12.25, 11.130000114440918, 12.309999465942383, 12.639999389648438, 13.059999465942383, 13.179999351501465, 13.469999313354492, 13.630000114440918, 14.889999389648438, 16.049999237060547, 15.619999885559082, 15.460000038146973, 15.129999160766602, 15.449999809265137, 16.219999313354492, 15.879999160766602, 17.479999542236328, 17.389999389648438, 17.15999984741211, 18.920000076293945, 17.299999237060547, 18.520000457763672, 17.350000381469727, 19.78999900817871, 19.53999900817871, 18.799999237060547, 19.139999389648438, 18.829999923706055, 20.389999389648438, 20.31999969482422, 20.170000076293945, 20.420000076293945, 20.260000228881836, 20.6299991607666, 20.489999771118164, 20.03999900817871, 21.439998626708984, 21.10999870300293, 21.619998931884766, 21.35999870300293, 20.079999923706055, 21.149999618530273, 21.0, 22.18000030517578, 21.559999465942383, 21.869998931884766, 21.639999389648438, 21.729999542236328, 21.939998626708984, 23.03999900817871, 21.78999900817871, 22.43000030517578, 23.149999618530273, 21.889999389648438, 22.399999618530273, 22.139999389648438, 22.799999237060547, 22.28999900817871, 22.78999900817871, 22.600000381469727, 22.76999855041504, 23.079999923706055, 22.969999313354492, 23.049999237060547, 23.10999870300293, 23.229999542236328, 22.809999465942383, 22.959999084472656, 22.849998474121094, 23.209999084472656, 22.920000076293945, 23.029998779296875, 23.09000015258789, 22.959999084472656, 23.149999618530273, 22.76999855041504, 22.989999771118164, 23.010000228881836, 23.079999923706055, 23.139999389648438, 22.989999771118164], "wall_time": [4.65196967124939, 9.08082628250122, 13.5970938205719, 18.07580852508545, 22.669034481048584, 26.12303066253662, 30.530783653259277, 34.87587809562683, 39.47322487831116, 43.962074518203735, 48.549893617630005, 52.106770753860474, 55.67013955116272, 59.247127056121826, 62.834044456481934, 66.50993227958679, 71.00283551216125, 75.18670582771301, 79.38873744010925, 83.74587655067444, 88.14126753807068, 92.3854398727417, 96.25269627571106, 100.06094646453857, 103.72265696525574, 107.6414144039154, 112.02705883979797, 116.3086986541748, 120.61744928359985, 124.6429762840271, 128.99872612953186, 133.48821783065796, 136.42543053627014, 139.38307213783264, 142.32902121543884, 145.29765939712524, 148.29876065254211, 151.24570512771606, 155.55262327194214, 160.1176655292511, 164.56071257591248, 168.59367871284485, 172.61835408210754, 177.09066438674927, 181.36736917495728, 184.76289343833923, 187.61304903030396, 192.1745159626007, 196.57499289512634, 200.99933123588562, 204.8903887271881, 209.5625216960907, 213.85265827178955, 218.4187581539154, 222.82477831840515, 226.8336570262909, 231.13197016716003, 235.3770408630371, 239.73619842529297, 243.89672327041626, 248.30206537246704, 252.55588030815125, 256.8408844470978, 261.2894124984741, 265.4549877643585, 269.8310191631317, 274.4108991622925, 278.9683346748352, 282.99389362335205, 287.49662685394287, 291.9087266921997, 296.2229127883911, 300.46873688697815, 304.9548809528351, 309.5080530643463, 313.6842472553253, 317.1140203475952, 320.6078655719757, 324.1754446029663, 327.8287479877472, 332.05580019950867, 336.4165515899658, 340.18998646736145, 344.6574523448944, 349.009090423584, 353.4801082611084, 358.0113353729248, 362.54742193222046, 367.035436630249, 371.543315410614, 376.0525643825531, 380.58159947395325, 384.98284363746643, 389.5093734264374, 393.58618116378784, 398.1120421886444, 402.6818516254425, 407.1698226928711, 411.18376207351685, 415.258713722229], "val_loss": [859.5566654296875, 4.612023498535156, 4.590904695892334, 4.512142613220215, 4.455045252227783, 4.352776182556152, 4.1985467964172365, 4.13700065460205, 4.125850985717774, 4.071574555206299, 3.983892487335205, 3.963530632400513, 3.9271825565338134, 3.994744892501831, 3.911485214614868, 3.8978287799835205, 3.9090324729919432, 3.8431047668457032, 3.835603838348389, 3.7489934703826906, 3.8913424587249756, 3.775995248413086, 3.6899833126068113, 3.7092578063964843, 3.680570830154419, 3.727488147735596, 3.7715564289093018, 3.693823543548584, 3.6153470375061034, 3.64309606628418, 3.6849033626556396, 3.6870362426757812, 3.680567364883423, 3.7056641815185545, 3.7572487941741946, 3.596811973953247, 3.6624600929260254, 3.5855282649993896, 3.581604756164551, 3.6856670139312744, 3.6109067867279054, 3.687893886566162, 3.5843512393951418, 3.5668524589538575, 3.743490213394165, 3.6482573928833006, 3.7354789306640623, 3.6648495841979982, 3.704299091339111, 3.7003079769134524, 3.688903755569458, 3.803368648147583, 3.831183781814575, 3.770165657043457, 3.8918342414855958, 3.7665122577667236, 3.8325157333374023, 3.779575385284424, 3.9371331321716307, 4.055748929595947, 3.9498217475891115, 3.97104875869751, 3.9277196815490725, 3.9864957790374755, 4.058650312805176, 4.021028854751587, 4.110990777206421, 4.143220279312134, 4.13732232170105, 4.151313837814331, 4.234059056854248, 4.192236920547486, 4.298188673400879, 4.33343051071167, 4.253557211303711, 4.26354939956665, 4.340100415802002, 4.3118203815460205, 4.355561498260498, 4.407195426940918, 4.406964219284058, 4.403562929534912, 4.408169739151001, 4.436572162628174, 4.44550719909668, 4.44918984413147, 4.479931902313233, 4.490447603607178, 4.4871005027771, 4.4999848617553715, 4.498174559020996, 4.501237310791016, 4.516770457077026, 4.512794974136352, 4.517330072021484, 4.516986499023438, 4.510593080902099, 4.523630513000488, 4.522915103912354, 4.521306126403808],