{"loss": [], "acc": [], "test_loss": [1012.4860622070313, 4.455722850036621, 4.28865996017456, 4.265229190826416, 4.232409575653076, 4.25227751159668, 4.155904996490478, 4.081350219726563, 4.058210052871704, 4.0066487518310545, 4.007083930969238, 3.9639658050537108, 3.9101055603027346, 3.815439963150024, 3.95376561126709, 3.7857529563903807, 3.8300814781188963, 3.772490195465088, 3.6331695346832276, 3.716563452911377, 3.6780078384399415, 3.63215284614563, 3.5881680534362794, 3.586003155517578, 3.6935784461975096, 3.520532252120972, 3.6807806800842284, 3.5914002227783204, 3.754093703842163, 3.5145159160614012, 3.5330885314941405, 3.6856843128204346, 3.4409785381317137, 3.445827223968506, 3.529200501251221, 3.536818827819824, 3.5391362556457517, 3.7046532306671143, 3.5509864269256592, 3.6253429359436034, 3.742345469665527, 3.9428408065795897, 3.7797318794250487, 3.6213667057037355, 3.824169850921631, 3.6968347896575926, 3.8707015724182128, 3.7442222736358644, 3.8300418781280516, 3.8706976402282716, 3.981523176956177, 3.8739501014709474, 4.100222780609131, 4.170214834594726, 4.113996703338623, 4.181133123016357, 4.220384331512451, 4.213969807052612, 4.1825260719299315, 4.262735857391357, 4.314966359710693, 4.337116777038574, 4.346220382690429, 4.362927812957763, 4.323470459365844, 4.40429358215332, 4.3910117431640625, 4.412408936309815, 4.479694477844238, 4.418875645446778, 4.422905861663819, 4.422744199371338, 4.430765877532959, 4.45509711227417, 4.436482376098633, 4.430616626739502, 4.421320806121826, 4.422169415283203, 4.433189763641358, 4.439614588928222, 4.420984919738769, 4.4301828735351565, 4.45667960357666, 4.445832346343994, 4.446834056091308, 4.453808359527588, 4.436903630065918, 4.440740480041504, 4.436131962585449, 4.428828620910645, 4.437684162902832, 4.4311655975341795, 4.452480626678467, 4.438833647155762, 4.430392426300049, 4.434442751312256, 4.445492039489746, 4.439339608001709, 4.4480669219970705, 4.44151773147583], "test_acc": [1.0, 2.559999942779541, 3.4800000190734863, 3.929999828338623, 4.21999979019165, 4.269999980926514, 5.769999980926514, 6.359999656677246, 6.349999904632568, 7.939999580383301, 8.0, 7.569999694824219, 9.130000114440918, 10.819999694824219, 9.65999984741211, 11.019999504089355, 10.09000015258789, 12.420000076293945, 14.84999942779541, 14.329999923706055, 14.65999984741211, 15.25999927520752, 17.139999389648438, 16.68000030517578, 16.279998779296875, 18.649999618530273, 18.28999900817871, 18.869998931884766, 16.770000457763672, 19.850000381469727, 20.35999870300293, 19.0, 21.68000030517578, 22.01999855041504, 22.26999855041504, 22.170000076293945, 21.969999313354492, 23.209999084472656, 22.639999389648438, 22.60999870300293, 22.15999984741211, 21.09000015258789, 22.279998779296875, 24.670000076293945, 23.779998779296875, 23.799999237060547, 23.85999870300293, 25.44999885559082, 24.510000228881836, 24.35999870300293, 24.65999984741211, 24.829999923706055, 25.279998779296875, 24.709999084472656, 25.559999465942383, 25.1299991607666, 25.029998779296875, 26.059999465942383, 26.1299991607666, 25.849998474121094, 26.44999885559082, 26.399999618530273, 26.869998931884766, 26.229999542236328, 27.65999984741211, 26.92999839782715, 27.40999984741211, 27.739999771118164, 28.059999465942383, 28.3799991607666, 27.8799991607666, 27.920000076293945, 28.03999900817871, 28.209999084472656, 28.189998626708984, 28.299999237060547, 28.219999313354492, 28.31999969482422, 28.25, 28.559999465942383, 28.42999839782715, 28.44999885559082, 28.170000076293945, 28.56999969482422, 28.549999237060547, 28.439998626708984, 28.469999313354492, 28.44999885559082, 28.579999923706055, 28.489999771118164, 28.469999313354492, 28.51999855041504, 28.5, 28.329999923706055, 28.44999885559082, 28.479999542236328, 28.420000076293945, 28.479999542236328, 28.549999237060547, 28.51999855041504], "wall_time": [4.7181785106658936, 9.009020805358887, 13.051237106323242, 17.253861904144287, 21.36882734298706, 24.867002487182617, 28.00645613670349, 32.26064157485962, 36.37856984138489, 40.514549016952515, 44.69272494316101, 47.45612287521362, 50.21324944496155, 54.299509048461914, 58.28983783721924, 62.52925753593445, 66.80643630027771, 70.85537075996399, 75.17527103424072, 79.47774887084961, 83.67667317390442, 87.7292902469635, 91.83900928497314, 95.55459523200989, 99.61759185791016, 103.52215123176575, 106.52769875526428, 109.39893174171448, 112.41860890388489, 115.64529228210449, 119.58810615539551, 123.34791302680969, 127.21883201599121, 130.8113238811493, 134.53123450279236, 138.37370610237122, 142.47009253501892, 146.61461901664734, 150.63949632644653, 154.91782569885254, 159.05516600608826, 163.237398147583, 167.4755322933197, 171.4115285873413, 175.58117604255676, 179.47759556770325, 183.66754174232483, 187.40997576713562, 191.69688391685486, 195.96065306663513, 200.07994151115417, 204.1537766456604, 208.3443624973297, 212.45460033416748, 216.48434448242188, 219.58253026008606, 222.80851793289185, 225.99974274635315, 229.01842522621155, 233.17825722694397, 237.22203040122986, 241.50324273109436, 245.48653173446655, 249.72405362129211, 253.93962621688843, 258.26177525520325, 262.43542075157166, 266.37487745285034, 270.5355017185211, 274.75304198265076, 278.77590465545654, 282.675217628479, 286.2488512992859, 290.4622120857239, 294.4457280635834, 298.70037293434143, 302.51350021362305, 306.5288372039795, 310.3395187854767, 314.36141705513, 318.52848076820374, 322.6878116130829, 326.840131521225, 330.4647431373596, 334.3263018131256, 337.46878814697266, 341.3846666812897, 345.5403616428375, 349.59815788269043, 353.84844851493835, 358.1662828922272, 361.6486041545868, 365.84506607055664, 370.1479961872101, 374.44820404052734, 378.4674689769745, 382.69196462631226, 386.9715619087219, 391.1839234828949, 395.28469014167786], "val_loss": [1044.89358828125, 4.471682663726806, 4.309390937042236, 4.275615409851074, 4.240866039657592, 4.263211483764649, 4.156274063491821, 4.083000256729126, 4.058971672821045, 4.012101426696777, 3.9995704532623293, 3.976935319519043, 3.91281727142334, 3.8314276165008545, 3.962675298690796, 3.7982200523376464, 3.862130729293823, 3.795662233734131, 3.656415978240967, 3.745236531829834, 3.680867779159546, 3.666648767852783, 3.6077554023742677, 3.612753553390503, 3.684615271759033, 3.5650269714355467, 3.679285104751587, 3.6228738033294676, 3.7492283782958986, 3.543922319793701, 3.518440257644653, 3.6752770538330077, 3.4490653667449953, 3.4796886127471924, 3.5457983028411864, 3.5582300846099852, 3.5392668609619142, 3.685178392791748, 3.5432845222473146, 3.6212973991394044, 3.7444013973236085, 3.9149879360198976, 3.767131639099121, 3.6351380844116212, 3.832237084197998, 3.726206534576416, 3.8690776123046877, 3.7393401107788087, 3.8021035228729247, 3.8748587463378907, 3.978646733856201, 3.842953819274902, 4.094285726928711, 4.163540458679199, 4.100574405288696, 4.215032231140137, 4.2197199592590335, 4.200732804870605, 4.1942581199646, 4.252625106811523, 4.320842742919922, 4.3508472270965575, 4.329122561645508, 4.3693842121124264, 4.302910531234741, 4.386588885498047, 4.371488800430297, 4.379622937393188, 4.451142699432373, 4.414485826873779, 4.421648249435425, 4.430268971633911, 4.413364543151856, 4.45424631690979, 4.434907371139526, 4.435900033950806, 4.429992631530761, 4.419296401214599, 4.4446725677490235, 4.443555911636352, 4.434448648834229, 4.4326923545837404, 4.454442265319824, 4.447077161026001, 4.451784070968628, 4.453285272979737, 4.434808721160889, 4.438758919143677, 4.4293689472198485, 4.426650352478028, 4.4331422035217285, 4.429464929199219, 4.452070833587647, 4.433239880752564, 4.42289716796875, 4.4307825592041015, 4.443936613845826, 4.435419784927368, 4.441840922546387, 4.432775971984864],