{"loss": [], "acc": [], "test_loss": [60.71793687133789, 4.3910145080566405, 4.274867488861084, 4.252572762298584, 4.187984555816651, 4.081969906234741, 4.11350903968811, 3.9589373405456545, 3.9864864250183105, 3.931812553024292, 3.8631625190734864, 3.850618032836914, 3.798389818572998, 3.7738692321777343, 3.6986195678710936, 3.6507169258117678, 3.6698108867645263, 3.698459217834473, 3.6915840824127195, 3.7824297889709473, 3.6801213134765627, 3.4927822074890136, 3.585910051727295, 3.498499201965332, 3.541980945968628, 3.626631324005127, 3.4866608989715577, 3.510203856277466, 3.6068245460510253, 3.681247927093506, 3.4990516525268553, 3.676329747390747, 3.7402441848754884, 3.7152999824523927, 3.586622161483765, 3.4310878894805907, 3.8395367370605467, 3.52368759727478, 3.6852416667938233, 3.584759265136719, 3.635334403991699, 3.7929108642578124, 3.7147035858154296, 3.7659190544128416, 3.763626173400879, 3.9387442527770995, 3.9357556678771974, 4.094667905426025, 3.9398713302612305, 4.048098928833007, 4.001867209243774, 3.9798752380371094, 3.997950779724121, 4.074940199279785, 4.222894451141357, 4.244878105163574, 4.2645874618530275, 4.218890364074707, 4.363451097106934, 4.25499181060791, 4.4083125625610355, 4.39631495513916, 4.285893228912354, 4.3571924896240235, 4.277586337280273, 4.340283534240722, 4.360019625091553, 4.348408010864258, 4.365633013916016, 4.363137959289551, 4.376152896118164, 4.363827003479004, 4.3920670509338375, 4.345062840270996, 4.372650539398193, 4.355274996185303, 4.366663922119141, 4.3864058570861815, 4.37280326538086, 4.37126166305542, 4.397622232818604, 4.3726847465515135, 4.3950508651733395, 4.389893967437744, 4.362623879241943, 4.374941989135742, 4.393039053344727, 4.38758184967041, 4.382013426208496, 4.386680186462402, 4.390131770324707, 4.379429942321777, 4.379224552154541, 4.384664852905273, 4.375251898956299, 4.373540808105469, 4.37706393737793, 4.385363236236572, 4.397093196105957, 4.394515118408203], "test_acc": [1.0299999713897705, 3.5799999237060547, 3.8999998569488525, 4.159999847412109, 5.049999713897705, 6.480000019073486, 6.639999866485596, 7.869999885559082, 8.019999504089355, 9.019999504089355, 9.039999961853027, 10.40999984741211, 11.65999984741211, 12.679999351501465, 13.380000114440918, 14.149999618530273, 14.199999809265137, 15.809999465942383, 14.75999927520752, 14.429999351501465, 15.5, 17.459999084472656, 17.439998626708984, 19.029998779296875, 19.439998626708984, 18.049999237060547, 20.059999465942383, 19.579999923706055, 20.1299991607666, 19.03999900817871, 21.729999542236328, 20.079999923706055, 20.06999969482422, 20.5, 21.619998931884766, 22.78999900817871, 20.649999618530273, 23.06999969482422, 21.26999855041504, 23.53999900817871, 24.559999465942383, 22.209999084472656, 23.979999542236328, 23.25, 24.209999084472656, 23.369998931884766, 24.25, 23.479999542236328, 24.729999542236328, 23.969999313354492, 25.079999923706055, 24.81999969482422, 26.0, 25.35999870300293, 24.939998626708984, 24.93000030517578, 25.59000015258789, 25.099998474121094, 25.559999465942383, 26.0, 25.729999542236328, 25.90999984741211, 26.719999313354492, 26.76999855041504, 27.149999618530273, 26.869998931884766, 26.94999885559082, 27.31999969482422, 27.260000228881836, 27.260000228881836, 27.44999885559082, 27.85999870300293, 27.649999618530273, 28.03999900817871, 27.579999923706055, 28.010000228881836, 27.6299991607666, 27.969999313354492, 28.010000228881836, 27.76999855041504, 27.75, 28.170000076293945, 28.119998931884766, 28.17999839782715, 28.1299991607666, 28.03999900817871, 28.029998779296875, 28.309999465942383, 28.049999237060547, 28.15999984741211, 28.09000015258789, 28.279998779296875, 28.209999084472656, 28.17999839782715, 28.40999984741211, 28.35999870300293, 28.15999984741211, 28.329999923706055, 28.059999465942383, 28.279998779296875], "wall_time": [4.445093393325806, 8.424758911132812, 12.20986557006836, 16.149312019348145, 19.786327123641968, 23.569472789764404, 26.900463581085205, 30.722867488861084, 34.16578483581543, 38.09413266181946, 41.99536156654358, 45.70313239097595, 49.6112322807312, 53.51044058799744, 57.56156086921692, 61.20500946044922, 64.68832445144653, 68.39462637901306, 72.26189827919006, 76.17032217979431, 80.1183078289032, 83.9815001487732, 87.95831108093262, 91.94160532951355, 95.83533215522766, 99.72963380813599, 103.52998447418213, 107.40119743347168, 111.06558871269226, 115.05286931991577, 119.07937169075012, 123.09977912902832, 126.7593126296997, 130.5792784690857, 134.3765480518341, 137.96449875831604, 141.4798505306244, 145.27608370780945, 149.17851281166077, 153.03870964050293, 156.92018747329712, 160.22205567359924, 163.585702419281, 166.6346561908722, 169.66504907608032, 173.5877721309662, 177.3250653743744, 181.13881516456604, 184.498939037323, 188.19104719161987, 191.45121693611145, 194.39211463928223, 196.92650604248047, 199.51500177383423, 202.0760931968689, 205.93992018699646, 209.83633089065552, 212.98076963424683, 216.67141819000244, 219.15104484558105, 223.06349778175354, 225.4948763847351, 229.445476770401, 232.1668827533722, 235.69731521606445, 239.56540322303772, 242.9703483581543, 246.87818360328674, 250.78789067268372, 254.17489385604858, 258.09671807289124, 261.70283222198486, 264.93034505844116, 268.61228799819946, 272.59331917762756, 276.30505418777466, 280.30066895484924, 284.2616307735443, 288.08982133865356, 291.9279580116272, 295.22794818878174, 299.1852972507477, 303.0831344127655, 307.0579195022583, 310.493319272995, 313.7465832233429, 317.6236832141876, 321.5260331630707, 325.1713500022888, 329.0097692012787, 332.34340476989746, 335.7894124984741, 339.7312927246094, 343.55544424057007, 347.4625859260559, 351.3632822036743, 354.55468368530273, 358.4972722530365, 362.40619683265686, 366.3607020378113], "val_loss": [60.41699112548828, 4.414465916442871, 4.273714901733398, 4.256398907470703, 4.19201496887207, 4.098707534408569, 4.117799534225464, 3.9600181308746336, 3.984182437515259, 3.929767810821533, 3.866683824920654, 3.8606779724121094, 3.8116584156036377, 3.758937189102173, 3.718476611709595, 3.6577520484924317, 3.6923077476501467, 3.726317237472534, 3.7006599025726317, 3.797068315887451, 3.680271928405762, 3.4888947116851807, 3.592075912475586, 3.512230906677246, 3.5631173137664796, 3.6244668170928955, 3.5234168434143065, 3.5302883338928224, 3.61470767288208, 3.685014137649536, 3.4768019855499266, 3.7020103439331056, 3.735945714187622, 3.7522089344024656, 3.585719297027588, 3.4176524627685545, 3.820978472518921, 3.5383024826049803, 3.677204923629761, 3.6222921501159666, 3.658099504852295, 3.797788355255127, 3.742567993927002, 3.7780012859344483, 3.7481255889892577, 3.9854298240661623, 3.9378584548950197, 4.0914895030975345, 3.955903288269043, 4.06445751914978, 4.0128823657989505, 4.011140293884277, 4.013888366317749, 4.065634097290039, 4.226391429138183, 4.273073971557618, 4.284791189575195, 4.236799623107911, 4.398916872406006, 4.269717029190064, 4.425489673614502, 4.371116706085205, 4.335161351394653, 4.376519876098633, 4.337590302276611, 4.354427494049072, 4.406241070556641, 4.383517330169678, 4.420823433685303, 4.374227026748657, 4.414984226226807, 4.4036911083221435, 4.425367589569092, 4.396133686828613, 4.397821379089356, 4.406427694702148, 4.4005899856567385, 4.419056031036377, 4.404094747161865, 4.409395116806031, 4.435649554443359, 4.414792525482178, 4.431942938232422, 4.430937998962403, 4.4160247276306155, 4.420432401275635, 4.429270280838013, 4.4276283142089845, 4.416960732269287, 4.424051655960083, 4.428490479278564, 4.420886333465576, 4.418455981445312, 4.425542679977417, 4.419075283813476, 4.4131874725341795, 4.416640870666504, 4.424454220581055, 4.437874453735351, 4.4365329216003415],