{"loss": [], "acc": [], "test_loss": [17.161018395996095, 5.023990132904053, 4.607840313720703, 4.608986576843262, 4.610460585021973, 4.61079094467163, 4.613871675872803, 4.581308452606201, 4.531470660400391, 4.438539702606201, 4.363725328063965, 4.234396704864502, 4.20685878829956, 4.203741323852539, 4.095758213043213, 4.103057328033447, 4.098127869415284, 4.0290374771118165, 4.0104958473205565, 3.932865493774414, 3.9774300872802733, 3.9121948234558106, 3.8733426887512206, 3.824157928466797, 3.808646060180664, 3.7716132568359373, 3.748548215484619, 3.692678227996826, 3.7206328491210936, 3.653961559677124, 3.6690753604888915, 3.6131143806457517, 3.627705080795288, 3.5744794364929198, 3.744284030151367, 3.598373597717285, 3.546017348861694, 3.555353477859497, 3.6108751117706297, 3.703695136642456, 3.484649115753174, 3.499460004425049, 3.5641478015899657, 3.461362049102783, 3.4739794132232666, 3.5970086715698244, 3.5362643463134766, 3.5196117614746094, 3.595430834197998, 3.6890167854309084, 3.6268402698516846, 3.5483152236938476, 3.649723133468628, 3.644458672332764, 3.55407594833374, 3.680820843887329, 3.7106306980133055, 3.6888658042907716, 3.7789354362487795, 3.7351191467285156, 3.743500216293335, 3.924675690460205, 3.856103394317627, 3.947741539001465, 3.9897488311767577, 3.855108173370361, 3.953737338256836, 4.003701824951172, 3.985175165557861, 4.077436666488648, 4.052552787780762, 4.082278150939941, 4.121075648880005, 4.143878859710694, 4.135344165039062, 4.148271994781494, 4.236701811981201, 4.202721715545654, 4.201048280334473, 4.219561749267578, 4.26262698059082, 4.275415758514404, 4.290813906860351, 4.321748915863037, 4.288552084350586, 4.316396142578125, 4.344752843475342, 4.317216189575196, 4.369809842681884, 4.34901089553833, 4.335139386749268, 4.351620231628418, 4.358223651885987, 4.352703926849365, 4.356660807037353, 4.355165771484375, 4.357359001159668, 4.350373448181152, 4.362892283630371, 4.3667728515625], "test_acc": [0.8999999761581421, 1.0299999713897705, 1.0, 1.0, 1.0, 1.0099999904632568, 1.0699999332427979, 1.6200000047683716, 1.6999999284744263, 2.5, 3.240000009536743, 4.099999904632568, 3.879999876022339, 4.440000057220459, 5.150000095367432, 5.119999885559082, 5.71999979019165, 6.429999828338623, 7.079999923706055, 7.62999963760376, 7.389999866485596, 8.84000015258789, 9.75, 9.90999984741211, 10.619999885559082, 11.579999923706055, 12.4399995803833, 12.889999389648438, 13.309999465942383, 14.130000114440918, 14.369999885559082, 15.649999618530273, 15.420000076293945, 15.969999313354492, 15.420000076293945, 17.350000381469727, 18.06999969482422, 18.510000228881836, 18.770000457763672, 16.94999885559082, 19.44999885559082, 20.279998779296875, 19.75, 20.6299991607666, 20.029998779296875, 20.51999855041504, 20.329999923706055, 21.60999870300293, 20.6299991607666, 20.06999969482422, 21.059999465942383, 21.729999542236328, 22.06999969482422, 21.26999855041504, 23.099998474121094, 22.189998626708984, 22.969999313354492, 22.670000076293945, 22.25, 23.01999855041504, 23.84000015258789, 22.31999969482422, 23.68000030517578, 21.420000076293945, 22.689998626708984, 24.01999855041504, 23.939998626708984, 24.149999618530273, 24.739999771118164, 23.719999313354492, 23.779998779296875, 24.8799991607666, 24.69999885559082, 24.649999618530273, 25.239999771118164, 25.239999771118164, 25.229999542236328, 25.15999984741211, 25.84000015258789, 25.649999618530273, 25.309999465942383, 25.60999870300293, 25.260000228881836, 25.489999771118164, 25.649999618530273, 25.739999771118164, 25.489999771118164, 25.920000076293945, 25.309999465942383, 25.729999542236328, 25.719999313354492, 25.76999855041504, 25.760000228881836, 25.619998931884766, 25.920000076293945, 25.76999855041504, 25.649999618530273, 25.619998931884766, 25.6299991607666, 25.69999885559082], "wall_time": [4.769732713699341, 9.198491334915161, 12.60965871810913, 16.98339033126831, 21.531270503997803, 25.828685522079468, 30.11249613761902, 34.547953367233276, 38.9782030582428, 43.440383195877075, 47.90437173843384, 52.33153009414673, 56.37327837944031, 60.82204747200012, 65.2574360370636, 69.52099251747131, 73.95283842086792, 78.15901279449463, 82.52621054649353, 86.75519394874573, 90.86057209968567, 95.05796551704407, 99.37449932098389, 103.55215215682983, 108.01865363121033, 111.47115540504456, 114.21046233177185, 117.99496221542358, 121.51422023773193, 125.6386251449585, 129.25679683685303, 133.59310221672058, 137.84128952026367, 141.66192150115967, 145.9268982410431, 150.19381833076477, 154.44992303848267, 158.78688263893127, 162.90934133529663, 167.37390780448914, 171.42157769203186, 175.55921506881714, 179.85614776611328, 183.89159178733826, 188.32624673843384, 192.69888138771057, 196.93067502975464, 200.89136457443237, 205.1869933605194, 209.51662230491638, 213.40907168388367, 217.74484705924988, 221.893883228302, 226.20817708969116, 230.6183304786682, 234.3358690738678, 237.07681679725647, 239.84157991409302, 242.63939142227173, 247.03958320617676, 251.4408860206604, 255.79710221290588, 258.97486448287964, 262.28883600234985, 266.18663787841797, 270.25794315338135, 274.36433362960815, 278.7456738948822, 283.1207401752472, 287.55497694015503, 290.82055377960205, 294.95017433166504, 299.35054993629456, 303.761084318161, 308.1726908683777, 312.4401366710663, 316.54129576683044, 320.91520833969116, 325.06063413619995, 329.23178219795227, 332.8712465763092, 337.17396688461304, 341.4293568134308, 345.863924741745, 349.55981254577637, 353.6695294380188, 357.6399087905884, 360.84061646461487, 364.9829399585724, 369.3989624977112, 373.8376257419586, 377.29285287857056, 380.4650478363037, 383.55073976516724, 387.95652985572815, 392.2459261417389, 396.59973907470703, 400.96393370628357, 405.434611082077, 408.20056319236755], "val_loss": [18.136971557617187, 5.029612085723877, 4.6081764572143555, 4.609241450500488, 4.611040589141846, 4.611820278167724, 4.6149067916870115, 4.587175109100341, 4.538751589965821, 4.439863330841065, 4.36655174331665, 4.237211771392822, 4.219597444915771, 4.2155608959198, 4.11817703704834, 4.102298900985717, 4.109646502685547, 4.032330701446533, 4.008063972473145, 3.9228797424316406, 3.9740876033782957, 3.9017573318481444, 3.867177991104126, 3.8071860195159912, 3.807016512680054, 3.775538677215576, 3.7591308673858643, 3.6829865539550783, 3.7420473304748536, 3.649064005279541, 3.664752420425415, 3.6266977787017822, 3.626638359451294, 3.5928962020874025, 3.730377222824097, 3.6017167980194094, 3.553997282409668, 3.5926637413024904, 3.620219236755371, 3.726521085357666, 3.4992417430877687, 3.5196511478424073, 3.551454172897339, 3.468254505157471, 3.478322505569458, 3.5780649852752684, 3.537983066558838, 3.532645664596558, 3.60011529006958, 3.707767733001709, 3.6086832996368408, 3.5677808513641356, 3.6317845409393312, 3.640335380554199, 3.5615239082336427, 3.6846108039855956, 3.7246457843780516, 3.696616293716431, 3.7794783599853514, 3.727782656478882, 3.786297116088867, 3.9366320652008056, 3.843724251937866, 3.955008462524414, 3.9981813709259035, 3.8637634963989256, 3.986269599914551, 4.029091150665283, 4.005306360244751, 4.096801732254028, 4.080959773635864, 4.099625751113892, 4.147055820083618, 4.150759764862061, 4.16197820854187, 4.153074671173096, 4.256157801055908, 4.213539947128296, 4.241314527893066, 4.253262008285523, 4.3057394805908205, 4.322142319488526, 4.3163239170074466, 4.353458312225341, 4.331391946411133, 4.354294229507446, 4.369417879486084, 4.352163285064697, 4.398834410095215, 4.3880059505462645, 4.373729266357422, 4.393986042785644, 4.405131917572022, 4.397172090911865, 4.403669571304321, 4.394664387893677, 4.398081433868408, 4.391954566955566, 4.406295315551758, 4.41339506149292],