{"loss": [], "acc": [], "test_loss": [87.59491319580079, 4.484109883117676, 4.464733248901367, 4.375440128326416, 4.305862754821777, 4.240149976348877, 4.1823280334472654, 4.109300748443603, 4.091961993408203, 4.350566960144043, 4.082284167480469, 4.017086548614502, 3.9667128494262696, 3.9636003517150877, 3.9110470527648924, 4.00140750579834, 3.9242392734527587, 3.8860754959106445, 3.8918904388427733, 3.8504442481994627, 3.8585275062561033, 3.8174186569213866, 3.65498491897583, 3.700477835083008, 3.6804680950164794, 3.758966115570068, 3.6503974487304687, 3.623590615463257, 3.604617124176025, 3.530066050720215, 3.5868802673339846, 3.5799171504974363, 3.6358645851135254, 3.633733804321289, 3.6235784587860107, 3.5875098152160643, 3.615453183364868, 3.628779233169556, 3.691095083618164, 3.692776762008667, 3.5961349277496337, 3.6814034088134764, 3.6302477329254152, 3.630670643234253, 3.693188203430176, 3.702559893798828, 3.572402448654175, 3.772213900756836, 3.7672740558624267, 3.70691480178833, 3.755245902633667, 3.883699321746826, 3.8846100532531738, 3.7191374305725096, 3.8650089405059815, 4.005337902832031, 3.889684288406372, 4.00703462600708, 4.086835656738281, 4.122212406539917, 4.061182163238525, 4.03146097946167, 4.217376743316651, 4.122438374328613, 4.097654378128052, 4.140843852233886, 4.196878437042236, 4.212753703689575, 4.25561431274414, 4.279694761657715, 4.34780112915039, 4.336584902954102, 4.398030197525024, 4.462539266204834, 4.464265721893311, 4.501974570083618, 4.526766224670411, 4.537604402923584, 4.5492924819946285, 4.5551786064147946, 4.545103017044068, 4.540828262710571, 4.562838921356201, 4.570577779388428, 4.557521396255493, 4.594879545974732, 4.57904408493042, 4.582494840240479, 4.598338977050782, 4.590414672088623, 4.597279141235352, 4.60192003288269, 4.603725151824952, 4.602003282546997, 4.6021356067657475, 4.608057386779785, 4.594592654800415, 4.599146083068848, 4.600366374588012, 4.59478060913086], "test_acc": [1.0, 1.8399999141693115, 2.1599998474121094, 2.8999998569488525, 3.509999990463257, 3.7699999809265137, 4.569999694824219, 5.650000095367432, 5.809999942779541, 4.949999809265137, 6.109999656677246, 7.669999599456787, 8.1899995803833, 8.59000015258789, 8.789999961853027, 8.889999389648438, 9.269999504089355, 10.25, 10.25, 11.09999942779541, 11.899999618530273, 11.619999885559082, 13.549999237060547, 13.40999984741211, 14.549999237060547, 14.089999198913574, 15.239999771118164, 15.029999732971191, 15.769999504089355, 17.10999870300293, 16.459999084472656, 17.520000457763672, 16.309999465942383, 17.639999389648438, 17.119998931884766, 17.869998931884766, 18.28999900817871, 17.68000030517578, 18.229999542236328, 18.889999389648438, 18.809999465942383, 18.329999923706055, 19.5, 19.90999984741211, 19.149999618530273, 20.329999923706055, 20.579999923706055, 19.93000030517578, 20.09000015258789, 20.35999870300293, 20.189998626708984, 20.399999618530273, 20.029998779296875, 21.920000076293945, 20.889999389648438, 20.959999084472656, 21.85999870300293, 20.889999389648438, 20.8799991607666, 20.920000076293945, 22.049999237060547, 22.19999885559082, 20.689998626708984, 22.239999771118164, 22.899999618530273, 22.979999542236328, 22.81999969482422, 23.0, 23.65999984741211, 23.15999984741211, 23.65999984741211, 23.739999771118164, 23.68000030517578, 23.739999771118164, 23.44999885559082, 23.869998931884766, 23.489999771118164, 23.849998474121094, 24.0, 23.719999313354492, 23.889999389648438, 24.420000076293945, 24.459999084472656, 24.60999870300293, 24.5, 24.90999984741211, 24.59000015258789, 24.809999465942383, 24.709999084472656, 24.65999984741211, 24.8799991607666, 24.51999855041504, 24.68000030517578, 24.969999313354492, 24.809999465942383, 24.709999084472656, 24.889999389648438, 24.639999389648438, 24.729999542236328, 24.6299991607666], "wall_time": [5.035550117492676, 8.85901927947998, 13.531680822372437, 18.20210599899292, 22.823291778564453, 27.13464903831482, 31.29734992980957, 35.80306124687195, 40.34893441200256, 44.88973832130432, 49.45967364311218, 53.01682782173157, 56.631312131881714, 60.485952615737915, 64.75187921524048, 69.3663055896759, 73.88890218734741, 78.5164966583252, 82.63775730133057, 86.7306797504425, 91.32442903518677, 95.80880451202393, 100.52326560020447, 104.52547669410706, 109.03369927406311, 113.35262560844421, 117.957515001297, 122.62407422065735, 127.25145053863525, 131.89231300354004, 136.1869077682495, 140.48171377182007, 145.06291580200195, 149.5366725921631, 154.15122866630554, 158.72373175621033, 162.83628582954407, 167.0099754333496, 171.36930179595947, 175.9264359474182, 180.60660481452942, 184.10112643241882, 187.88584280014038, 191.93924570083618, 196.54188871383667, 200.97390866279602, 205.63022303581238, 210.23886799812317, 214.54064965248108, 219.0598418712616, 223.7020537853241, 228.22819781303406, 232.47130489349365, 236.98233437538147, 241.52810621261597, 246.0567183494568, 250.62261176109314, 255.0177526473999, 259.694842338562, 264.0531105995178, 268.0941414833069, 272.3491060733795, 276.5777750015259, 281.25382685661316, 284.84906125068665, 288.4539887905121, 292.1056754589081, 295.6865231990814, 300.25065898895264, 304.58833956718445, 309.10504508018494, 313.6044108867645, 317.85669207572937, 322.3926794528961, 326.9456596374512, 331.65045714378357, 336.07933831214905, 340.64335775375366, 345.11074805259705, 348.6425750255585, 352.92266631126404, 356.85422015190125, 361.13882851600647, 365.75123381614685, 370.30848932266235, 374.9862823486328, 379.5039873123169, 384.081951379776, 387.7598133087158, 392.0797622203827, 396.617782831192, 401.2449128627777, 405.68119263648987, 410.2947208881378, 414.91141080856323, 419.2441670894623, 423.85507011413574, 426.99572491645813, 431.41904759407043, 436.0928604602814], "val_loss": [86.55270673828124, 4.490797756958008, 4.472663240051269, 4.3803465446472165, 4.3084476196289065, 4.241022708129883, 4.190190422821045, 4.1155507862091065, 4.101826901245118, 4.35841502532959, 4.085471802139282, 4.021130842971802, 3.968613446044922, 3.956262775039673, 3.9141450508117677, 4.01280072555542, 3.915137649154663, 3.8992597274780274, 3.8882014041900637, 3.841954047012329, 3.855747597122192, 3.816425860977173, 3.6580775074005127, 3.7025950748443606, 3.6980190296173094, 3.749921387863159, 3.661994699859619, 3.624999711608887, 3.6426151874542234, 3.5526487854003905, 3.5903956073760988, 3.5978175861358643, 3.6605990840911864, 3.672094895172119, 3.6487865589141846, 3.6157864944458007, 3.6238088634490966, 3.652849817657471, 3.696860980606079, 3.704370513153076, 3.6188412132263186, 3.6722856101989745, 3.6306701889038084, 3.635639515686035, 3.694466494369507, 3.7053836513519287, 3.592731614303589, 3.7700923667907715, 3.77712998046875, 3.6926896942138674, 3.7769863887786865, 3.904305016326904, 3.917750203323364, 3.7245017890930177, 3.862585178375244, 4.004611703491211, 3.898664762878418, 3.974719950866699, 4.080803053283692, 4.119492124938965, 4.052961340332031, 4.049766844940185, 4.240315915679932, 4.131248980331421, 4.130359142303467, 4.187993537902832, 4.235125577545166, 4.261131637573242, 4.300106105041504, 4.327266184997558, 4.407128955078125, 4.355903486251831, 4.421460271835327, 4.501211687088013, 4.478555389022827, 4.513564632034302, 4.566120378875732, 4.550797036743164, 4.576555173110962, 4.586144709014893, 4.581933919525146, 4.560069362640381, 4.601537839889526, 4.610558637237549, 4.589221598052979, 4.641515242767334, 4.615010496139527, 4.616099460601807, 4.6319921066284175, 4.620153493499756, 4.6344656665802, 4.639619347381592, 4.644790709686279, 4.639405581665039, 4.640034004592896, 4.645946938323974, 4.634586245346069, 4.640208022689819, 4.633234582519531, 4.633540257263183],