{"loss": [], "acc": [], "test_loss": [4.846568068695069, 4.550489517974854, 4.22268812789917, 4.013729391479492, 4.007519637680054, 3.981706130981445, 3.677150183868408, 3.7029519790649412, 3.638129958343506, 3.630190412902832, 3.5518675533294677, 3.2423211433410644, 3.604961024093628, 3.2134597270965575, 3.0259716827392578, 2.964302459335327, 2.932863414001465, 2.838924600982666, 2.743620565032959, 2.808787445068359, 2.546770097732544, 2.47783621673584, 2.5993140632629395, 2.4112954528808594, 2.4834684177398683, 2.2925999061584474, 2.334723801422119, 2.1976577941894533, 2.243127395248413, 2.2127893051147463, 2.3501915687561037, 2.0779161781311033, 2.1145401067733767, 2.037780760383606, 2.0447830501556394, 1.9850205226898194, 1.9293364980697632, 1.9073671966552734, 1.839400482559204, 1.9109795906066895, 1.8623221475601197, 1.8472026948928832, 1.8222117630004884, 1.844600051498413, 1.7791809803009033, 1.8688443481445312, 1.7523321113586425, 1.739264568901062, 1.7346956211090088, 1.7003430471420289, 1.7255004005432129, 1.6783837459564208, 1.711929190826416, 1.6784258253097535, 1.6934576293945311, 1.6706433067321778, 1.626880980682373, 1.6430399490356444, 1.6388241256713867, 1.6228939128875732, 1.631136837387085, 1.599042665863037, 1.6171174201965333, 1.5778626838684082, 1.5869531328201294, 1.5934468370437622, 1.5718477058410645, 1.551271570968628, 1.5689898717880248, 1.5590300090789795, 1.5575306037902832, 1.5438017810821534, 1.5488301906585693, 1.537024768447876, 1.5425465257644653, 1.5303683792114258, 1.5282267072677613, 1.5197702743530273, 1.5200397243499757, 1.5125308059692384, 1.5158026123046875, 1.5140941696166992, 1.505549179649353, 1.5142737026214599, 1.5155066753387452, 1.5108744779586791, 1.5060160039901733, 1.5045171688079835, 1.5058157318115235, 1.503071702194214, 1.504150276184082, 1.5005523315429687, 1.507063431930542, 1.50389443359375, 1.5019757389068604, 1.5053693840026856, 1.502256953048706, 1.5032002796173096, 1.4975335006713868, 1.503308877182007], "test_acc": [1.0, 4.009999752044678, 5.71999979019165, 6.87999963760376, 9.239999771118164, 8.979999542236328, 11.319999694824219, 13.25, 13.819999694824219, 15.229999542236328, 16.34000015258789, 19.969999313354492, 17.03999900817871, 22.229999542236328, 23.579999923706055, 25.5, 26.25, 28.42999839782715, 29.689998626708984, 30.56999969482422, 33.77000045776367, 34.34000015258789, 32.029998779296875, 36.86000061035156, 35.7599983215332, 39.65999984741211, 38.7599983215332, 41.07999801635742, 41.02000045776367, 41.279998779296875, 39.939998626708984, 44.09000015258789, 43.459999084472656, 45.04999923706055, 45.38999938964844, 46.64999771118164, 47.52000045776367, 48.06999969482422, 49.19999694824219, 47.81999969482422, 49.29999923706055, 49.189998626708984, 50.16999816894531, 49.75, 51.03999710083008, 49.02000045776367, 51.88999938964844, 51.939998626708984, 52.029998779296875, 53.03999710083008, 52.19999694824219, 53.75, 52.89999771118164, 53.98999786376953, 53.099998474121094, 53.89999771118164, 54.869998931884766, 54.46999740600586, 54.14999771118164, 55.2599983215332, 55.25, 55.38999938964844, 55.40999984741211, 56.189998626708984, 55.73999786376953, 55.81999969482422, 56.14999771118164, 57.03999710083008, 56.48999786376953, 56.44999694824219, 56.599998474121094, 56.93000030517578, 56.80999755859375, 57.119998931884766, 56.78999710083008, 57.2599983215332, 56.959999084472656, 57.2599983215332, 57.5099983215332, 57.69999694824219, 57.779998779296875, 57.62999725341797, 58.06999969482422, 57.5099983215332, 57.82999801635742, 57.54999923706055, 57.78999710083008, 57.90999984741211, 57.87999725341797, 57.8599967956543, 57.939998626708984, 57.87999725341797, 57.939998626708984, 58.09000015258789, 58.18000030517578, 57.91999816894531, 58.12999725341797, 58.029998779296875, 58.209999084472656, 57.84000015258789], "wall_time": [4.4369542598724365, 7.491862535476685, 10.498535394668579, 13.677600860595703, 16.819244623184204, 19.966874599456787, 23.115934133529663, 26.18125295639038, 29.312301635742188, 32.455464601516724, 35.71897482872009, 39.02343273162842, 42.068498611450195, 45.25719904899597, 48.39404058456421, 51.549049854278564, 54.68706226348877, 57.96940875053406, 61.13630938529968, 64.26922845840454, 67.36385774612427, 70.4422378540039, 73.56477570533752, 76.69865894317627, 79.80075645446777, 82.95630669593811, 86.06748294830322, 89.18491816520691, 92.40186715126038, 95.76279973983765, 98.90056657791138, 102.00589108467102, 105.03642892837524, 108.15243816375732, 111.49074172973633, 114.46858716011047, 117.60151600837708, 120.77298593521118, 124.12509846687317, 127.28692054748535, 130.69182181358337, 133.87620210647583, 137.2467155456543, 140.33990502357483, 143.5003182888031, 146.5968461036682, 149.76934695243835, 152.9989025592804, 156.15077233314514, 159.1846318244934, 162.27291226387024, 165.41965770721436, 168.5163769721985, 171.62123847007751, 174.71887874603271, 177.7916281223297, 180.93206548690796, 184.21333003044128, 187.61366987228394, 190.70113325119019, 193.80253982543945, 196.90559887886047, 200.14164805412292, 203.23014569282532, 206.38569331169128, 209.6362919807434, 212.80103492736816, 215.93842005729675, 219.00779676437378, 222.11925435066223, 225.21055960655212, 228.2917618751526, 231.39794301986694, 234.57318997383118, 237.72848272323608, 240.81581807136536, 244.06911897659302, 247.15098667144775, 250.33980298042297, 253.60449028015137, 256.71920919418335, 259.81666326522827, 262.9861583709717, 266.1971175670624, 269.4356014728546, 272.702889919281, 275.85353565216064, 278.90553426742554, 282.060683965683, 285.1269404888153, 288.41844034194946, 291.60346698760986, 294.6369140148163, 297.93095779418945, 301.1734347343445, 304.35175681114197, 307.5638418197632, 310.6775984764099, 313.78501558303833, 317.0959634780884], "val_loss": [4.851963648986817, 4.5683613220214845, 4.22428925743103, 4.00575943145752, 4.012127365493774, 3.9780727798461912, 3.6834224788665773, 3.6967531520843506, 3.629738265991211, 3.6126135108947754, 3.5569705810546877, 3.2358363636016847, 3.607774417114258, 3.2110095134735106, 2.998405235671997, 2.9811471118927, 2.910931546783447, 2.8066774826049805, 2.7188880908966064, 2.783676904296875, 2.533898434829712, 2.469787574005127, 2.5735696350097657, 2.395803816604614, 2.425566223144531, 2.271126611328125, 2.314870059585571, 2.168146824645996, 2.2086517726898194, 2.192404659461975, 2.3443844078063965, 2.0515401380538942, 2.071972071838379, 1.9702727519989014, 1.976385976600647, 1.9356547664642334, 1.8699606086730958, 1.8378791603088378, 1.7655723793029785, 1.8427265560150146, 1.7808379024505616, 1.7550002597808838, 1.7361367416381837, 1.7369134887695312, 1.6897007453918458, 1.7685004188537599, 1.6649251697540284, 1.64423941116333, 1.6429881700515747, 1.593629709625244, 1.6130033199310303, 1.5731930215835572, 1.5943636116027833, 1.563495993423462, 1.573777205467224, 1.5422956003189088, 1.5037281604766846, 1.528138846206665, 1.504432377433777, 1.4933822353363038, 1.4889588382720946, 1.4582040431976317, 1.4748967685699463, 1.4419980897903442, 1.4446999866485595, 1.4600587230682374, 1.4294385578155517, 1.419553426170349, 1.4294275341033935, 1.4147055723190307, 1.414401812171936, 1.3977281482696533, 1.4037056528091432, 1.3937768096923828, 1.3953902919769288, 1.3818324947357177, 1.3810734550476074, 1.3725220649719239, 1.369376919746399, 1.3569846714019775, 1.3578019271850585, 1.3584999809265137, 1.3478702987670899, 1.35327417678833, 1.359825059700012, 1.3487247789382935, 1.346654954147339, 1.3398677974700928, 1.3406425594329834, 1.3408080604553223, 1.340107222175598, 1.3381205871582031, 1.3408705181121827, 1.339646205329895, 1.3369093549728392, 1.339279195022583, 1.3356104230880737, 1.3370806858062745, 1.333848922920227, 1.3360678508758546],