{"loss": [], "acc": [], "test_loss": [4.7075865295410155, 4.393072341156006, 4.305990361022949, 4.127930196380615, 4.147716300201416, 3.988160447692871, 3.990430527496338, 3.9722638153076173, 3.7765731285095216, 3.869257458114624, 3.7191646629333497, 3.657165503311157, 3.5296529232025144, 3.422583977127075, 3.350535403442383, 3.3233104301452636, 3.5422943283081056, 3.261642038726807, 3.2099415382385255, 3.239434395980835, 3.196403581237793, 3.011782667541504, 2.872067652130127, 2.978681583404541, 2.9366186225891115, 2.9352073196411133, 2.8192006458282473, 2.704042014312744, 2.76075682220459, 2.7000310543060304, 2.6441703540802, 2.634417980957031, 2.7557181983947756, 2.543516586303711, 2.491510261917114, 2.472363020324707, 2.5850653976440428, 2.402248384475708, 2.4523003772735597, 2.3869555892944336, 2.3438358306884766, 2.3936701950073243, 2.374608784484863, 2.345885903930664, 2.293650287055969, 2.3941006240844724, 2.224640092468262, 2.247380626487732, 2.277012896347046, 2.1861256427764895, 2.1814287200927733, 2.1957038673400877, 2.191683026885986, 2.2023670417785643, 2.1631424491882325, 2.148602721977234, 2.1461090517044066, 2.107383251571655, 2.127696245765686, 2.119352843093872, 2.153328420639038, 2.090539307785034, 2.097157945632935, 2.0909354063034056, 2.065987049674988, 2.0726282958984377, 2.066830906295776, 2.0644714668273925, 2.0582423040390014, 2.0335074028015137, 2.0598622756958007, 2.054596664428711, 2.0208065837860105, 2.034450838851929, 2.008894351005554, 2.025504443359375, 2.0101620149612427, 2.0048828256607054, 2.007735341644287, 2.014366234207153, 2.014671167564392, 2.0071901844024658, 2.0103015747070314, 2.0035262538909913, 1.9965615324020385, 1.994404322052002, 1.9933159870147705, 1.9966282527923584, 1.9926872243881226, 1.984815955543518, 1.9937527156829833, 1.9844483919143676, 1.9875466192245483, 1.9918064292907716, 1.9872736480712891, 1.9890975662231445, 1.9890000034332276, 1.991662483406067, 1.9849481952667236, 1.98689923992157], "test_acc": [1.0, 3.5399999618530273, 5.170000076293945, 6.069999694824219, 7.569999694824219, 9.319999694824219, 9.84000015258789, 10.399999618530273, 12.210000038146973, 13.359999656677246, 13.929999351501465, 15.420000076293945, 16.0, 17.809999465942383, 19.399999618530273, 20.969999313354492, 19.06999969482422, 21.709999084472656, 23.209999084472656, 23.079999923706055, 24.35999870300293, 26.92999839782715, 28.239999771118164, 27.170000076293945, 28.28999900817871, 28.59000015258789, 30.119998931884766, 32.32999801635742, 30.989999771118164, 32.47999954223633, 34.0, 33.70000076293945, 32.119998931884766, 36.709999084472656, 36.849998474121094, 37.47999954223633, 35.98999786376953, 38.05999755859375, 38.11000061035156, 39.20000076293945, 41.0099983215332, 39.63999938964844, 40.80999755859375, 40.41999816894531, 41.62999725341797, 40.349998474121094, 43.14999771118164, 42.12999725341797, 42.02000045776367, 43.84000015258789, 43.939998626708984, 44.47999954223633, 44.04999923706055, 43.68000030517578, 44.959999084472656, 45.05999755859375, 45.099998474121094, 45.959999084472656, 45.15999984741211, 45.98999786376953, 45.15999984741211, 46.66999816894531, 46.02000045776367, 46.44999694824219, 46.849998474121094, 46.5099983215332, 46.64999771118164, 46.96999740600586, 46.869998931884766, 47.69999694824219, 47.18000030517578, 47.13999938964844, 47.79999923706055, 47.55999755859375, 48.29999923706055, 48.0, 48.16999816894531, 48.04999923706055, 48.0099983215332, 47.87999725341797, 47.869998931884766, 48.41999816894531, 48.48999786376953, 48.32999801635742, 48.349998474121094, 48.349998474121094, 48.349998474121094, 48.39999771118164, 48.37999725341797, 48.459999084472656, 48.65999984741211, 48.709999084472656, 48.62999725341797, 48.54999923706055, 48.53999710083008, 48.56999969482422, 48.55999755859375, 48.44999694824219, 48.75, 48.66999816894531], "wall_time": [3.216148614883423, 5.494366645812988, 7.7507359981536865, 9.675258159637451, 11.593638896942139, 13.755005836486816, 15.835997581481934, 18.06681752204895, 20.315448760986328, 22.440998077392578, 24.447009325027466, 26.34510350227356, 28.533756017684937, 30.923599004745483, 33.14342927932739, 35.34860038757324, 37.54478669166565, 39.68438649177551, 41.807045698165894, 43.98500347137451, 46.15277647972107, 48.51556324958801, 50.55056977272034, 52.70959806442261, 54.671515226364136, 57.15481686592102, 59.156508445739746, 61.74927568435669, 63.74658536911011, 65.96976280212402, 68.38164472579956, 70.53567171096802, 72.89307165145874, 75.08928537368774, 77.2289662361145, 79.43904113769531, 81.7190625667572, 83.95542907714844, 86.04963374137878, 88.16091799736023, 90.34270906448364, 92.4803569316864, 94.52266073226929, 96.66464447975159, 98.81003308296204, 100.9068968296051, 103.0864200592041, 105.44138216972351, 107.63472175598145, 109.79507040977478, 111.99556803703308, 114.18314409255981, 116.36217498779297, 118.56733775138855, 120.72904825210571, 123.08366918563843, 125.38082957267761, 127.47189784049988, 129.59148573875427, 131.63996982574463, 134.071462392807, 136.2400496006012, 138.4118185043335, 140.52478790283203, 142.47466564178467, 144.64266633987427, 146.67225122451782, 148.94902634620667, 151.1311478614807, 153.1004786491394, 155.0049946308136, 157.1311149597168, 159.2747266292572, 161.44523453712463, 163.83375930786133, 165.91597485542297, 168.19411730766296, 170.1340606212616, 172.4265911579132, 174.69568490982056, 176.8555645942688, 178.9386854171753, 181.04232263565063, 183.16654109954834, 185.33891606330872, 187.6284899711609, 189.71266865730286, 191.68445944786072, 193.78180193901062, 196.14318776130676, 198.16029977798462, 200.3120722770691, 202.43365597724915, 204.5478756427765, 206.50932145118713, 208.62088346481323, 210.71284317970276, 212.87215375900269, 215.08841967582703, 217.32856845855713], "val_loss": [4.709641581726074, 4.421182887268066, 4.304876015472412, 4.13722765045166, 4.152468621826172, 3.9955365642547607, 4.001786755371094, 3.9782923179626466, 3.760280171966553, 3.850479055786133, 3.7267356525421143, 3.6445788795471192, 3.490987412261963, 3.440264294052124, 3.328168999481201, 3.3037483402252197, 3.537598006439209, 3.2535446743011476, 3.196250553894043, 3.2650640045166015, 3.174499850845337, 2.9861731773376463, 2.8598383960723877, 2.934667906188965, 2.9156512004852293, 2.921329434585571, 2.782410068893433, 2.7055255577087403, 2.7333047809600832, 2.6873207244873045, 2.6603179683685303, 2.613528616333008, 2.73005178527832, 2.524284204864502, 2.47056449508667, 2.465280062866211, 2.536310717010498, 2.3687489837646485, 2.4254512657165526, 2.378676171875, 2.336010364532471, 2.374714840698242, 2.3375729999542236, 2.318917963027954, 2.2466734550476075, 2.360585263824463, 2.198286622238159, 2.1982997581481936, 2.2277733276367186, 2.136802339553833, 2.124385145187378, 2.134711817550659, 2.1284971878051757, 2.1206204566955567, 2.089235996246338, 2.085029833984375, 2.0626390422821044, 2.042968391799927, 2.040300770187378, 2.0405806884765627, 2.071553409576416, 2.0127149961471558, 2.010576203918457, 2.0170625190734865, 1.9680853385925292, 1.9878590202331543, 1.9779382709503175, 1.973340679550171, 1.958390372467041, 1.9425983234405517, 1.9648565616607665, 1.9525896377563476, 1.9248197132110596, 1.9372021238327026, 1.9231287460327149, 1.9257766996383667, 1.9132531085968019, 1.9055809314727783, 1.8985269416809083, 1.9090176836013795, 1.908228744506836, 1.8942090021133422, 1.8982504272460938, 1.8896246026992798, 1.8906327169418335, 1.8901208381652832, 1.8879837327957154, 1.8861364490509034, 1.888233971786499, 1.8765131355285645, 1.8824443111419678, 1.87313051071167, 1.876802059173584, 1.8790406925201415, 1.8752515331268311, 1.8763151514053344, 1.8769482772827148, 1.8806536674499512, 1.875654613304138, 1.874081929397583],