{"loss": [], "acc": [], "test_loss": [4.825814587402344, 4.47247968826294, 4.761527648162842, 4.180273771286011, 3.990977540206909, 4.037885146331787, 4.013078551101684, 3.9374079776763917, 3.8024788818359374, 3.68571545715332, 3.772561367797852, 3.5599887374877928, 3.49463844871521, 3.5422994804382326, 3.380998629760742, 3.4254387901306154, 3.1744770919799805, 3.011049076843262, 2.9153399295806883, 3.2208114059448243, 2.922319510269165, 2.9452634521484375, 2.7940766773223875, 2.7982341426849366, 2.7495704902648925, 2.6955764011383057, 2.8105880962371828, 2.5793626300811767, 2.5798132705688475, 2.480471904754639, 2.594197350692749, 2.4364875747680665, 2.5095936252593996, 2.3026168144226076, 2.41266319770813, 2.22137791595459, 2.2839702198028564, 2.2628562019348144, 2.246219144821167, 2.299426056289673, 2.2223398487091064, 2.1834216472625734, 2.1143001033782958, 2.261271934127808, 2.112616997528076, 2.1142152351379395, 2.0885465755462644, 2.145243207550049, 2.2536084938049314, 1.990756025314331, 1.9966029888153076, 2.049788060760498, 1.9908682870864869, 1.9715781869888305, 2.005380450820923, 1.9653659149169922, 1.918774005317688, 1.9324380538940429, 1.914875464630127, 1.888396308517456, 1.8775911478042602, 1.8915374011993409, 1.880983159637451, 1.8312259452819823, 1.8299402206420898, 1.8575365627288818, 1.8349855545043945, 1.8660547733306885, 1.8539112087249756, 1.8153616916656494, 1.8157368408203125, 1.8093218235015869, 1.8182458520889282, 1.7920730293273925, 1.784141814804077, 1.8031996561050414, 1.7892354043960572, 1.7760434036254882, 1.7732655553817749, 1.776207476234436, 1.7753775718688964, 1.7663136995315551, 1.768917812347412, 1.7650889751434327, 1.7687950567245483, 1.7567791666030883, 1.7518399644851685, 1.7591045427322387, 1.7554445667266845, 1.7513935445785522, 1.7516365377426149, 1.7518788986206055, 1.754071669769287, 1.7520264324188233, 1.7495767671585083, 1.7528676511764527, 1.750019487762451, 1.7529012113571167, 1.7518739465713502, 1.750729059791565], "test_acc": [1.0, 4.119999885559082, 3.8999998569488525, 6.329999923706055, 8.460000038146973, 8.279999732971191, 8.829999923706055, 10.050000190734863, 11.210000038146973, 13.739999771118164, 13.559999465942383, 15.09999942779541, 17.600000381469727, 18.149999618530273, 19.139999389648438, 19.689998626708984, 22.469999313354492, 25.010000228881836, 25.559999465942383, 23.059999465942383, 27.689998626708984, 26.469999313354492, 30.1299991607666, 29.31999969482422, 31.1299991607666, 31.979999542236328, 31.619998931884766, 34.18000030517578, 34.90999984741211, 36.05999755859375, 35.30999755859375, 37.47999954223633, 36.47999954223633, 40.11000061035156, 37.779998779296875, 41.529998779296875, 40.30999755859375, 41.07999801635742, 41.2599983215332, 40.029998779296875, 41.709999084472656, 43.53999710083008, 44.13999938964844, 41.63999938964844, 44.54999923706055, 44.36000061035156, 45.27000045776367, 44.22999954223633, 41.599998474121094, 46.849998474121094, 47.11000061035156, 46.27000045776367, 47.11000061035156, 47.939998626708984, 47.30999755859375, 47.5, 49.21999740600586, 48.63999938964844, 48.779998779296875, 50.029998779296875, 49.54999923706055, 50.12999725341797, 49.57999801635742, 50.44999694824219, 50.709999084472656, 50.13999938964844, 51.03999710083008, 50.41999816894531, 50.599998474121094, 51.14999771118164, 51.02000045776367, 51.189998626708984, 51.13999938964844, 51.82999801635742, 51.849998474121094, 51.81999969482422, 51.939998626708984, 52.209999084472656, 52.31999969482422, 52.16999816894531, 52.14999771118164, 52.689998626708984, 52.38999938964844, 52.38999938964844, 52.52000045776367, 52.709999084472656, 52.869998931884766, 52.779998779296875, 52.72999954223633, 52.709999084472656, 52.89999771118164, 53.03999710083008, 52.72999954223633, 52.72999954223633, 52.8599967956543, 52.66999816894531, 53.0099983215332, 52.84000015258789, 52.93000030517578, 52.78999710083008], "wall_time": [3.2975945472717285, 5.577054023742676, 7.873965740203857, 10.125385999679565, 12.402320623397827, 14.61505389213562, 16.939897298812866, 19.187397956848145, 21.469993591308594, 23.913755416870117, 26.193541049957275, 28.599190950393677, 30.905285120010376, 33.229424476623535, 35.49674105644226, 37.58054709434509, 39.84257650375366, 42.060832500457764, 44.34050989151001, 46.649086475372314, 48.97761940956116, 51.27173709869385, 53.605762243270874, 56.03988862037659, 58.37195062637329, 60.81603121757507, 63.03884029388428, 65.29158091545105, 67.60493731498718, 69.95872783660889, 72.26568126678467, 74.56863570213318, 76.81059694290161, 79.0265040397644, 81.24665641784668, 83.72974061965942, 86.03193998336792, 88.13563394546509, 90.57372379302979, 92.71390295028687, 95.00940036773682, 97.33627200126648, 99.67086052894592, 102.25180888175964, 104.51415419578552, 106.76631093025208, 108.83523607254028, 111.23359394073486, 113.44549012184143, 115.88268208503723, 118.13622450828552, 120.47454476356506, 122.69430255889893, 124.88125967979431, 127.24283814430237, 129.56540989875793, 131.81436705589294, 134.08132076263428, 136.2774589061737, 138.81761169433594, 140.8609185218811, 143.15185737609863, 145.2364354133606, 147.54101395606995, 149.80242443084717, 152.15168952941895, 154.5230257511139, 156.897216796875, 159.22811341285706, 161.51787304878235, 163.87978339195251, 166.09151601791382, 168.46483826637268, 170.64413022994995, 172.99675703048706, 175.16288137435913, 177.55410027503967, 179.89969944953918, 182.29033207893372, 184.57729625701904, 186.9909737110138, 189.39545893669128, 191.82514643669128, 194.14013481140137, 196.355366230011, 198.6742033958435, 200.93841338157654, 203.2606794834137, 205.5464072227478, 207.8761715888977, 210.0149621963501, 212.29750537872314, 214.3263430595398, 216.68153190612793, 218.97709488868713, 221.44887685775757, 223.63699531555176, 226.06069707870483, 228.36170959472656, 230.60623621940613], "val_loss": [4.8291880386352535, 4.489291178894043, 4.758401964569091, 4.169918719100952, 3.9907432430267336, 4.0330690628051755, 3.9904414855957033, 3.9036323265075685, 3.7996872104644774, 3.672395193862915, 3.7792477256774903, 3.5193566802978515, 3.473357385253906, 3.5475249069213866, 3.3648730186462403, 3.397409452056885, 3.1603246921539307, 3.013741272354126, 2.897701230621338, 3.2054828811645506, 2.917137537384033, 2.913844207000732, 2.74348401260376, 2.796095403289795, 2.7225942657470705, 2.648359755706787, 2.8107113540649413, 2.54176874961853, 2.5403657165527345, 2.4138317935943605, 2.5683849338531495, 2.3838355632781982, 2.456677777862549, 2.258172557067871, 2.3859149559021, 2.178520460128784, 2.1988210708618166, 2.179752855682373, 2.1720945051193237, 2.220828231430054, 2.1689767864227294, 2.105587200546265, 2.0420059352874755, 2.1828912242889404, 2.000611537361145, 2.0108038112640383, 1.963346901321411, 2.061478373718262, 2.149931775856018, 1.883925128173828, 1.8833912258148193, 1.941917585372925, 1.86026937789917, 1.8507953006744384, 1.8696310947418213, 1.852830689239502, 1.7887289546966554, 1.7752995643615723, 1.7772124221801757, 1.7422893436431885, 1.750806517982483, 1.7484002624511719, 1.7337660758972169, 1.6912978618621826, 1.6925343034744262, 1.7195371124267578, 1.692051665496826, 1.7206905189514161, 1.709414735031128, 1.6818695293426513, 1.6731331615447997, 1.6581973613739014, 1.6620959411621095, 1.6401785581588746, 1.6301133134841919, 1.6475195652008057, 1.6418722356796265, 1.6294708847045898, 1.625975517654419, 1.6270903846740723, 1.6221810544967652, 1.6190374584197997, 1.6146471061706542, 1.6141695095062256, 1.6114684223175049, 1.6043825946807861, 1.6007577039718628, 1.5995525299072266, 1.602026732635498, 1.6013042778015136, 1.6001708780288697, 1.598798871231079, 1.6024019109725953, 1.5966955322265626, 1.596845399093628, 1.5976122035980225, 1.5982199087142945, 1.5988864692687987, 1.5984148260116577, 1.5984558158874511],