{"loss": [], "acc": [], "test_loss": [3.951286895751953, 3.2164430294036865, 3.004040676498413, 3.0739420795440675, 2.6748269546508787, 2.75658210067749, 2.427352724838257, 2.4122096576690675, 2.4472764682769776, 2.281916291809082, 2.529113904953003, 2.211089521408081, 2.411659019088745, 2.4169250820159913, 2.1478844089508056, 2.3702291286468506, 2.1479650768280028, 2.310980340194702, 2.1261581348419187, 2.250595582962036, 2.12514914932251, 2.2502460063934326, 2.2781724048614502, 2.155292335319519, 2.30782991771698, 2.2350503482818604, 2.0493634342193605, 2.3582537902832033, 2.10381637802124, 2.1490794557571413, 2.1377866760253905, 2.047686975479126, 1.973873203086853, 2.087453726196289, 2.049060903739929, 2.055455814361572, 2.1135214046478272, 2.1354760139465334, 2.0364694339752196, 2.0206411014556886, 2.0954562397003174, 2.036709300613403, 1.9990327938079835, 2.0599158546447756, 2.055480200767517, 2.0243383796691896, 2.135231372642517, 2.0432197715759277, 2.060559106826782, 2.1057673202514646, 1.9448095821380615, 2.0620773723602297, 2.014552275085449, 2.115037038421631, 1.9751266052246095, 1.940562579345703, 1.9515146167755126, 2.026647620010376, 2.0104236852645876, 2.006824378967285, 1.9996201629638672, 1.967595225906372, 1.9056759777069092, 2.0758232299804686, 1.9088061336517335, 1.93961496925354, 1.919657571029663, 1.9808677118301392, 1.945796146774292, 1.8953052852630616, 1.9312238410949707, 1.9420669807434081, 1.9005833875656128, 1.881624267578125, 1.9067644924163818, 1.870377738571167, 1.878593314552307, 1.902782728767395, 1.8793760238647461, 1.8827547729492187, 1.863133164215088, 1.8568977458953857, 1.867282092475891, 1.889213607788086, 1.8642056427001954, 1.8772487144470216, 1.8597873668670655, 1.869227903175354, 1.8670484832763672, 1.8549836215972901, 1.8626458267211914, 1.867535344696045, 1.8707495273590087, 1.8579007234573364, 1.8762800283432006, 1.8730334171295167, 1.8707033658981322, 1.8643550302505494, 1.8684827590942383, 1.8731393711090087], "test_acc": [10.59000015258789, 19.25, 23.559999465942383, 22.85999870300293, 30.28999900817871, 28.78999900817871, 34.87999725341797, 35.7599983215332, 36.0099983215332, 38.68000030517578, 35.18000030517578, 39.84000015258789, 38.619998931884766, 37.13999938964844, 42.81999969482422, 38.96999740600586, 42.439998626708984, 40.30999755859375, 43.79999923706055, 41.86000061035156, 44.54999923706055, 43.18000030517578, 42.029998779296875, 43.30999755859375, 40.91999816894531, 42.869998931884766, 45.779998779296875, 41.23999786376953, 44.73999786376953, 45.69999694824219, 45.79999923706055, 46.46999740600586, 48.43000030517578, 46.43000030517578, 47.89999771118164, 47.369998931884766, 46.599998474121094, 45.689998626708984, 47.21999740600586, 47.54999923706055, 47.13999938964844, 48.619998931884766, 48.37999725341797, 48.06999969482422, 47.81999969482422, 48.72999954223633, 46.91999816894531, 48.849998474121094, 49.39999771118164, 48.40999984741211, 51.55999755859375, 48.939998626708984, 51.11000061035156, 48.189998626708984, 51.16999816894531, 51.939998626708984, 52.05999755859375, 51.56999969482422, 52.209999084472656, 51.80999755859375, 51.81999969482422, 52.869998931884766, 54.30999755859375, 52.89999771118164, 54.7599983215332, 53.93000030517578, 54.66999816894531, 54.279998779296875, 54.64999771118164, 56.0, 56.21999740600586, 56.16999816894531, 56.8599967956543, 56.87999725341797, 57.279998779296875, 57.46999740600586, 57.439998626708984, 57.779998779296875, 57.959999084472656, 57.779998779296875, 58.06999969482422, 57.93000030517578, 58.15999984741211, 57.869998931884766, 58.2599983215332, 58.3599967956543, 58.54999923706055, 58.369998931884766, 58.82999801635742, 58.82999801635742, 58.69999694824219, 58.43000030517578, 58.53999710083008, 58.689998626708984, 58.54999923706055, 58.599998474121094, 58.47999954223633, 58.62999725341797, 58.369998931884766, 58.56999969482422], "wall_time": [9.551912069320679, 17.241251230239868, 25.01020383834839, 32.759000301361084, 40.546547174453735, 48.33878183364868, 55.9876070022583, 63.81836414337158, 71.53011512756348, 79.09454536437988, 86.7614438533783, 94.36037278175354, 102.06986093521118, 109.82513380050659, 117.56427693367004, 125.39547514915466, 132.98446607589722, 140.7942042350769, 148.54984784126282, 156.24981570243835, 164.07745003700256, 171.7501735687256, 179.398606300354, 187.0348207950592, 194.64546084403992, 202.39057326316833, 210.0212152004242, 217.68865704536438, 225.47500085830688, 233.20933318138123, 240.92587804794312, 248.66653728485107, 256.4278757572174, 264.17310881614685, 271.8794569969177, 279.67745327949524, 287.3814992904663, 295.1839129924774, 302.9753727912903, 310.7601535320282, 318.50198912620544, 326.06266617774963, 333.78832244873047, 341.4261510372162, 349.1836347579956, 356.7663109302521, 364.642333984375, 372.2126042842865, 379.89925384521484, 387.61018776893616, 395.43984723091125, 403.07230138778687, 410.8049237728119, 418.6000123023987, 426.3398952484131, 434.1393132209778, 441.8633522987366, 449.56405448913574, 457.32119131088257, 465.0924816131592, 472.84277868270874, 480.7204875946045, 488.4601962566376, 496.2913134098053, 504.0065276622772, 511.6267182826996, 519.4019558429718, 527.3445270061493, 535.0368337631226, 542.6049571037292, 550.2488281726837, 558.1809594631195, 565.9619789123535, 573.6708657741547, 581.3782379627228, 588.968207359314, 596.7167792320251, 604.3479504585266, 612.2165055274963, 620.0149550437927, 627.8052160739899, 635.5920476913452, 643.3053758144379, 651.0312888622284, 658.7631766796112, 666.5669851303101, 674.3835887908936, 682.2285342216492, 689.9874408245087, 697.8253252506256, 705.5898411273956, 713.2647342681885, 721.0419843196869, 728.6686971187592, 736.4231162071228, 744.0491032600403, 751.8721449375153, 759.4879953861237, 767.1848180294037, 774.967447757721], "val_loss": [3.957867273712158, 3.23280786857605, 3.0489255279541014, 3.0960385848999024, 2.6909926391601564, 2.7997702709198, 2.4269661251068113, 2.437244876098633, 2.45127654838562, 2.309015328979492, 2.52703903465271, 2.2258441896438597, 2.4213459968566893, 2.4332477890014648, 2.1395706855773926, 2.3846715717315674, 2.185034368133545, 2.3501042343139646, 2.1093425689697267, 2.227426166534424, 2.107135625076294, 2.2519724227905273, 2.212834233856201, 2.1312270931243895, 2.3019043910980224, 2.2353791744232177, 2.033238334274292, 2.356484510803223, 2.060862292480469, 2.1404628955841063, 2.135698671722412, 2.0469849071502684, 1.9896524703979492, 2.0747678106307985, 2.011125244140625, 2.0649581314086913, 2.0904359800338743, 2.1072791339874266, 2.0143083389282226, 2.0002438343048095, 2.063458046722412, 2.0465606651306154, 1.9990001987457275, 2.0442921829223635, 2.0507792259216306, 2.0211553058624268, 2.124716365814209, 2.0043519340515137, 2.0468640995025633, 2.092192908477783, 1.9715404945373536, 2.039632707595825, 2.0180663772583007, 2.065486847305298, 1.9639069133758544, 1.9233705959320069, 1.9332082195281983, 2.0198691398620605, 1.9927136253356934, 1.9822155666351318, 1.9981030834197997, 1.9719538543701172, 1.907937201690674, 2.0564775077819824, 1.9154954010009766, 1.9363669143676758, 1.9235740255355835, 1.9480331562042237, 1.9296198009490966, 1.8820910530090331, 1.9156666526794432, 1.9512941200256348, 1.889417769241333, 1.8852252290725708, 1.8802159648895265, 1.8517716148376464, 1.8506796504974365, 1.8541877113342284, 1.84973854637146, 1.8553150756835937, 1.835817225265503, 1.8435895027160645, 1.8490775276184082, 1.864432861328125, 1.8560082319259643, 1.8548287872314453, 1.8422724882125854, 1.8497650939941406, 1.843242014694214, 1.8416937717437745, 1.8438481506347657, 1.8395474334716797, 1.8440528995513916, 1.8391452556610108, 1.8537096910476685, 1.853543755531311, 1.8469868419647217, 1.8403940671920775, 1.848918915939331, 1.8491150506973266],