{"loss": [], "acc": [], "test_loss": [4.675601319122315, 4.287328733825683, 4.010404772567749, 3.8017093589782713, 3.737415309524536, 3.632481858444214, 3.6021811588287354, 3.753095163345337, 3.376727320098877, 3.4707624988555907, 3.291153260040283, 3.1862852760314944, 3.3152251178741454, 3.3000947486877443, 3.16104183883667, 3.467713208389282, 3.0503973445892334, 3.124223797225952, 3.0185348640441894, 3.1575694259643554, 3.0237241764068603, 3.051818019104004, 3.2478808261871337, 2.959948383331299, 3.4169209812164305, 3.1809596069335937, 2.9313063362121583, 3.1500933040618895, 3.10395622177124, 3.0051053619384764, 3.04035210647583, 3.1243104022979735, 3.1673699295043947, 3.0903156356811525, 3.2953548042297363, 3.1904858352661134, 3.207361120605469, 3.2293673740386963, 3.0399323234558104, 3.145281132888794, 3.35210583114624, 3.26655299949646, 3.22534453125, 3.1816701789855957, 3.2893294471740724, 3.3125856178283692, 3.0953317878723143, 3.250732332611084, 3.302300996398926, 3.7283814292907715, 3.5086791748046875, 3.308126529312134, 3.5307287799835203, 3.440707190322876, 3.295291202545166, 3.327174292373657, 3.6713625797271727, 3.496121401977539, 3.4050357528686526, 3.4100258556365968, 3.4606818214416504, 3.3989659034729005, 3.3386919841766356, 3.290751728820801, 3.3862592796325686, 3.367794665527344, 3.4214025062561033, 3.346240895843506, 3.366330313873291, 3.307929393386841, 3.3461190979003907, 3.313997612762451, 3.281136949920654, 3.2800298210144043, 3.2504941398620604, 3.269547463989258, 3.2590921283721923, 3.2471358402252197, 3.2469962730407715, 3.2512812713623047, 3.2362324768066406, 3.2405552604675294, 3.226650671386719, 3.223096448516846, 3.233455150985718, 3.2276788627624513, 3.2199869358062743, 3.219493830490112, 3.211483319091797, 3.2162708263397217, 3.209024753189087, 3.213336891555786, 3.216516625595093, 3.2009600933074953, 3.2320769340515136, 3.2133468139648436, 3.2182861846923827, 3.2198940116882326, 3.2137482727050783, 3.2166071739196775], "test_acc": [1.0, 5.119999885559082, 8.609999656677246, 10.40999984741211, 11.529999732971191, 13.069999694824219, 14.019999504089355, 12.479999542236328, 17.6299991607666, 16.779998779296875, 19.369998931884766, 20.149999618530273, 20.3799991607666, 21.010000228881836, 22.489999771118164, 19.329999923706055, 24.60999870300293, 23.35999870300293, 25.989999771118164, 25.049999237060547, 26.729999542236328, 25.59000015258789, 24.510000228881836, 28.399999618530273, 23.299999237060547, 26.239999771118164, 28.90999984741211, 27.010000228881836, 27.51999855041504, 29.84000015258789, 29.60999870300293, 29.3799991607666, 28.35999870300293, 30.139999389648438, 28.35999870300293, 30.53999900817871, 29.219999313354492, 29.279998779296875, 31.469999313354492, 31.799999237060547, 30.049999237060547, 31.51999855041504, 31.939998626708984, 32.529998779296875, 32.29999923706055, 31.889999389648438, 34.46999740600586, 33.79999923706055, 32.5099983215332, 29.670000076293945, 31.53999900817871, 34.02000045776367, 32.23999786376953, 33.619998931884766, 34.91999816894531, 36.29999923706055, 32.75, 34.5099983215332, 35.459999084472656, 35.68000030517578, 35.55999755859375, 36.02000045776367, 37.41999816894531, 38.47999954223633, 37.64999771118164, 38.189998626708984, 37.14999771118164, 38.93000030517578, 38.29999923706055, 38.72999954223633, 38.61000061035156, 38.540000915527344, 39.30999755859375, 39.369998931884766, 40.05999755859375, 39.52000045776367, 39.53999710083008, 39.80999755859375, 39.82999801635742, 39.81999969482422, 39.97999954223633, 40.0099983215332, 40.16999816894531, 40.21999740600586, 40.07999801635742, 40.119998931884766, 40.189998626708984, 40.369998931884766, 40.34000015258789, 40.61000061035156, 40.39999771118164, 40.349998474121094, 40.48999786376953, 40.53999710083008, 40.39999771118164, 40.30999755859375, 40.48999786376953, 40.369998931884766, 40.38999938964844, 40.48999786376953], "wall_time": [4.895048141479492, 8.065438270568848, 10.986490249633789, 13.982062816619873, 17.068690061569214, 20.213630437850952, 23.21493625640869, 26.131162405014038, 29.093674182891846, 31.952797889709473, 34.587634325027466, 37.38239121437073, 40.51738119125366, 43.425291538238525, 46.59016132354736, 49.65566611289978, 52.70396447181702, 55.75273895263672, 58.71973896026611, 61.8536422252655, 65.0411479473114, 67.92712783813477, 70.9992265701294, 73.87250781059265, 76.98884773254395, 79.8688976764679, 82.77053546905518, 85.7830228805542, 88.70797300338745, 91.6636106967926, 94.67425918579102, 97.66102242469788, 100.76838660240173, 103.82672643661499, 106.67635607719421, 109.47819828987122, 112.40734243392944, 115.34774351119995, 118.28616309165955, 121.1039366722107, 124.1066792011261, 127.18350148200989, 129.95557379722595, 132.96639442443848, 135.90589904785156, 139.06396174430847, 142.02078914642334, 145.0624759197235, 147.82408046722412, 150.76273798942566, 153.88846731185913, 156.80958890914917, 159.8684766292572, 162.89574527740479, 165.77777886390686, 168.68591141700745, 171.70972657203674, 174.68952345848083, 177.54071187973022, 180.5914649963379, 183.65756702423096, 186.53055620193481, 189.64426922798157, 192.44141292572021, 195.49351716041565, 198.27782368659973, 201.40238666534424, 204.3402976989746, 207.34058022499084, 210.33483028411865, 213.33672070503235, 216.28275871276855, 219.34114575386047, 222.42462182044983, 225.2741858959198, 228.17813158035278, 231.04201912879944, 234.07463383674622, 237.1113531589508, 240.00485134124756, 242.75041031837463, 245.68190479278564, 248.5844225883484, 251.55915999412537, 254.5590147972107, 257.5602717399597, 260.4989016056061, 263.43082427978516, 266.4751887321472, 269.238965511322, 272.2721345424652, 275.2855575084686, 278.26171350479126, 281.1921260356903, 284.14036226272583, 287.2219715118408, 290.3984839916229, 293.3526313304901, 296.3447663784027, 299.110830783844], "val_loss": [4.677381401062012, 4.276639836502075, 4.027648527145386, 3.8179446769714356, 3.7476870876312254, 3.637195287704468, 3.616680205535889, 3.754542338180542, 3.386061972427368, 3.4788119297027587, 3.3074994857788087, 3.1928731941223143, 3.360670044708252, 3.2823765422821043, 3.219393768310547, 3.475369443893433, 3.079916056442261, 3.1700979541778564, 3.0705840087890626, 3.1876114059448244, 3.0377104583740233, 3.0884757873535156, 3.2861469070434572, 2.9544353687286375, 3.4652058307647704, 3.2063842041015627, 2.968456525421143, 3.181592479324341, 3.1545189094543455, 3.04213127784729, 3.098537538909912, 3.1673641220092774, 3.157309951019287, 3.142300553894043, 3.3183969074249267, 3.2160093727111816, 3.227913061904907, 3.2678179962158205, 3.0601143520355225, 3.1752994636535643, 3.3944655513763426, 3.3187339763641357, 3.2566684146881104, 3.1808146560668944, 3.3546910984039306, 3.3557399852752687, 3.158559893417358, 3.269712746047974, 3.353324382400513, 3.761383413696289, 3.6168484329223634, 3.3506331405639647, 3.563164805984497, 3.5192559631347655, 3.325532440185547, 3.3652234352111816, 3.7167652835845946, 3.491598274230957, 3.4291917404174805, 3.449267586517334, 3.479021184539795, 3.4372930725097657, 3.4151520820617676, 3.374898667907715, 3.4227216022491453, 3.402498747634888, 3.4526981437683104, 3.3809118297576903, 3.3952933723449705, 3.356668190765381, 3.388916683578491, 3.3568494525909425, 3.318268966674805, 3.3177200302124024, 3.2979001411437987, 3.3197340087890623, 3.297806748580933, 3.291727099990845, 3.2891652740478516, 3.295493536376953, 3.280888415145874, 3.278240542602539, 3.271484275054932, 3.2586012809753417, 3.2618154289245607, 3.260631206512451, 3.2618455707550047, 3.2501949073791505, 3.245166870880127, 3.2501227272033693, 3.246170184326172, 3.253340686798096, 3.250667172241211, 3.240647632598877, 3.266058763885498, 3.2509195728302003, 3.2578272666931154, 3.2637426776885987, 3.257600074005127, 3.2548125785827637],