{"loss": [], "acc": [], "test_loss": [4.660233966827392, 4.198309053039551, 3.822034162902832, 3.7840227230072023, 3.66635934677124, 3.327762231826782, 3.5455571159362793, 3.139711504364014, 3.318440753173828, 3.0492986808776856, 2.925440514755249, 2.9504216361999513, 2.835108723449707, 3.057926551055908, 3.095377470397949, 2.9349425872802732, 2.907824663925171, 3.260968460083008, 3.205200074005127, 2.9668523765563966, 3.0262870529174806, 3.233036014556885, 3.225548973464966, 2.9199444778442385, 3.2263258934020995, 3.2510596481323244, 2.8400392890930175, 3.2843068359375, 3.0328353744506837, 2.9306144947052, 3.1305848972320556, 3.0652043270111085, 3.1172605003356932, 3.1021193408966066, 3.023313034057617, 3.0212027992248536, 3.2628584129333498, 3.011558950805664, 3.2611242279052735, 3.1585223155975344, 3.1986814178466796, 3.126503164291382, 3.410336226654053, 3.0573782852172853, 3.2580419166564942, 3.142895320892334, 3.297895269012451, 3.3300769302368165, 3.2723326316833496, 3.372886008834839, 3.2102207538604737, 3.314380876159668, 3.2757350730895998, 3.26582306060791, 3.2727698917388914, 3.1549187927246094, 3.1647150009155274, 3.161795050430298, 3.1611098220825196, 3.159253173828125, 3.091269037628174, 3.097662396621704, 3.086020945739746, 3.0568904747009276, 3.0562470832824706, 3.033426152038574, 3.0427041595458983, 3.0493666831970216, 3.0095329414367678, 3.031417092895508, 3.0155283966064452, 3.0012154258728025, 2.9980163055419924, 3.0058632583618166, 2.9649463302612307, 2.971747763442993, 2.9636768745422364, 2.946280587005615, 2.953412269973755, 2.943209400939941, 2.9331982082366945, 2.9213632320404055, 2.9319610324859617, 2.921904585647583, 2.9264901901245115, 2.92546157913208, 2.931414423751831, 2.923756247711182, 2.9168101139068603, 2.922896280670166, 2.91760747756958, 2.9224300006866457, 2.9207085525512695, 2.9092652057647705, 2.9159076763153076, 2.921735688018799, 2.9205938159942626, 2.919621014022827, 2.9120974632263184, 2.9310323863983156], "test_acc": [1.0, 6.769999980926514, 11.779999732971191, 12.789999961853027, 14.369999885559082, 18.239999771118164, 17.939998626708984, 22.189998626708984, 20.68000030517578, 24.869998931884766, 26.119998931884766, 26.189998626708984, 28.60999870300293, 25.760000228881836, 26.989999771118164, 28.219999313354492, 29.59000015258789, 24.28999900817871, 26.399999618530273, 30.369998931884766, 28.979999542236328, 26.56999969482422, 27.81999969482422, 32.130001068115234, 27.420000076293945, 27.279998779296875, 33.63999938964844, 28.119998931884766, 32.689998626708984, 33.11000061035156, 32.05999755859375, 32.55999755859375, 33.93000030517578, 32.54999923706055, 34.88999938964844, 35.57999801635742, 33.23999786376953, 34.91999816894531, 33.75, 35.04999923706055, 35.290000915527344, 35.66999816894531, 33.97999954223633, 37.46999740600586, 35.46999740600586, 37.23999786376953, 36.20000076293945, 35.369998931884766, 36.32999801635742, 35.599998474121094, 37.75, 36.86000061035156, 37.5099983215332, 38.029998779296875, 38.619998931884766, 39.62999725341797, 39.13999938964844, 39.97999954223633, 40.61000061035156, 40.30999755859375, 41.06999969482422, 41.05999755859375, 41.82999801635742, 42.39999771118164, 42.029998779296875, 42.16999816894531, 42.209999084472656, 42.529998779296875, 42.849998474121094, 42.349998474121094, 42.79999923706055, 42.72999954223633, 42.89999771118164, 42.41999816894531, 43.23999786376953, 42.7599983215332, 42.93000030517578, 43.209999084472656, 43.30999755859375, 43.66999816894531, 43.77000045776367, 43.599998474121094, 43.48999786376953, 43.47999954223633, 43.30999755859375, 43.61000061035156, 43.25, 43.47999954223633, 43.41999816894531, 43.36000061035156, 43.45000076293945, 43.32999801635742, 43.349998474121094, 43.36000061035156, 43.43000030517578, 43.55999755859375, 43.38999938964844, 43.38999938964844, 43.47999954223633, 43.22999954223633], "wall_time": [3.947819232940674, 6.823506116867065, 9.536525011062622, 12.34333872795105, 15.231367588043213, 18.156168937683105, 20.98437476158142, 23.845632791519165, 26.578270435333252, 29.62203025817871, 32.57271981239319, 35.416154623031616, 38.21030640602112, 40.975863456726074, 43.81938171386719, 46.57197284698486, 49.54962158203125, 52.45767903327942, 55.331876039505005, 58.240328311920166, 61.129823446273804, 63.742634296417236, 66.72304439544678, 69.50069832801819, 72.3598141670227, 75.1780526638031, 77.84366106987, 80.67160391807556, 83.41607165336609, 86.16716623306274, 89.05051493644714, 91.68735408782959, 94.38669037818909, 97.09561800956726, 99.91283988952637, 102.49923825263977, 105.30001974105835, 108.03804540634155, 110.81838941574097, 113.54985737800598, 116.3589940071106, 119.19171524047852, 121.9399151802063, 124.68714118003845, 127.76831674575806, 130.445081949234, 133.34929180145264, 136.12750697135925, 139.007807970047, 141.75952410697937, 144.70841360092163, 147.75290703773499, 150.54733800888062, 153.44674038887024, 156.30597829818726, 159.3089895248413, 162.04420852661133, 164.77620434761047, 167.46619153022766, 170.14380812644958, 172.93416261672974, 175.65834784507751, 178.52006649971008, 181.28267669677734, 184.00468063354492, 186.75497150421143, 189.72933554649353, 192.33223390579224, 194.99726748466492, 197.71196818351746, 200.566810131073, 203.270037651062, 205.9408097267151, 208.67385125160217, 211.69394326210022, 214.50527381896973, 217.47162652015686, 220.41087245941162, 223.21820759773254, 225.85777068138123, 228.78181648254395, 231.58610486984253, 234.34164428710938, 237.13180303573608, 239.91202759742737, 242.58722162246704, 245.2519292831421, 248.0150270462036, 250.6648383140564, 253.39785742759705, 256.1131021976471, 258.99984550476074, 261.8239653110504, 264.67692399024963, 267.52525901794434, 270.3406774997711, 273.13513588905334, 275.89276242256165, 278.8601198196411, 281.6090016365051], "val_loss": [4.660593064880371, 4.194530632781983, 3.8422867923736574, 3.7896812770843504, 3.6786957344055176, 3.3409359375, 3.588533240509033, 3.1965294731140137, 3.361457536315918, 3.1059235427856446, 2.9299568851470945, 2.997532210922241, 2.8850857284545897, 3.116892697143555, 3.1169256603240965, 2.992144012451172, 2.962450393676758, 3.249664179992676, 3.213242540740967, 2.9666028896331786, 3.0388868965148927, 3.2638826438903807, 3.237309281539917, 2.927801940917969, 3.2545767528533935, 3.297559395980835, 2.8836538536071776, 3.316871691131592, 3.081709958267212, 2.9603111709594727, 3.219874269104004, 3.0830004234313964, 3.144485311508179, 3.1330290042877196, 3.073242096710205, 3.0581390773773194, 3.2882778369903565, 3.02771060295105, 3.327104096984863, 3.2348004611968992, 3.2170836959838867, 3.153584983062744, 3.4210222934722903, 3.12932032661438, 3.2671675090789796, 3.1841192497253417, 3.318707237243652, 3.3317776664733887, 3.3219405319213866, 3.402635238265991, 3.224758194732666, 3.3094917682647704, 3.288859046936035, 3.297300573730469, 3.306767883682251, 3.1931467239379883, 3.211623766517639, 3.211515242385864, 3.1908326034545897, 3.168276247406006, 3.0875705772399904, 3.124830047607422, 3.1041300422668456, 3.083644839096069, 3.078094634628296, 3.0837032455444335, 3.0734477687835695, 3.0768675331115722, 3.0311549125671386, 3.042843434906006, 3.026835620880127, 3.0012814651489257, 3.018801422119141, 3.020277741622925, 2.98368271522522, 2.998842469024658, 2.9952716831207273, 2.9674885070800783, 2.9746602321624755, 2.9659339973449708, 2.955626767730713, 2.9419468154907227, 2.947458543777466, 2.940146785736084, 2.9422663204193116, 2.9466181735992434, 2.947058193206787, 2.941458268737793, 2.9335444953918457, 2.940972597503662, 2.932045058059692, 2.9347873916625975, 2.9367684707641604, 2.926005124664307, 2.9292121746063233, 2.9375580924987794, 2.9389826690673826, 2.9342506713867187, 2.9274037063598635, 2.9477747653961184],