{"loss": [], "acc": [], "test_loss": [3.8527656902313234, 3.0537418029785157, 2.912136242675781, 3.104383409500122, 2.790878337097168, 2.658424996185303, 2.360876725769043, 2.4695582874298094, 2.3441806827545166, 2.384679354095459, 2.201158992767334, 2.3791815208435056, 2.3259959007263182, 2.211650118255615, 2.169394983673096, 2.314302317810059, 2.205499772644043, 2.2965348857879637, 2.268655665206909, 2.400077550125122, 2.289163803100586, 2.2065242568969725, 2.150371355819702, 2.274814219665527, 2.120371195602417, 2.3517655895233154, 2.2567241233825683, 2.416011097717285, 2.273149331474304, 2.126405735015869, 2.3540175243377686, 2.600684976196289, 2.3545949424743653, 2.3306609844207764, 2.1486756549835206, 2.2739102628707886, 2.2333490543365477, 2.159456031036377, 2.424767762374878, 2.2087164218902586, 2.3973442207336424, 2.3160594867706297, 2.249213095855713, 2.4674790256500243, 2.1597569499969484, 2.2256232456207274, 2.292331630706787, 2.240163481903076, 2.417260399246216, 2.2340693588256837, 2.1166754119873046, 2.3094259679794313, 2.221641849899292, 2.3275246032714842, 2.18770950088501, 2.249221103668213, 2.2564785572052, 2.285483070373535, 2.2179846355438233, 2.331497592163086, 2.2632427806854247, 2.2592837089538573, 2.2284869201660156, 2.260013912963867, 2.239496677017212, 2.2758709838867186, 2.192501452255249, 2.20682780418396, 2.222835068511963, 2.175737826538086, 2.1314395233154295, 2.169560864639282, 2.1391679130554198, 2.121468744277954, 2.09207253036499, 2.0968488693237304, 2.100539953613281, 2.0789469291687013, 2.0694947067260743, 2.064329777908325, 2.0483820709228517, 2.0513794609069826, 2.045894557952881, 2.046331118774414, 2.0408816558837892, 2.0322358865737913, 2.025856499671936, 2.022763617324829, 2.037152942276001, 2.0306082641601564, 2.0346228523254393, 2.0348172622680663, 2.035448292541504, 2.025944714355469, 2.0299941968917845, 2.0181850414276123, 2.019602830886841, 2.031022734069824, 2.007965869140625, 2.02123300743103], "test_acc": [13.339999198913574, 23.579999923706055, 25.670000076293945, 22.459999084472656, 29.279998779296875, 31.94999885559082, 37.55999755859375, 35.55999755859375, 39.09000015258789, 38.32999801635742, 41.29999923706055, 38.57999801635742, 39.64999771118164, 41.2599983215332, 43.0, 40.47999954223633, 42.939998626708984, 40.88999938964844, 41.79999923706055, 39.72999954223633, 42.029998779296875, 42.96999740600586, 44.959999084472656, 43.029998779296875, 45.2599983215332, 41.96999740600586, 43.59000015258789, 40.82999801635742, 42.95000076293945, 45.41999816894531, 42.63999938964844, 39.09000015258789, 42.64999771118164, 44.31999969482422, 46.56999969482422, 44.68000030517578, 45.28999710083008, 47.02000045776367, 43.54999923706055, 46.09000015258789, 43.099998474121094, 45.439998626708984, 46.54999923706055, 43.90999984741211, 48.12999725341797, 47.22999954223633, 47.15999984741211, 48.099998474121094, 45.189998626708984, 48.72999954223633, 50.40999984741211, 48.7599983215332, 49.41999816894531, 48.529998779296875, 50.52000045776367, 49.48999786376953, 49.689998626708984, 49.959999084472656, 50.03999710083008, 49.52000045776367, 50.619998931884766, 51.2599983215332, 52.21999740600586, 51.54999923706055, 51.779998779296875, 51.84000015258789, 53.43000030517578, 53.09000015258789, 52.529998779296875, 53.939998626708984, 54.529998779296875, 54.14999771118164, 54.79999923706055, 55.21999740600586, 55.6099967956543, 54.94999694824219, 55.16999816894531, 56.0099983215332, 55.81999969482422, 55.79999923706055, 56.209999084472656, 56.25, 55.80999755859375, 56.31999969482422, 56.32999801635742, 56.25, 56.40999984741211, 56.32999801635742, 56.459999084472656, 56.40999984741211, 56.15999984741211, 56.369998931884766, 56.40999984741211, 56.59000015258789, 56.32999801635742, 56.59000015258789, 56.65999984741211, 56.57999801635742, 56.459999084472656, 56.30999755859375], "wall_time": [9.741889238357544, 16.591074466705322, 23.54727864265442, 30.41026735305786, 37.29829978942871, 44.14432215690613, 50.975862979888916, 57.803730487823486, 64.74008512496948, 71.56345176696777, 78.29267120361328, 85.20253896713257, 92.07392263412476, 99.02490282058716, 105.93729162216187, 112.88040614128113, 119.72848057746887, 126.65122175216675, 133.63909554481506, 140.50559782981873, 147.39884901046753, 154.25634622573853, 161.0959451198578, 167.92009329795837, 174.82257652282715, 181.85038495063782, 188.70893788337708, 195.64529252052307, 202.38078117370605, 209.24483180046082, 216.13760995864868, 223.07884526252747, 229.90832543373108, 236.80636763572693, 243.61745023727417, 250.35395622253418, 257.2166919708252, 264.10973501205444, 271.0015535354614, 277.83068680763245, 284.68574118614197, 291.5259282588959, 298.42608666419983, 305.2937843799591, 312.1231298446655, 318.96766471862793, 325.99647188186646, 332.8424484729767, 339.6111423969269, 346.3322334289551, 353.19551038742065, 360.0997476577759, 367.06078577041626, 373.97239327430725, 380.81679224967957, 387.66301441192627, 394.6135792732239, 401.52190613746643, 408.3735845088959, 415.2034635543823, 422.14028787612915, 429.07736706733704, 436.02639055252075, 442.947722196579, 449.82759976387024, 456.7180268764496, 463.6053864955902, 470.4937810897827, 477.3430414199829, 484.26115798950195, 491.20798206329346, 498.1647319793701, 505.02562260627747, 511.91774320602417, 518.8078370094299, 525.630010843277, 532.5370888710022, 539.4055573940277, 546.3125643730164, 553.2132837772369, 560.1169245243073, 566.9887125492096, 573.9408185482025, 580.8522400856018, 587.7047629356384, 594.6530609130859, 601.5708351135254, 608.5223546028137, 615.3835699558258, 622.270295381546, 629.174643278122, 636.033753156662, 642.9575202465057, 649.8077189922333, 656.64035820961, 663.4778430461884, 670.3510918617249, 677.2381000518799, 684.0583868026733, 690.9954152107239], "val_loss": [3.8631224155426027, 3.052163671875, 2.934476231765747, 3.1567784423828127, 2.823912337112427, 2.69423314743042, 2.385500768661499, 2.4874441150665283, 2.35215210647583, 2.4034819255828856, 2.2167732345581053, 2.4066103664398195, 2.356922720336914, 2.2348857223510743, 2.183877270126343, 2.345858662033081, 2.2141921726226808, 2.284157971572876, 2.293090045928955, 2.4111240570068357, 2.3125036205291747, 2.2160994400024414, 2.1328789546966553, 2.269379235458374, 2.148638161277771, 2.3429489646911623, 2.298266616821289, 2.4190384922027586, 2.274985125541687, 2.0985606117248534, 2.370993933105469, 2.5853220699310304, 2.3806370517730713, 2.331998477935791, 2.1627100524902345, 2.286413137435913, 2.2311728763580323, 2.1941272735595705, 2.4361129638671875, 2.218288717651367, 2.416114710998535, 2.289300581741333, 2.224052236557007, 2.4573010833740234, 2.196711520767212, 2.2299592781066893, 2.289857194519043, 2.269406245994568, 2.4486722911834717, 2.248337795829773, 2.131130481338501, 2.295315157699585, 2.209524404525757, 2.3422940200805664, 2.208388673591614, 2.2405930183410643, 2.268790438079834, 2.2912243186950683, 2.2312204959869386, 2.3610687967300414, 2.243886770629883, 2.2294991394042967, 2.200323134422302, 2.2552513793945312, 2.2226800838470457, 2.2676525297164916, 2.1643521118164064, 2.18480336265564, 2.2067916763305666, 2.1609433629989625, 2.14186014251709, 2.161570750617981, 2.1389961082458497, 2.1172878480911255, 2.0939728591918945, 2.081418871498108, 2.0918293643951418, 2.058400245857239, 2.0569912601470945, 2.0324675590515136, 2.033434997177124, 2.044490747833252, 2.022017830657959, 2.0334432781219483, 2.0231916217803954, 2.021893063735962, 2.01087571182251, 2.007944849395752, 2.016658331680298, 2.01617151222229, 2.0190955989837645, 2.019161333847046, 2.021532402420044, 2.0091025482177733, 2.0108394924163817, 2.0053153316497805, 2.006834761428833, 2.011668603897095, 1.9921903438568116, 2.0070638832092285],