{"loss": [], "acc": [], "test_loss": [3.9161833919525146, 3.2646930614471437, 3.0538030212402343, 2.9017494491577147, 2.6099672424316407, 2.650772035217285, 2.46781621131897, 2.394312313461304, 2.342655171203613, 2.4755270656585693, 2.4716483219146728, 2.3712092323303224, 2.177369250869751, 2.2231897140502928, 2.230856511306763, 2.5160526473999023, 2.3885589977264403, 2.2773711065292357, 2.2098107917785645, 2.133944843864441, 2.4286445297241213, 2.0817838706970213, 2.2217642425537107, 2.171030324172974, 2.5292262477874754, 2.1862954504013064, 2.210972700881958, 2.1755345737457277, 2.263457204437256, 2.269190683746338, 2.199030104637146, 2.4250857749938963, 2.327500411605835, 2.3639149585723875, 2.2598552639007567, 2.3066566226959226, 2.140484945297241, 2.146973183822632, 2.227705254745483, 2.101070118713379, 2.265913425064087, 2.3101094108581544, 2.162785140419006, 2.154925218963623, 2.194938826751709, 2.2551451919555663, 2.2887115825653077, 2.2416691730499267, 2.3966137298583985, 2.1827968608856203, 2.240758124923706, 2.3238880992889404, 2.1416052602767945, 2.1800221963882445, 2.2862032649993895, 2.3178623359680177, 2.2412715995788575, 2.435740273284912, 2.2280071098327636, 2.1236186988830568, 2.2504684299468996, 2.2774219314575195, 2.211910655593872, 2.156522787475586, 2.1761185779571535, 2.1241713508605957, 2.3321957275390623, 2.138413729095459, 2.0900798027038574, 2.1342966148376465, 2.142553141784668, 2.1041872077941894, 2.1350683231353758, 2.1012530143737793, 2.101534410858154, 2.1468415100097658, 2.0860857223510743, 2.08211960067749, 2.0796997802734376, 2.066828653717041, 2.0529488105773925, 2.054210449028015, 2.0547686065673827, 2.0604422523498536, 2.0362454303741453, 2.047614500045776, 2.048001575088501, 2.030714320373535, 2.0265662837982177, 2.0422892265319823, 2.0332891693115234, 2.0255794952392576, 2.0224599666595457, 2.0329838123321533, 2.0392579795837404, 2.0368209045410155, 2.0237293298721313, 2.0266162109375, 2.0378335479736327, 2.037646301078796], "test_acc": [11.239999771118164, 19.439998626708984, 24.56999969482422, 26.459999084472656, 31.81999969482422, 31.59000015258789, 34.30999755859375, 35.939998626708984, 37.81999969482422, 36.849998474121094, 35.27000045776367, 38.529998779296875, 41.45000076293945, 40.43000030517578, 41.61000061035156, 35.87999725341797, 38.45000076293945, 41.32999801635742, 42.31999969482422, 43.86000061035156, 38.96999740600586, 44.77000045776367, 43.099998474121094, 43.22999954223633, 37.5099983215332, 43.88999938964844, 44.54999923706055, 44.439998626708984, 43.23999786376953, 43.65999984741211, 44.619998931884766, 40.11000061035156, 43.55999755859375, 42.68000030517578, 43.77000045776367, 43.65999984741211, 46.30999755859375, 45.46999740600586, 45.68000030517578, 47.19999694824219, 44.14999771118164, 44.45000076293945, 46.37999725341797, 47.2599983215332, 45.63999938964844, 45.279998779296875, 45.619998931884766, 46.82999801635742, 45.18000030517578, 48.28999710083008, 47.529998779296875, 46.28999710083008, 48.11000061035156, 48.71999740600586, 47.40999984741211, 47.56999969482422, 48.38999938964844, 47.40999984741211, 49.04999923706055, 51.05999755859375, 49.97999954223633, 49.63999938964844, 50.2599983215332, 52.39999771118164, 51.32999801635742, 52.43000030517578, 50.119998931884766, 53.41999816894531, 54.1099967956543, 53.32999801635742, 53.47999954223633, 53.71999740600586, 54.099998474121094, 54.48999786376953, 54.94999694824219, 54.43000030517578, 55.62999725341797, 55.31999969482422, 55.599998474121094, 55.59000015258789, 56.05999755859375, 56.279998779296875, 55.94999694824219, 56.13999938964844, 56.41999816894531, 56.47999954223633, 56.27000045776367, 56.619998931884766, 56.30999755859375, 56.369998931884766, 56.40999984741211, 56.48999786376953, 56.75, 56.689998626708984, 56.48999786376953, 56.46999740600586, 56.69999694824219, 56.82999801635742, 56.6099967956543, 56.78999710083008], "wall_time": [8.067222595214844, 14.876151084899902, 21.64770007133484, 28.43675971031189, 35.04663848876953, 41.6442186832428, 48.311944246292114, 54.87847137451172, 61.599549293518066, 68.19706773757935, 74.87641263008118, 81.54259395599365, 88.24139976501465, 94.97287702560425, 101.68520712852478, 108.39091444015503, 115.08507347106934, 121.85534000396729, 128.52227139472961, 135.2625105381012, 141.83331441879272, 148.4720058441162, 155.243097782135, 161.8440818786621, 168.5698435306549, 175.330579996109, 182.15799713134766, 188.85936760902405, 195.48960518836975, 202.25634860992432, 209.03275871276855, 215.72067165374756, 222.27651405334473, 228.941819190979, 235.65742564201355, 242.42743754386902, 249.0244324207306, 255.60680508613586, 262.44179677963257, 269.1851530075073, 275.8328402042389, 282.4466927051544, 289.14235043525696, 295.7886142730713, 302.4284601211548, 308.9638831615448, 315.6864821910858, 322.3944602012634, 329.2249119281769, 335.8599717617035, 342.54218554496765, 349.2633156776428, 355.9500262737274, 362.5792787075043, 369.3357548713684, 375.8465082645416, 382.51881647109985, 389.1329267024994, 395.7917101383209, 402.48538732528687, 409.02157068252563, 415.6432340145111, 422.33322739601135, 429.1198236942291, 435.76104950904846, 442.6137056350708, 449.26701831817627, 455.9051311016083, 462.6436700820923, 469.3574216365814, 476.1347346305847, 482.76998353004456, 489.47047877311707, 496.13042068481445, 502.668283700943, 509.2929792404175, 516.0487477779388, 522.5971326828003, 529.2944464683533, 535.9265623092651, 542.6001107692719, 549.302102804184, 555.8582787513733, 562.4918076992035, 569.2518885135651, 575.9160389900208, 582.5433161258698, 589.2460398674011, 595.9819147586823, 602.669007062912, 609.3461890220642, 615.971839427948, 622.713280916214, 629.3163063526154, 635.9930818080902, 642.7001948356628, 649.4254322052002, 656.1032950878143, 662.8023974895477, 669.4891095161438], "val_loss": [3.9541836612701418, 3.3024640689849853, 3.094290068054199, 2.9130401695251464, 2.631488577270508, 2.6691760818481445, 2.477656137084961, 2.429667579650879, 2.3698424018859865, 2.5034993576049804, 2.4768296604156492, 2.4256122743606565, 2.2216394840240477, 2.239260028076172, 2.245886072921753, 2.553330581665039, 2.410242766571045, 2.2872593673706056, 2.2485481048583984, 2.147395700073242, 2.468245032501221, 2.0795644435882568, 2.2684942527770997, 2.199008996963501, 2.5832741905212404, 2.200827962112427, 2.236487362098694, 2.1709530639648436, 2.2841075183868407, 2.30602939453125, 2.231619588851929, 2.420589351272583, 2.3539388484954835, 2.3707754173278808, 2.3414648178100586, 2.2946640396118165, 2.1477809230804445, 2.1600197383880615, 2.2206265441894533, 2.1114949083328245, 2.2654767181396482, 2.310054768753052, 2.1923056102752687, 2.1461949010849, 2.2284617301940917, 2.235077010154724, 2.3198132659912107, 2.239047798538208, 2.3784421867370606, 2.1701486724853516, 2.2448165325164795, 2.3183095249176024, 2.1262893621444703, 2.166507001876831, 2.292901545333862, 2.295115223312378, 2.235677829360962, 2.4249130966186523, 2.2314385585784913, 2.1146338062286376, 2.2398472034454344, 2.260479507064819, 2.1908072303771973, 2.145058261871338, 2.1720548789978027, 2.1188825126647948, 2.2946298309326174, 2.124957944869995, 2.078503854560852, 2.1161063123703, 2.1272719062805177, 2.0820541162490844, 2.110292120552063, 2.0726216346740722, 2.0632602643966673, 2.095710638427734, 2.035761647796631, 2.044838941574097, 2.0407893299102784, 2.028905722808838, 2.006930885696411, 2.0088034093856812, 1.9994028898239136, 2.015977336883545, 1.989574409866333, 1.9971016557693482, 1.992588770675659, 1.9813705596923827, 1.9752992296218872, 1.987205696105957, 1.979140174293518, 1.9720186040878296, 1.9735105697631836, 1.983662409210205, 1.9882942457199098, 1.9838276771545411, 1.9758983474731446, 1.9771582651138306, 1.9845966255187988, 1.98950551071167],