{"loss": [], "acc": [], "test_loss": [3.737897841644287, 3.499758504486084, 3.2817197937011717, 2.7600416431427, 2.7827069942474365, 2.4979708278656005, 2.584187062072754, 2.6982998596191408, 2.40545659866333, 2.552447392654419, 2.317409008407593, 2.1341358432769777, 2.3516162185668947, 2.2394043518066407, 2.2095501735687257, 2.354107369995117, 2.3068408267974854, 2.234384398269653, 2.152707632446289, 2.149268869781494, 2.275269306945801, 2.2687881790161133, 2.2198909160614013, 2.2519970539093017, 2.2831444021224976, 2.178043197250366, 2.1631155994415283, 2.16576162776947, 2.174718526649475, 2.2483783153533934, 2.219455487060547, 2.1783742074966432, 2.203442531967163, 2.175007847976685, 2.327709571838379, 2.1718580947875976, 2.1809297914505006, 2.426382594680786, 2.27834038734436, 2.26354124546051, 2.427763648605347, 2.3845033027648928, 2.269976463890076, 2.246869741821289, 2.2219338066101075, 2.2602795593261717, 2.181297860336304, 2.203318714904785, 2.1871827854156494, 2.3046948432922365, 2.214580619430542, 2.2915677612304686, 2.18826236038208, 2.4238221771240234, 2.260005483627319, 2.3403351951599123, 2.1841259284973145, 2.223204919052124, 2.252229192352295, 2.2267219715118407, 2.189377532196045, 2.141130421447754, 2.2616534168243407, 2.2150585498809816, 2.1323571266174315, 2.1422286876678465, 2.084264821624756, 2.097619128036499, 2.0845302825927736, 2.0659308933258056, 2.069813868713379, 2.051673279571533, 2.0267715557098387, 2.0254689037322997, 1.9873761238098144, 1.9715751447677612, 1.9797250255584717, 1.9680122509002687, 1.9711824504852296, 1.9646457998275757, 1.9562799980163574, 1.9599721845626832, 1.9425538612365723, 1.9351182636260986, 1.9413310972213744, 1.938085489654541, 1.9269289798736573, 1.926966607284546, 1.9152957233428956, 1.9232573568344116, 1.9167222246170044, 1.9203725437164307, 1.9097943119049072, 1.9184832942962646, 1.9202885499954223, 1.9168603870391845, 1.9169524953842163, 1.9122604278564452, 1.9237851575851441, 1.9175884191513062], "test_acc": [13.1899995803833, 16.649999618530273, 20.44999885559082, 28.979999542236328, 28.0, 34.15999984741211, 33.790000915527344, 33.80999755859375, 36.64999771118164, 34.959999084472656, 39.80999755859375, 43.09000015258789, 38.779998779296875, 41.40999984741211, 41.62999725341797, 40.209999084472656, 41.05999755859375, 42.56999969482422, 42.80999755859375, 43.53999710083008, 41.47999954223633, 42.16999816894531, 43.97999954223633, 44.28999710083008, 43.21999740600586, 44.5, 44.96999740600586, 45.54999923706055, 45.07999801635742, 44.86000061035156, 44.97999954223633, 45.439998626708984, 45.44999694824219, 46.689998626708984, 44.32999801635742, 46.66999816894531, 46.56999969482422, 43.59000015258789, 45.54999923706055, 46.029998779296875, 43.70000076293945, 45.43000030517578, 46.59000015258789, 46.90999984741211, 46.959999084472656, 46.599998474121094, 48.15999984741211, 48.73999786376953, 49.5099983215332, 47.63999938964844, 48.65999984741211, 48.94999694824219, 49.90999984741211, 47.04999923706055, 49.69999694824219, 48.779998779296875, 51.59000015258789, 50.54999923706055, 50.07999801635742, 51.27000045776367, 52.16999816894531, 53.48999786376953, 51.69999694824219, 52.03999710083008, 53.75, 53.709999084472656, 55.0, 54.439998626708984, 55.04999923706055, 55.41999816894531, 55.98999786376953, 55.28999710083008, 55.939998626708984, 56.23999786376953, 56.529998779296875, 56.84000015258789, 56.529998779296875, 56.8599967956543, 57.13999938964844, 56.89999771118164, 56.89999771118164, 56.689998626708984, 56.93000030517578, 57.37999725341797, 57.28999710083008, 56.90999984741211, 57.02000045776367, 57.09000015258789, 57.23999786376953, 57.099998474121094, 57.13999938964844, 57.099998474121094, 57.13999938964844, 56.89999771118164, 56.869998931884766, 57.209999084472656, 57.21999740600586, 57.12999725341797, 57.16999816894531, 56.959999084472656], "wall_time": [11.405006885528564, 19.098172187805176, 26.789678812026978, 34.52026057243347, 42.17627286911011, 49.88536810874939, 57.50024914741516, 65.25278496742249, 72.94499254226685, 80.59856176376343, 88.27203059196472, 95.89981317520142, 103.52811288833618, 111.23365116119385, 118.8753912448883, 126.54871940612793, 134.25725650787354, 141.94930982589722, 149.6285297870636, 157.41392254829407, 165.08250260353088, 172.78543615341187, 180.55497121810913, 188.26982474327087, 195.9430570602417, 203.62728667259216, 211.30260705947876, 218.98763179779053, 226.71815013885498, 234.4286458492279, 242.03286504745483, 249.76975512504578, 257.419602394104, 265.10788464546204, 272.7895767688751, 280.4921200275421, 288.16809916496277, 295.8118214607239, 303.473486661911, 311.1521317958832, 318.82138228416443, 326.4256041049957, 334.1056385040283, 341.73598289489746, 349.407479763031, 357.07717418670654, 364.74757385253906, 372.3785638809204, 380.0831928253174, 387.75500655174255, 395.41146969795227, 403.1026973724365, 410.80261850357056, 418.53192019462585, 426.27701592445374, 433.96339988708496, 441.59412956237793, 449.33669209480286, 456.99090099334717, 464.7424154281616, 472.4434161186218, 480.0731384754181, 487.77627754211426, 495.4227695465088, 503.11761474609375, 510.84021854400635, 518.5710752010345, 526.232996225357, 533.9134428501129, 541.5785901546478, 549.2601640224457, 556.9057657718658, 564.5839867591858, 572.2729196548462, 579.8819568157196, 587.5435163974762, 595.1970770359039, 602.8165624141693, 610.4967720508575, 618.1976556777954, 625.8896794319153, 633.6028938293457, 641.227777004242, 648.8838884830475, 656.5608632564545, 664.2066051959991, 671.8520150184631, 679.545125246048, 687.1976318359375, 694.8613574504852, 702.5530261993408, 710.2495810985565, 717.9319779872894, 725.5885195732117, 733.2367119789124, 740.9334871768951, 748.6227338314056, 756.2766616344452, 763.8647706508636, 771.5247240066528], "val_loss": [3.7586147808074952, 3.5231414649963377, 3.295314500427246, 2.7875596973419188, 2.8097214855194093, 2.5494393348693847, 2.595001277923584, 2.721040006637573, 2.4382909980773926, 2.5512924728393553, 2.3625525817871096, 2.171066226196289, 2.4103329669952394, 2.2728109539031984, 2.2107412410736083, 2.3749809371948243, 2.346744430923462, 2.262927153778076, 2.1466832902908326, 2.1279273624420165, 2.29858140335083, 2.28642441368103, 2.264143759918213, 2.2900404148101807, 2.327346577835083, 2.2133736793518066, 2.1960392253875733, 2.198044820213318, 2.18105909576416, 2.3052847957611085, 2.2589107765197753, 2.1976389720916747, 2.191549615287781, 2.201503447341919, 2.3590494575500487, 2.1866505573272703, 2.2197994634628295, 2.4404224157333374, 2.251542247390747, 2.264359100151062, 2.410777291107178, 2.4111573135375974, 2.2754479736328124, 2.2796937936782835, 2.238807573699951, 2.2886622970581056, 2.20449559173584, 2.2228510402679444, 2.1993773571014406, 2.282703807067871, 2.2047208641052247, 2.2821412300109865, 2.2074238636016847, 2.4316414054870608, 2.23269813079834, 2.3253005741119384, 2.197703742980957, 2.2323321834564207, 2.242624205780029, 2.2514640865325926, 2.184823196411133, 2.1344668745040893, 2.276507515525818, 2.2317290309906004, 2.134902527999878, 2.1164797370910646, 2.0836582065582276, 2.0913579467773435, 2.0932035423278808, 2.045639907646179, 2.0345615667343138, 2.022122736930847, 1.9909029640197753, 1.9826079668045045, 1.95333197555542, 1.955377458190918, 1.9481683561325074, 1.9455489601135254, 1.9310376831054687, 1.9313947097778321, 1.926615863609314, 1.9185438816070557, 1.9066288576126098, 1.9014315017700196, 1.9033165748596192, 1.899826851272583, 1.8933353939056397, 1.8920141994476318, 1.8828272121429444, 1.8907706001281739, 1.8858165660858155, 1.8868252143859863, 1.879722368812561, 1.8844680221557617, 1.8893050441741943, 1.8795112201690674, 1.884042551422119, 1.881912914276123, 1.8949578994750977, 1.8857516092300415],