{"loss": [], "acc": [], "test_loss": [4.640233843994141, 4.759384312438965, 4.8676655410766605, 4.392557823181153, 4.1609404296875, 4.742588642120361, 4.439551214599609, 4.233763549804688, 4.260183122253418, 4.473361569976807, 4.309945903015136, 4.590402825164795, 4.288478475952148, 4.213110192108155, 4.462900706481934, 4.332261419677734, 4.910949114227295, 4.218046253967285, 4.52373035736084, 4.650341046905518, 4.292593963623047, 4.543129175567627, 4.721668399810791, 4.387702801513672, 4.390600548553467, 4.434302526092529, 4.356647622680664, 4.555146910858154, 4.512527888488769, 4.547980708312989, 4.637707144927979, 4.607438963317871, 4.58887366027832, 4.366074095153809, 4.483588528442382, 4.469991222381592, 4.42200821609497, 4.4281983551025395, 4.5246063331604, 4.391940664672852, 4.362995410919189, 4.332143851470947, 4.304836716842652, 4.269555889892578, 4.305709304809571, 4.251019519042969, 4.2268245456695555, 4.202837524414062, 4.198898705291748, 4.160676015090942, 4.141583264923096, 4.112931583404541, 4.173765322875976, 4.139421593475342, 4.094529531478882, 4.101690142822266, 4.114881446075439, 4.075357693481445, 4.049175880813599, 4.035306814575195, 4.008609460449219, 4.003085939788819, 4.0039776435852055, 3.994548120880127, 3.9845914527893065, 3.976551705932617, 3.976373159790039, 3.9600842372894287, 3.9591690650939944, 3.9626085098266604, 3.955846322250366, 3.9495625053405763, 3.9558874328613283, 3.9524737014770506, 3.943520864868164, 3.9480248924255372, 3.942041022491455, 3.9425299060821533, 3.931844597244263, 3.933381435775757, 3.917821132659912, 3.9164808658599854, 3.9292034019470217, 3.927437949371338, 3.9187099601745605, 3.911850141906738, 3.916600255584717, 3.9121792152404784, 3.9237751705169677, 3.921617307281494, 3.9146273822784425, 3.927157341003418, 3.9265190475463867, 3.9277525058746336, 3.920454351425171, 3.916018653869629, 3.9270086444854737, 3.9201369739532472, 3.9203874855041505, 3.9260058879852293], "test_acc": [1.0, 1.0, 1.0, 3.8899998664855957, 8.399999618530273, 6.849999904632568, 8.609999656677246, 11.960000038146973, 10.84999942779541, 12.229999542236328, 12.859999656677246, 13.399999618530273, 14.25, 15.339999198913574, 14.589999198913574, 15.799999237060547, 16.44999885559082, 17.670000076293945, 16.989999771118164, 16.15999984741211, 19.739999771118164, 18.309999465942383, 18.510000228881836, 20.029998779296875, 20.25, 21.40999984741211, 21.639999389648438, 20.760000228881836, 20.869998931884766, 21.219999313354492, 20.689998626708984, 21.19999885559082, 22.260000228881836, 23.760000228881836, 23.049999237060547, 23.19999885559082, 23.739999771118164, 23.309999465942383, 23.439998626708984, 23.989999771118164, 24.90999984741211, 25.40999984741211, 25.56999969482422, 25.489999771118164, 25.84000015258789, 26.709999084472656, 26.25, 26.1299991607666, 26.559999465942383, 27.010000228881836, 27.19999885559082, 27.389999389648438, 27.34000015258789, 27.51999855041504, 27.65999984741211, 27.689998626708984, 27.31999969482422, 27.51999855041504, 27.8799991607666, 28.15999984741211, 28.40999984741211, 28.149999618530273, 28.10999870300293, 28.369998931884766, 28.439998626708984, 28.399999618530273, 28.719999313354492, 28.779998779296875, 28.670000076293945, 28.989999771118164, 28.90999984741211, 28.989999771118164, 29.0, 29.03999900817871, 29.03999900817871, 29.219999313354492, 29.139999389648438, 29.009998321533203, 29.119998931884766, 29.10999870300293, 29.099998474121094, 29.209999084472656, 29.06999969482422, 29.059999465942383, 29.009998321533203, 28.90999984741211, 28.829999923706055, 28.92999839782715, 28.979999542236328, 28.90999984741211, 29.009998321533203, 29.029998779296875, 29.009998321533203, 29.01999855041504, 29.189998626708984, 29.119998931884766, 29.229999542236328, 28.969999313354492, 29.059999465942383, 29.079999923706055], "wall_time": [5.104837417602539, 7.675471782684326, 10.069746017456055, 12.487174034118652, 14.922199487686157, 17.327012062072754, 19.753315210342407, 22.177149057388306, 24.6393404006958, 27.06347918510437, 29.467026710510254, 31.88439965248108, 34.31927514076233, 36.77127265930176, 39.23778986930847, 41.683648109436035, 44.118520975112915, 46.55719971656799, 48.99487638473511, 51.41553092002869, 53.88465905189514, 56.331735610961914, 58.79964303970337, 61.24706768989563, 63.64065861701965, 66.09310817718506, 68.5222864151001, 70.96867108345032, 73.39898991584778, 75.84224891662598, 78.25181269645691, 80.6738600730896, 83.08685207366943, 85.52826476097107, 87.9159288406372, 90.32804703712463, 92.74907946586609, 95.2227566242218, 97.65587425231934, 100.06824326515198, 102.50304818153381, 104.9159164428711, 107.3660774230957, 109.8457863330841, 112.2739691734314, 114.68941140174866, 117.17882442474365, 119.55586385726929, 121.9942877292633, 124.44414210319519, 126.86858224868774, 129.28963112831116, 131.68791580200195, 134.09734439849854, 136.51892709732056, 138.9334785938263, 141.33445620536804, 143.75456404685974, 146.1915304660797, 148.6184995174408, 151.08135509490967, 153.5320062637329, 155.9628927707672, 158.36534452438354, 160.79930019378662, 163.23429369926453, 165.68751001358032, 168.132506608963, 170.58249235153198, 172.98619890213013, 175.43612217903137, 177.89910984039307, 180.2995343208313, 182.7040708065033, 185.138414144516, 187.6251142024994, 190.04034447669983, 192.49569129943848, 194.89627695083618, 197.3473255634308, 199.82718682289124, 202.2382915019989, 204.69748258590698, 207.1347577571869, 209.56096267700195, 212.0205433368683, 214.48001265525818, 216.91459941864014, 219.34234142303467, 221.77256512641907, 224.1917688846588, 226.5751039981842, 229.01295447349548, 231.4572446346283, 233.85473227500916, 236.29237914085388, 238.76071906089783, 241.2002899646759, 243.66143774986267, 246.1381196975708], "val_loss": [4.641447547149658, 4.762905411529541, 4.8641179695129395, 4.397768212127685, 4.160091551971435, 4.750225109100342, 4.410753527450561, 4.216280031585693, 4.247900537109375, 4.4436859603881835, 4.3192606472015385, 4.591491669464111, 4.351627870941162, 4.205980895996094, 4.44006180267334, 4.3735052001953125, 4.9336179382324215, 4.185382312011718, 4.547168490600586, 4.663211235809326, 4.282826206207275, 4.511988652038574, 4.702195175170899, 4.394885740661621, 4.368913484191895, 4.449238952636719, 4.372471942138672, 4.559884284973145, 4.4832002052307125, 4.5415966796875, 4.596731025695801, 4.633143629455566, 4.594411817169189, 4.383155562591552, 4.4640337863922115, 4.473243627166748, 4.42930054397583, 4.463821668243408, 4.530274845123291, 4.434758852386475, 4.398461655807495, 4.346472445678711, 4.3063772171020505, 4.267883907318115, 4.296915492630005, 4.27890391998291, 4.255212313842773, 4.225599670410157, 4.2123637241363525, 4.168856339263916, 4.160640056610108, 4.141181029891968, 4.212894664001465, 4.155828575134278, 4.1154376369476315, 4.130942691040039, 4.132301971054077, 4.093527014541626, 4.067887176895142, 4.063360873413086, 4.037965361022949, 4.02918657913208, 4.027301123046875, 4.017535371017456, 4.007840076065063, 4.003752910614014, 4.004853194046021, 3.9941588497161864, 3.9922372924804685, 3.9986216159820556, 3.990146049118042, 3.9837380558013917, 3.983435171508789, 3.980569555282593, 3.969220445251465, 3.970807939529419, 3.9684722301483153, 3.9666002517700196, 3.958249520492554, 3.9564704833984377, 3.9435465217590333, 3.9426915676116945, 3.953868075942993, 3.9499975399017333, 3.942574227523804, 3.9368110031127928, 3.942161950302124, 3.9376270336151125, 3.948845393753052, 3.947684605789185, 3.9405408351898195, 3.951084076309204, 3.950602034378052, 3.9537685577392576, 3.9452836154937745, 3.940304880142212, 3.9513935733795167, 3.947309136199951, 3.9467194511413575, 3.9526075523376463],