{"loss": [], "acc": [], "test_loss": [3.9368398109436034, 4.099331731033325, 3.6856877208709715, 2.908414992904663, 3.0439819149017335, 2.544953400039673, 2.5459933280944824, 2.4789241020202635, 2.593580703353882, 2.386759943008423, 2.4329835594177247, 2.3714831184387206, 2.372988045501709, 2.379191620635986, 2.2753220016479494, 2.2233144813537598, 2.2954542598724363, 2.430669966506958, 2.2455007389068604, 2.135565416908264, 2.2169579872131346, 2.233049132156372, 2.0821750396728516, 2.202285001182556, 2.1683397018432617, 2.086407653808594, 2.0134331615448, 2.236166416931152, 2.1707943687438966, 2.107593550491333, 1.9905461357116698, 2.219629409599304, 2.0328165515899657, 2.1770427547454836, 2.096701794052124, 2.1813755199432374, 2.0023629024505616, 2.082736975097656, 1.9890552139282227, 2.1383846416473387, 2.0616917835235595, 2.087764555358887, 2.0109093198776247, 2.096568643760681, 1.9995964725494384, 2.083026797103882, 2.018508351135254, 1.913792059135437, 2.052345164489746, 2.003855865859985, 1.9820746562957763, 1.9533379878997803, 2.0400408824920655, 1.9834029315948487, 1.9540026889801025, 2.055867475128174, 1.9143007202148437, 1.9966777549743653, 2.0224413402557375, 1.972324642944336, 1.9221240951538086, 1.935668883895874, 1.8902818786621094, 1.9460536092758178, 1.8883921922683715, 1.9013236770629882, 2.0568324729919434, 1.9297810844421386, 1.9527396560668946, 1.8940211271286012, 1.9023552158355712, 1.935927456665039, 1.9008359088897706, 1.9163483947753905, 1.907656859588623, 1.9437396675109864, 1.9138550701141357, 1.892217524909973, 1.8832104885101317, 1.873646810913086, 1.9001828359603883, 1.9072960193634034, 1.9118142181396485, 1.9015868787765502, 1.915810711669922, 1.9037509460449218, 1.8947540390014648, 1.8993312534332276, 1.8894819129943847, 1.8947836263656617, 1.8872264572143556, 1.89349522895813, 1.885761413383484, 1.8918041706085205, 1.8893508052825927, 1.892463815498352, 1.895388440322876, 1.8851282451629638, 1.8900005533218385, 1.8921435708999634], "test_acc": [9.170000076293945, 9.460000038146973, 14.460000038146973, 24.279998779296875, 23.639999389648438, 32.290000915527344, 32.68000030517578, 33.52000045776367, 32.22999954223633, 35.77000045776367, 35.84000015258789, 37.369998931884766, 37.209999084472656, 36.75, 39.23999786376953, 39.96999740600586, 39.39999771118164, 37.46999740600586, 41.619998931884766, 43.27000045776367, 41.84000015258789, 42.119998931884766, 44.099998474121094, 42.75, 43.07999801635742, 45.599998474121094, 46.7599983215332, 42.07999801635742, 44.119998931884766, 44.39999771118164, 46.869998931884766, 44.36000061035156, 47.0, 43.46999740600586, 45.84000015258789, 45.06999969482422, 47.29999923706055, 46.459999084472656, 48.44999694824219, 46.44999694824219, 47.40999984741211, 45.57999801635742, 48.55999755859375, 46.52000045776367, 48.66999816894531, 47.75, 50.15999984741211, 50.599998474121094, 49.2599983215332, 50.09000015258789, 49.93000030517578, 49.94999694824219, 49.709999084472656, 50.87999725341797, 51.32999801635742, 49.23999786376953, 52.2599983215332, 50.87999725341797, 50.61000061035156, 51.54999923706055, 52.81999969482422, 53.62999725341797, 53.52000045776367, 53.37999725341797, 55.22999954223633, 54.73999786376953, 53.1099967956543, 54.959999084472656, 54.64999771118164, 55.97999954223633, 55.94999694824219, 55.959999084472656, 56.349998474121094, 56.59000015258789, 56.369998931884766, 56.8599967956543, 57.22999954223633, 58.3599967956543, 58.15999984741211, 58.5, 58.59000015258789, 58.529998779296875, 59.1099967956543, 58.689998626708984, 58.709999084472656, 59.25, 59.2599983215332, 59.43000030517578, 59.43000030517578, 59.16999816894531, 59.3599967956543, 59.34000015258789, 59.459999084472656, 59.519996643066406, 59.62999725341797, 59.369998931884766, 59.66999816894531, 59.439998626708984, 59.53999710083008, 59.6099967956543], "wall_time": [9.16109561920166, 17.401561975479126, 25.881071090698242, 34.53893733024597, 42.945310831069946, 51.45822620391846, 59.8634672164917, 68.07403779029846, 76.46209049224854, 84.72972083091736, 93.20222759246826, 101.63026881217957, 110.0869688987732, 118.3680145740509, 126.62192821502686, 135.0713973045349, 143.62712788581848, 152.27370762825012, 160.8935899734497, 169.32547879219055, 177.6308844089508, 185.82066702842712, 194.31037640571594, 202.38942909240723, 210.84208345413208, 219.22619462013245, 227.71759128570557, 235.93757247924805, 244.58385515213013, 253.12647819519043, 261.46689653396606, 269.92053842544556, 278.1571099758148, 286.6047167778015, 295.3237166404724, 303.7427201271057, 312.0003128051758, 320.5627119541168, 329.00464725494385, 337.59179401397705, 346.1053354740143, 354.5637402534485, 362.9263508319855, 371.4157438278198, 379.9545269012451, 388.49080085754395, 396.6269142627716, 405.1183989048004, 413.5183255672455, 422.20453667640686, 430.77315616607666, 439.21945810317993, 447.7675127983093, 456.18221831321716, 464.73356103897095, 473.11787033081055, 481.65186524391174, 490.1703610420227, 498.4766094684601, 506.87095952033997, 515.6155400276184, 524.222570180893, 532.7869863510132, 541.031049489975, 549.6208715438843, 558.1548969745636, 566.7882494926453, 575.230254650116, 583.813688993454, 592.2652502059937, 600.7179355621338, 609.0138165950775, 617.1849825382233, 625.6264538764954, 633.8486385345459, 641.9493887424469, 650.5304942131042, 658.924943447113, 667.4122092723846, 675.8705801963806, 684.2020933628082, 692.8175845146179, 701.4021172523499, 710.085440158844, 718.400253534317, 726.8419013023376, 735.181387424469, 743.7366602420807, 752.3206598758698, 760.7788641452789, 769.3662433624268, 777.7945230007172, 786.1697494983673, 794.6183912754059, 802.9873275756836, 811.4616417884827, 820.2107183933258, 828.6945555210114, 836.9944577217102, 845.3518884181976], "val_loss": [3.9469709201812746, 4.108831826782226, 3.7053642013549806, 2.918508282470703, 3.0342232238769533, 2.5773178649902344, 2.570620365142822, 2.4985633907318117, 2.6108541816711424, 2.4018286098480224, 2.4218708431243896, 2.4049181163787843, 2.4088412521362303, 2.4042120933532716, 2.3087684209823607, 2.2194078784942626, 2.328092152404785, 2.480579248046875, 2.2589046619415285, 2.1355485229492186, 2.204772985458374, 2.2541063777923585, 2.087680541610718, 2.2135407020568847, 2.1787119735717773, 2.103016620063782, 2.028959872055054, 2.2373864654541014, 2.160436883735657, 2.116683793258667, 2.002051759338379, 2.232843599700928, 2.0099061389923096, 2.2121925792694093, 2.1092729084014894, 2.2045995054244996, 2.012839916419983, 2.0760403732299806, 1.9711229949951172, 2.1050100639343263, 2.0823555824279785, 2.073128887557983, 2.0131611835479735, 2.079230989074707, 1.9766013860702514, 2.0668942508697508, 2.0058671461105346, 1.9015395042419434, 2.0430764490127564, 1.9777243000030518, 1.983516083908081, 1.9245373477935792, 2.056934630584717, 1.976072114944458, 1.9293894624710084, 2.051104358291626, 1.9122465608596801, 1.9971396789550782, 1.995464682006836, 1.9667982404708861, 1.9188274404525756, 1.9089707046508788, 1.8558285650253297, 1.9097876110076903, 1.847876788711548, 1.895224019432068, 2.05248893737793, 1.929407481956482, 1.9340147905349732, 1.8836235776901245, 1.8907200561523438, 1.9285506355285644, 1.8906246273040772, 1.8999769721984863, 1.892577975654602, 1.9183299530029296, 1.90829609375, 1.8949239585876465, 1.8632983783721924, 1.8718650535583496, 1.887867105102539, 1.8932079401016235, 1.8986379663467408, 1.8817072553634644, 1.9107707431793213, 1.9002341228485107, 1.8936125289916992, 1.8912884525299072, 1.8864891540527344, 1.8840368621826171, 1.8842169960021973, 1.883310604095459, 1.8867734508514404, 1.8905249223709106, 1.8832672107696533, 1.8828464416503907, 1.891043190383911, 1.8769203205108642, 1.884627737236023, 1.8837507246017455],