{"loss": [], "acc": [], "test_loss": [4.073151023864746, 3.2537727516174315, 3.1114319271087645, 3.03757455329895, 2.817399287414551, 2.968147142791748, 2.6928324089050295, 2.643668976211548, 2.7542393005371095, 2.4945531047821046, 2.4918578159332276, 2.398708101654053, 2.8175298694610595, 2.593595960998535, 2.3302158699035647, 2.411591068267822, 2.483908393096924, 2.3446143688201904, 2.2298868141174317, 2.337774664306641, 2.710813589477539, 2.531261380004883, 2.3236296237945555, 2.4740923618316653, 2.489641530227661, 2.9069880950927733, 2.269402752304077, 2.267063031387329, 2.3572624809265137, 2.1987017435073852, 2.5625005599975585, 2.1023313026428223, 2.3281982006072997, 2.6810979351043702, 2.259139681625366, 2.4665512229919435, 2.21784647064209, 2.3118985527038576, 2.2889851711273193, 2.3346787899017336, 2.317035089302063, 2.078832363128662, 2.492402241897583, 2.8910476024627685, 2.429469914627075, 2.281941497421265, 2.192513097000122, 2.2710482780456545, 2.2404771825790406, 2.286277029418945, 2.0719252613067627, 2.1524881114959715, 2.2512943435668946, 2.2888369773864747, 2.133462870979309, 2.2025570615768433, 2.2761287918090822, 2.29671199798584, 2.2311838115692137, 2.2735815338134766, 2.348416921234131, 2.235735842132568, 2.25216832485199, 2.240133533477783, 2.2005075733184816, 2.310855374908447, 2.198576681137085, 2.139728229522705, 2.2226938320159912, 2.223406664276123, 2.3279352661132813, 2.191618564224243, 2.146463454437256, 2.146539260482788, 2.165515219116211, 2.1721803844451903, 2.1122208234786988, 2.1307194976806643, 2.137136684799194, 2.100516965484619, 2.1003809455871583, 2.0894046348571775, 2.081878642272949, 2.086943955230713, 2.0743736824035643, 2.069701261138916, 2.0806136722564696, 2.0647287658691407, 2.0703495361328126, 2.080347178649902, 2.070156746292114, 2.0852634986877443, 2.079593225097656, 2.0747375911712647, 2.079463390350342, 2.0743848815917967, 2.0745394699096678, 2.0821142387390137, 2.068602742767334, 2.0692130645751954], "test_acc": [8.969999313354492, 17.59000015258789, 21.510000228881836, 23.559999465942383, 27.03999900817871, 24.729999542236328, 29.969999313354492, 30.15999984741211, 30.01999855041504, 34.72999954223633, 34.93000030517578, 36.57999801635742, 30.920000076293945, 33.529998779296875, 38.64999771118164, 37.70000076293945, 35.90999984741211, 39.22999954223633, 41.20000076293945, 39.36000061035156, 34.040000915527344, 36.18000030517578, 40.0099983215332, 37.779998779296875, 37.16999816894531, 32.54999923706055, 41.55999755859375, 41.38999938964844, 41.77000045776367, 42.36000061035156, 38.25, 45.36000061035156, 42.80999755859375, 36.959999084472656, 42.93000030517578, 39.77000045776367, 43.80999755859375, 42.43000030517578, 43.46999740600586, 43.03999710083008, 43.32999801635742, 47.32999801635742, 41.48999786376953, 34.43000030517578, 41.849998474121094, 43.73999786376953, 45.02000045776367, 44.23999786376953, 46.59000015258789, 44.45000076293945, 48.099998474121094, 47.64999771118164, 46.80999755859375, 45.90999984741211, 49.029998779296875, 48.47999954223633, 46.88999938964844, 46.46999740600586, 49.05999755859375, 47.29999923706055, 46.349998474121094, 48.63999938964844, 48.61000061035156, 48.72999954223633, 50.43000030517578, 49.61000061035156, 50.94999694824219, 51.55999755859375, 51.27000045776367, 51.96999740600586, 50.19999694824219, 52.78999710083008, 53.0, 54.1099967956543, 53.96999740600586, 53.47999954223633, 55.13999938964844, 54.2599983215332, 54.72999954223633, 55.279998779296875, 55.12999725341797, 55.12999725341797, 55.189998626708984, 55.82999801635742, 55.63999938964844, 55.7599983215332, 55.68000030517578, 56.32999801635742, 55.87999725341797, 55.84000015258789, 55.599998474121094, 55.939998626708984, 55.87999725341797, 55.73999786376953, 55.849998474121094, 55.84000015258789, 56.0, 55.709999084472656, 56.03999710083008, 56.02000045776367], "wall_time": [8.386351585388184, 15.716659545898438, 22.85260248184204, 30.049466848373413, 37.30979561805725, 44.3977587223053, 51.62385106086731, 58.82005429267883, 66.10077595710754, 73.2734477519989, 80.39718580245972, 87.61686635017395, 94.72151446342468, 102.02973771095276, 109.06594276428223, 116.36831021308899, 123.51977348327637, 130.7074122428894, 137.8989338874817, 145.1274812221527, 152.27805733680725, 159.16558742523193, 166.32795119285583, 173.47189259529114, 180.62118530273438, 187.66756129264832, 194.7132432460785, 201.97076749801636, 209.06465888023376, 216.12086415290833, 223.22231435775757, 230.29672813415527, 237.49658203125, 244.6541953086853, 251.84625577926636, 258.8106880187988, 265.9585108757019, 272.95695066452026, 280.2405962944031, 287.25155091285706, 294.31356406211853, 301.57998538017273, 308.7154860496521, 315.9380326271057, 323.0970742702484, 330.081006526947, 337.2124652862549, 344.41817569732666, 351.43681263923645, 358.6543731689453, 365.86981081962585, 372.8578894138336, 379.93321561813354, 387.28581190109253, 394.53101801872253, 401.73842763900757, 408.71099162101746, 416.02066588401794, 423.135853767395, 430.3177652359009, 437.4888973236084, 444.63202142715454, 451.803587436676, 458.8702268600464, 466.25459146499634, 473.33297848701477, 480.509996175766, 487.6663842201233, 494.7269628047943, 501.8125398159027, 508.9328043460846, 516.1627962589264, 523.286908864975, 530.3495955467224, 537.6295976638794, 544.8414406776428, 552.0876343250275, 559.2340221405029, 566.288204908371, 573.3467161655426, 580.5023992061615, 587.6791036128998, 594.8488616943359, 602.0165688991547, 609.2801058292389, 616.4919538497925, 623.6323297023773, 631.0264005661011, 638.1311597824097, 645.2857201099396, 652.4358913898468, 659.333393573761, 666.5055615901947, 673.5842795372009, 680.7196497917175, 687.9107944965363, 695.1168382167816, 702.3887860774994, 709.6040008068085, 716.6891551017761], "val_loss": [4.099294197845459, 3.2897488243103026, 3.1477937774658202, 3.0434351917266844, 2.836705778503418, 2.9732541412353517, 2.7062819255828856, 2.6675976490020754, 2.780440196228027, 2.532443315887451, 2.522259115600586, 2.4148802215576173, 2.8940327812194826, 2.6603160190582273, 2.3535923255920412, 2.428202048110962, 2.507388558959961, 2.3442346008300783, 2.2797067695617677, 2.3631664283752443, 2.7519030456542968, 2.5570040344238283, 2.3369169158935548, 2.488729768371582, 2.500412948226929, 2.933317822265625, 2.2962990787506103, 2.277816130065918, 2.3797456329345703, 2.2507307945251465, 2.5743140830993654, 2.1466787239074705, 2.2876802322387695, 2.7156954639434816, 2.26279188041687, 2.4817396808624266, 2.247669507598877, 2.3402984970092775, 2.321623329162598, 2.3511487575531005, 2.3400690631866454, 2.112851735305786, 2.529015732574463, 2.9196302745819094, 2.4394632972717285, 2.303903075790405, 2.1999895988464355, 2.2820265575408936, 2.3138269779205323, 2.291603844833374, 2.0598617361068725, 2.1356451541900636, 2.2708844284057617, 2.3261374546051026, 2.1473400932312012, 2.2261098594665527, 2.30417861289978, 2.334577918624878, 2.2172130859375, 2.2904279327392576, 2.380003540802002, 2.268914625930786, 2.301460905456543, 2.3011231876373293, 2.2386943885803223, 2.3904428325653075, 2.236129965019226, 2.1200902446746825, 2.2649972309112547, 2.2387977251052855, 2.318980832862854, 2.1993617630004882, 2.1797346975326537, 2.1571336093902587, 2.1829429824829103, 2.194069918632507, 2.144362550163269, 2.168463815689087, 2.148193920135498, 2.133444307518005, 2.115103798675537, 2.115194312095642, 2.114296409034729, 2.117773480415344, 2.115569231414795, 2.1014435064315795, 2.1125716102600096, 2.107446732330322, 2.103632970046997, 2.1054811182022095, 2.0979243045806886, 2.1176102827072145, 2.1052795625686644, 2.104016738510132, 2.114550510787964, 2.106632886886597, 2.1041434700012207, 2.112420208930969, 2.1004725217819216, 2.100461341667175],