{"loss": [], "acc": [], "test_loss": [3.823887746810913, 3.382458155822754, 2.892690604400635, 2.9701738121032717, 2.578044006729126, 2.460551222229004, 2.4043724437713623, 2.318666060256958, 2.3701338905334475, 2.5731447134017946, 2.3373730531692507, 2.379874464416504, 2.192502060699463, 2.537547021484375, 2.2628849262237547, 2.170201667022705, 2.2642590602874755, 2.1874175941467286, 2.3083923511505127, 2.2317778106689454, 2.197530083465576, 2.1546451564788818, 2.1686596349716187, 2.2979363037109377, 2.1445570890426637, 2.1403456594467163, 2.17477329788208, 2.134976150512695, 2.370657460784912, 2.2444730388641356, 2.204756993675232, 2.1282071826934814, 2.1343420124053956, 2.161662590789795, 2.096304768371582, 2.131423192024231, 2.3371935054779054, 2.210460134887695, 2.1397752307891844, 2.2280064434051514, 2.2625170066833498, 2.12574746761322, 2.1656387142181397, 2.254747029685974, 2.1438065187454223, 2.1344668186187743, 2.1853822227478026, 2.252987825012207, 2.1661648509979248, 2.191761919403076, 2.2468901386260987, 2.2852340894699097, 2.172094399833679, 2.186800686264038, 2.2597378356933593, 2.175932228469849, 2.217802886581421, 2.1790066757202147, 2.147635778808594, 2.194397647476196, 2.254886340522766, 2.140225676727295, 2.225860111618042, 2.1208877071380616, 2.1680503469467163, 2.111118126296997, 2.177269196128845, 2.096217136955261, 2.1455024993896483, 2.1234968250274657, 2.0981011754989622, 2.0825979598999025, 2.09237936706543, 2.049430369949341, 2.0598273429870604, 2.0287856004714966, 2.04260901260376, 2.0357374225616454, 2.0375842168807985, 2.0212205783843995, 2.009807202720642, 2.012031723022461, 2.01205934715271, 2.0329947132110595, 2.0112731971740723, 2.006711771774292, 1.988873571205139, 2.0026771940231325, 2.0020712768554687, 1.9965643613815307, 1.9924737476348877, 2.001758636856079, 1.9939378044128417, 1.9855267532348633, 1.9865952228546142, 1.9895200706481933, 1.980893255996704, 1.990494113922119, 1.985676309967041, 1.9810661888122558], "test_acc": [13.039999961853027, 19.010000228881836, 25.85999870300293, 25.69999885559082, 31.549999237060547, 35.439998626708984, 35.97999954223633, 38.38999938964844, 38.07999801635742, 35.15999984741211, 39.12999725341797, 38.46999740600586, 41.95000076293945, 37.34000015258789, 40.78999710083008, 43.05999755859375, 41.029998779296875, 42.57999801635742, 40.80999755859375, 42.82999801635742, 43.099998474121094, 44.32999801635742, 44.119998931884766, 42.119998931884766, 44.459999084472656, 44.36000061035156, 44.37999725341797, 45.5099983215332, 41.86000061035156, 44.689998626708984, 44.89999771118164, 45.90999984741211, 46.959999084472656, 46.27000045776367, 46.18000030517578, 47.36000061035156, 43.71999740600586, 45.22999954223633, 46.459999084472656, 45.40999984741211, 45.02000045776367, 47.439998626708984, 47.55999755859375, 46.14999771118164, 47.06999969482422, 49.09000015258789, 48.37999725341797, 46.57999801635742, 48.31999969482422, 47.93000030517578, 48.81999969482422, 47.36000061035156, 49.25, 48.52000045776367, 48.54999923706055, 50.119998931884766, 50.37999725341797, 50.22999954223633, 50.869998931884766, 50.939998626708984, 51.06999969482422, 51.93000030517578, 51.02000045776367, 52.04999923706055, 52.689998626708984, 53.15999984741211, 53.5, 53.94999694824219, 54.16999816894531, 54.72999954223633, 55.32999801635742, 55.56999969482422, 55.69999694824219, 56.25, 56.43000030517578, 56.64999771118164, 56.66999816894531, 56.2599983215332, 56.5099983215332, 56.79999923706055, 57.209999084472656, 57.119998931884766, 57.28999710083008, 57.05999755859375, 56.94999694824219, 57.09000015258789, 57.209999084472656, 57.44999694824219, 57.62999725341797, 57.44999694824219, 57.349998474121094, 57.619998931884766, 57.1099967956543, 57.599998474121094, 57.619998931884766, 57.459999084472656, 57.32999801635742, 57.23999786376953, 57.40999984741211, 57.3599967956543], "wall_time": [9.962640762329102, 18.194599390029907, 26.531131505966187, 34.84438920021057, 43.161092042922974, 51.38349008560181, 59.70987820625305, 68.09118342399597, 76.3751392364502, 84.75864720344543, 93.04416847229004, 101.41251969337463, 109.70860314369202, 118.0505313873291, 126.35035347938538, 134.65331625938416, 143.00703978538513, 151.27980279922485, 159.49456214904785, 168.05408191680908, 176.38250017166138, 184.7900357246399, 193.11469984054565, 201.4343295097351, 209.84199786186218, 218.14797019958496, 226.65771389007568, 234.93968224525452, 243.23018527030945, 251.45327830314636, 259.76041078567505, 268.07092475891113, 276.44286727905273, 284.7139437198639, 293.0420207977295, 301.4219009876251, 309.7710072994232, 318.1616687774658, 326.5062162876129, 334.8010184764862, 343.12322330474854, 351.46596813201904, 359.79873728752136, 368.1560411453247, 376.5320851802826, 384.9038977622986, 393.24602246284485, 401.50621509552, 409.8364260196686, 418.15477299690247, 426.4833273887634, 434.7244222164154, 443.0840971469879, 451.42998790740967, 459.76368474960327, 468.09838700294495, 476.496426820755, 484.88746976852417, 493.3481750488281, 501.7239315509796, 510.14289903640747, 518.3930938243866, 526.6606931686401, 535.05242395401, 543.5435652732849, 551.8916473388672, 560.2985303401947, 568.6724102497101, 576.9908623695374, 585.3481347560883, 593.6483471393585, 602.0254328250885, 610.3691394329071, 618.8815696239471, 627.2971038818359, 635.7248468399048, 644.0586383342743, 652.4081592559814, 660.7851166725159, 669.1691031455994, 677.5662205219269, 685.9400043487549, 694.2140929698944, 702.5468215942383, 710.913788318634, 719.246416091919, 727.5959715843201, 735.8668963909149, 744.2383978366852, 752.5051007270813, 760.7917456626892, 769.0712933540344, 777.3630056381226, 785.6968019008636, 794.008538722992, 802.4111759662628, 810.7381842136383, 819.0472092628479, 827.3824844360352, 835.8134181499481], "val_loss": [3.854781679916382, 3.405943572998047, 2.913099420547485, 2.9807035842895506, 2.631040592956543, 2.4895483268737792, 2.430391150665283, 2.347001568222046, 2.400823065948486, 2.597585969543457, 2.380767723464966, 2.378401900482178, 2.1985399799346923, 2.542406170654297, 2.276736795806885, 2.1774878131866453, 2.2702384628295897, 2.183877682495117, 2.311407646179199, 2.2760141204833984, 2.226409896850586, 2.148891564178467, 2.187849821090698, 2.323131436920166, 2.136218035697937, 2.1615365768432615, 2.227098416137695, 2.149922423171997, 2.3822846229553223, 2.235571397781372, 2.1910412979125975, 2.112213571166992, 2.099813554382324, 2.137277005004883, 2.083549054336548, 2.130588235473633, 2.3266598831176757, 2.222997783470154, 2.1766987985610964, 2.206640715408325, 2.2427957008361816, 2.1179773571014406, 2.1894155155181885, 2.2399292139053344, 2.1459484951019285, 2.1279818645477295, 2.1736657802581787, 2.2370014221191408, 2.173782579421997, 2.1797053493499754, 2.2375059089660643, 2.275525949859619, 2.1845528108596803, 2.1710759410858156, 2.23181556930542, 2.144305953216553, 2.196361859703064, 2.140728992843628, 2.1553807262420652, 2.2029345045089723, 2.242720164299011, 2.1442130487442017, 2.2451570709228514, 2.1105741121292114, 2.1484149627685545, 2.105022616004944, 2.1393037771224974, 2.107823017883301, 2.146403319168091, 2.118011837005615, 2.072332332611084, 2.081457173538208, 2.0651153123855592, 2.031141058921814, 2.0354222270965576, 2.0251784068107606, 2.024659535598755, 2.013858028316498, 2.000931724357605, 1.9961896099090577, 1.981659270095825, 1.9797153581619262, 1.978187989616394, 1.9843994647979737, 1.972766431427002, 1.9660007154464723, 1.9583770902633666, 1.9611306659698486, 1.9642535541534425, 1.9569032321929931, 1.9564500644683838, 1.9664157739639283, 1.9728418655395508, 1.95534753780365, 1.9591892183303834, 1.959311429786682, 1.957498787879944, 1.9635966882705689, 1.9574477825164796, 1.954608299446106],