{"loss": [], "acc": [], "test_loss": [4.767956604003906, 4.38745422744751, 3.646278985595703, 3.4556403888702394, 3.2569754932403563, 3.449308137512207, 3.7582505004882814, 3.1214631580352785, 3.084812540435791, 3.1478007461547852, 2.9174465148925783, 3.1607722328186036, 3.009021639251709, 3.0919942489624024, 2.9625453857421875, 3.1226276168823244, 2.988466870880127, 3.2101711013793945, 3.0032084083557127, 3.1574104248046875, 3.0866970333099366, 3.3752176013946533, 3.0237911388397216, 3.039339864730835, 2.986648810195923, 3.399733804321289, 3.132934370422363, 3.077968562698364, 3.1880869495391844, 3.4274318809509277, 3.119296279144287, 3.5145400451660156, 3.290115847015381, 3.201888473510742, 3.1462919219970704, 3.1883826545715332, 3.300844982910156, 3.2737494312286377, 3.2722714706420897, 3.4100983905792237, 3.2388587451934816, 3.2054369800567626, 3.246209369277954, 3.077554296875, 3.09471079788208, 3.152633341217041, 3.1723713665008546, 3.1256862728118895, 3.2008158615112303, 3.0892480068206787, 3.0688974853515627, 3.079727714538574, 3.035083402252197, 3.0497617073059082, 3.014844816207886, 2.9884855072021486, 2.9166059677124023, 2.908782056045532, 2.885712333679199, 2.8690632301330568, 2.8883215545654295, 2.885722369003296, 2.849985000228882, 2.8386430644989016, 2.8586169254302978, 2.8465151084899905, 2.8187147956848144, 2.8155035701751707, 2.843499949645996, 2.8117700401306154, 2.7656174259185793, 2.7982643516540526, 2.7870280834198, 2.7572085174560548, 2.7734657356262207, 2.7507261726379393, 2.750192533874512, 2.7534030338287354, 2.7577331611633302, 2.740353379058838, 2.743073365020752, 2.7401903228759767, 2.7413653694152833, 2.738720887756348, 2.7361639057159426, 2.7496659465789794, 2.7350650592803953, 2.7331751560211184, 2.730333856201172, 2.7230121345520018, 2.728328893661499, 2.7347613521575926, 2.728830081939697, 2.731112118911743, 2.731351036453247, 2.7385654346466066, 2.729660144805908, 2.727734593963623, 2.733572381591797, 2.731568565750122], "test_acc": [1.4199999570846558, 8.809999465942383, 14.929999351501465, 18.510000228881836, 20.809999465942383, 20.739999771118164, 18.15999984741211, 26.010000228881836, 26.5, 25.619998931884766, 29.189998626708984, 27.67999839782715, 29.17999839782715, 28.549999237060547, 30.779998779296875, 29.67999839782715, 31.920000076293945, 29.559999465942383, 32.209999084472656, 31.17999839782715, 32.099998474121094, 30.09000015258789, 31.85999870300293, 33.21999740600586, 33.63999938964844, 31.31999969482422, 33.709999084472656, 34.599998474121094, 33.779998779296875, 30.719999313354492, 35.38999938964844, 30.939998626708984, 33.73999786376953, 35.36000061035156, 36.34000015258789, 36.97999954223633, 35.36000061035156, 35.38999938964844, 35.709999084472656, 34.84000015258789, 36.70000076293945, 37.349998474121094, 36.96999740600586, 38.529998779296875, 38.54999923706055, 38.13999938964844, 38.62999725341797, 39.189998626708984, 38.32999801635742, 39.0099983215332, 40.09000015258789, 40.07999801635742, 40.599998474121094, 40.459999084472656, 40.779998779296875, 41.22999954223633, 41.82999801635742, 42.22999954223633, 42.5, 42.02000045776367, 42.71999740600586, 42.15999984741211, 43.03999710083008, 42.89999771118164, 42.64999771118164, 42.689998626708984, 43.099998474121094, 42.7599983215332, 42.529998779296875, 42.84000015258789, 43.5099983215332, 42.84000015258789, 43.209999084472656, 43.349998474121094, 43.03999710083008, 43.369998931884766, 43.5, 43.30999755859375, 43.5099983215332, 43.709999084472656, 43.52000045776367, 43.34000015258789, 43.37999725341797, 43.5, 43.71999740600586, 43.15999984741211, 43.57999801635742, 43.529998779296875, 43.48999786376953, 43.56999969482422, 43.71999740600586, 43.57999801635742, 43.63999938964844, 43.62999725341797, 43.54999923706055, 43.59000015258789, 43.77000045776367, 43.689998626708984, 43.689998626708984, 43.53999710083008], "wall_time": [4.7981789112091064, 8.059856176376343, 11.189277172088623, 14.5488920211792, 17.77226233482361, 20.93080425262451, 24.226962089538574, 27.4180691242218, 30.632087230682373, 34.02464294433594, 37.275601863861084, 40.49279022216797, 43.80163621902466, 46.9660804271698, 50.27364444732666, 53.43505358695984, 56.701777935028076, 59.96708869934082, 63.2367901802063, 66.46393704414368, 69.7418692111969, 73.00602507591248, 76.12315154075623, 79.11601734161377, 82.30681300163269, 85.45311093330383, 88.59918069839478, 91.84237909317017, 94.90186810493469, 98.09204745292664, 101.44269394874573, 104.56665396690369, 107.68935036659241, 110.74161767959595, 114.02166938781738, 117.19776129722595, 120.20844054222107, 123.3235514163971, 126.38660454750061, 129.50404262542725, 132.55646681785583, 135.72055315971375, 138.7330756187439, 141.95157027244568, 145.18092846870422, 148.22539258003235, 151.37039232254028, 154.47830295562744, 157.6172103881836, 160.746191740036, 163.91529774665833, 167.06608366966248, 170.26757836341858, 173.4196605682373, 176.51206874847412, 179.380695104599, 182.52882194519043, 185.71984243392944, 189.0434331893921, 192.10953783988953, 195.3925449848175, 198.4948968887329, 201.61484670639038, 204.56460213661194, 207.67680382728577, 210.89244842529297, 213.9767770767212, 217.18797826766968, 220.52164959907532, 223.66328978538513, 226.75162887573242, 229.65301609039307, 232.82572150230408, 235.91166639328003, 239.09734272956848, 242.301260471344, 245.4835226535797, 248.62979793548584, 251.51438093185425, 254.62411737442017, 257.6687228679657, 260.84942054748535, 263.9375195503235, 267.05210304260254, 270.32491183280945, 273.3997874259949, 276.43054938316345, 279.6515772342682, 282.8549792766571, 286.0541522502899, 289.1841564178467, 292.331778049469, 295.47686195373535, 298.4422526359558, 301.5688467025757, 304.61136984825134, 307.6843800544739, 310.7612419128418, 313.92038106918335, 317.12397146224976], "val_loss": [4.770984314727783, 4.424717551422119, 3.6598213333129883, 3.4937948551177977, 3.265743511581421, 3.443757931137085, 3.8128242416381837, 3.135482907104492, 3.103053638458252, 3.2254743175506593, 2.9482445667266846, 3.18205523147583, 3.014653465270996, 3.151224969100952, 2.979976570892334, 3.13888878364563, 3.0305548374176023, 3.276852478027344, 3.053264608001709, 3.1923235488891604, 3.078674795913696, 3.3693407524108885, 3.048862894439697, 3.0435010848999022, 3.0068557548522947, 3.4222539447784426, 3.151781134414673, 3.138440495681763, 3.2296470260620116, 3.468450410079956, 3.1313441078186037, 3.570255792236328, 3.3333207710266115, 3.2282344917297365, 3.1698849197387697, 3.2037908302307128, 3.317542067718506, 3.298869708633423, 3.2909311225891114, 3.4142008350372315, 3.232974575805664, 3.26158868560791, 3.2382007667541504, 3.1266963609695435, 3.1041884651184084, 3.1580007705688478, 3.1611121002197264, 3.1342733924865724, 3.1964350509643555, 3.117402935028076, 3.0795740242004395, 3.1002271450042724, 3.043935615158081, 3.0519410099029542, 2.9999896877288816, 2.9942578201293943, 2.940585217285156, 2.9039408006668093, 2.891973699951172, 2.8743744636535644, 2.893183692932129, 2.899259515762329, 2.8627358737945556, 2.839604648590088, 2.859287766265869, 2.853736734390259, 2.8198391996383667, 2.819933838844299, 2.850206102371216, 2.820164008522034, 2.779064463043213, 2.8029031923294068, 2.7825889669418333, 2.757652522850037, 2.774353482627869, 2.747204239654541, 2.75157210559845, 2.755321731185913, 2.7649726694107057, 2.7464306116104127, 2.7452395395278932, 2.7457634550094605, 2.7484068361282348, 2.738531535720825, 2.734356314468384, 2.753180546951294, 2.7357184692382814, 2.732896994972229, 2.731303761291504, 2.722753340148926, 2.7266968357086183, 2.7335037223815917, 2.7284632215499878, 2.7317099124908446, 2.7277409940719606, 2.7383625606536866, 2.72795754070282, 2.7302306453704834, 2.7331042612075804, 2.727750290298462],