{"loss": [], "acc": [], "test_loss": [4.748286080169677, 4.280191881561279, 3.9268343788146973, 3.7426052810668944, 3.572585445022583, 3.4296275703430177, 3.363543844985962, 3.712355062484741, 3.4950886310577394, 3.4997913143157957, 3.0865676803588866, 3.1260817459106445, 3.1024260242462156, 2.915232894897461, 3.0150347526550294, 3.1877904449462893, 3.0014823867797853, 3.004549306869507, 3.019187084197998, 2.8673266929626466, 3.297558730316162, 2.958979756164551, 3.3405293327331544, 2.988817528152466, 3.0424873291015624, 3.0376260955810546, 2.9236482765197755, 3.061109553527832, 3.087492053222656, 3.0343776309967043, 3.0033168273925783, 3.1548012016296387, 2.9421366191864013, 3.0522866256713868, 3.2299279178619384, 3.044026195526123, 3.1489691539764406, 3.0553075500488283, 3.3092613288879393, 3.1923006244659424, 3.0486953479766847, 3.2984921646118166, 3.2344325454711913, 3.4049435859680175, 3.2455759391784667, 3.177537783050537, 3.2861396060943604, 3.3247505165100097, 3.322965700531006, 3.1952190799713134, 3.3287579662323, 3.1993504718780517, 3.132974428939819, 3.1664356777191163, 3.2406355907440187, 3.139633346557617, 3.1304013481140136, 3.1468402168273926, 3.1587763343811037, 3.09524806098938, 3.0870138526916504, 3.086145283508301, 3.1689600105285645, 3.101229573059082, 3.043840028381348, 3.0496157440185545, 3.0300030433654785, 2.9949932289123535, 2.9973883892059328, 2.960958073425293, 2.9704939723968504, 2.978170565032959, 2.9669615699768066, 2.9552127307891847, 2.926225009918213, 2.9296031383514403, 2.9238440101623535, 2.90893006362915, 2.9247219833374025, 2.9135737327575684, 2.9237753898620604, 2.9137662700653078, 2.9045507183074952, 2.898826054763794, 2.9038722023010255, 2.9048753570556642, 2.8938624221801756, 2.894239657211304, 2.8906483531951905, 2.8956594539642335, 2.8927498664855955, 2.8955699424743653, 2.8867392890930175, 2.8884055530548096, 2.88778589553833, 2.8919978050231934, 2.894183893966675, 2.9004920066833497, 2.895949299621582, 2.891624117279053], "test_acc": [1.0299999713897705, 6.509999752044678, 9.75, 11.949999809265137, 13.559999465942383, 15.729999542236328, 17.969999313354492, 17.1299991607666, 16.85999870300293, 18.809999465942383, 23.689998626708984, 23.329999923706055, 25.719999313354492, 26.729999542236328, 26.149999618530273, 25.26999855041504, 27.639999389648438, 27.279998779296875, 28.279998779296875, 30.03999900817871, 25.939998626708984, 29.01999855041504, 24.75, 30.649999618530273, 29.489999771118164, 30.90999984741211, 32.04999923706055, 29.829999923706055, 31.899999618530273, 31.51999855041504, 31.8799991607666, 30.979999542236328, 33.66999816894531, 32.65999984741211, 32.130001068115234, 35.04999923706055, 32.84000015258789, 35.66999816894531, 32.59000015258789, 33.31999969482422, 36.04999923706055, 32.959999084472656, 33.56999969482422, 34.439998626708984, 35.90999984741211, 36.12999725341797, 35.89999771118164, 35.12999725341797, 35.38999938964844, 37.279998779296875, 36.5, 38.54999923706055, 39.63999938964844, 38.57999801635742, 38.45000076293945, 39.529998779296875, 39.709999084472656, 40.13999938964844, 39.849998474121094, 40.55999755859375, 40.84000015258789, 41.29999923706055, 40.86000061035156, 41.40999984741211, 42.099998474121094, 42.38999938964844, 42.41999816894531, 42.54999923706055, 42.66999816894531, 43.22999954223633, 42.82999801635742, 42.89999771118164, 42.869998931884766, 42.80999755859375, 43.36000061035156, 43.53999710083008, 43.72999954223633, 43.459999084472656, 43.37999725341797, 43.37999725341797, 43.21999740600586, 43.27000045776367, 43.41999816894531, 43.37999725341797, 43.30999755859375, 43.30999755859375, 43.23999786376953, 43.279998779296875, 43.209999084472656, 43.37999725341797, 43.459999084472656, 43.279998779296875, 43.37999725341797, 43.37999725341797, 43.43000030517578, 43.32999801635742, 43.5, 43.349998474121094, 43.43000030517578, 43.439998626708984], "wall_time": [6.50091552734375, 10.983967542648315, 15.383133888244629, 20.051511764526367, 24.534855604171753, 29.025301456451416, 33.44351410865784, 37.93792414665222, 42.476627588272095, 47.0153911113739, 51.49259638786316, 55.90595245361328, 60.31792426109314, 64.92633390426636, 69.4000334739685, 73.90429472923279, 78.40974497795105, 82.93667888641357, 87.43817186355591, 92.0086395740509, 96.50889849662781, 100.90240383148193, 105.4345121383667, 109.9186339378357, 114.4802656173706, 118.95337629318237, 123.51030421257019, 127.9452977180481, 132.41204404830933, 137.30194568634033, 142.07013726234436, 146.9236090183258, 151.65738654136658, 156.41408157348633, 161.1550042629242, 166.01522064208984, 170.80382990837097, 175.67861032485962, 180.39891910552979, 185.1256012916565, 190.07836270332336, 194.86449766159058, 199.63978171348572, 204.4917550086975, 209.32591009140015, 214.0527892112732, 218.73775601387024, 223.4877564907074, 228.2271285057068, 232.972309589386, 237.68698740005493, 242.4605896472931, 247.23838448524475, 252.0231578350067, 256.79734563827515, 261.5732192993164, 266.4431297779083, 271.1714427471161, 275.6205475330353, 280.1151030063629, 284.54918932914734, 288.977920293808, 293.4876244068146, 297.9717354774475, 302.3982892036438, 306.8286111354828, 311.2665719985962, 315.93118596076965, 320.4142520427704, 324.9256865978241, 329.7567777633667, 334.3409171104431, 339.19933891296387, 344.0272560119629, 348.7370536327362, 353.5221486091614, 358.25551414489746, 362.9951083660126, 367.9927339553833, 372.7131292819977, 377.5188629627228, 382.279905796051, 387.0263931751251, 391.88566040992737, 396.69950795173645, 401.39724826812744, 406.1594331264496, 410.974684715271, 415.77730083465576, 420.46653604507446, 425.22101402282715, 429.96927285194397, 434.7374565601349, 439.5295329093933, 444.3243033885956, 449.21033334732056, 453.94604682922363, 458.722008228302, 463.57357811927795, 468.35458040237427], "val_loss": [4.754059523010254, 4.282583024597168, 3.9314450618743897, 3.7409034046173097, 3.580193323135376, 3.440385118865967, 3.375974622344971, 3.7089028968811033, 3.4990767417907715, 3.508158993911743, 3.0794076961517334, 3.169371202850342, 3.137853406524658, 2.933943078994751, 3.031463417816162, 3.2295870399475097, 3.019647483062744, 3.052076070022583, 3.035394113922119, 2.8681576026916504, 3.351565955352783, 3.0054779766082764, 3.363119743347168, 2.9962455154418945, 3.0571997676849367, 3.0556663093566896, 2.9564868068695067, 3.0744065158843994, 3.0922096328735353, 3.039032736968994, 3.001871355819702, 3.1919328868865966, 2.91291637802124, 3.0567231769561767, 3.246394699859619, 3.067143327331543, 3.1335382278442383, 3.049266898345947, 3.3078475730895995, 3.180996668624878, 3.041259836959839, 3.3125307876586914, 3.2430155330657957, 3.353794825744629, 3.221249048614502, 3.1588032119750977, 3.1999748191833497, 3.3271752807617188, 3.3237223796844484, 3.2022582359313967, 3.3320045482635496, 3.18335281829834, 3.1043554904937745, 3.1781840866088866, 3.198574041748047, 3.095227486419678, 3.0912916313171386, 3.1091121150970458, 3.137337349700928, 3.076044002151489, 3.0225449142456053, 3.069002648162842, 3.161273857879639, 3.073331537628174, 3.005194278717041, 3.015994158554077, 2.985859044265747, 2.9772887245178223, 2.9646624675750735, 2.928897416305542, 2.952606090927124, 2.949848947906494, 2.9386587314605714, 2.923861316680908, 2.88739748878479, 2.891829570388794, 2.895201705169678, 2.8763426242828367, 2.8985230323791504, 2.894384298324585, 2.8995187881469726, 2.881385765838623, 2.8770962013244628, 2.8702024112701414, 2.865765089035034, 2.8699868392944334, 2.863599124145508, 2.8629818359375, 2.862829849624634, 2.859654026031494, 2.8603972259521484, 2.8615695156097414, 2.853682131576538, 2.8570873207092284, 2.855108539199829, 2.8607392303466797, 2.8644052249908447, 2.86799854888916, 2.8629913383483885, 2.860982722091675],